選手ID,開催回ID,大会名,開催年,スタイル,階級,成績,出典URL
p-75706d,wre-2024-meiji-cup-0523,令和6年度 明治杯全日本選抜レスリング選手権大会,2024,グレコローマン,87kg,3位,https://www.japan-wrestling.jp/wp-content/uploads/2024/12/ichiranGR-1.pdf
p-75706d,wre-2024-tenno-cup-1219,令和6年度 天皇杯全日本レスリング選手権大会,2024,フリースタイル,92kg,5位,https://www.japan-wrestling.jp/wp-content/uploads/2025/04/令和6年度天皇杯_フリースタイル階級別入賞者一覧.pdf
p-75706d,wre-2024-tenno-cup-1219,令和6年度 天皇杯全日本レスリング選手権大会,2024,グレコローマン,97kg,5位,https://www.japan-wrestling.jp/wp-content/uploads/2025/04/令和6年度天皇杯_グレコローマン階級別入賞者一覧.pdf
p-75706d,wre-2025-east-spring-0709,令和7年度 東日本学生レスリング選手権大会(春季大会),2025,新人戦 フリースタイル,97kg,1位,https://www.japan-wrestling.jp/wp-content/uploads/2025/07/令和7年度東日本学生レスリング選手権大会（春季大会）入賞者一覧_新FA・FB.pdf
p-75706d,wre-2025-tenno-cup-1218,令和7年度 天皇杯全日本レスリング選手権大会,2025,フリースタイル,92kg,5位,https://www.japan-wrestling.jp/wp-content/uploads/2026/01/訂正版_2025-EMPEROR-Cup_RESULT-BOOK.pdf
p-75706d,wre-2025-tenno-cup-1218,令和7年度 天皇杯全日本レスリング選手権大会,2025,グレコローマン,97kg,5位,https://www.japan-wrestling.jp/wp-content/uploads/2026/01/訂正版_2025-EMPEROR-Cup_RESULT-BOOK.pdf
p-75706d,wre-2025-university-championship-1108,第51回内閣総理大臣杯 令和7年度全日本大学レスリング選手権大会,2025,フリースタイル,97kg,3位,https://www.japan-wrestling.jp/wp-content/uploads/2025/11/2025.内閣_入賞者一覧（再修正版）.pdf
p-75706d,wre-2025-university-greco-1018,文部科学大臣杯 令和7年度 全日本大学レスリンググレコローマンレスリング選手権大会,2025,グレコローマン,87kg,1位,https://www.japan-wrestling.jp/wp-content/uploads/2025/10/文部科学大臣杯-令和7年度全日本大学グレコローマンスタイル選手権大会-入賞者一覧（8位まで）.pdf
p-75706d,wre-2026-intercollegiate-0820,文部科学大臣杯 UNIVAS CUP 令和8年度 全日本学生レスリング選手権大会,2026,フリースタイル,97kg,1位,https://www.japan-wrestling.jp/wp-content/uploads/2026/08/文部科学大臣杯-UNIVAS-CUP-令和８年度全日本学生レスリング選手権大会-入賞者一覧（8位まで）.pdf
p-75706d,wre-2026-intercollegiate-0820,文部科学大臣杯 UNIVAS CUP 令和8年度 全日本学生レスリング選手権大会,2026,グレコローマン,97kg,3位,https://www.japan-wrestling.jp/wp-content/uploads/2026/08/文部科学大臣杯-UNIVAS-CUP-令和８年度全日本学生レスリング選手権大会-GR入賞者一覧（8位まで）.pdf
p-75706d,wre-2026-meiji-cup-0521,令和8年度 明治杯全日本選抜レスリング選手権大会,2026,フリースタイル,92kg,1位,https://www.japan-wrestling.jp/wp-content/uploads/2026/05/スタイル別入賞者.pdf
p-75706d,wre-2026-meiji-cup-0521,令和8年度 明治杯全日本選抜レスリング選手権大会,2026,グレコローマン,97kg,3位,https://www.japan-wrestling.jp/wp-content/uploads/2026/05/スタイル別入賞者.pdf
p-b4370b,wre-2024-meiji-cup-0523,令和6年度 明治杯全日本選抜レスリング選手権大会,2024,フリースタイル,70kg,3位,https://www.japan-wrestling.jp/wp-content/uploads/2024/12/ichiranFS-1.pdf
p-b4370b,wre-2024-tenno-cup-1219,令和6年度 天皇杯全日本レスリング選手権大会,2024,フリースタイル,70kg,3位,https://www.japan-wrestling.jp/wp-content/uploads/2025/04/令和6年度天皇杯_フリースタイル階級別入賞者一覧.pdf
p-b4370b,wre-2025-east-autumn-1127,令和7年度 東日本学生レスリング選手権大会(秋季大会),2025,新人戦 グレコローマン,82kg,1位,https://www.japan-wrestling.jp/wp-content/uploads/2025/12/令和7年度東日本学生レスリング選手権大会（春季大会）入賞者一覧_新FS・GR.pdf
p-b4370b,wre-2025-east-autumn-1127,令和7年度 東日本学生レスリング選手権大会(秋季大会),2025,新人戦 フリースタイル,86kg,1位,https://www.japan-wrestling.jp/wp-content/uploads/2025/12/令和7年度東日本学生レスリング選手権大会（春季大会）入賞者一覧_新FS・GR.pdf
p-b4370b,wre-2025-east-spring-0709,令和7年度 東日本学生レスリング選手権大会(春季大会),2025,新人戦 グレコローマン,77kg,1位,https://www.japan-wrestling.jp/wp-content/uploads/2025/07/令和7年度東日本学生レスリング選手権大会（春季大会）入賞者一覧_WW・新GR.pdf
p-b4370b,wre-2025-east-spring-0709,令和7年度 東日本学生レスリング選手権大会(春季大会),2025,新人戦 フリースタイル,79kg,1位,https://www.japan-wrestling.jp/wp-content/uploads/2025/07/令和7年度東日本学生レスリング選手権大会（春季大会）入賞者一覧_新FA・FB.pdf
p-b4370b,wre-2025-tenno-cup-1218,令和7年度 天皇杯全日本レスリング選手権大会,2025,フリースタイル,79kg,2位,https://www.japan-wrestling.jp/wp-content/uploads/2026/01/訂正版_2025-EMPEROR-Cup_RESULT-BOOK.pdf
p-b4370b,wre-2025-university-greco-1018,文部科学大臣杯 令和7年度 全日本大学レスリンググレコローマンレスリング選手権大会,2025,グレコローマン,77kg,5位,https://www.japan-wrestling.jp/wp-content/uploads/2025/10/文部科学大臣杯-令和7年度全日本大学グレコローマンスタイル選手権大会-入賞者一覧（8位まで）.pdf
p-b4370b,wre-2026-east-spring-0713,令和8年度 東日本学生レスリング選手権大会(春季大会),2026,グレコローマン,82kg,1位,https://www.japan-wrestling.jp/wp-content/uploads/2026/07/令和8年度東日本学生レスリング選手権大会（春季大会）入賞者一覧_選FS・GR.pdf
p-b4370b,wre-2026-intercollegiate-0820,文部科学大臣杯 UNIVAS CUP 令和8年度 全日本学生レスリング選手権大会,2026,フリースタイル,79kg,1位,https://www.japan-wrestling.jp/wp-content/uploads/2026/08/文部科学大臣杯-UNIVAS-CUP-令和８年度全日本学生レスリング選手権大会-入賞者一覧（8位まで）.pdf
p-b4370b,wre-2026-meiji-cup-0521,令和8年度 明治杯全日本選抜レスリング選手権大会,2026,フリースタイル,79kg,2位,https://www.japan-wrestling.jp/wp-content/uploads/2026/05/スタイル別入賞者.pdf
p-304848,wre-2024-tenno-cup-1219,令和6年度 天皇杯全日本レスリング選手権大会,2024,グレコローマン,72kg,3位,https://www.japan-wrestling.jp/wp-content/uploads/2025/04/令和6年度天皇杯_グレコローマン階級別入賞者一覧.pdf
p-304848,wre-2025-east-spring-0709,令和7年度 東日本学生レスリング選手権大会(春季大会),2025,フリースタイル,74kg,3位,https://www.japan-wrestling.jp/wp-content/uploads/2025/07/令和7年度東日本学生レスリング選手権大会（春季大会）入賞者一覧_選手権F・G.pdf
p-304848,wre-2025-intercollegiate-0821,文部科学大臣杯 令和7年度 全日本学生レスリング選手権大会,2025,グレコローマン,72kg,3位,https://www.japan-wrestling.jp/wp-content/uploads/2025/08/文部科学大臣杯-UNIVAS-CUP-令和７年度全日本学生レスリング選手権大会-入賞者一覧（8位まで）_GR.pdf
p-304848,wre-2025-tenno-cup-1218,令和7年度 天皇杯全日本レスリング選手権大会,2025,グレコローマン,72kg,7位,https://www.japan-wrestling.jp/wp-content/uploads/2026/01/訂正版_2025-EMPEROR-Cup_RESULT-BOOK.pdf
p-304848,wre-2025-university-championship-1108,第51回内閣総理大臣杯 令和7年度全日本大学レスリング選手権大会,2025,フリースタイル,79kg,8位,https://www.japan-wrestling.jp/wp-content/uploads/2025/11/2025.内閣_入賞者一覧（再修正版）.pdf
p-304848,wre-2026-east-spring-0713,令和8年度 東日本学生レスリング選手権大会(春季大会),2026,フリースタイル,79kg,1位,https://www.japan-wrestling.jp/wp-content/uploads/2026/07/令和8年度東日本学生レスリング選手権大会（春季大会）入賞者一覧_選FS・GR.pdf
p-304848,wre-2026-intercollegiate-0820,文部科学大臣杯 UNIVAS CUP 令和8年度 全日本学生レスリング選手権大会,2026,フリースタイル,79kg,5位,https://www.japan-wrestling.jp/wp-content/uploads/2026/08/文部科学大臣杯-UNIVAS-CUP-令和８年度全日本学生レスリング選手権大会-入賞者一覧（8位まで）.pdf
p-304848,wre-2026-intercollegiate-0820,文部科学大臣杯 UNIVAS CUP 令和8年度 全日本学生レスリング選手権大会,2026,グレコローマン,72kg,2位,https://www.japan-wrestling.jp/wp-content/uploads/2026/08/文部科学大臣杯-UNIVAS-CUP-令和８年度全日本学生レスリング選手権大会-GR入賞者一覧（8位まで）.pdf
p-304848,wre-2026-meiji-cup-0521,令和8年度 明治杯全日本選抜レスリング選手権大会,2026,グレコローマン,72kg,2位,https://www.japan-wrestling.jp/wp-content/uploads/2026/05/スタイル別入賞者.pdf
p-bc3773,wre-2025-east-autumn-1127,令和7年度 東日本学生レスリング選手権大会(秋季大会),2025,新人戦 グレコローマン,130kg,3位,https://www.japan-wrestling.jp/wp-content/uploads/2025/12/令和7年度東日本学生レスリング選手権大会（春季大会）入賞者一覧_新FS・GR.pdf
p-bc3773,wre-2025-east-autumn-1127,令和7年度 東日本学生レスリング選手権大会(秋季大会),2025,新人戦 フリースタイル,125kg,3位,https://www.japan-wrestling.jp/wp-content/uploads/2025/12/令和7年度東日本学生レスリング選手権大会（春季大会）入賞者一覧_新FS・GR.pdf
p-bc3773,wre-2025-east-spring-0709,令和7年度 東日本学生レスリング選手権大会(春季大会),2025,新人戦 グレコローマン,130kg,3位,https://www.japan-wrestling.jp/wp-content/uploads/2025/07/令和7年度東日本学生レスリング選手権大会（春季大会）入賞者一覧_WW・新GR.pdf
p-bc3773,wre-2025-east-spring-0709,令和7年度 東日本学生レスリング選手権大会(春季大会),2025,新人戦 フリースタイル,125kg,3位,https://www.japan-wrestling.jp/wp-content/uploads/2025/07/令和7年度東日本学生レスリング選手権大会（春季大会）入賞者一覧_新FA・FB.pdf
p-bc3773,wre-2025-intercollegiate-0821,文部科学大臣杯 令和7年度 全日本学生レスリング選手権大会,2025,グレコローマン,130kg,5位,https://www.japan-wrestling.jp/wp-content/uploads/2025/08/文部科学大臣杯-UNIVAS-CUP-令和７年度全日本学生レスリング選手権大会-入賞者一覧（8位まで）_GR.pdf
p-bc3773,wre-2025-university-championship-1108,第51回内閣総理大臣杯 令和7年度全日本大学レスリング選手権大会,2025,フリースタイル,125kg,5位,https://www.japan-wrestling.jp/wp-content/uploads/2025/11/2025.内閣_入賞者一覧（再修正版）.pdf
p-bc3773,wre-2026-east-spring-0713,令和8年度 東日本学生レスリング選手権大会(春季大会),2026,新人戦 フリースタイル,125kg,1位,https://www.japan-wrestling.jp/wp-content/uploads/2026/07/令和8年度東日本学生レスリング選手権大会（春季大会）入賞者一覧_新FA・FB.pdf
p-bc3773,wre-2026-east-spring-0713,令和8年度 東日本学生レスリング選手権大会(春季大会),2026,新人戦 グレコローマン,130kg,1位,https://www.japan-wrestling.jp/wp-content/uploads/2026/07/令和8年度東日本学生レスリング選手権大会（春季大会）入賞者一覧_WW・新GR.pdf
p-bc3773,wre-2026-intercollegiate-0820,文部科学大臣杯 UNIVAS CUP 令和8年度 全日本学生レスリング選手権大会,2026,グレコローマン,130kg,3位,https://www.japan-wrestling.jp/wp-content/uploads/2026/08/文部科学大臣杯-UNIVAS-CUP-令和８年度全日本学生レスリング選手権大会-GR入賞者一覧（8位まで）.pdf
p-6f85da,wre-2024-tenno-cup-1219,令和6年度 天皇杯全日本レスリング選手権大会,2024,フリースタイル,79kg,7位,https://www.japan-wrestling.jp/wp-content/uploads/2025/04/令和6年度天皇杯_フリースタイル階級別入賞者一覧.pdf
p-6f85da,wre-2025-east-autumn-1127,令和7年度 東日本学生レスリング選手権大会(秋季大会),2025,新人戦 フリースタイル,97kg,1位,https://www.japan-wrestling.jp/wp-content/uploads/2025/12/令和7年度東日本学生レスリング選手権大会（春季大会）入賞者一覧_新FS・GR.pdf
p-6f85da,wre-2025-east-spring-0709,令和7年度 東日本学生レスリング選手権大会(春季大会),2025,新人戦 フリースタイル,92kg,1位,https://www.japan-wrestling.jp/wp-content/uploads/2025/07/令和7年度東日本学生レスリング選手権大会（春季大会）入賞者一覧_新FA・FB.pdf
p-6f85da,wre-2025-tenno-cup-1218,令和7年度 天皇杯全日本レスリング選手権大会,2025,フリースタイル,92kg,3位,https://www.japan-wrestling.jp/wp-content/uploads/2026/01/訂正版_2025-EMPEROR-Cup_RESULT-BOOK.pdf
p-6f85da,wre-2025-university-greco-1018,文部科学大臣杯 令和7年度 全日本大学レスリンググレコローマンレスリング選手権大会,2025,グレコローマン,87kg,3位,https://www.japan-wrestling.jp/wp-content/uploads/2025/10/文部科学大臣杯-令和7年度全日本大学グレコローマンスタイル選手権大会-入賞者一覧（8位まで）.pdf
p-6f85da,wre-2026-east-spring-0713,令和8年度 東日本学生レスリング選手権大会(春季大会),2026,フリースタイル,86kg,1位,https://www.japan-wrestling.jp/wp-content/uploads/2026/07/令和8年度東日本学生レスリング選手権大会（春季大会）入賞者一覧_選FS・GR.pdf
p-6f85da,wre-2026-intercollegiate-0820,文部科学大臣杯 UNIVAS CUP 令和8年度 全日本学生レスリング選手権大会,2026,フリースタイル,86kg,1位,https://www.japan-wrestling.jp/wp-content/uploads/2026/08/文部科学大臣杯-UNIVAS-CUP-令和８年度全日本学生レスリング選手権大会-入賞者一覧（8位まで）.pdf
p-6f85da,wre-2026-meiji-cup-0521,令和8年度 明治杯全日本選抜レスリング選手権大会,2026,フリースタイル,92kg,2位,https://www.japan-wrestling.jp/wp-content/uploads/2026/05/スタイル別入賞者.pdf
p-718d40,wre-2025-east-autumn-1127,令和7年度 東日本学生レスリング選手権大会(秋季大会),2025,新人戦 グレコローマン,77kg,1位,https://www.japan-wrestling.jp/wp-content/uploads/2025/12/令和7年度東日本学生レスリング選手権大会（春季大会）入賞者一覧_新FS・GR.pdf
p-718d40,wre-2025-east-autumn-1127,令和7年度 東日本学生レスリング選手権大会(秋季大会),2025,新人戦 フリースタイル,74kg,2位,https://www.japan-wrestling.jp/wp-content/uploads/2025/12/令和7年度東日本学生レスリング選手権大会（春季大会）入賞者一覧_新FS・GR.pdf
p-718d40,wre-2025-east-spring-0709,令和7年度 東日本学生レスリング選手権大会(春季大会),2025,新人戦 グレコローマン,72kg,1位,https://www.japan-wrestling.jp/wp-content/uploads/2025/07/令和7年度東日本学生レスリング選手権大会（春季大会）入賞者一覧_WW・新GR.pdf
p-718d40,wre-2025-east-spring-0709,令和7年度 東日本学生レスリング選手権大会(春季大会),2025,新人戦 フリースタイル,74kg,3位,https://www.japan-wrestling.jp/wp-content/uploads/2025/07/令和7年度東日本学生レスリング選手権大会（春季大会）入賞者一覧_新FA・FB.pdf
p-718d40,wre-2025-intercollegiate-0821,文部科学大臣杯 令和7年度 全日本学生レスリング選手権大会,2025,グレコローマン,72kg,3位,https://www.japan-wrestling.jp/wp-content/uploads/2025/08/文部科学大臣杯-UNIVAS-CUP-令和７年度全日本学生レスリング選手権大会-入賞者一覧（8位まで）_GR.pdf
p-718d40,wre-2026-east-spring-0713,令和8年度 東日本学生レスリング選手権大会(春季大会),2026,グレコローマン,72kg,1位,https://www.japan-wrestling.jp/wp-content/uploads/2026/07/令和8年度東日本学生レスリング選手権大会（春季大会）入賞者一覧_選FS・GR.pdf
p-718d40,wre-2026-intercollegiate-0820,文部科学大臣杯 UNIVAS CUP 令和8年度 全日本学生レスリング選手権大会,2026,フリースタイル,74kg,5位,https://www.japan-wrestling.jp/wp-content/uploads/2026/08/文部科学大臣杯-UNIVAS-CUP-令和８年度全日本学生レスリング選手権大会-入賞者一覧（8位まで）.pdf
p-718d40,wre-2026-intercollegiate-0820,文部科学大臣杯 UNIVAS CUP 令和8年度 全日本学生レスリング選手権大会,2026,グレコローマン,72kg,3位,https://www.japan-wrestling.jp/wp-content/uploads/2026/08/文部科学大臣杯-UNIVAS-CUP-令和８年度全日本学生レスリング選手権大会-GR入賞者一覧（8位まで）.pdf
p-ef34e9,wre-2025-east-autumn-1127,令和7年度 東日本学生レスリング選手権大会(秋季大会),2025,新人戦 グレコローマン,97kg,2位,https://www.japan-wrestling.jp/wp-content/uploads/2025/12/令和7年度東日本学生レスリング選手権大会（春季大会）入賞者一覧_新FS・GR.pdf
p-ef34e9,wre-2025-east-autumn-1127,令和7年度 東日本学生レスリング選手権大会(秋季大会),2025,新人戦 フリースタイル,92kg,1位,https://www.japan-wrestling.jp/wp-content/uploads/2025/12/令和7年度東日本学生レスリング選手権大会（春季大会）入賞者一覧_新FS・GR.pdf
p-ef34e9,wre-2025-east-spring-0709,令和7年度 東日本学生レスリング選手権大会(春季大会),2025,新人戦 グレコローマン,97kg,3位,https://www.japan-wrestling.jp/wp-content/uploads/2025/07/令和7年度東日本学生レスリング選手権大会（春季大会）入賞者一覧_WW・新GR.pdf
p-ef34e9,wre-2025-east-spring-0709,令和7年度 東日本学生レスリング選手権大会(春季大会),2025,新人戦 フリースタイル,92kg,3位,https://www.japan-wrestling.jp/wp-content/uploads/2025/07/令和7年度東日本学生レスリング選手権大会（春季大会）入賞者一覧_新FA・FB.pdf
p-ef34e9,wre-2025-intercollegiate-0821,文部科学大臣杯 令和7年度 全日本学生レスリング選手権大会,2025,グレコローマン,97kg,5位,https://www.japan-wrestling.jp/wp-content/uploads/2025/08/文部科学大臣杯-UNIVAS-CUP-令和７年度全日本学生レスリング選手権大会-入賞者一覧（8位まで）_GR.pdf
p-ef34e9,wre-2026-east-spring-0713,令和8年度 東日本学生レスリング選手権大会(春季大会),2026,新人戦 フリースタイル,86kg,3位,https://www.japan-wrestling.jp/wp-content/uploads/2026/07/令和8年度東日本学生レスリング選手権大会（春季大会）入賞者一覧_新FA・FB.pdf
p-ef34e9,wre-2026-east-spring-0713,令和8年度 東日本学生レスリング選手権大会(春季大会),2026,新人戦 グレコローマン,87kg,3位,https://www.japan-wrestling.jp/wp-content/uploads/2026/07/令和8年度東日本学生レスリング選手権大会（春季大会）入賞者一覧_WW・新GR.pdf
p-ef34e9,wre-2026-intercollegiate-0820,文部科学大臣杯 UNIVAS CUP 令和8年度 全日本学生レスリング選手権大会,2026,フリースタイル,86kg,5位,https://www.japan-wrestling.jp/wp-content/uploads/2026/08/文部科学大臣杯-UNIVAS-CUP-令和８年度全日本学生レスリング選手権大会-入賞者一覧（8位まで）.pdf
p-625fd9,wre-2025-east-spring-0709,令和7年度 東日本学生レスリング選手権大会(春季大会),2025,グレコローマン,87kg,1位,https://www.japan-wrestling.jp/wp-content/uploads/2025/07/令和7年度東日本学生レスリング選手権大会（春季大会）入賞者一覧_選手権F・G.pdf
p-625fd9,wre-2025-intercollegiate-0821,文部科学大臣杯 令和7年度 全日本学生レスリング選手権大会,2025,フリースタイル,86kg,3位,https://www.japan-wrestling.jp/wp-content/uploads/2025/08/文部科学大臣杯-UNIVAS-CUP-令和７年度全日本学生レスリング選手権大会-入賞者一覧（8位まで）-FS.pdf
p-625fd9,wre-2025-intercollegiate-0821,文部科学大臣杯 令和7年度 全日本学生レスリング選手権大会,2025,グレコローマン,87kg,5位,https://www.japan-wrestling.jp/wp-content/uploads/2025/08/文部科学大臣杯-UNIVAS-CUP-令和７年度全日本学生レスリング選手権大会-入賞者一覧（8位まで）_GR.pdf
p-625fd9,wre-2025-tenno-cup-1218,令和7年度 天皇杯全日本レスリング選手権大会,2025,グレコローマン,87kg,3位,https://www.japan-wrestling.jp/wp-content/uploads/2026/01/訂正版_2025-EMPEROR-Cup_RESULT-BOOK.pdf
p-625fd9,wre-2025-university-greco-1018,文部科学大臣杯 令和7年度 全日本大学レスリンググレコローマンレスリング選手権大会,2025,グレコローマン,82kg,2位,https://www.japan-wrestling.jp/wp-content/uploads/2025/10/文部科学大臣杯-令和7年度全日本大学グレコローマンスタイル選手権大会-入賞者一覧（8位まで）.pdf
p-625fd9,wre-2026-east-spring-0713,令和8年度 東日本学生レスリング選手権大会(春季大会),2026,グレコローマン,87kg,1位,https://www.japan-wrestling.jp/wp-content/uploads/2026/07/令和8年度東日本学生レスリング選手権大会（春季大会）入賞者一覧_選FS・GR.pdf
p-625fd9,wre-2026-intercollegiate-0820,文部科学大臣杯 UNIVAS CUP 令和8年度 全日本学生レスリング選手権大会,2026,フリースタイル,86kg,3位,https://www.japan-wrestling.jp/wp-content/uploads/2026/08/文部科学大臣杯-UNIVAS-CUP-令和８年度全日本学生レスリング選手権大会-入賞者一覧（8位まで）.pdf
p-625fd9,wre-2026-intercollegiate-0820,文部科学大臣杯 UNIVAS CUP 令和8年度 全日本学生レスリング選手権大会,2026,グレコローマン,87kg,1位,https://www.japan-wrestling.jp/wp-content/uploads/2026/08/文部科学大臣杯-UNIVAS-CUP-令和８年度全日本学生レスリング選手権大会-GR入賞者一覧（8位まで）.pdf
p-2f4af8,wre-2024-meiji-cup-0523,令和6年度 明治杯全日本選抜レスリング選手権大会,2024,フリースタイル,65kg,3位,https://www.japan-wrestling.jp/wp-content/uploads/2024/12/ichiranFS-1.pdf
p-2f4af8,wre-2024-tenno-cup-1219,令和6年度 天皇杯全日本レスリング選手権大会,2024,フリースタイル,65kg,2位,https://www.japan-wrestling.jp/wp-content/uploads/2025/04/令和6年度天皇杯_フリースタイル階級別入賞者一覧.pdf
p-2f4af8,wre-2025-intercollegiate-0821,文部科学大臣杯 令和7年度 全日本学生レスリング選手権大会,2025,フリースタイル,65kg,2位,https://www.japan-wrestling.jp/wp-content/uploads/2025/08/文部科学大臣杯-UNIVAS-CUP-令和７年度全日本学生レスリング選手権大会-入賞者一覧（8位まで）-FS.pdf
p-2f4af8,wre-2025-intercollegiate-0821,文部科学大臣杯 令和7年度 全日本学生レスリング選手権大会,2025,グレコローマン,67kg,2位,https://www.japan-wrestling.jp/wp-content/uploads/2025/08/文部科学大臣杯-UNIVAS-CUP-令和７年度全日本学生レスリング選手権大会-入賞者一覧（8位まで）_GR.pdf
p-2f4af8,wre-2025-tenno-cup-1218,令和7年度 天皇杯全日本レスリング選手権大会,2025,フリースタイル,65kg,3位,https://www.japan-wrestling.jp/wp-content/uploads/2026/01/訂正版_2025-EMPEROR-Cup_RESULT-BOOK.pdf
p-2f4af8,wre-2025-university-championship-1108,第51回内閣総理大臣杯 令和7年度全日本大学レスリング選手権大会,2025,フリースタイル,65kg,3位,https://www.japan-wrestling.jp/wp-content/uploads/2025/11/2025.内閣_入賞者一覧（再修正版）.pdf
p-2f4af8,wre-2025-university-greco-1018,文部科学大臣杯 令和7年度 全日本大学レスリンググレコローマンレスリング選手権大会,2025,グレコローマン,67kg,3位,https://www.japan-wrestling.jp/wp-content/uploads/2025/10/文部科学大臣杯-令和7年度全日本大学グレコローマンスタイル選手権大会-入賞者一覧（8位まで）.pdf
p-2f4af8,wre-2026-meiji-cup-0521,令和8年度 明治杯全日本選抜レスリング選手権大会,2026,フリースタイル,65kg,3位,https://www.japan-wrestling.jp/wp-content/uploads/2026/05/スタイル別入賞者.pdf
p-fb929c,wre-2024-meiji-cup-0523,令和6年度 明治杯全日本選抜レスリング選手権大会,2024,フリースタイル,57kg,3位,https://www.japan-wrestling.jp/wp-content/uploads/2024/12/ichiranFS-1.pdf
p-fb929c,wre-2024-tenno-cup-1219,令和6年度 天皇杯全日本レスリング選手権大会,2024,フリースタイル,57kg,2位,https://www.japan-wrestling.jp/wp-content/uploads/2025/04/令和6年度天皇杯_フリースタイル階級別入賞者一覧.pdf
p-fb929c,wre-2025-intercollegiate-0821,文部科学大臣杯 令和7年度 全日本学生レスリング選手権大会,2025,フリースタイル,57kg,2位,https://www.japan-wrestling.jp/wp-content/uploads/2025/08/文部科学大臣杯-UNIVAS-CUP-令和７年度全日本学生レスリング選手権大会-入賞者一覧（8位まで）-FS.pdf
p-fb929c,wre-2025-university-championship-1108,第51回内閣総理大臣杯 令和7年度全日本大学レスリング選手権大会,2025,フリースタイル,57kg,1位,https://www.japan-wrestling.jp/wp-content/uploads/2025/11/2025.内閣_入賞者一覧（再修正版）.pdf
p-fb929c,wre-2025-university-greco-1018,文部科学大臣杯 令和7年度 全日本大学レスリンググレコローマンレスリング選手権大会,2025,グレコローマン,60kg,7位,https://www.japan-wrestling.jp/wp-content/uploads/2025/10/文部科学大臣杯-令和7年度全日本大学グレコローマンスタイル選手権大会-入賞者一覧（8位まで）.pdf
p-fb929c,wre-2026-intercollegiate-0820,文部科学大臣杯 UNIVAS CUP 令和8年度 全日本学生レスリング選手権大会,2026,フリースタイル,57kg,1位,https://www.japan-wrestling.jp/wp-content/uploads/2026/08/文部科学大臣杯-UNIVAS-CUP-令和８年度全日本学生レスリング選手権大会-入賞者一覧（8位まで）.pdf
p-fb929c,wre-2026-meiji-cup-0521,令和8年度 明治杯全日本選抜レスリング選手権大会,2026,フリースタイル,57kg,3位,https://www.japan-wrestling.jp/wp-content/uploads/2026/05/スタイル別入賞者.pdf
p-acb14c,wre-2024-meiji-cup-0523,令和6年度 明治杯全日本選抜レスリング選手権大会,2024,フリースタイル,125kg,3位,https://www.japan-wrestling.jp/wp-content/uploads/2024/12/ichiranFS-1.pdf
p-acb14c,wre-2024-meiji-cup-0523,令和6年度 明治杯全日本選抜レスリング選手権大会,2024,グレコローマン,130kg,3位,https://www.japan-wrestling.jp/wp-content/uploads/2024/12/ichiranGR-1.pdf
p-acb14c,wre-2024-tenno-cup-1219,令和6年度 天皇杯全日本レスリング選手権大会,2024,フリースタイル,125kg,5位,https://www.japan-wrestling.jp/wp-content/uploads/2025/04/令和6年度天皇杯_フリースタイル階級別入賞者一覧.pdf
p-acb14c,wre-2024-tenno-cup-1219,令和6年度 天皇杯全日本レスリング選手権大会,2024,グレコローマン,130kg,5位,https://www.japan-wrestling.jp/wp-content/uploads/2025/04/令和6年度天皇杯_グレコローマン階級別入賞者一覧.pdf
p-acb14c,wre-2025-shakaijin-0712,第72回 全日本社会人レスリング選手権大会,2025,グレコローマン,130kg,1位,https://www.japan-wrestling.jp/wp-content/uploads/2025/07/第72回社会人記録（優勝者一覧・個人賞）.pdf
p-acb14c,wre-2025-tenno-cup-1218,令和7年度 天皇杯全日本レスリング選手権大会,2025,グレコローマン,130kg,3位,https://www.japan-wrestling.jp/wp-content/uploads/2026/01/訂正版_2025-EMPEROR-Cup_RESULT-BOOK.pdf
p-acb14c,wre-2026-meiji-cup-0521,令和8年度 明治杯全日本選抜レスリング選手権大会,2026,グレコローマン,130kg,3位,https://www.japan-wrestling.jp/wp-content/uploads/2026/05/スタイル別入賞者.pdf
p-dd2dea,wre-2024-meiji-cup-0523,令和6年度 明治杯全日本選抜レスリング選手権大会,2024,フリースタイル,125kg,3位,https://www.japan-wrestling.jp/wp-content/uploads/2024/12/ichiranFS-1.pdf
p-dd2dea,wre-2025-east-spring-0709,令和7年度 東日本学生レスリング選手権大会(春季大会),2025,フリースタイル,125kg,1位,https://www.japan-wrestling.jp/wp-content/uploads/2025/07/令和7年度東日本学生レスリング選手権大会（春季大会）入賞者一覧_選手権F・G.pdf
p-dd2dea,wre-2025-intercollegiate-0821,文部科学大臣杯 令和7年度 全日本学生レスリング選手権大会,2025,フリースタイル,97kg,2位,https://www.japan-wrestling.jp/wp-content/uploads/2025/08/文部科学大臣杯-UNIVAS-CUP-令和７年度全日本学生レスリング選手権大会-入賞者一覧（8位まで）-FS.pdf
p-dd2dea,wre-2025-intercollegiate-0821,文部科学大臣杯 令和7年度 全日本学生レスリング選手権大会,2025,グレコローマン,97kg,2位,https://www.japan-wrestling.jp/wp-content/uploads/2025/08/文部科学大臣杯-UNIVAS-CUP-令和７年度全日本学生レスリング選手権大会-入賞者一覧（8位まで）_GR.pdf
p-dd2dea,wre-2025-tenno-cup-1218,令和7年度 天皇杯全日本レスリング選手権大会,2025,フリースタイル,97kg,3位,https://www.japan-wrestling.jp/wp-content/uploads/2026/01/訂正版_2025-EMPEROR-Cup_RESULT-BOOK.pdf
p-dd2dea,wre-2025-university-championship-1108,第51回内閣総理大臣杯 令和7年度全日本大学レスリング選手権大会,2025,フリースタイル,97kg,5位,https://www.japan-wrestling.jp/wp-content/uploads/2025/11/2025.内閣_入賞者一覧（再修正版）.pdf
p-dd2dea,wre-2026-meiji-cup-0521,令和8年度 明治杯全日本選抜レスリング選手権大会,2026,フリースタイル,97kg,3位,https://www.japan-wrestling.jp/wp-content/uploads/2026/05/スタイル別入賞者.pdf
p-942d61,wre-2024-tenno-cup-1219,令和6年度 天皇杯全日本レスリング選手権大会,2024,グレコローマン,130kg,7位,https://www.japan-wrestling.jp/wp-content/uploads/2025/04/令和6年度天皇杯_グレコローマン階級別入賞者一覧.pdf
p-942d61,wre-2025-east-autumn-1127,令和7年度 東日本学生レスリング選手権大会(秋季大会),2025,新人戦 フリースタイル,125kg,1位,https://www.japan-wrestling.jp/wp-content/uploads/2025/12/令和7年度東日本学生レスリング選手権大会（春季大会）入賞者一覧_新FS・GR.pdf
p-942d61,wre-2025-tenno-cup-1218,令和7年度 天皇杯全日本レスリング選手権大会,2025,フリースタイル,125kg,5位,https://www.japan-wrestling.jp/wp-content/uploads/2026/01/訂正版_2025-EMPEROR-Cup_RESULT-BOOK.pdf
p-942d61,wre-2025-university-championship-1108,第51回内閣総理大臣杯 令和7年度全日本大学レスリング選手権大会,2025,フリースタイル,125kg,5位,https://www.japan-wrestling.jp/wp-content/uploads/2025/11/2025.内閣_入賞者一覧（再修正版）.pdf
p-942d61,wre-2026-intercollegiate-0820,文部科学大臣杯 UNIVAS CUP 令和8年度 全日本学生レスリング選手権大会,2026,フリースタイル,125kg,2位,https://www.japan-wrestling.jp/wp-content/uploads/2026/08/文部科学大臣杯-UNIVAS-CUP-令和８年度全日本学生レスリング選手権大会-入賞者一覧（8位まで）.pdf
p-942d61,wre-2026-intercollegiate-0820,文部科学大臣杯 UNIVAS CUP 令和8年度 全日本学生レスリング選手権大会,2026,グレコローマン,130kg,3位,https://www.japan-wrestling.jp/wp-content/uploads/2026/08/文部科学大臣杯-UNIVAS-CUP-令和８年度全日本学生レスリング選手権大会-GR入賞者一覧（8位まで）.pdf
p-942d61,wre-2026-meiji-cup-0521,令和8年度 明治杯全日本選抜レスリング選手権大会,2026,フリースタイル,125kg,3位,https://www.japan-wrestling.jp/wp-content/uploads/2026/05/スタイル別入賞者.pdf
p-ecfe99,wre-2025-east-spring-0709,令和7年度 東日本学生レスリング選手権大会(春季大会),2025,新人戦 グレコローマン,87kg,1位,https://www.japan-wrestling.jp/wp-content/uploads/2025/07/令和7年度東日本学生レスリング選手権大会（春季大会）入賞者一覧_WW・新GR.pdf
p-ecfe99,wre-2025-east-spring-0709,令和7年度 東日本学生レスリング選手権大会(春季大会),2025,新人戦 フリースタイル,86kg,1位,https://www.japan-wrestling.jp/wp-content/uploads/2025/07/令和7年度東日本学生レスリング選手権大会（春季大会）入賞者一覧_新FA・FB.pdf
p-ecfe99,wre-2025-intercollegiate-0821,文部科学大臣杯 令和7年度 全日本学生レスリング選手権大会,2025,グレコローマン,87kg,3位,https://www.japan-wrestling.jp/wp-content/uploads/2025/08/文部科学大臣杯-UNIVAS-CUP-令和７年度全日本学生レスリング選手権大会-入賞者一覧（8位まで）_GR.pdf
p-ecfe99,wre-2025-tenno-cup-1218,令和7年度 天皇杯全日本レスリング選手権大会,2025,フリースタイル,86kg,7位,https://www.japan-wrestling.jp/wp-content/uploads/2026/01/訂正版_2025-EMPEROR-Cup_RESULT-BOOK.pdf
p-ecfe99,wre-2025-tenno-cup-1218,令和7年度 天皇杯全日本レスリング選手権大会,2025,グレコローマン,87kg,3位,https://www.japan-wrestling.jp/wp-content/uploads/2026/01/訂正版_2025-EMPEROR-Cup_RESULT-BOOK.pdf
p-ecfe99,wre-2026-intercollegiate-0820,文部科学大臣杯 UNIVAS CUP 令和8年度 全日本学生レスリング選手権大会,2026,グレコローマン,87kg,3位,https://www.japan-wrestling.jp/wp-content/uploads/2026/08/文部科学大臣杯-UNIVAS-CUP-令和８年度全日本学生レスリング選手権大会-GR入賞者一覧（8位まで）.pdf
p-ecfe99,wre-2026-meiji-cup-0521,令和8年度 明治杯全日本選抜レスリング選手権大会,2026,グレコローマン,82kg,3位,https://www.japan-wrestling.jp/wp-content/uploads/2026/05/スタイル別入賞者.pdf
p-0239db,wre-2025-east-autumn-1127,令和7年度 東日本学生レスリング選手権大会(秋季大会),2025,新人戦 グレコローマン,130kg,1位,https://www.japan-wrestling.jp/wp-content/uploads/2025/12/令和7年度東日本学生レスリング選手権大会（春季大会）入賞者一覧_新FS・GR.pdf
p-0239db,wre-2025-east-autumn-1127,令和7年度 東日本学生レスリング選手権大会(秋季大会),2025,新人戦 フリースタイル,125kg,2位,https://www.japan-wrestling.jp/wp-content/uploads/2025/12/令和7年度東日本学生レスリング選手権大会（春季大会）入賞者一覧_新FS・GR.pdf
p-0239db,wre-2025-east-spring-0709,令和7年度 東日本学生レスリング選手権大会(春季大会),2025,新人戦 フリースタイル,125kg,2位,https://www.japan-wrestling.jp/wp-content/uploads/2025/07/令和7年度東日本学生レスリング選手権大会（春季大会）入賞者一覧_新FA・FB.pdf
p-0239db,wre-2025-intercollegiate-0821,文部科学大臣杯 令和7年度 全日本学生レスリング選手権大会,2025,フリースタイル,125kg,5位,https://www.japan-wrestling.jp/wp-content/uploads/2025/08/文部科学大臣杯-UNIVAS-CUP-令和７年度全日本学生レスリング選手権大会-入賞者一覧（8位まで）-FS.pdf
p-0239db,wre-2025-tenno-cup-1218,令和7年度 天皇杯全日本レスリング選手権大会,2025,グレコローマン,130kg,8位,https://www.japan-wrestling.jp/wp-content/uploads/2026/01/訂正版_2025-EMPEROR-Cup_RESULT-BOOK.pdf
p-0239db,wre-2025-university-greco-1018,文部科学大臣杯 令和7年度 全日本大学レスリンググレコローマンレスリング選手権大会,2025,グレコローマン,130kg,7位,https://www.japan-wrestling.jp/wp-content/uploads/2025/10/文部科学大臣杯-令和7年度全日本大学グレコローマンスタイル選手権大会-入賞者一覧（8位まで）.pdf
p-0239db,wre-2026-east-spring-0713,令和8年度 東日本学生レスリング選手権大会(春季大会),2026,新人戦 フリースタイル,125kg,2位,https://www.japan-wrestling.jp/wp-content/uploads/2026/07/令和8年度東日本学生レスリング選手権大会（春季大会）入賞者一覧_新FA・FB.pdf
p-311c1e,wre-2025-east-autumn-1127,令和7年度 東日本学生レスリング選手権大会(秋季大会),2025,フリースタイル,97kg,2位,https://www.japan-wrestling.jp/wp-content/uploads/2025/12/令和7年度東日本学生レスリング選手権大会（春季大会）入賞者一覧_選FS・GR.pdf
p-311c1e,wre-2025-east-spring-0709,令和7年度 東日本学生レスリング選手権大会(春季大会),2025,フリースタイル,97kg,3位,https://www.japan-wrestling.jp/wp-content/uploads/2025/07/令和7年度東日本学生レスリング選手権大会（春季大会）入賞者一覧_選手権F・G.pdf
p-311c1e,wre-2025-intercollegiate-0821,文部科学大臣杯 令和7年度 全日本学生レスリング選手権大会,2025,フリースタイル,92kg,5位,https://www.japan-wrestling.jp/wp-content/uploads/2025/08/文部科学大臣杯-UNIVAS-CUP-令和７年度全日本学生レスリング選手権大会-入賞者一覧（8位まで）-FS.pdf
p-311c1e,wre-2025-intercollegiate-0821,文部科学大臣杯 令和7年度 全日本学生レスリング選手権大会,2025,グレコローマン,87kg,3位,https://www.japan-wrestling.jp/wp-content/uploads/2025/08/文部科学大臣杯-UNIVAS-CUP-令和７年度全日本学生レスリング選手権大会-入賞者一覧（8位まで）_GR.pdf
p-311c1e,wre-2025-tenno-cup-1218,令和7年度 天皇杯全日本レスリング選手権大会,2025,グレコローマン,97kg,7位,https://www.japan-wrestling.jp/wp-content/uploads/2026/01/訂正版_2025-EMPEROR-Cup_RESULT-BOOK.pdf
p-311c1e,wre-2026-east-spring-0713,令和8年度 東日本学生レスリング選手権大会(春季大会),2026,グレコローマン,87kg,2位,https://www.japan-wrestling.jp/wp-content/uploads/2026/07/令和8年度東日本学生レスリング選手権大会（春季大会）入賞者一覧_選FS・GR.pdf
p-311c1e,wre-2026-intercollegiate-0820,文部科学大臣杯 UNIVAS CUP 令和8年度 全日本学生レスリング選手権大会,2026,フリースタイル,97kg,5位,https://www.japan-wrestling.jp/wp-content/uploads/2026/08/文部科学大臣杯-UNIVAS-CUP-令和８年度全日本学生レスリング選手権大会-入賞者一覧（8位まで）.pdf
p-60f392,wre-2025-east-autumn-1127,令和7年度 東日本学生レスリング選手権大会(秋季大会),2025,新人戦 グレコローマン,97kg,3位,https://www.japan-wrestling.jp/wp-content/uploads/2025/12/令和7年度東日本学生レスリング選手権大会（春季大会）入賞者一覧_新FS・GR.pdf
p-60f392,wre-2025-east-spring-0709,令和7年度 東日本学生レスリング選手権大会(春季大会),2025,新人戦 グレコローマン,97kg,3位,https://www.japan-wrestling.jp/wp-content/uploads/2025/07/令和7年度東日本学生レスリング選手権大会（春季大会）入賞者一覧_WW・新GR.pdf
p-60f392,wre-2025-east-spring-0709,令和7年度 東日本学生レスリング選手権大会(春季大会),2025,新人戦 フリースタイル,97kg,3位,https://www.japan-wrestling.jp/wp-content/uploads/2025/07/令和7年度東日本学生レスリング選手権大会（春季大会）入賞者一覧_新FA・FB.pdf
p-60f392,wre-2025-intercollegiate-0821,文部科学大臣杯 令和7年度 全日本学生レスリング選手権大会,2025,フリースタイル,97kg,5位,https://www.japan-wrestling.jp/wp-content/uploads/2025/08/文部科学大臣杯-UNIVAS-CUP-令和７年度全日本学生レスリング選手権大会-入賞者一覧（8位まで）-FS.pdf
p-60f392,wre-2025-intercollegiate-0821,文部科学大臣杯 令和7年度 全日本学生レスリング選手権大会,2025,グレコローマン,97kg,5位,https://www.japan-wrestling.jp/wp-content/uploads/2025/08/文部科学大臣杯-UNIVAS-CUP-令和７年度全日本学生レスリング選手権大会-入賞者一覧（8位まで）_GR.pdf
p-60f392,wre-2026-east-spring-0713,令和8年度 東日本学生レスリング選手権大会(春季大会),2026,新人戦 グレコローマン,97kg,3位,https://www.japan-wrestling.jp/wp-content/uploads/2026/07/令和8年度東日本学生レスリング選手権大会（春季大会）入賞者一覧_WW・新GR.pdf
p-60f392,wre-2026-intercollegiate-0820,文部科学大臣杯 UNIVAS CUP 令和8年度 全日本学生レスリング選手権大会,2026,グレコローマン,97kg,5位,https://www.japan-wrestling.jp/wp-content/uploads/2026/08/文部科学大臣杯-UNIVAS-CUP-令和８年度全日本学生レスリング選手権大会-GR入賞者一覧（8位まで）.pdf
p-840062,wre-2024-meiji-cup-0523,令和6年度 明治杯全日本選抜レスリング選手権大会,2024,フリースタイル,61kg,3位,https://www.japan-wrestling.jp/wp-content/uploads/2024/12/ichiranFS-1.pdf
p-840062,wre-2024-tenno-cup-1219,令和6年度 天皇杯全日本レスリング選手権大会,2024,フリースタイル,65kg,3位,https://www.japan-wrestling.jp/wp-content/uploads/2025/04/令和6年度天皇杯_フリースタイル階級別入賞者一覧.pdf
p-840062,wre-2025-intercollegiate-0821,文部科学大臣杯 令和7年度 全日本学生レスリング選手権大会,2025,フリースタイル,65kg,1位,https://www.japan-wrestling.jp/wp-content/uploads/2025/08/文部科学大臣杯-UNIVAS-CUP-令和７年度全日本学生レスリング選手権大会-入賞者一覧（8位まで）-FS.pdf
p-840062,wre-2025-tenno-cup-1218,令和7年度 天皇杯全日本レスリング選手権大会,2025,フリースタイル,65kg,7位,https://www.japan-wrestling.jp/wp-content/uploads/2026/01/訂正版_2025-EMPEROR-Cup_RESULT-BOOK.pdf
p-840062,wre-2025-university-championship-1108,第51回内閣総理大臣杯 令和7年度全日本大学レスリング選手権大会,2025,フリースタイル,65kg,1位,https://www.japan-wrestling.jp/wp-content/uploads/2025/11/2025.内閣_入賞者一覧（再修正版）.pdf
p-840062,wre-2026-intercollegiate-0820,文部科学大臣杯 UNIVAS CUP 令和8年度 全日本学生レスリング選手権大会,2026,フリースタイル,65kg,1位,https://www.japan-wrestling.jp/wp-content/uploads/2026/08/文部科学大臣杯-UNIVAS-CUP-令和８年度全日本学生レスリング選手権大会-入賞者一覧（8位まで）.pdf
p-c06da6,wre-2024-meiji-cup-0523,令和6年度 明治杯全日本選抜レスリング選手権大会,2024,グレコローマン,55kg,3位,https://www.japan-wrestling.jp/wp-content/uploads/2024/12/ichiranGR-1.pdf
p-c06da6,wre-2024-tenno-cup-1219,令和6年度 天皇杯全日本レスリング選手権大会,2024,フリースタイル,57kg,5位,https://www.japan-wrestling.jp/wp-content/uploads/2025/04/令和6年度天皇杯_フリースタイル階級別入賞者一覧.pdf
p-c06da6,wre-2024-tenno-cup-1219,令和6年度 天皇杯全日本レスリング選手権大会,2024,グレコローマン,55kg,7位,https://www.japan-wrestling.jp/wp-content/uploads/2025/04/令和6年度天皇杯_グレコローマン階級別入賞者一覧.pdf
p-c06da6,wre-2025-shakaijin-0712,第72回 全日本社会人レスリング選手権大会,2025,フリースタイル,57kg,1位,https://www.japan-wrestling.jp/wp-content/uploads/2025/07/第72回社会人記録（優勝者一覧・個人賞）.pdf
p-c06da6,wre-2025-shakaijin-0712,第72回 全日本社会人レスリング選手権大会,2025,グレコローマン,55kg,1位,https://www.japan-wrestling.jp/wp-content/uploads/2025/07/第72回社会人記録（優勝者一覧・個人賞）.pdf
p-c06da6,wre-2025-tenno-cup-1218,令和7年度 天皇杯全日本レスリング選手権大会,2025,グレコローマン,55kg,5位,https://www.japan-wrestling.jp/wp-content/uploads/2026/01/訂正版_2025-EMPEROR-Cup_RESULT-BOOK.pdf
p-8a9fa1,wre-2024-meiji-cup-0523,令和6年度 明治杯全日本選抜レスリング選手権大会,2024,女子,50kg,3位,https://www.japan-wrestling.jp/wp-content/uploads/2024/12/ichiranWW.pdf
p-8a9fa1,wre-2024-tenno-cup-1219,令和6年度 天皇杯全日本レスリング選手権大会,2024,女子,53kg,3位,https://www.japan-wrestling.jp/wp-content/uploads/2025/04/令和6年度天皇杯_女子階級別入賞者一覧.pdf
p-8a9fa1,wre-2025-intercollegiate-0821,文部科学大臣杯 令和7年度 全日本学生レスリング選手権大会,2025,女子,50kg,1位,https://www.japan-wrestling.jp/wp-content/uploads/2025/08/文部科学大臣杯-UNIVAS-CUP-令和７年度全日本学生レスリング選手権大会-入賞者一覧（8位まで）_WW.pdf
p-8a9fa1,wre-2025-tenno-cup-1218,令和7年度 天皇杯全日本レスリング選手権大会,2025,女子,50kg,2位,https://www.japan-wrestling.jp/wp-content/uploads/2026/01/訂正版_2025-EMPEROR-Cup_RESULT-BOOK.pdf
p-8a9fa1,wre-2026-intercollegiate-0820,文部科学大臣杯 UNIVAS CUP 令和8年度 全日本学生レスリング選手権大会,2026,女子,50kg,1位,https://www.japan-wrestling.jp/wp-content/uploads/2026/08/文部科学大臣杯-UNIVAS-CUP-令和８年度全日本学生レスリング選手権大会-WW入賞者一覧（8位まで）.pdf
p-8a9fa1,wre-2026-meiji-cup-0521,令和8年度 明治杯全日本選抜レスリング選手権大会,2026,女子,50kg,3位,https://www.japan-wrestling.jp/wp-content/uploads/2026/05/スタイル別入賞者.pdf
p-5e1be6,wre-2024-meiji-cup-0523,令和6年度 明治杯全日本選抜レスリング選手権大会,2024,女子,55kg,3位,https://www.japan-wrestling.jp/wp-content/uploads/2024/12/ichiranWW.pdf
p-5e1be6,wre-2025-intercollegiate-0821,文部科学大臣杯 令和7年度 全日本学生レスリング選手権大会,2025,女子,55kg,3位,https://www.japan-wrestling.jp/wp-content/uploads/2025/08/文部科学大臣杯-UNIVAS-CUP-令和７年度全日本学生レスリング選手権大会-入賞者一覧（8位まで）_WW.pdf
p-5e1be6,wre-2025-tenno-cup-1218,令和7年度 天皇杯全日本レスリング選手権大会,2025,女子,55kg,5位,https://www.japan-wrestling.jp/wp-content/uploads/2026/01/訂正版_2025-EMPEROR-Cup_RESULT-BOOK.pdf
p-5e1be6,wre-2026-east-spring-0713,令和8年度 東日本学生レスリング選手権大会(春季大会),2026,新人戦 女子,55kg,1位,https://www.japan-wrestling.jp/wp-content/uploads/2026/07/令和8年度東日本学生レスリング選手権大会（春季大会）入賞者一覧_WW・新GR.pdf
p-5e1be6,wre-2026-intercollegiate-0820,文部科学大臣杯 UNIVAS CUP 令和8年度 全日本学生レスリング選手権大会,2026,女子,55kg,2位,https://www.japan-wrestling.jp/wp-content/uploads/2026/08/文部科学大臣杯-UNIVAS-CUP-令和８年度全日本学生レスリング選手権大会-WW入賞者一覧（8位まで）.pdf
p-5e1be6,wre-2026-meiji-cup-0521,令和8年度 明治杯全日本選抜レスリング選手権大会,2026,女子,55kg,3位,https://www.japan-wrestling.jp/wp-content/uploads/2026/05/スタイル別入賞者.pdf
p-03a5df,wre-2024-meiji-cup-0523,令和6年度 明治杯全日本選抜レスリング選手権大会,2024,女子,65kg,3位,https://www.japan-wrestling.jp/wp-content/uploads/2024/12/ichiranWW.pdf
p-03a5df,wre-2024-tenno-cup-1219,令和6年度 天皇杯全日本レスリング選手権大会,2024,女子,65kg,3位,https://www.japan-wrestling.jp/wp-content/uploads/2025/04/令和6年度天皇杯_女子階級別入賞者一覧.pdf
p-03a5df,wre-2025-intercollegiate-0821,文部科学大臣杯 令和7年度 全日本学生レスリング選手権大会,2025,女子,65kg,1位,https://www.japan-wrestling.jp/wp-content/uploads/2025/08/文部科学大臣杯-UNIVAS-CUP-令和７年度全日本学生レスリング選手権大会-入賞者一覧（8位まで）_WW.pdf
p-03a5df,wre-2025-tenno-cup-1218,令和7年度 天皇杯全日本レスリング選手権大会,2025,女子,65kg,1位,https://www.japan-wrestling.jp/wp-content/uploads/2026/01/訂正版_2025-EMPEROR-Cup_RESULT-BOOK.pdf
p-03a5df,wre-2026-intercollegiate-0820,文部科学大臣杯 UNIVAS CUP 令和8年度 全日本学生レスリング選手権大会,2026,女子,65kg,1位,https://www.japan-wrestling.jp/wp-content/uploads/2026/08/文部科学大臣杯-UNIVAS-CUP-令和８年度全日本学生レスリング選手権大会-WW入賞者一覧（8位まで）.pdf
p-03a5df,wre-2026-meiji-cup-0521,令和8年度 明治杯全日本選抜レスリング選手権大会,2026,女子,65kg,1位,https://www.japan-wrestling.jp/wp-content/uploads/2026/05/スタイル別入賞者.pdf
p-346a0a,wre-2024-meiji-cup-0523,令和6年度 明治杯全日本選抜レスリング選手権大会,2024,女子,68kg,3位,https://www.japan-wrestling.jp/wp-content/uploads/2024/12/ichiranWW.pdf
p-346a0a,wre-2025-intercollegiate-0821,文部科学大臣杯 令和7年度 全日本学生レスリング選手権大会,2025,女子,68kg,2位,https://www.japan-wrestling.jp/wp-content/uploads/2025/08/文部科学大臣杯-UNIVAS-CUP-令和７年度全日本学生レスリング選手権大会-入賞者一覧（8位まで）_WW.pdf
p-346a0a,wre-2025-tenno-cup-1218,令和7年度 天皇杯全日本レスリング選手権大会,2025,女子,68kg,5位,https://www.japan-wrestling.jp/wp-content/uploads/2026/01/訂正版_2025-EMPEROR-Cup_RESULT-BOOK.pdf
p-346a0a,wre-2026-east-spring-0713,令和8年度 東日本学生レスリング選手権大会(春季大会),2026,新人戦 女子,68kg,1位,https://www.japan-wrestling.jp/wp-content/uploads/2026/07/令和8年度東日本学生レスリング選手権大会（春季大会）入賞者一覧_WW・新GR.pdf
p-346a0a,wre-2026-intercollegiate-0820,文部科学大臣杯 UNIVAS CUP 令和8年度 全日本学生レスリング選手権大会,2026,女子,68kg,3位,https://www.japan-wrestling.jp/wp-content/uploads/2026/08/文部科学大臣杯-UNIVAS-CUP-令和８年度全日本学生レスリング選手権大会-WW入賞者一覧（8位まで）.pdf
p-346a0a,wre-2026-meiji-cup-0521,令和8年度 明治杯全日本選抜レスリング選手権大会,2026,女子,72kg,3位,https://www.japan-wrestling.jp/wp-content/uploads/2026/05/スタイル別入賞者.pdf
p-880fa1,wre-2024-tenno-cup-1219,令和6年度 天皇杯全日本レスリング選手権大会,2024,フリースタイル,79kg,1位,https://www.japan-wrestling.jp/wp-content/uploads/2025/04/令和6年度天皇杯_フリースタイル階級別入賞者一覧.pdf
p-880fa1,wre-2025-east-autumn-1127,令和7年度 東日本学生レスリング選手権大会(秋季大会),2025,フリースタイル,86kg,1位,https://www.japan-wrestling.jp/wp-content/uploads/2025/12/令和7年度東日本学生レスリング選手権大会（春季大会）入賞者一覧_選FS・GR.pdf
p-880fa1,wre-2025-tenno-cup-1218,令和7年度 天皇杯全日本レスリング選手権大会,2025,フリースタイル,86kg,5位,https://www.japan-wrestling.jp/wp-content/uploads/2026/01/訂正版_2025-EMPEROR-Cup_RESULT-BOOK.pdf
p-880fa1,wre-2025-university-championship-1108,第51回内閣総理大臣杯 令和7年度全日本大学レスリング選手権大会,2025,フリースタイル,79kg,1位,https://www.japan-wrestling.jp/wp-content/uploads/2025/11/2025.内閣_入賞者一覧（再修正版）.pdf
p-880fa1,wre-2026-intercollegiate-0820,文部科学大臣杯 UNIVAS CUP 令和8年度 全日本学生レスリング選手権大会,2026,フリースタイル,86kg,2位,https://www.japan-wrestling.jp/wp-content/uploads/2026/08/文部科学大臣杯-UNIVAS-CUP-令和８年度全日本学生レスリング選手権大会-入賞者一覧（8位まで）.pdf
p-880fa1,wre-2026-meiji-cup-0521,令和8年度 明治杯全日本選抜レスリング選手権大会,2026,フリースタイル,86kg,3位,https://www.japan-wrestling.jp/wp-content/uploads/2026/05/スタイル別入賞者.pdf
p-78c7c4,wre-2024-tenno-cup-1219,令和6年度 天皇杯全日本レスリング選手権大会,2024,フリースタイル,86kg,5位,https://www.japan-wrestling.jp/wp-content/uploads/2025/04/令和6年度天皇杯_フリースタイル階級別入賞者一覧.pdf
p-78c7c4,wre-2025-east-autumn-1127,令和7年度 東日本学生レスリング選手権大会(秋季大会),2025,フリースタイル,92kg,1位,https://www.japan-wrestling.jp/wp-content/uploads/2025/12/令和7年度東日本学生レスリング選手権大会（春季大会）入賞者一覧_選FS・GR.pdf
p-78c7c4,wre-2025-intercollegiate-0821,文部科学大臣杯 令和7年度 全日本学生レスリング選手権大会,2025,フリースタイル,92kg,1位,https://www.japan-wrestling.jp/wp-content/uploads/2025/08/文部科学大臣杯-UNIVAS-CUP-令和７年度全日本学生レスリング選手権大会-入賞者一覧（8位まで）-FS.pdf
p-78c7c4,wre-2025-tenno-cup-1218,令和7年度 天皇杯全日本レスリング選手権大会,2025,フリースタイル,92kg,2位,https://www.japan-wrestling.jp/wp-content/uploads/2026/01/訂正版_2025-EMPEROR-Cup_RESULT-BOOK.pdf
p-78c7c4,wre-2025-university-championship-1108,第51回内閣総理大臣杯 令和7年度全日本大学レスリング選手権大会,2025,フリースタイル,97kg,3位,https://www.japan-wrestling.jp/wp-content/uploads/2025/11/2025.内閣_入賞者一覧（再修正版）.pdf
p-78c7c4,wre-2026-intercollegiate-0820,文部科学大臣杯 UNIVAS CUP 令和8年度 全日本学生レスリング選手権大会,2026,フリースタイル,92kg,1位,https://www.japan-wrestling.jp/wp-content/uploads/2026/08/文部科学大臣杯-UNIVAS-CUP-令和８年度全日本学生レスリング選手権大会-入賞者一覧（8位まで）.pdf
p-bee145,wre-2025-east-autumn-1127,令和7年度 東日本学生レスリング選手権大会(秋季大会),2025,新人戦 グレコローマン,60kg,3位,https://www.japan-wrestling.jp/wp-content/uploads/2025/12/令和7年度東日本学生レスリング選手権大会（春季大会）入賞者一覧_新FS・GR.pdf
p-bee145,wre-2025-east-spring-0709,令和7年度 東日本学生レスリング選手権大会(春季大会),2025,新人戦 グレコローマン,55kg,1位,https://www.japan-wrestling.jp/wp-content/uploads/2025/07/令和7年度東日本学生レスリング選手権大会（春季大会）入賞者一覧_WW・新GR.pdf
p-bee145,wre-2025-intercollegiate-0821,文部科学大臣杯 令和7年度 全日本学生レスリング選手権大会,2025,グレコローマン,55kg,3位,https://www.japan-wrestling.jp/wp-content/uploads/2025/08/文部科学大臣杯-UNIVAS-CUP-令和７年度全日本学生レスリング選手権大会-入賞者一覧（8位まで）_GR.pdf
p-bee145,wre-2026-east-spring-0713,令和8年度 東日本学生レスリング選手権大会(春季大会),2026,グレコローマン,60kg,1位,https://www.japan-wrestling.jp/wp-content/uploads/2026/07/令和8年度東日本学生レスリング選手権大会（春季大会）入賞者一覧_選FS・GR.pdf
p-bee145,wre-2026-intercollegiate-0820,文部科学大臣杯 UNIVAS CUP 令和8年度 全日本学生レスリング選手権大会,2026,グレコローマン,55kg,2位,https://www.japan-wrestling.jp/wp-content/uploads/2026/08/文部科学大臣杯-UNIVAS-CUP-令和８年度全日本学生レスリング選手権大会-GR入賞者一覧（8位まで）.pdf
p-bee145,wre-2026-meiji-cup-0521,令和8年度 明治杯全日本選抜レスリング選手権大会,2026,グレコローマン,55kg,2位,https://www.japan-wrestling.jp/wp-content/uploads/2026/05/スタイル別入賞者.pdf
p-9b8f58,wre-2025-east-spring-0709,令和7年度 東日本学生レスリング選手権大会(春季大会),2025,新人戦 グレコローマン,77kg,3位,https://www.japan-wrestling.jp/wp-content/uploads/2025/07/令和7年度東日本学生レスリング選手権大会（春季大会）入賞者一覧_WW・新GR.pdf
p-9b8f58,wre-2025-east-spring-0709,令和7年度 東日本学生レスリング選手権大会(春季大会),2025,新人戦 フリースタイル,74kg,1位,https://www.japan-wrestling.jp/wp-content/uploads/2025/07/令和7年度東日本学生レスリング選手権大会（春季大会）入賞者一覧_新FA・FB.pdf
p-9b8f58,wre-2025-intercollegiate-0821,文部科学大臣杯 令和7年度 全日本学生レスリング選手権大会,2025,フリースタイル,74kg,2位,https://www.japan-wrestling.jp/wp-content/uploads/2025/08/文部科学大臣杯-UNIVAS-CUP-令和７年度全日本学生レスリング選手権大会-入賞者一覧（8位まで）-FS.pdf
p-9b8f58,wre-2025-tenno-cup-1218,令和7年度 天皇杯全日本レスリング選手権大会,2025,フリースタイル,74kg,5位,https://www.japan-wrestling.jp/wp-content/uploads/2026/01/訂正版_2025-EMPEROR-Cup_RESULT-BOOK.pdf
p-9b8f58,wre-2025-university-championship-1108,第51回内閣総理大臣杯 令和7年度全日本大学レスリング選手権大会,2025,フリースタイル,74kg,3位,https://www.japan-wrestling.jp/wp-content/uploads/2025/11/2025.内閣_入賞者一覧（再修正版）.pdf
p-9b8f58,wre-2026-east-spring-0713,令和8年度 東日本学生レスリング選手権大会(春季大会),2026,新人戦 フリースタイル,79kg,2位,https://www.japan-wrestling.jp/wp-content/uploads/2026/07/令和8年度東日本学生レスリング選手権大会（春季大会）入賞者一覧_新FA・FB.pdf
p-347656,wre-2025-east-spring-0709,令和7年度 東日本学生レスリング選手権大会(春季大会),2025,新人戦 グレコローマン,130kg,1位,https://www.japan-wrestling.jp/wp-content/uploads/2025/07/令和7年度東日本学生レスリング選手権大会（春季大会）入賞者一覧_WW・新GR.pdf
p-347656,wre-2025-east-spring-0709,令和7年度 東日本学生レスリング選手権大会(春季大会),2025,新人戦 フリースタイル,125kg,1位,https://www.japan-wrestling.jp/wp-content/uploads/2025/07/令和7年度東日本学生レスリング選手権大会（春季大会）入賞者一覧_新FA・FB.pdf
p-347656,wre-2025-intercollegiate-0821,文部科学大臣杯 令和7年度 全日本学生レスリング選手権大会,2025,フリースタイル,125kg,5位,https://www.japan-wrestling.jp/wp-content/uploads/2025/08/文部科学大臣杯-UNIVAS-CUP-令和７年度全日本学生レスリング選手権大会-入賞者一覧（8位まで）-FS.pdf
p-347656,wre-2025-intercollegiate-0821,文部科学大臣杯 令和7年度 全日本学生レスリング選手権大会,2025,グレコローマン,130kg,5位,https://www.japan-wrestling.jp/wp-content/uploads/2025/08/文部科学大臣杯-UNIVAS-CUP-令和７年度全日本学生レスリング選手権大会-入賞者一覧（8位まで）_GR.pdf
p-347656,wre-2025-tenno-cup-1218,令和7年度 天皇杯全日本レスリング選手権大会,2025,グレコローマン,130kg,7位,https://www.japan-wrestling.jp/wp-content/uploads/2026/01/訂正版_2025-EMPEROR-Cup_RESULT-BOOK.pdf
p-347656,wre-2025-university-greco-1018,文部科学大臣杯 令和7年度 全日本大学レスリンググレコローマンレスリング選手権大会,2025,グレコローマン,130kg,3位,https://www.japan-wrestling.jp/wp-content/uploads/2025/10/文部科学大臣杯-令和7年度全日本大学グレコローマンスタイル選手権大会-入賞者一覧（8位まで）.pdf
p-817830,wre-2025-east-spring-0709,令和7年度 東日本学生レスリング選手権大会(春季大会),2025,新人戦 女子,53kg,1位,https://www.japan-wrestling.jp/wp-content/uploads/2025/07/令和7年度東日本学生レスリング選手権大会（春季大会）入賞者一覧_WW・新GR.pdf
p-817830,wre-2025-intercollegiate-0821,文部科学大臣杯 令和7年度 全日本学生レスリング選手権大会,2025,女子,53kg,1位,https://www.japan-wrestling.jp/wp-content/uploads/2025/08/文部科学大臣杯-UNIVAS-CUP-令和７年度全日本学生レスリング選手権大会-入賞者一覧（8位まで）_WW.pdf
p-817830,wre-2025-shakaijin-0712,第72回 全日本社会人レスリング選手権大会,2025,女子,53kg,3位,https://www.japan-wrestling.jp/wp-content/uploads/2025/07/第72回社会人記録（優勝者一覧・個人賞）.pdf
p-817830,wre-2025-tenno-cup-1218,令和7年度 天皇杯全日本レスリング選手権大会,2025,女子,55kg,2位,https://www.japan-wrestling.jp/wp-content/uploads/2026/01/訂正版_2025-EMPEROR-Cup_RESULT-BOOK.pdf
p-817830,wre-2026-intercollegiate-0820,文部科学大臣杯 UNIVAS CUP 令和8年度 全日本学生レスリング選手権大会,2026,女子,53kg,1位,https://www.japan-wrestling.jp/wp-content/uploads/2026/08/文部科学大臣杯-UNIVAS-CUP-令和８年度全日本学生レスリング選手権大会-WW入賞者一覧（8位まで）.pdf
p-817830,wre-2026-meiji-cup-0521,令和8年度 明治杯全日本選抜レスリング選手権大会,2026,女子,55kg,1位,https://www.japan-wrestling.jp/wp-content/uploads/2026/05/スタイル別入賞者.pdf
p-fad299,wre-2025-east-spring-0709,令和7年度 東日本学生レスリング選手権大会(春季大会),2025,グレコローマン,67kg,1位,https://www.japan-wrestling.jp/wp-content/uploads/2025/07/令和7年度東日本学生レスリング選手権大会（春季大会）入賞者一覧_選手権F・G.pdf
p-fad299,wre-2025-intercollegiate-0821,文部科学大臣杯 令和7年度 全日本学生レスリング選手権大会,2025,グレコローマン,67kg,3位,https://www.japan-wrestling.jp/wp-content/uploads/2025/08/文部科学大臣杯-UNIVAS-CUP-令和７年度全日本学生レスリング選手権大会-入賞者一覧（8位まで）_GR.pdf
p-fad299,wre-2025-university-championship-1108,第51回内閣総理大臣杯 令和7年度全日本大学レスリング選手権大会,2025,フリースタイル,65kg,5位,https://www.japan-wrestling.jp/wp-content/uploads/2025/11/2025.内閣_入賞者一覧（再修正版）.pdf
p-fad299,wre-2025-university-greco-1018,文部科学大臣杯 令和7年度 全日本大学レスリンググレコローマンレスリング選手権大会,2025,グレコローマン,67kg,2位,https://www.japan-wrestling.jp/wp-content/uploads/2025/10/文部科学大臣杯-令和7年度全日本大学グレコローマンスタイル選手権大会-入賞者一覧（8位まで）.pdf
p-fad299,wre-2026-intercollegiate-0820,文部科学大臣杯 UNIVAS CUP 令和8年度 全日本学生レスリング選手権大会,2026,グレコローマン,67kg,5位,https://www.japan-wrestling.jp/wp-content/uploads/2026/08/文部科学大臣杯-UNIVAS-CUP-令和８年度全日本学生レスリング選手権大会-GR入賞者一覧（8位まで）.pdf
p-fad299,wre-2026-meiji-cup-0521,令和8年度 明治杯全日本選抜レスリング選手権大会,2026,グレコローマン,63kg,3位,https://www.japan-wrestling.jp/wp-content/uploads/2026/05/スタイル別入賞者.pdf
p-d46337,wre-2025-east-autumn-1127,令和7年度 東日本学生レスリング選手権大会(秋季大会),2025,フリースタイル,70kg,1位,https://www.japan-wrestling.jp/wp-content/uploads/2025/12/令和7年度東日本学生レスリング選手権大会（春季大会）入賞者一覧_選FS・GR.pdf
p-d46337,wre-2025-east-spring-0709,令和7年度 東日本学生レスリング選手権大会(春季大会),2025,フリースタイル,65kg,1位,https://www.japan-wrestling.jp/wp-content/uploads/2025/07/令和7年度東日本学生レスリング選手権大会（春季大会）入賞者一覧_選手権F・G.pdf
p-d46337,wre-2025-intercollegiate-0821,文部科学大臣杯 令和7年度 全日本学生レスリング選手権大会,2025,フリースタイル,65kg,3位,https://www.japan-wrestling.jp/wp-content/uploads/2025/08/文部科学大臣杯-UNIVAS-CUP-令和７年度全日本学生レスリング選手権大会-入賞者一覧（8位まで）-FS.pdf
p-d46337,wre-2025-university-championship-1108,第51回内閣総理大臣杯 令和7年度全日本大学レスリング選手権大会,2025,フリースタイル,65kg,3位,https://www.japan-wrestling.jp/wp-content/uploads/2025/11/2025.内閣_入賞者一覧（再修正版）.pdf
p-d46337,wre-2026-east-spring-0713,令和8年度 東日本学生レスリング選手権大会(春季大会),2026,フリースタイル,65kg,2位,https://www.japan-wrestling.jp/wp-content/uploads/2026/07/令和8年度東日本学生レスリング選手権大会（春季大会）入賞者一覧_選FS・GR.pdf
p-d46337,wre-2026-intercollegiate-0820,文部科学大臣杯 UNIVAS CUP 令和8年度 全日本学生レスリング選手権大会,2026,フリースタイル,65kg,3位,https://www.japan-wrestling.jp/wp-content/uploads/2026/08/文部科学大臣杯-UNIVAS-CUP-令和８年度全日本学生レスリング選手権大会-入賞者一覧（8位まで）.pdf
p-5a852f,wre-2025-east-spring-0709,令和7年度 東日本学生レスリング選手権大会(春季大会),2025,フリースタイル,79kg,1位,https://www.japan-wrestling.jp/wp-content/uploads/2025/07/令和7年度東日本学生レスリング選手権大会（春季大会）入賞者一覧_選手権F・G.pdf
p-5a852f,wre-2025-intercollegiate-0821,文部科学大臣杯 令和7年度 全日本学生レスリング選手権大会,2025,フリースタイル,79kg,3位,https://www.japan-wrestling.jp/wp-content/uploads/2025/08/文部科学大臣杯-UNIVAS-CUP-令和７年度全日本学生レスリング選手権大会-入賞者一覧（8位まで）-FS.pdf
p-5a852f,wre-2025-university-championship-1108,第51回内閣総理大臣杯 令和7年度全日本大学レスリング選手権大会,2025,フリースタイル,79kg,3位,https://www.japan-wrestling.jp/wp-content/uploads/2025/11/2025.内閣_入賞者一覧（再修正版）.pdf
p-5a852f,wre-2026-east-spring-0713,令和8年度 東日本学生レスリング選手権大会(春季大会),2026,フリースタイル,86kg,3位,https://www.japan-wrestling.jp/wp-content/uploads/2026/07/令和8年度東日本学生レスリング選手権大会（春季大会）入賞者一覧_選FS・GR.pdf
p-5a852f,wre-2026-intercollegiate-0820,文部科学大臣杯 UNIVAS CUP 令和8年度 全日本学生レスリング選手権大会,2026,フリースタイル,79kg,2位,https://www.japan-wrestling.jp/wp-content/uploads/2026/08/文部科学大臣杯-UNIVAS-CUP-令和８年度全日本学生レスリング選手権大会-入賞者一覧（8位まで）.pdf
p-5a852f,wre-2026-meiji-cup-0521,令和8年度 明治杯全日本選抜レスリング選手権大会,2026,フリースタイル,79kg,3位,https://www.japan-wrestling.jp/wp-content/uploads/2026/05/スタイル別入賞者.pdf
p-1fe87e,wre-2025-east-spring-0709,令和7年度 東日本学生レスリング選手権大会(春季大会),2025,フリースタイル,97kg,1位,https://www.japan-wrestling.jp/wp-content/uploads/2025/07/令和7年度東日本学生レスリング選手権大会（春季大会）入賞者一覧_選手権F・G.pdf
p-1fe87e,wre-2025-intercollegiate-0821,文部科学大臣杯 令和7年度 全日本学生レスリング選手権大会,2025,フリースタイル,92kg,3位,https://www.japan-wrestling.jp/wp-content/uploads/2025/08/文部科学大臣杯-UNIVAS-CUP-令和７年度全日本学生レスリング選手権大会-入賞者一覧（8位まで）-FS.pdf
p-1fe87e,wre-2025-intercollegiate-0821,文部科学大臣杯 令和7年度 全日本学生レスリング選手権大会,2025,グレコローマン,97kg,3位,https://www.japan-wrestling.jp/wp-content/uploads/2025/08/文部科学大臣杯-UNIVAS-CUP-令和７年度全日本学生レスリング選手権大会-入賞者一覧（8位まで）_GR.pdf
p-1fe87e,wre-2025-university-greco-1018,文部科学大臣杯 令和7年度 全日本大学レスリンググレコローマンレスリング選手権大会,2025,グレコローマン,97kg,2位,https://www.japan-wrestling.jp/wp-content/uploads/2025/10/文部科学大臣杯-令和7年度全日本大学グレコローマンスタイル選手権大会-入賞者一覧（8位まで）.pdf
p-1fe87e,wre-2026-intercollegiate-0820,文部科学大臣杯 UNIVAS CUP 令和8年度 全日本学生レスリング選手権大会,2026,フリースタイル,97kg,5位,https://www.japan-wrestling.jp/wp-content/uploads/2026/08/文部科学大臣杯-UNIVAS-CUP-令和８年度全日本学生レスリング選手権大会-入賞者一覧（8位まで）.pdf
p-1fe87e,wre-2026-intercollegiate-0820,文部科学大臣杯 UNIVAS CUP 令和8年度 全日本学生レスリング選手権大会,2026,グレコローマン,97kg,2位,https://www.japan-wrestling.jp/wp-content/uploads/2026/08/文部科学大臣杯-UNIVAS-CUP-令和８年度全日本学生レスリング選手権大会-GR入賞者一覧（8位まで）.pdf
p-7b6313,wre-2025-east-autumn-1127,令和7年度 東日本学生レスリング選手権大会(秋季大会),2025,グレコローマン,97kg,1位,https://www.japan-wrestling.jp/wp-content/uploads/2025/12/令和7年度東日本学生レスリング選手権大会（春季大会）入賞者一覧_選FS・GR.pdf
p-7b6313,wre-2025-intercollegiate-0821,文部科学大臣杯 令和7年度 全日本学生レスリング選手権大会,2025,フリースタイル,125kg,3位,https://www.japan-wrestling.jp/wp-content/uploads/2025/08/文部科学大臣杯-UNIVAS-CUP-令和７年度全日本学生レスリング選手権大会-入賞者一覧（8位まで）-FS.pdf
p-7b6313,wre-2025-university-championship-1108,第51回内閣総理大臣杯 令和7年度全日本大学レスリング選手権大会,2025,フリースタイル,92kg,7位,https://www.japan-wrestling.jp/wp-content/uploads/2025/11/2025.内閣_入賞者一覧（再修正版）.pdf
p-7b6313,wre-2025-university-greco-1018,文部科学大臣杯 令和7年度 全日本大学レスリンググレコローマンレスリング選手権大会,2025,グレコローマン,97kg,5位,https://www.japan-wrestling.jp/wp-content/uploads/2025/10/文部科学大臣杯-令和7年度全日本大学グレコローマンスタイル選手権大会-入賞者一覧（8位まで）.pdf
p-7b6313,wre-2026-intercollegiate-0820,文部科学大臣杯 UNIVAS CUP 令和8年度 全日本学生レスリング選手権大会,2026,フリースタイル,97kg,3位,https://www.japan-wrestling.jp/wp-content/uploads/2026/08/文部科学大臣杯-UNIVAS-CUP-令和８年度全日本学生レスリング選手権大会-入賞者一覧（8位まで）.pdf
p-7b6313,wre-2026-intercollegiate-0820,文部科学大臣杯 UNIVAS CUP 令和8年度 全日本学生レスリング選手権大会,2026,グレコローマン,130kg,2位,https://www.japan-wrestling.jp/wp-content/uploads/2026/08/文部科学大臣杯-UNIVAS-CUP-令和８年度全日本学生レスリング選手権大会-GR入賞者一覧（8位まで）.pdf
p-805a74,wre-2025-intercollegiate-0821,文部科学大臣杯 令和7年度 全日本学生レスリング選手権大会,2025,グレコローマン,67kg,1位,https://www.japan-wrestling.jp/wp-content/uploads/2025/08/文部科学大臣杯-UNIVAS-CUP-令和７年度全日本学生レスリング選手権大会-入賞者一覧（8位まで）_GR.pdf
p-805a74,wre-2025-tenno-cup-1218,令和7年度 天皇杯全日本レスリング選手権大会,2025,グレコローマン,67kg,5位,https://www.japan-wrestling.jp/wp-content/uploads/2026/01/訂正版_2025-EMPEROR-Cup_RESULT-BOOK.pdf
p-805a74,wre-2025-university-greco-1018,文部科学大臣杯 令和7年度 全日本大学レスリンググレコローマンレスリング選手権大会,2025,グレコローマン,67kg,1位,https://www.japan-wrestling.jp/wp-content/uploads/2025/10/文部科学大臣杯-令和7年度全日本大学グレコローマンスタイル選手権大会-入賞者一覧（8位まで）.pdf
p-805a74,wre-2026-intercollegiate-0820,文部科学大臣杯 UNIVAS CUP 令和8年度 全日本学生レスリング選手権大会,2026,フリースタイル,74kg,5位,https://www.japan-wrestling.jp/wp-content/uploads/2026/08/文部科学大臣杯-UNIVAS-CUP-令和８年度全日本学生レスリング選手権大会-入賞者一覧（8位まで）.pdf
p-805a74,wre-2026-intercollegiate-0820,文部科学大臣杯 UNIVAS CUP 令和8年度 全日本学生レスリング選手権大会,2026,グレコローマン,72kg,1位,https://www.japan-wrestling.jp/wp-content/uploads/2026/08/文部科学大臣杯-UNIVAS-CUP-令和８年度全日本学生レスリング選手権大会-GR入賞者一覧（8位まで）.pdf
p-805a74,wre-2026-meiji-cup-0521,令和8年度 明治杯全日本選抜レスリング選手権大会,2026,グレコローマン,67kg,3位,https://www.japan-wrestling.jp/wp-content/uploads/2026/05/スタイル別入賞者.pdf
p-cc768f,wre-2024-tenno-cup-1219,令和6年度 天皇杯全日本レスリング選手権大会,2024,フリースタイル,125kg,5位,https://www.japan-wrestling.jp/wp-content/uploads/2025/04/令和6年度天皇杯_フリースタイル階級別入賞者一覧.pdf
p-cc768f,wre-2025-east-autumn-1127,令和7年度 東日本学生レスリング選手権大会(秋季大会),2025,新人戦 グレコローマン,130kg,3位,https://www.japan-wrestling.jp/wp-content/uploads/2025/12/令和7年度東日本学生レスリング選手権大会（春季大会）入賞者一覧_新FS・GR.pdf
p-cc768f,wre-2025-east-spring-0709,令和7年度 東日本学生レスリング選手権大会(春季大会),2025,新人戦 グレコローマン,130kg,2位,https://www.japan-wrestling.jp/wp-content/uploads/2025/07/令和7年度東日本学生レスリング選手権大会（春季大会）入賞者一覧_WW・新GR.pdf
p-cc768f,wre-2025-university-championship-1108,第51回内閣総理大臣杯 令和7年度全日本大学レスリング選手権大会,2025,フリースタイル,125kg,3位,https://www.japan-wrestling.jp/wp-content/uploads/2025/11/2025.内閣_入賞者一覧（再修正版）.pdf
p-cc768f,wre-2026-east-spring-0713,令和8年度 東日本学生レスリング選手権大会(春季大会),2026,フリースタイル,125kg,2位,https://www.japan-wrestling.jp/wp-content/uploads/2026/07/令和8年度東日本学生レスリング選手権大会（春季大会）入賞者一覧_選FS・GR.pdf
p-cc768f,wre-2026-intercollegiate-0820,文部科学大臣杯 UNIVAS CUP 令和8年度 全日本学生レスリング選手権大会,2026,フリースタイル,125kg,3位,https://www.japan-wrestling.jp/wp-content/uploads/2026/08/文部科学大臣杯-UNIVAS-CUP-令和８年度全日本学生レスリング選手権大会-入賞者一覧（8位まで）.pdf
p-793f07,wre-2025-east-spring-0709,令和7年度 東日本学生レスリング選手権大会(春季大会),2025,新人戦 女子,53kg,2位,https://www.japan-wrestling.jp/wp-content/uploads/2025/07/令和7年度東日本学生レスリング選手権大会（春季大会）入賞者一覧_WW・新GR.pdf
p-793f07,wre-2025-intercollegiate-0821,文部科学大臣杯 令和7年度 全日本学生レスリング選手権大会,2025,女子,57kg,3位,https://www.japan-wrestling.jp/wp-content/uploads/2025/08/文部科学大臣杯-UNIVAS-CUP-令和７年度全日本学生レスリング選手権大会-入賞者一覧（8位まで）_WW.pdf
p-793f07,wre-2025-shakaijin-0712,第72回 全日本社会人レスリング選手権大会,2025,女子,53kg,2位,https://www.japan-wrestling.jp/wp-content/uploads/2025/07/第72回社会人記録（優勝者一覧・個人賞）.pdf
p-793f07,wre-2025-tenno-cup-1218,令和7年度 天皇杯全日本レスリング選手権大会,2025,女子,57kg,7位,https://www.japan-wrestling.jp/wp-content/uploads/2026/01/訂正版_2025-EMPEROR-Cup_RESULT-BOOK.pdf
p-793f07,wre-2026-east-spring-0713,令和8年度 東日本学生レスリング選手権大会(春季大会),2026,新人戦 女子,57kg,2位,https://www.japan-wrestling.jp/wp-content/uploads/2026/07/令和8年度東日本学生レスリング選手権大会（春季大会）入賞者一覧_WW・新GR.pdf
p-793f07,wre-2026-intercollegiate-0820,文部科学大臣杯 UNIVAS CUP 令和8年度 全日本学生レスリング選手権大会,2026,女子,57kg,2位,https://www.japan-wrestling.jp/wp-content/uploads/2026/08/文部科学大臣杯-UNIVAS-CUP-令和８年度全日本学生レスリング選手権大会-WW入賞者一覧（8位まで）.pdf
p-0ee247,wre-2025-east-autumn-1127,令和7年度 東日本学生レスリング選手権大会(秋季大会),2025,フリースタイル,61kg,3位,https://www.japan-wrestling.jp/wp-content/uploads/2025/12/令和7年度東日本学生レスリング選手権大会（春季大会）入賞者一覧_選FS・GR.pdf
p-0ee247,wre-2025-east-spring-0709,令和7年度 東日本学生レスリング選手権大会(春季大会),2025,フリースタイル,61kg,2位,https://www.japan-wrestling.jp/wp-content/uploads/2025/07/令和7年度東日本学生レスリング選手権大会（春季大会）入賞者一覧_選手権F・G.pdf
p-0ee247,wre-2025-university-championship-1108,第51回内閣総理大臣杯 令和7年度全日本大学レスリング選手権大会,2025,フリースタイル,61kg,5位,https://www.japan-wrestling.jp/wp-content/uploads/2025/11/2025.内閣_入賞者一覧（再修正版）.pdf
p-0ee247,wre-2026-east-spring-0713,令和8年度 東日本学生レスリング選手権大会(春季大会),2026,フリースタイル,61kg,3位,https://www.japan-wrestling.jp/wp-content/uploads/2026/07/令和8年度東日本学生レスリング選手権大会（春季大会）入賞者一覧_選FS・GR.pdf
p-0ee247,wre-2026-intercollegiate-0820,文部科学大臣杯 UNIVAS CUP 令和8年度 全日本学生レスリング選手権大会,2026,フリースタイル,61kg,5位,https://www.japan-wrestling.jp/wp-content/uploads/2026/08/文部科学大臣杯-UNIVAS-CUP-令和８年度全日本学生レスリング選手権大会-入賞者一覧（8位まで）.pdf
p-0ee247,wre-2026-intercollegiate-0820,文部科学大臣杯 UNIVAS CUP 令和8年度 全日本学生レスリング選手権大会,2026,グレコローマン,63kg,3位,https://www.japan-wrestling.jp/wp-content/uploads/2026/08/文部科学大臣杯-UNIVAS-CUP-令和８年度全日本学生レスリング選手権大会-GR入賞者一覧（8位まで）.pdf
p-04a642,wre-2024-tenno-cup-1219,令和6年度 天皇杯全日本レスリング選手権大会,2024,フリースタイル,65kg,5位,https://www.japan-wrestling.jp/wp-content/uploads/2025/04/令和6年度天皇杯_フリースタイル階級別入賞者一覧.pdf
p-04a642,wre-2025-east-spring-0709,令和7年度 東日本学生レスリング選手権大会(春季大会),2025,フリースタイル,65kg,3位,https://www.japan-wrestling.jp/wp-content/uploads/2025/07/令和7年度東日本学生レスリング選手権大会（春季大会）入賞者一覧_選手権F・G.pdf
p-04a642,wre-2025-tenno-cup-1218,令和7年度 天皇杯全日本レスリング選手権大会,2025,フリースタイル,65kg,5位,https://www.japan-wrestling.jp/wp-content/uploads/2026/01/訂正版_2025-EMPEROR-Cup_RESULT-BOOK.pdf
p-04a642,wre-2025-university-championship-1108,第51回内閣総理大臣杯 令和7年度全日本大学レスリング選手権大会,2025,フリースタイル,65kg,5位,https://www.japan-wrestling.jp/wp-content/uploads/2025/11/2025.内閣_入賞者一覧（再修正版）.pdf
p-04a642,wre-2025-university-greco-1018,文部科学大臣杯 令和7年度 全日本大学レスリンググレコローマンレスリング選手権大会,2025,グレコローマン,67kg,5位,https://www.japan-wrestling.jp/wp-content/uploads/2025/10/文部科学大臣杯-令和7年度全日本大学グレコローマンスタイル選手権大会-入賞者一覧（8位まで）.pdf
p-04a642,wre-2026-intercollegiate-0820,文部科学大臣杯 UNIVAS CUP 令和8年度 全日本学生レスリング選手権大会,2026,フリースタイル,70kg,5位,https://www.japan-wrestling.jp/wp-content/uploads/2026/08/文部科学大臣杯-UNIVAS-CUP-令和８年度全日本学生レスリング選手権大会-入賞者一覧（8位まで）.pdf
p-7e0763,wre-2024-meiji-cup-0523,令和6年度 明治杯全日本選抜レスリング選手権大会,2024,フリースタイル,57kg,2位,https://www.japan-wrestling.jp/wp-content/uploads/2024/12/ichiranFS-1.pdf
p-7e0763,wre-2024-tenno-cup-1219,令和6年度 天皇杯全日本レスリング選手権大会,2024,フリースタイル,57kg,3位,https://www.japan-wrestling.jp/wp-content/uploads/2025/04/令和6年度天皇杯_フリースタイル階級別入賞者一覧.pdf
p-7e0763,wre-2025-intercollegiate-0821,文部科学大臣杯 令和7年度 全日本学生レスリング選手権大会,2025,フリースタイル,57kg,1位,https://www.japan-wrestling.jp/wp-content/uploads/2025/08/文部科学大臣杯-UNIVAS-CUP-令和７年度全日本学生レスリング選手権大会-入賞者一覧（8位まで）-FS.pdf
p-7e0763,wre-2025-tenno-cup-1218,令和7年度 天皇杯全日本レスリング選手権大会,2025,フリースタイル,57kg,3位,https://www.japan-wrestling.jp/wp-content/uploads/2026/01/訂正版_2025-EMPEROR-Cup_RESULT-BOOK.pdf
p-7e0763,wre-2026-meiji-cup-0521,令和8年度 明治杯全日本選抜レスリング選手権大会,2026,フリースタイル,57kg,2位,https://www.japan-wrestling.jp/wp-content/uploads/2026/05/スタイル別入賞者.pdf
p-56d396,wre-2024-meiji-cup-0523,令和6年度 明治杯全日本選抜レスリング選手権大会,2024,フリースタイル,57kg,3位,https://www.japan-wrestling.jp/wp-content/uploads/2024/12/ichiranFS-1.pdf
p-56d396,wre-2024-tenno-cup-1219,令和6年度 天皇杯全日本レスリング選手権大会,2024,フリースタイル,57kg,7位,https://www.japan-wrestling.jp/wp-content/uploads/2025/04/令和6年度天皇杯_フリースタイル階級別入賞者一覧.pdf
p-56d396,wre-2025-intercollegiate-0821,文部科学大臣杯 令和7年度 全日本学生レスリング選手権大会,2025,フリースタイル,61kg,3位,https://www.japan-wrestling.jp/wp-content/uploads/2025/08/文部科学大臣杯-UNIVAS-CUP-令和７年度全日本学生レスリング選手権大会-入賞者一覧（8位まで）-FS.pdf
p-56d396,wre-2025-tenno-cup-1218,令和7年度 天皇杯全日本レスリング選手権大会,2025,フリースタイル,57kg,3位,https://www.japan-wrestling.jp/wp-content/uploads/2026/01/訂正版_2025-EMPEROR-Cup_RESULT-BOOK.pdf
p-56d396,wre-2026-meiji-cup-0521,令和8年度 明治杯全日本選抜レスリング選手権大会,2026,フリースタイル,57kg,1位,https://www.japan-wrestling.jp/wp-content/uploads/2026/05/スタイル別入賞者.pdf
p-9929c0,wre-2024-meiji-cup-0523,令和6年度 明治杯全日本選抜レスリング選手権大会,2024,フリースタイル,61kg,2位,https://www.japan-wrestling.jp/wp-content/uploads/2024/12/ichiranFS-1.pdf
p-9929c0,wre-2024-tenno-cup-1219,令和6年度 天皇杯全日本レスリング選手権大会,2024,フリースタイル,61kg,7位,https://www.japan-wrestling.jp/wp-content/uploads/2025/04/令和6年度天皇杯_フリースタイル階級別入賞者一覧.pdf
p-9929c0,wre-2025-shakaijin-0712,第72回 全日本社会人レスリング選手権大会,2025,フリースタイル,61kg,1位,https://www.japan-wrestling.jp/wp-content/uploads/2025/07/第72回社会人記録（優勝者一覧・個人賞）.pdf
p-9929c0,wre-2025-tenno-cup-1218,令和7年度 天皇杯全日本レスリング選手権大会,2025,フリースタイル,70kg,7位,https://www.japan-wrestling.jp/wp-content/uploads/2026/01/訂正版_2025-EMPEROR-Cup_RESULT-BOOK.pdf
p-9929c0,wre-2026-meiji-cup-0521,令和8年度 明治杯全日本選抜レスリング選手権大会,2026,フリースタイル,70kg,3位,https://www.japan-wrestling.jp/wp-content/uploads/2026/05/スタイル別入賞者.pdf
p-aa54fa,wre-2024-meiji-cup-0523,令和6年度 明治杯全日本選抜レスリング選手権大会,2024,フリースタイル,70kg,1位,https://www.japan-wrestling.jp/wp-content/uploads/2024/12/ichiranFS-1.pdf
p-aa54fa,wre-2024-tenno-cup-1219,令和6年度 天皇杯全日本レスリング選手権大会,2024,フリースタイル,70kg,1位,https://www.japan-wrestling.jp/wp-content/uploads/2025/04/令和6年度天皇杯_フリースタイル階級別入賞者一覧.pdf
p-aa54fa,wre-2025-shakaijin-0712,第72回 全日本社会人レスリング選手権大会,2025,フリースタイル,74kg,1位,https://www.japan-wrestling.jp/wp-content/uploads/2025/07/第72回社会人記録（優勝者一覧・個人賞）.pdf
p-aa54fa,wre-2025-tenno-cup-1218,令和7年度 天皇杯全日本レスリング選手権大会,2025,フリースタイル,74kg,1位,https://www.japan-wrestling.jp/wp-content/uploads/2026/01/訂正版_2025-EMPEROR-Cup_RESULT-BOOK.pdf
p-aa54fa,wre-2026-meiji-cup-0521,令和8年度 明治杯全日本選抜レスリング選手権大会,2026,フリースタイル,74kg,1位,https://www.japan-wrestling.jp/wp-content/uploads/2026/05/スタイル別入賞者.pdf
p-0bd18d,wre-2024-meiji-cup-0523,令和6年度 明治杯全日本選抜レスリング選手権大会,2024,フリースタイル,86kg,2位,https://www.japan-wrestling.jp/wp-content/uploads/2024/12/ichiranFS-1.pdf
p-0bd18d,wre-2024-tenno-cup-1219,令和6年度 天皇杯全日本レスリング選手権大会,2024,フリースタイル,86kg,2位,https://www.japan-wrestling.jp/wp-content/uploads/2025/04/令和6年度天皇杯_フリースタイル階級別入賞者一覧.pdf
p-0bd18d,wre-2025-shakaijin-0712,第72回 全日本社会人レスリング選手権大会,2025,フリースタイル,86kg,1位,https://www.japan-wrestling.jp/wp-content/uploads/2025/07/第72回社会人記録（優勝者一覧・個人賞）.pdf
p-0bd18d,wre-2025-tenno-cup-1218,令和7年度 天皇杯全日本レスリング選手権大会,2025,フリースタイル,86kg,2位,https://www.japan-wrestling.jp/wp-content/uploads/2026/01/訂正版_2025-EMPEROR-Cup_RESULT-BOOK.pdf
p-0bd18d,wre-2026-meiji-cup-0521,令和8年度 明治杯全日本選抜レスリング選手権大会,2026,フリースタイル,86kg,3位,https://www.japan-wrestling.jp/wp-content/uploads/2026/05/スタイル別入賞者.pdf
p-06663c,wre-2024-meiji-cup-0523,令和6年度 明治杯全日本選抜レスリング選手権大会,2024,グレコローマン,67kg,3位,https://www.japan-wrestling.jp/wp-content/uploads/2024/12/ichiranGR-1.pdf
p-06663c,wre-2024-tenno-cup-1219,令和6年度 天皇杯全日本レスリング選手権大会,2024,グレコローマン,63kg,5位,https://www.japan-wrestling.jp/wp-content/uploads/2025/04/令和6年度天皇杯_グレコローマン階級別入賞者一覧.pdf
p-06663c,wre-2025-tenno-cup-1218,令和7年度 天皇杯全日本レスリング選手権大会,2025,フリースタイル,70kg,1位,https://www.japan-wrestling.jp/wp-content/uploads/2026/01/訂正版_2025-EMPEROR-Cup_RESULT-BOOK.pdf
p-06663c,wre-2025-tenno-cup-1218,令和7年度 天皇杯全日本レスリング選手権大会,2025,グレコローマン,72kg,1位,https://www.japan-wrestling.jp/wp-content/uploads/2026/01/訂正版_2025-EMPEROR-Cup_RESULT-BOOK.pdf
p-06663c,wre-2026-meiji-cup-0521,令和8年度 明治杯全日本選抜レスリング選手権大会,2026,フリースタイル,70kg,2位,https://www.japan-wrestling.jp/wp-content/uploads/2026/05/スタイル別入賞者.pdf
p-f9c151,wre-2024-meiji-cup-0523,令和6年度 明治杯全日本選抜レスリング選手権大会,2024,女子,57kg,2位,https://www.japan-wrestling.jp/wp-content/uploads/2024/12/ichiranWW.pdf
p-f9c151,wre-2024-tenno-cup-1219,令和6年度 天皇杯全日本レスリング選手権大会,2024,女子,57kg,2位,https://www.japan-wrestling.jp/wp-content/uploads/2025/04/令和6年度天皇杯_女子階級別入賞者一覧.pdf
p-f9c151,wre-2025-intercollegiate-0821,文部科学大臣杯 令和7年度 全日本学生レスリング選手権大会,2025,女子,57kg,5位,https://www.japan-wrestling.jp/wp-content/uploads/2025/08/文部科学大臣杯-UNIVAS-CUP-令和７年度全日本学生レスリング選手権大会-入賞者一覧（8位まで）_WW.pdf
p-f9c151,wre-2025-shakaijin-0712,第72回 全日本社会人レスリング選手権大会,2025,女子,57kg,3位,https://www.japan-wrestling.jp/wp-content/uploads/2025/07/第72回社会人記録（優勝者一覧・個人賞）.pdf
p-f9c151,wre-2026-intercollegiate-0820,文部科学大臣杯 UNIVAS CUP 令和8年度 全日本学生レスリング選手権大会,2026,女子,57kg,1位,https://www.japan-wrestling.jp/wp-content/uploads/2026/08/文部科学大臣杯-UNIVAS-CUP-令和８年度全日本学生レスリング選手権大会-WW入賞者一覧（8位まで）.pdf
p-5eb071,wre-2024-meiji-cup-0523,令和6年度 明治杯全日本選抜レスリング選手権大会,2024,女子,65kg,3位,https://www.japan-wrestling.jp/wp-content/uploads/2024/12/ichiranWW.pdf
p-5eb071,wre-2024-tenno-cup-1219,令和6年度 天皇杯全日本レスリング選手権大会,2024,女子,68kg,2位,https://www.japan-wrestling.jp/wp-content/uploads/2025/04/令和6年度天皇杯_女子階級別入賞者一覧.pdf
p-5eb071,wre-2025-shakaijin-0712,第72回 全日本社会人レスリング選手権大会,2025,女子,72kg,1位,https://www.japan-wrestling.jp/wp-content/uploads/2025/07/第72回社会人記録（優勝者一覧・個人賞）.pdf
p-5eb071,wre-2025-tenno-cup-1218,令和7年度 天皇杯全日本レスリング選手権大会,2025,女子,72kg,1位,https://www.japan-wrestling.jp/wp-content/uploads/2026/01/訂正版_2025-EMPEROR-Cup_RESULT-BOOK.pdf
p-5eb071,wre-2026-meiji-cup-0521,令和8年度 明治杯全日本選抜レスリング選手権大会,2026,女子,72kg,3位,https://www.japan-wrestling.jp/wp-content/uploads/2026/05/スタイル別入賞者.pdf
p-efa87b,wre-2024-tenno-cup-1219,令和6年度 天皇杯全日本レスリング選手権大会,2024,フリースタイル,61kg,1位,https://www.japan-wrestling.jp/wp-content/uploads/2025/04/令和6年度天皇杯_フリースタイル階級別入賞者一覧.pdf
p-efa87b,wre-2025-tenno-cup-1218,令和7年度 天皇杯全日本レスリング選手権大会,2025,フリースタイル,65kg,2位,https://www.japan-wrestling.jp/wp-content/uploads/2026/01/訂正版_2025-EMPEROR-Cup_RESULT-BOOK.pdf
p-efa87b,wre-2025-university-championship-1108,第51回内閣総理大臣杯 令和7年度全日本大学レスリング選手権大会,2025,フリースタイル,61kg,1位,https://www.japan-wrestling.jp/wp-content/uploads/2025/11/2025.内閣_入賞者一覧（再修正版）.pdf
p-efa87b,wre-2026-intercollegiate-0820,文部科学大臣杯 UNIVAS CUP 令和8年度 全日本学生レスリング選手権大会,2026,フリースタイル,65kg,2位,https://www.japan-wrestling.jp/wp-content/uploads/2026/08/文部科学大臣杯-UNIVAS-CUP-令和８年度全日本学生レスリング選手権大会-入賞者一覧（8位まで）.pdf
p-efa87b,wre-2026-meiji-cup-0521,令和8年度 明治杯全日本選抜レスリング選手権大会,2026,フリースタイル,65kg,3位,https://www.japan-wrestling.jp/wp-content/uploads/2026/05/スタイル別入賞者.pdf
p-254164,wre-2024-tenno-cup-1219,令和6年度 天皇杯全日本レスリング選手権大会,2024,フリースタイル,61kg,3位,https://www.japan-wrestling.jp/wp-content/uploads/2025/04/令和6年度天皇杯_フリースタイル階級別入賞者一覧.pdf
p-254164,wre-2025-intercollegiate-0821,文部科学大臣杯 令和7年度 全日本学生レスリング選手権大会,2025,フリースタイル,61kg,1位,https://www.japan-wrestling.jp/wp-content/uploads/2025/08/文部科学大臣杯-UNIVAS-CUP-令和７年度全日本学生レスリング選手権大会-入賞者一覧（8位まで）-FS.pdf
p-254164,wre-2025-tenno-cup-1218,令和7年度 天皇杯全日本レスリング選手権大会,2025,フリースタイル,61kg,2位,https://www.japan-wrestling.jp/wp-content/uploads/2026/01/訂正版_2025-EMPEROR-Cup_RESULT-BOOK.pdf
p-254164,wre-2025-university-championship-1108,第51回内閣総理大臣杯 令和7年度全日本大学レスリング選手権大会,2025,フリースタイル,61kg,2位,https://www.japan-wrestling.jp/wp-content/uploads/2025/11/2025.内閣_入賞者一覧（再修正版）.pdf
p-254164,wre-2026-meiji-cup-0521,令和8年度 明治杯全日本選抜レスリング選手権大会,2026,フリースタイル,61kg,3位,https://www.japan-wrestling.jp/wp-content/uploads/2026/05/スタイル別入賞者.pdf
p-90771e,wre-2024-tenno-cup-1219,令和6年度 天皇杯全日本レスリング選手権大会,2024,フリースタイル,65kg,1位,https://www.japan-wrestling.jp/wp-content/uploads/2025/04/令和6年度天皇杯_フリースタイル階級別入賞者一覧.pdf
p-90771e,wre-2024-tenno-cup-1219,令和6年度 天皇杯全日本レスリング選手権大会,2024,グレコローマン,67kg,2位,https://www.japan-wrestling.jp/wp-content/uploads/2025/04/令和6年度天皇杯_グレコローマン階級別入賞者一覧.pdf
p-90771e,wre-2025-tenno-cup-1218,令和7年度 天皇杯全日本レスリング選手権大会,2025,フリースタイル,65kg,3位,https://www.japan-wrestling.jp/wp-content/uploads/2026/01/訂正版_2025-EMPEROR-Cup_RESULT-BOOK.pdf
p-90771e,wre-2025-tenno-cup-1218,令和7年度 天皇杯全日本レスリング選手権大会,2025,グレコローマン,63kg,1位,https://www.japan-wrestling.jp/wp-content/uploads/2026/01/訂正版_2025-EMPEROR-Cup_RESULT-BOOK.pdf
p-90771e,wre-2026-meiji-cup-0521,令和8年度 明治杯全日本選抜レスリング選手権大会,2026,フリースタイル,65kg,2位,https://www.japan-wrestling.jp/wp-content/uploads/2026/05/スタイル別入賞者.pdf
p-5edf0e,wre-2024-tenno-cup-1219,令和6年度 天皇杯全日本レスリング選手権大会,2024,フリースタイル,70kg,3位,https://www.japan-wrestling.jp/wp-content/uploads/2025/04/令和6年度天皇杯_フリースタイル階級別入賞者一覧.pdf
p-5edf0e,wre-2025-tenno-cup-1218,令和7年度 天皇杯全日本レスリング選手権大会,2025,フリースタイル,70kg,2位,https://www.japan-wrestling.jp/wp-content/uploads/2026/01/訂正版_2025-EMPEROR-Cup_RESULT-BOOK.pdf
p-5edf0e,wre-2025-university-championship-1108,第51回内閣総理大臣杯 令和7年度全日本大学レスリング選手権大会,2025,フリースタイル,70kg,1位,https://www.japan-wrestling.jp/wp-content/uploads/2025/11/2025.内閣_入賞者一覧（再修正版）.pdf
p-5edf0e,wre-2025-university-greco-1018,文部科学大臣杯 令和7年度 全日本大学レスリンググレコローマンレスリング選手権大会,2025,グレコローマン,72kg,2位,https://www.japan-wrestling.jp/wp-content/uploads/2025/10/文部科学大臣杯-令和7年度全日本大学グレコローマンスタイル選手権大会-入賞者一覧（8位まで）.pdf
p-5edf0e,wre-2026-meiji-cup-0521,令和8年度 明治杯全日本選抜レスリング選手権大会,2026,フリースタイル,70kg,1位,https://www.japan-wrestling.jp/wp-content/uploads/2026/05/スタイル別入賞者.pdf
p-b8e454,wre-2024-tenno-cup-1219,令和6年度 天皇杯全日本レスリング選手権大会,2024,フリースタイル,70kg,7位,https://www.japan-wrestling.jp/wp-content/uploads/2025/04/令和6年度天皇杯_フリースタイル階級別入賞者一覧.pdf
p-b8e454,wre-2025-east-spring-0709,令和7年度 東日本学生レスリング選手権大会(春季大会),2025,フリースタイル,70kg,1位,https://www.japan-wrestling.jp/wp-content/uploads/2025/07/令和7年度東日本学生レスリング選手権大会（春季大会）入賞者一覧_選手権F・G.pdf
p-b8e454,wre-2025-intercollegiate-0821,文部科学大臣杯 令和7年度 全日本学生レスリング選手権大会,2025,フリースタイル,70kg,1位,https://www.japan-wrestling.jp/wp-content/uploads/2025/08/文部科学大臣杯-UNIVAS-CUP-令和７年度全日本学生レスリング選手権大会-入賞者一覧（8位まで）-FS.pdf
p-b8e454,wre-2025-intercollegiate-0821,文部科学大臣杯 令和7年度 全日本学生レスリング選手権大会,2025,グレコローマン,72kg,2位,https://www.japan-wrestling.jp/wp-content/uploads/2025/08/文部科学大臣杯-UNIVAS-CUP-令和７年度全日本学生レスリング選手権大会-入賞者一覧（8位まで）_GR.pdf
p-b8e454,wre-2025-tenno-cup-1218,令和7年度 天皇杯全日本レスリング選手権大会,2025,フリースタイル,70kg,3位,https://www.japan-wrestling.jp/wp-content/uploads/2026/01/訂正版_2025-EMPEROR-Cup_RESULT-BOOK.pdf
p-51519e,wre-2024-tenno-cup-1219,令和6年度 天皇杯全日本レスリング選手権大会,2024,フリースタイル,97kg,1位,https://www.japan-wrestling.jp/wp-content/uploads/2025/04/令和6年度天皇杯_フリースタイル階級別入賞者一覧.pdf
p-51519e,wre-2025-intercollegiate-0821,文部科学大臣杯 令和7年度 全日本学生レスリング選手権大会,2025,フリースタイル,97kg,1位,https://www.japan-wrestling.jp/wp-content/uploads/2025/08/文部科学大臣杯-UNIVAS-CUP-令和７年度全日本学生レスリング選手権大会-入賞者一覧（8位まで）-FS.pdf
p-51519e,wre-2025-tenno-cup-1218,令和7年度 天皇杯全日本レスリング選手権大会,2025,フリースタイル,97kg,1位,https://www.japan-wrestling.jp/wp-content/uploads/2026/01/訂正版_2025-EMPEROR-Cup_RESULT-BOOK.pdf
p-51519e,wre-2025-university-championship-1108,第51回内閣総理大臣杯 令和7年度全日本大学レスリング選手権大会,2025,フリースタイル,97kg,1位,https://www.japan-wrestling.jp/wp-content/uploads/2025/11/2025.内閣_入賞者一覧（再修正版）.pdf
p-51519e,wre-2026-meiji-cup-0521,令和8年度 明治杯全日本選抜レスリング選手権大会,2026,フリースタイル,97kg,1位,https://www.japan-wrestling.jp/wp-content/uploads/2026/05/スタイル別入賞者.pdf
p-a35982,wre-2024-tenno-cup-1219,令和6年度 天皇杯全日本レスリング選手権大会,2024,グレコローマン,55kg,8位,https://www.japan-wrestling.jp/wp-content/uploads/2025/04/令和6年度天皇杯_グレコローマン階級別入賞者一覧.pdf
p-a35982,wre-2025-east-spring-0709,令和7年度 東日本学生レスリング選手権大会(春季大会),2025,新人戦 フリースタイル,57kg,3位,https://www.japan-wrestling.jp/wp-content/uploads/2025/07/令和7年度東日本学生レスリング選手権大会（春季大会）入賞者一覧_新FA・FB.pdf
p-a35982,wre-2025-tenno-cup-1218,令和7年度 天皇杯全日本レスリング選手権大会,2025,グレコローマン,55kg,5位,https://www.japan-wrestling.jp/wp-content/uploads/2026/01/訂正版_2025-EMPEROR-Cup_RESULT-BOOK.pdf
p-a35982,wre-2025-university-greco-1018,文部科学大臣杯 令和7年度 全日本大学レスリンググレコローマンレスリング選手権大会,2025,グレコローマン,55kg,1位,https://www.japan-wrestling.jp/wp-content/uploads/2025/10/文部科学大臣杯-令和7年度全日本大学グレコローマンスタイル選手権大会-入賞者一覧（8位まで）.pdf
p-a35982,wre-2026-intercollegiate-0820,文部科学大臣杯 UNIVAS CUP 令和8年度 全日本学生レスリング選手権大会,2026,グレコローマン,60kg,3位,https://www.japan-wrestling.jp/wp-content/uploads/2026/08/文部科学大臣杯-UNIVAS-CUP-令和８年度全日本学生レスリング選手権大会-GR入賞者一覧（8位まで）.pdf
p-1dadce,wre-2024-tenno-cup-1219,令和6年度 天皇杯全日本レスリング選手権大会,2024,グレコローマン,72kg,1位,https://www.japan-wrestling.jp/wp-content/uploads/2025/04/令和6年度天皇杯_グレコローマン階級別入賞者一覧.pdf
p-1dadce,wre-2025-intercollegiate-0821,文部科学大臣杯 令和7年度 全日本学生レスリング選手権大会,2025,グレコローマン,72kg,1位,https://www.japan-wrestling.jp/wp-content/uploads/2025/08/文部科学大臣杯-UNIVAS-CUP-令和７年度全日本学生レスリング選手権大会-入賞者一覧（8位まで）_GR.pdf
p-1dadce,wre-2025-tenno-cup-1218,令和7年度 天皇杯全日本レスリング選手権大会,2025,グレコローマン,77kg,3位,https://www.japan-wrestling.jp/wp-content/uploads/2026/01/訂正版_2025-EMPEROR-Cup_RESULT-BOOK.pdf
p-1dadce,wre-2025-university-greco-1018,文部科学大臣杯 令和7年度 全日本大学レスリンググレコローマンレスリング選手権大会,2025,グレコローマン,77kg,1位,https://www.japan-wrestling.jp/wp-content/uploads/2025/10/文部科学大臣杯-令和7年度全日本大学グレコローマンスタイル選手権大会-入賞者一覧（8位まで）.pdf
p-1dadce,wre-2026-meiji-cup-0521,令和8年度 明治杯全日本選抜レスリング選手権大会,2026,グレコローマン,77kg,3位,https://www.japan-wrestling.jp/wp-content/uploads/2026/05/スタイル別入賞者.pdf
p-4eec27,wre-2024-tenno-cup-1219,令和6年度 天皇杯全日本レスリング選手権大会,2024,女子,62kg,3位,https://www.japan-wrestling.jp/wp-content/uploads/2025/04/令和6年度天皇杯_女子階級別入賞者一覧.pdf
p-4eec27,wre-2025-intercollegiate-0821,文部科学大臣杯 令和7年度 全日本学生レスリング選手権大会,2025,女子,62kg,2位,https://www.japan-wrestling.jp/wp-content/uploads/2025/08/文部科学大臣杯-UNIVAS-CUP-令和７年度全日本学生レスリング選手権大会-入賞者一覧（8位まで）_WW.pdf
p-4eec27,wre-2025-tenno-cup-1218,令和7年度 天皇杯全日本レスリング選手権大会,2025,女子,59kg,5位,https://www.japan-wrestling.jp/wp-content/uploads/2026/01/訂正版_2025-EMPEROR-Cup_RESULT-BOOK.pdf
p-4eec27,wre-2026-intercollegiate-0820,文部科学大臣杯 UNIVAS CUP 令和8年度 全日本学生レスリング選手権大会,2026,女子,62kg,1位,https://www.japan-wrestling.jp/wp-content/uploads/2026/08/文部科学大臣杯-UNIVAS-CUP-令和８年度全日本学生レスリング選手権大会-WW入賞者一覧（8位まで）.pdf
p-4eec27,wre-2026-meiji-cup-0521,令和8年度 明治杯全日本選抜レスリング選手権大会,2026,女子,65kg,2位,https://www.japan-wrestling.jp/wp-content/uploads/2026/05/スタイル別入賞者.pdf
p-0db8ba,wre-2024-tenno-cup-1219,令和6年度 天皇杯全日本レスリング選手権大会,2024,女子,62kg,5位,https://www.japan-wrestling.jp/wp-content/uploads/2025/04/令和6年度天皇杯_女子階級別入賞者一覧.pdf
p-0db8ba,wre-2025-intercollegiate-0821,文部科学大臣杯 令和7年度 全日本学生レスリング選手権大会,2025,女子,62kg,1位,https://www.japan-wrestling.jp/wp-content/uploads/2025/08/文部科学大臣杯-UNIVAS-CUP-令和７年度全日本学生レスリング選手権大会-入賞者一覧（8位まで）_WW.pdf
p-0db8ba,wre-2025-tenno-cup-1218,令和7年度 天皇杯全日本レスリング選手権大会,2025,女子,62kg,8位,https://www.japan-wrestling.jp/wp-content/uploads/2026/01/訂正版_2025-EMPEROR-Cup_RESULT-BOOK.pdf
p-0db8ba,wre-2026-intercollegiate-0820,文部科学大臣杯 UNIVAS CUP 令和8年度 全日本学生レスリング選手権大会,2026,女子,59kg,1位,https://www.japan-wrestling.jp/wp-content/uploads/2026/08/文部科学大臣杯-UNIVAS-CUP-令和８年度全日本学生レスリング選手権大会-WW入賞者一覧（8位まで）.pdf
p-0db8ba,wre-2026-meiji-cup-0521,令和8年度 明治杯全日本選抜レスリング選手権大会,2026,女子,59kg,2位,https://www.japan-wrestling.jp/wp-content/uploads/2026/05/スタイル別入賞者.pdf
p-84b464,wre-2025-east-autumn-1127,令和7年度 東日本学生レスリング選手権大会(秋季大会),2025,新人戦 グレコローマン,60kg,1位,https://www.japan-wrestling.jp/wp-content/uploads/2025/12/令和7年度東日本学生レスリング選手権大会（春季大会）入賞者一覧_新FS・GR.pdf
p-84b464,wre-2025-east-spring-0709,令和7年度 東日本学生レスリング選手権大会(春季大会),2025,新人戦 グレコローマン,60kg,3位,https://www.japan-wrestling.jp/wp-content/uploads/2025/07/令和7年度東日本学生レスリング選手権大会（春季大会）入賞者一覧_WW・新GR.pdf
p-84b464,wre-2025-tenno-cup-1218,令和7年度 天皇杯全日本レスリング選手権大会,2025,グレコローマン,63kg,8位,https://www.japan-wrestling.jp/wp-content/uploads/2026/01/訂正版_2025-EMPEROR-Cup_RESULT-BOOK.pdf
p-84b464,wre-2026-east-spring-0713,令和8年度 東日本学生レスリング選手権大会(春季大会),2026,グレコローマン,60kg,3位,https://www.japan-wrestling.jp/wp-content/uploads/2026/07/令和8年度東日本学生レスリング選手権大会（春季大会）入賞者一覧_選FS・GR.pdf
p-84b464,wre-2026-intercollegiate-0820,文部科学大臣杯 UNIVAS CUP 令和8年度 全日本学生レスリング選手権大会,2026,グレコローマン,60kg,5位,https://www.japan-wrestling.jp/wp-content/uploads/2026/08/文部科学大臣杯-UNIVAS-CUP-令和８年度全日本学生レスリング選手権大会-GR入賞者一覧（8位まで）.pdf
p-690e26,wre-2025-east-spring-0709,令和7年度 東日本学生レスリング選手権大会(春季大会),2025,新人戦 グレコローマン,63kg,3位,https://www.japan-wrestling.jp/wp-content/uploads/2025/07/令和7年度東日本学生レスリング選手権大会（春季大会）入賞者一覧_WW・新GR.pdf
p-690e26,wre-2025-east-spring-0709,令和7年度 東日本学生レスリング選手権大会(春季大会),2025,新人戦 フリースタイル,61kg,1位,https://www.japan-wrestling.jp/wp-content/uploads/2025/07/令和7年度東日本学生レスリング選手権大会（春季大会）入賞者一覧_新FA・FB.pdf
p-690e26,wre-2025-intercollegiate-0821,文部科学大臣杯 令和7年度 全日本学生レスリング選手権大会,2025,フリースタイル,61kg,5位,https://www.japan-wrestling.jp/wp-content/uploads/2025/08/文部科学大臣杯-UNIVAS-CUP-令和７年度全日本学生レスリング選手権大会-入賞者一覧（8位まで）-FS.pdf
p-690e26,wre-2025-tenno-cup-1218,令和7年度 天皇杯全日本レスリング選手権大会,2025,フリースタイル,61kg,8位,https://www.japan-wrestling.jp/wp-content/uploads/2026/01/訂正版_2025-EMPEROR-Cup_RESULT-BOOK.pdf
p-690e26,wre-2026-east-spring-0713,令和8年度 東日本学生レスリング選手権大会(春季大会),2026,新人戦 フリースタイル,65kg,3位,https://www.japan-wrestling.jp/wp-content/uploads/2026/07/令和8年度東日本学生レスリング選手権大会（春季大会）入賞者一覧_新FA・FB.pdf
p-3e1ceb,wre-2025-east-spring-0709,令和7年度 東日本学生レスリング選手権大会(春季大会),2025,新人戦 グレコローマン,72kg,2位,https://www.japan-wrestling.jp/wp-content/uploads/2025/07/令和7年度東日本学生レスリング選手権大会（春季大会）入賞者一覧_WW・新GR.pdf
p-3e1ceb,wre-2025-east-spring-0709,令和7年度 東日本学生レスリング選手権大会(春季大会),2025,新人戦 フリースタイル,74kg,2位,https://www.japan-wrestling.jp/wp-content/uploads/2025/07/令和7年度東日本学生レスリング選手権大会（春季大会）入賞者一覧_新FA・FB.pdf
p-3e1ceb,wre-2025-university-greco-1018,文部科学大臣杯 令和7年度 全日本大学レスリンググレコローマンレスリング選手権大会,2025,グレコローマン,72kg,3位,https://www.japan-wrestling.jp/wp-content/uploads/2025/10/文部科学大臣杯-令和7年度全日本大学グレコローマンスタイル選手権大会-入賞者一覧（8位まで）.pdf
p-3e1ceb,wre-2026-east-spring-0713,令和8年度 東日本学生レスリング選手権大会(春季大会),2026,新人戦 グレコローマン,72kg,1位,https://www.japan-wrestling.jp/wp-content/uploads/2026/07/令和8年度東日本学生レスリング選手権大会（春季大会）入賞者一覧_WW・新GR.pdf
p-3e1ceb,wre-2026-intercollegiate-0820,文部科学大臣杯 UNIVAS CUP 令和8年度 全日本学生レスリング選手権大会,2026,グレコローマン,72kg,5位,https://www.japan-wrestling.jp/wp-content/uploads/2026/08/文部科学大臣杯-UNIVAS-CUP-令和８年度全日本学生レスリング選手権大会-GR入賞者一覧（8位まで）.pdf
p-a81434,wre-2025-east-autumn-1127,令和7年度 東日本学生レスリング選手権大会(秋季大会),2025,新人戦 グレコローマン,87kg,2位,https://www.japan-wrestling.jp/wp-content/uploads/2025/12/令和7年度東日本学生レスリング選手権大会（春季大会）入賞者一覧_新FS・GR.pdf
p-a81434,wre-2025-east-spring-0709,令和7年度 東日本学生レスリング選手権大会(春季大会),2025,新人戦 グレコローマン,82kg,1位,https://www.japan-wrestling.jp/wp-content/uploads/2025/07/令和7年度東日本学生レスリング選手権大会（春季大会）入賞者一覧_WW・新GR.pdf
p-a81434,wre-2025-east-spring-0709,令和7年度 東日本学生レスリング選手権大会(春季大会),2025,新人戦 フリースタイル,86kg,3位,https://www.japan-wrestling.jp/wp-content/uploads/2025/07/令和7年度東日本学生レスリング選手権大会（春季大会）入賞者一覧_新FA・FB.pdf
p-a81434,wre-2025-intercollegiate-0821,文部科学大臣杯 令和7年度 全日本学生レスリング選手権大会,2025,グレコローマン,82kg,5位,https://www.japan-wrestling.jp/wp-content/uploads/2025/08/文部科学大臣杯-UNIVAS-CUP-令和７年度全日本学生レスリング選手権大会-入賞者一覧（8位まで）_GR.pdf
p-a81434,wre-2026-intercollegiate-0820,文部科学大臣杯 UNIVAS CUP 令和8年度 全日本学生レスリング選手権大会,2026,フリースタイル,86kg,3位,https://www.japan-wrestling.jp/wp-content/uploads/2026/08/文部科学大臣杯-UNIVAS-CUP-令和８年度全日本学生レスリング選手権大会-入賞者一覧（8位まで）.pdf
p-e6adcc,wre-2025-east-spring-0709,令和7年度 東日本学生レスリング選手権大会(春季大会),2025,新人戦 女子,50kg,1位,https://www.japan-wrestling.jp/wp-content/uploads/2025/07/令和7年度東日本学生レスリング選手権大会（春季大会）入賞者一覧_WW・新GR.pdf
p-e6adcc,wre-2025-tenno-cup-1218,令和7年度 天皇杯全日本レスリング選手権大会,2025,女子,50kg,3位,https://www.japan-wrestling.jp/wp-content/uploads/2026/01/訂正版_2025-EMPEROR-Cup_RESULT-BOOK.pdf
p-e6adcc,wre-2026-east-spring-0713,令和8年度 東日本学生レスリング選手権大会(春季大会),2026,新人戦 女子,53kg,1位,https://www.japan-wrestling.jp/wp-content/uploads/2026/07/令和8年度東日本学生レスリング選手権大会（春季大会）入賞者一覧_WW・新GR.pdf
p-e6adcc,wre-2026-intercollegiate-0820,文部科学大臣杯 UNIVAS CUP 令和8年度 全日本学生レスリング選手権大会,2026,女子,50kg,2位,https://www.japan-wrestling.jp/wp-content/uploads/2026/08/文部科学大臣杯-UNIVAS-CUP-令和８年度全日本学生レスリング選手権大会-WW入賞者一覧（8位まで）.pdf
p-e6adcc,wre-2026-meiji-cup-0521,令和8年度 明治杯全日本選抜レスリング選手権大会,2026,女子,50kg,2位,https://www.japan-wrestling.jp/wp-content/uploads/2026/05/スタイル別入賞者.pdf
p-5d4bba,wre-2025-east-spring-0709,令和7年度 東日本学生レスリング選手権大会(春季大会),2025,新人戦 女子,59kg,1位,https://www.japan-wrestling.jp/wp-content/uploads/2025/07/令和7年度東日本学生レスリング選手権大会（春季大会）入賞者一覧_WW・新GR.pdf
p-5d4bba,wre-2025-intercollegiate-0821,文部科学大臣杯 令和7年度 全日本学生レスリング選手権大会,2025,女子,57kg,1位,https://www.japan-wrestling.jp/wp-content/uploads/2025/08/文部科学大臣杯-UNIVAS-CUP-令和７年度全日本学生レスリング選手権大会-入賞者一覧（8位まで）_WW.pdf
p-5d4bba,wre-2025-shakaijin-0712,第72回 全日本社会人レスリング選手権大会,2025,女子,57kg,1位,https://www.japan-wrestling.jp/wp-content/uploads/2025/07/第72回社会人記録（優勝者一覧・個人賞）.pdf
p-5d4bba,wre-2025-tenno-cup-1218,令和7年度 天皇杯全日本レスリング選手権大会,2025,女子,59kg,3位,https://www.japan-wrestling.jp/wp-content/uploads/2026/01/訂正版_2025-EMPEROR-Cup_RESULT-BOOK.pdf
p-5d4bba,wre-2026-meiji-cup-0521,令和8年度 明治杯全日本選抜レスリング選手権大会,2026,女子,55kg,2位,https://www.japan-wrestling.jp/wp-content/uploads/2026/05/スタイル別入賞者.pdf
p-6ed48e,wre-2025-east-spring-0709,令和7年度 東日本学生レスリング選手権大会(春季大会),2025,新人戦 女子,65kg,1位,https://www.japan-wrestling.jp/wp-content/uploads/2025/07/令和7年度東日本学生レスリング選手権大会（春季大会）入賞者一覧_WW・新GR.pdf
p-6ed48e,wre-2025-intercollegiate-0821,文部科学大臣杯 令和7年度 全日本学生レスリング選手権大会,2025,女子,62kg,5位,https://www.japan-wrestling.jp/wp-content/uploads/2025/08/文部科学大臣杯-UNIVAS-CUP-令和７年度全日本学生レスリング選手権大会-入賞者一覧（8位まで）_WW.pdf
p-6ed48e,wre-2025-shakaijin-0712,第72回 全日本社会人レスリング選手権大会,2025,女子,65kg,3位,https://www.japan-wrestling.jp/wp-content/uploads/2025/07/第72回社会人記録（優勝者一覧・個人賞）.pdf
p-6ed48e,wre-2025-tenno-cup-1218,令和7年度 天皇杯全日本レスリング選手権大会,2025,女子,65kg,3位,https://www.japan-wrestling.jp/wp-content/uploads/2026/01/訂正版_2025-EMPEROR-Cup_RESULT-BOOK.pdf
p-6ed48e,wre-2026-intercollegiate-0820,文部科学大臣杯 UNIVAS CUP 令和8年度 全日本学生レスリング選手権大会,2026,女子,62kg,5位,https://www.japan-wrestling.jp/wp-content/uploads/2026/08/文部科学大臣杯-UNIVAS-CUP-令和８年度全日本学生レスリング選手権大会-WW入賞者一覧（8位まで）.pdf
p-501cf3,wre-2025-east-autumn-1127,令和7年度 東日本学生レスリング選手権大会(秋季大会),2025,新人戦 フリースタイル,70kg,2位,https://www.japan-wrestling.jp/wp-content/uploads/2025/12/令和7年度東日本学生レスリング選手権大会（春季大会）入賞者一覧_新FS・GR.pdf
p-501cf3,wre-2025-east-spring-0709,令和7年度 東日本学生レスリング選手権大会(春季大会),2025,新人戦 フリースタイル,65kg,1位,https://www.japan-wrestling.jp/wp-content/uploads/2025/07/令和7年度東日本学生レスリング選手権大会（春季大会）入賞者一覧_新FA・FB.pdf
p-501cf3,wre-2025-tenno-cup-1218,令和7年度 天皇杯全日本レスリング選手権大会,2025,フリースタイル,65kg,8位,https://www.japan-wrestling.jp/wp-content/uploads/2026/01/訂正版_2025-EMPEROR-Cup_RESULT-BOOK.pdf
p-501cf3,wre-2026-east-spring-0713,令和8年度 東日本学生レスリング選手権大会(春季大会),2026,フリースタイル,70kg,3位,https://www.japan-wrestling.jp/wp-content/uploads/2026/07/令和8年度東日本学生レスリング選手権大会（春季大会）入賞者一覧_選FS・GR.pdf
p-501cf3,wre-2026-intercollegiate-0820,文部科学大臣杯 UNIVAS CUP 令和8年度 全日本学生レスリング選手権大会,2026,フリースタイル,65kg,5位,https://www.japan-wrestling.jp/wp-content/uploads/2026/08/文部科学大臣杯-UNIVAS-CUP-令和８年度全日本学生レスリング選手権大会-入賞者一覧（8位まで）.pdf
p-268f11,wre-2025-east-autumn-1127,令和7年度 東日本学生レスリング選手権大会(秋季大会),2025,グレコローマン,60kg,1位,https://www.japan-wrestling.jp/wp-content/uploads/2025/12/令和7年度東日本学生レスリング選手権大会（春季大会）入賞者一覧_選FS・GR.pdf
p-268f11,wre-2025-east-spring-0709,令和7年度 東日本学生レスリング選手権大会(春季大会),2025,グレコローマン,60kg,1位,https://www.japan-wrestling.jp/wp-content/uploads/2025/07/令和7年度東日本学生レスリング選手権大会（春季大会）入賞者一覧_選手権F・G.pdf
p-268f11,wre-2025-intercollegiate-0821,文部科学大臣杯 令和7年度 全日本学生レスリング選手権大会,2025,グレコローマン,60kg,5位,https://www.japan-wrestling.jp/wp-content/uploads/2025/08/文部科学大臣杯-UNIVAS-CUP-令和７年度全日本学生レスリング選手権大会-入賞者一覧（8位まで）_GR.pdf
p-268f11,wre-2025-tenno-cup-1218,令和7年度 天皇杯全日本レスリング選手権大会,2025,グレコローマン,60kg,7位,https://www.japan-wrestling.jp/wp-content/uploads/2026/01/訂正版_2025-EMPEROR-Cup_RESULT-BOOK.pdf
p-268f11,wre-2026-intercollegiate-0820,文部科学大臣杯 UNIVAS CUP 令和8年度 全日本学生レスリング選手権大会,2026,グレコローマン,60kg,2位,https://www.japan-wrestling.jp/wp-content/uploads/2026/08/文部科学大臣杯-UNIVAS-CUP-令和８年度全日本学生レスリング選手権大会-GR入賞者一覧（8位まで）.pdf
p-511372,wre-2025-east-autumn-1127,令和7年度 東日本学生レスリング選手権大会(秋季大会),2025,グレコローマン,77kg,1位,https://www.japan-wrestling.jp/wp-content/uploads/2025/12/令和7年度東日本学生レスリング選手権大会（春季大会）入賞者一覧_選FS・GR.pdf
p-511372,wre-2025-east-spring-0709,令和7年度 東日本学生レスリング選手権大会(春季大会),2025,グレコローマン,77kg,2位,https://www.japan-wrestling.jp/wp-content/uploads/2025/07/令和7年度東日本学生レスリング選手権大会（春季大会）入賞者一覧_選手権F・G.pdf
p-511372,wre-2025-intercollegiate-0821,文部科学大臣杯 令和7年度 全日本学生レスリング選手権大会,2025,グレコローマン,77kg,3位,https://www.japan-wrestling.jp/wp-content/uploads/2025/08/文部科学大臣杯-UNIVAS-CUP-令和７年度全日本学生レスリング選手権大会-入賞者一覧（8位まで）_GR.pdf
p-511372,wre-2026-east-spring-0713,令和8年度 東日本学生レスリング選手権大会(春季大会),2026,グレコローマン,77kg,2位,https://www.japan-wrestling.jp/wp-content/uploads/2026/07/令和8年度東日本学生レスリング選手権大会（春季大会）入賞者一覧_選FS・GR.pdf
p-511372,wre-2026-intercollegiate-0820,文部科学大臣杯 UNIVAS CUP 令和8年度 全日本学生レスリング選手権大会,2026,グレコローマン,77kg,3位,https://www.japan-wrestling.jp/wp-content/uploads/2026/08/文部科学大臣杯-UNIVAS-CUP-令和８年度全日本学生レスリング選手権大会-GR入賞者一覧（8位まで）.pdf
p-c84932,wre-2025-east-autumn-1127,令和7年度 東日本学生レスリング選手権大会(秋季大会),2025,フリースタイル,97kg,1位,https://www.japan-wrestling.jp/wp-content/uploads/2025/12/令和7年度東日本学生レスリング選手権大会（春季大会）入賞者一覧_選FS・GR.pdf
p-c84932,wre-2025-intercollegiate-0821,文部科学大臣杯 令和7年度 全日本学生レスリング選手権大会,2025,フリースタイル,92kg,5位,https://www.japan-wrestling.jp/wp-content/uploads/2025/08/文部科学大臣杯-UNIVAS-CUP-令和７年度全日本学生レスリング選手権大会-入賞者一覧（8位まで）-FS.pdf
p-c84932,wre-2025-university-championship-1108,第51回内閣総理大臣杯 令和7年度全日本大学レスリング選手権大会,2025,フリースタイル,97kg,7位,https://www.japan-wrestling.jp/wp-content/uploads/2025/11/2025.内閣_入賞者一覧（再修正版）.pdf
p-c84932,wre-2025-university-greco-1018,文部科学大臣杯 令和7年度 全日本大学レスリンググレコローマンレスリング選手権大会,2025,グレコローマン,97kg,7位,https://www.japan-wrestling.jp/wp-content/uploads/2025/10/文部科学大臣杯-令和7年度全日本大学グレコローマンスタイル選手権大会-入賞者一覧（8位まで）.pdf
p-c84932,wre-2026-east-spring-0713,令和8年度 東日本学生レスリング選手権大会(春季大会),2026,フリースタイル,92kg,3位,https://www.japan-wrestling.jp/wp-content/uploads/2026/07/令和8年度東日本学生レスリング選手権大会（春季大会）入賞者一覧_選FS・GR.pdf
p-11076f,wre-2025-intercollegiate-0821,文部科学大臣杯 令和7年度 全日本学生レスリング選手権大会,2025,フリースタイル,125kg,1位,https://www.japan-wrestling.jp/wp-content/uploads/2025/08/文部科学大臣杯-UNIVAS-CUP-令和７年度全日本学生レスリング選手権大会-入賞者一覧（8位まで）-FS.pdf
p-11076f,wre-2025-university-championship-1108,第51回内閣総理大臣杯 令和7年度全日本大学レスリング選手権大会,2025,フリースタイル,125kg,1位,https://www.japan-wrestling.jp/wp-content/uploads/2025/11/2025.内閣_入賞者一覧（再修正版）.pdf
p-11076f,wre-2025-university-greco-1018,文部科学大臣杯 令和7年度 全日本大学レスリンググレコローマンレスリング選手権大会,2025,グレコローマン,130kg,2位,https://www.japan-wrestling.jp/wp-content/uploads/2025/10/文部科学大臣杯-令和7年度全日本大学グレコローマンスタイル選手権大会-入賞者一覧（8位まで）.pdf
p-11076f,wre-2026-intercollegiate-0820,文部科学大臣杯 UNIVAS CUP 令和8年度 全日本学生レスリング選手権大会,2026,フリースタイル,125kg,1位,https://www.japan-wrestling.jp/wp-content/uploads/2026/08/文部科学大臣杯-UNIVAS-CUP-令和８年度全日本学生レスリング選手権大会-入賞者一覧（8位まで）.pdf
p-11076f,wre-2026-intercollegiate-0820,文部科学大臣杯 UNIVAS CUP 令和8年度 全日本学生レスリング選手権大会,2026,グレコローマン,130kg,1位,https://www.japan-wrestling.jp/wp-content/uploads/2026/08/文部科学大臣杯-UNIVAS-CUP-令和８年度全日本学生レスリング選手権大会-GR入賞者一覧（8位まで）.pdf
p-cf84bd,wre-2025-east-autumn-1127,令和7年度 東日本学生レスリング選手権大会(秋季大会),2025,フリースタイル,61kg,2位,https://www.japan-wrestling.jp/wp-content/uploads/2025/12/令和7年度東日本学生レスリング選手権大会（春季大会）入賞者一覧_選FS・GR.pdf
p-cf84bd,wre-2025-intercollegiate-0821,文部科学大臣杯 令和7年度 全日本学生レスリング選手権大会,2025,グレコローマン,60kg,2位,https://www.japan-wrestling.jp/wp-content/uploads/2025/08/文部科学大臣杯-UNIVAS-CUP-令和７年度全日本学生レスリング選手権大会-入賞者一覧（8位まで）_GR.pdf
p-cf84bd,wre-2025-university-greco-1018,文部科学大臣杯 令和7年度 全日本大学レスリンググレコローマンレスリング選手権大会,2025,グレコローマン,60kg,3位,https://www.japan-wrestling.jp/wp-content/uploads/2025/10/文部科学大臣杯-令和7年度全日本大学グレコローマンスタイル選手権大会-入賞者一覧（8位まで）.pdf
p-cf84bd,wre-2026-intercollegiate-0820,文部科学大臣杯 UNIVAS CUP 令和8年度 全日本学生レスリング選手権大会,2026,フリースタイル,61kg,3位,https://www.japan-wrestling.jp/wp-content/uploads/2026/08/文部科学大臣杯-UNIVAS-CUP-令和８年度全日本学生レスリング選手権大会-入賞者一覧（8位まで）.pdf
p-cf84bd,wre-2026-intercollegiate-0820,文部科学大臣杯 UNIVAS CUP 令和8年度 全日本学生レスリング選手権大会,2026,グレコローマン,60kg,1位,https://www.japan-wrestling.jp/wp-content/uploads/2026/08/文部科学大臣杯-UNIVAS-CUP-令和８年度全日本学生レスリング選手権大会-GR入賞者一覧（8位まで）.pdf
p-66ee4a,wre-2025-intercollegiate-0821,文部科学大臣杯 令和7年度 全日本学生レスリング選手権大会,2025,グレコローマン,72kg,5位,https://www.japan-wrestling.jp/wp-content/uploads/2025/08/文部科学大臣杯-UNIVAS-CUP-令和７年度全日本学生レスリング選手権大会-入賞者一覧（8位まで）_GR.pdf
p-66ee4a,wre-2025-tenno-cup-1218,令和7年度 天皇杯全日本レスリング選手権大会,2025,フリースタイル,70kg,3位,https://www.japan-wrestling.jp/wp-content/uploads/2026/01/訂正版_2025-EMPEROR-Cup_RESULT-BOOK.pdf
p-66ee4a,wre-2025-university-championship-1108,第51回内閣総理大臣杯 令和7年度全日本大学レスリング選手権大会,2025,フリースタイル,74kg,1位,https://www.japan-wrestling.jp/wp-content/uploads/2025/11/2025.内閣_入賞者一覧（再修正版）.pdf
p-66ee4a,wre-2025-university-greco-1018,文部科学大臣杯 令和7年度 全日本大学レスリンググレコローマンレスリング選手権大会,2025,グレコローマン,77kg,3位,https://www.japan-wrestling.jp/wp-content/uploads/2025/10/文部科学大臣杯-令和7年度全日本大学グレコローマンスタイル選手権大会-入賞者一覧（8位まで）.pdf
p-66ee4a,wre-2026-meiji-cup-0521,令和8年度 明治杯全日本選抜レスリング選手権大会,2026,フリースタイル,79kg,3位,https://www.japan-wrestling.jp/wp-content/uploads/2026/05/スタイル別入賞者.pdf
p-d9af1f,wre-2025-east-autumn-1127,令和7年度 東日本学生レスリング選手権大会(秋季大会),2025,新人戦 グレコローマン,97kg,1位,https://www.japan-wrestling.jp/wp-content/uploads/2025/12/令和7年度東日本学生レスリング選手権大会（春季大会）入賞者一覧_新FS・GR.pdf
p-d9af1f,wre-2025-east-autumn-1127,令和7年度 東日本学生レスリング選手権大会(秋季大会),2025,新人戦 フリースタイル,97kg,3位,https://www.japan-wrestling.jp/wp-content/uploads/2025/12/令和7年度東日本学生レスリング選手権大会（春季大会）入賞者一覧_新FS・GR.pdf
p-d9af1f,wre-2025-university-championship-1108,第51回内閣総理大臣杯 令和7年度全日本大学レスリング選手権大会,2025,フリースタイル,97kg,8位,https://www.japan-wrestling.jp/wp-content/uploads/2025/11/2025.内閣_入賞者一覧（再修正版）.pdf
p-d9af1f,wre-2025-university-greco-1018,文部科学大臣杯 令和7年度 全日本大学レスリンググレコローマンレスリング選手権大会,2025,グレコローマン,130kg,5位,https://www.japan-wrestling.jp/wp-content/uploads/2025/10/文部科学大臣杯-令和7年度全日本大学グレコローマンスタイル選手権大会-入賞者一覧（8位まで）.pdf
p-d9af1f,wre-2026-east-spring-0713,令和8年度 東日本学生レスリング選手権大会(春季大会),2026,新人戦 フリースタイル,92kg,3位,https://www.japan-wrestling.jp/wp-content/uploads/2026/07/令和8年度東日本学生レスリング選手権大会（春季大会）入賞者一覧_新FA・FB.pdf
p-9881d5,wre-2024-meiji-cup-0523,令和6年度 明治杯全日本選抜レスリング選手権大会,2024,フリースタイル,92kg,3位,https://www.japan-wrestling.jp/wp-content/uploads/2024/12/ichiranFS-1.pdf
p-9881d5,wre-2024-tenno-cup-1219,令和6年度 天皇杯全日本レスリング選手権大会,2024,フリースタイル,92kg,3位,https://www.japan-wrestling.jp/wp-content/uploads/2025/04/令和6年度天皇杯_フリースタイル階級別入賞者一覧.pdf
p-9881d5,wre-2025-shakaijin-0712,第72回 全日本社会人レスリング選手権大会,2025,フリースタイル,86kg,2位,https://www.japan-wrestling.jp/wp-content/uploads/2025/07/第72回社会人記録（優勝者一覧・個人賞）.pdf
p-9881d5,wre-2025-tenno-cup-1218,令和7年度 天皇杯全日本レスリング選手権大会,2025,フリースタイル,92kg,5位,https://www.japan-wrestling.jp/wp-content/uploads/2026/01/訂正版_2025-EMPEROR-Cup_RESULT-BOOK.pdf
p-9881d5,wre-2026-meiji-cup-0521,令和8年度 明治杯全日本選抜レスリング選手権大会,2026,フリースタイル,92kg,3位,https://www.japan-wrestling.jp/wp-content/uploads/2026/05/スタイル別入賞者.pdf
p-e1ee1a,wre-2024-meiji-cup-0523,令和6年度 明治杯全日本選抜レスリング選手権大会,2024,グレコローマン,55kg,3位,https://www.japan-wrestling.jp/wp-content/uploads/2024/12/ichiranGR-1.pdf
p-e1ee1a,wre-2024-tenno-cup-1219,令和6年度 天皇杯全日本レスリング選手権大会,2024,グレコローマン,60kg,8位,https://www.japan-wrestling.jp/wp-content/uploads/2025/04/令和6年度天皇杯_グレコローマン階級別入賞者一覧.pdf
p-e1ee1a,wre-2025-shakaijin-0712,第72回 全日本社会人レスリング選手権大会,2025,グレコローマン,63kg,2位,https://www.japan-wrestling.jp/wp-content/uploads/2025/07/第72回社会人記録（優勝者一覧・個人賞）.pdf
p-e1ee1a,wre-2025-tenno-cup-1218,令和7年度 天皇杯全日本レスリング選手権大会,2025,グレコローマン,63kg,5位,https://www.japan-wrestling.jp/wp-content/uploads/2026/01/訂正版_2025-EMPEROR-Cup_RESULT-BOOK.pdf
p-e1ee1a,wre-2026-meiji-cup-0521,令和8年度 明治杯全日本選抜レスリング選手権大会,2026,グレコローマン,63kg,3位,https://www.japan-wrestling.jp/wp-content/uploads/2026/05/スタイル別入賞者.pdf
p-ef01ad,wre-2024-tenno-cup-1219,令和6年度 天皇杯全日本レスリング選手権大会,2024,女子,59kg,8位,https://www.japan-wrestling.jp/wp-content/uploads/2025/04/令和6年度天皇杯_女子階級別入賞者一覧.pdf
p-ef01ad,wre-2025-east-spring-0709,令和7年度 東日本学生レスリング選手権大会(春季大会),2025,新人戦 女子,65kg,2位,https://www.japan-wrestling.jp/wp-content/uploads/2025/07/令和7年度東日本学生レスリング選手権大会（春季大会）入賞者一覧_WW・新GR.pdf
p-ef01ad,wre-2025-intercollegiate-0821,文部科学大臣杯 令和7年度 全日本学生レスリング選手権大会,2025,女子,65kg,3位,https://www.japan-wrestling.jp/wp-content/uploads/2025/08/文部科学大臣杯-UNIVAS-CUP-令和７年度全日本学生レスリング選手権大会-入賞者一覧（8位まで）_WW.pdf
p-ef01ad,wre-2025-tenno-cup-1218,令和7年度 天皇杯全日本レスリング選手権大会,2025,女子,65kg,5位,https://www.japan-wrestling.jp/wp-content/uploads/2026/01/訂正版_2025-EMPEROR-Cup_RESULT-BOOK.pdf
p-ef01ad,wre-2026-intercollegiate-0820,文部科学大臣杯 UNIVAS CUP 令和8年度 全日本学生レスリング選手権大会,2026,女子,65kg,5位,https://www.japan-wrestling.jp/wp-content/uploads/2026/08/文部科学大臣杯-UNIVAS-CUP-令和８年度全日本学生レスリング選手権大会-WW入賞者一覧（8位まで）.pdf
p-765dd9,wre-2025-east-spring-0709,令和7年度 東日本学生レスリング選手権大会(春季大会),2025,新人戦 グレコローマン,87kg,2位,https://www.japan-wrestling.jp/wp-content/uploads/2025/07/令和7年度東日本学生レスリング選手権大会（春季大会）入賞者一覧_WW・新GR.pdf
p-765dd9,wre-2025-east-spring-0709,令和7年度 東日本学生レスリング選手権大会(春季大会),2025,新人戦 フリースタイル,86kg,2位,https://www.japan-wrestling.jp/wp-content/uploads/2025/07/令和7年度東日本学生レスリング選手権大会（春季大会）入賞者一覧_新FA・FB.pdf
p-765dd9,wre-2025-intercollegiate-0821,文部科学大臣杯 令和7年度 全日本学生レスリング選手権大会,2025,フリースタイル,86kg,5位,https://www.japan-wrestling.jp/wp-content/uploads/2025/08/文部科学大臣杯-UNIVAS-CUP-令和７年度全日本学生レスリング選手権大会-入賞者一覧（8位まで）-FS.pdf
p-765dd9,wre-2026-intercollegiate-0820,文部科学大臣杯 UNIVAS CUP 令和8年度 全日本学生レスリング選手権大会,2026,フリースタイル,92kg,5位,https://www.japan-wrestling.jp/wp-content/uploads/2026/08/文部科学大臣杯-UNIVAS-CUP-令和８年度全日本学生レスリング選手権大会-入賞者一覧（8位まで）.pdf
p-765dd9,wre-2026-intercollegiate-0820,文部科学大臣杯 UNIVAS CUP 令和8年度 全日本学生レスリング選手権大会,2026,グレコローマン,87kg,3位,https://www.japan-wrestling.jp/wp-content/uploads/2026/08/文部科学大臣杯-UNIVAS-CUP-令和８年度全日本学生レスリング選手権大会-GR入賞者一覧（8位まで）.pdf
p-2430a7,wre-2025-east-autumn-1127,令和7年度 東日本学生レスリング選手権大会(秋季大会),2025,新人戦 グレコローマン,130kg,2位,https://www.japan-wrestling.jp/wp-content/uploads/2025/12/令和7年度東日本学生レスリング選手権大会（春季大会）入賞者一覧_新FS・GR.pdf
p-2430a7,wre-2025-east-spring-0709,令和7年度 東日本学生レスリング選手権大会(春季大会),2025,新人戦 グレコローマン,130kg,3位,https://www.japan-wrestling.jp/wp-content/uploads/2025/07/令和7年度東日本学生レスリング選手権大会（春季大会）入賞者一覧_WW・新GR.pdf
p-2430a7,wre-2025-intercollegiate-0821,文部科学大臣杯 令和7年度 全日本学生レスリング選手権大会,2025,フリースタイル,125kg,5位,https://www.japan-wrestling.jp/wp-content/uploads/2025/08/文部科学大臣杯-UNIVAS-CUP-令和７年度全日本学生レスリング選手権大会-入賞者一覧（8位まで）-FS.pdf
p-2430a7,wre-2026-east-spring-0713,令和8年度 東日本学生レスリング選手権大会(春季大会),2026,新人戦 グレコローマン,130kg,2位,https://www.japan-wrestling.jp/wp-content/uploads/2026/07/令和8年度東日本学生レスリング選手権大会（春季大会）入賞者一覧_WW・新GR.pdf
p-2430a7,wre-2026-intercollegiate-0820,文部科学大臣杯 UNIVAS CUP 令和8年度 全日本学生レスリング選手権大会,2026,グレコローマン,130kg,5位,https://www.japan-wrestling.jp/wp-content/uploads/2026/08/文部科学大臣杯-UNIVAS-CUP-令和８年度全日本学生レスリング選手権大会-GR入賞者一覧（8位まで）.pdf
p-633065,wre-2025-east-spring-0709,令和7年度 東日本学生レスリング選手権大会(春季大会),2025,新人戦 女子,59kg,3位,https://www.japan-wrestling.jp/wp-content/uploads/2025/07/令和7年度東日本学生レスリング選手権大会（春季大会）入賞者一覧_WW・新GR.pdf
p-633065,wre-2025-intercollegiate-0821,文部科学大臣杯 令和7年度 全日本学生レスリング選手権大会,2025,女子,59kg,3位,https://www.japan-wrestling.jp/wp-content/uploads/2025/08/文部科学大臣杯-UNIVAS-CUP-令和７年度全日本学生レスリング選手権大会-入賞者一覧（8位まで）_WW.pdf
p-633065,wre-2025-shakaijin-0712,第72回 全日本社会人レスリング選手権大会,2025,女子,59kg,3位,https://www.japan-wrestling.jp/wp-content/uploads/2025/07/第72回社会人記録（優勝者一覧・個人賞）.pdf
p-633065,wre-2026-east-spring-0713,令和8年度 東日本学生レスリング選手権大会(春季大会),2026,新人戦 女子,59kg,2位,https://www.japan-wrestling.jp/wp-content/uploads/2026/07/令和8年度東日本学生レスリング選手権大会（春季大会）入賞者一覧_WW・新GR.pdf
p-633065,wre-2026-intercollegiate-0820,文部科学大臣杯 UNIVAS CUP 令和8年度 全日本学生レスリング選手権大会,2026,女子,59kg,5位,https://www.japan-wrestling.jp/wp-content/uploads/2026/08/文部科学大臣杯-UNIVAS-CUP-令和８年度全日本学生レスリング選手権大会-WW入賞者一覧（8位まで）.pdf
p-f730c0,wre-2025-east-autumn-1127,令和7年度 東日本学生レスリング選手権大会(秋季大会),2025,新人戦 フリースタイル,86kg,3位,https://www.japan-wrestling.jp/wp-content/uploads/2025/12/令和7年度東日本学生レスリング選手権大会（春季大会）入賞者一覧_新FS・GR.pdf
p-f730c0,wre-2025-east-spring-0709,令和7年度 東日本学生レスリング選手権大会(春季大会),2025,新人戦 フリースタイル,79kg,2位,https://www.japan-wrestling.jp/wp-content/uploads/2025/07/令和7年度東日本学生レスリング選手権大会（春季大会）入賞者一覧_新FA・FB.pdf
p-f730c0,wre-2025-intercollegiate-0821,文部科学大臣杯 令和7年度 全日本学生レスリング選手権大会,2025,フリースタイル,79kg,2位,https://www.japan-wrestling.jp/wp-content/uploads/2025/08/文部科学大臣杯-UNIVAS-CUP-令和７年度全日本学生レスリング選手権大会-入賞者一覧（8位まで）-FS.pdf
p-f730c0,wre-2025-university-championship-1108,第51回内閣総理大臣杯 令和7年度全日本大学レスリング選手権大会,2025,フリースタイル,79kg,3位,https://www.japan-wrestling.jp/wp-content/uploads/2025/11/2025.内閣_入賞者一覧（再修正版）.pdf
p-f730c0,wre-2026-intercollegiate-0820,文部科学大臣杯 UNIVAS CUP 令和8年度 全日本学生レスリング選手権大会,2026,フリースタイル,86kg,5位,https://www.japan-wrestling.jp/wp-content/uploads/2026/08/文部科学大臣杯-UNIVAS-CUP-令和８年度全日本学生レスリング選手権大会-入賞者一覧（8位まで）.pdf
p-086400,wre-2025-east-autumn-1127,令和7年度 東日本学生レスリング選手権大会(秋季大会),2025,フリースタイル,65kg,3位,https://www.japan-wrestling.jp/wp-content/uploads/2025/12/令和7年度東日本学生レスリング選手権大会（春季大会）入賞者一覧_選FS・GR.pdf
p-086400,wre-2025-east-spring-0709,令和7年度 東日本学生レスリング選手権大会(春季大会),2025,グレコローマン,67kg,3位,https://www.japan-wrestling.jp/wp-content/uploads/2025/07/令和7年度東日本学生レスリング選手権大会（春季大会）入賞者一覧_選手権F・G.pdf
p-086400,wre-2025-intercollegiate-0821,文部科学大臣杯 令和7年度 全日本学生レスリング選手権大会,2025,グレコローマン,63kg,3位,https://www.japan-wrestling.jp/wp-content/uploads/2025/08/文部科学大臣杯-UNIVAS-CUP-令和７年度全日本学生レスリング選手権大会-入賞者一覧（8位まで）_GR.pdf
p-086400,wre-2026-east-spring-0713,令和8年度 東日本学生レスリング選手権大会(春季大会),2026,グレコローマン,63kg,2位,https://www.japan-wrestling.jp/wp-content/uploads/2026/07/令和8年度東日本学生レスリング選手権大会（春季大会）入賞者一覧_選FS・GR.pdf
p-086400,wre-2026-intercollegiate-0820,文部科学大臣杯 UNIVAS CUP 令和8年度 全日本学生レスリング選手権大会,2026,グレコローマン,63kg,2位,https://www.japan-wrestling.jp/wp-content/uploads/2026/08/文部科学大臣杯-UNIVAS-CUP-令和８年度全日本学生レスリング選手権大会-GR入賞者一覧（8位まで）.pdf
p-4836f3,wre-2025-east-autumn-1127,令和7年度 東日本学生レスリング選手権大会(秋季大会),2025,グレコローマン,77kg,2位,https://www.japan-wrestling.jp/wp-content/uploads/2025/12/令和7年度東日本学生レスリング選手権大会（春季大会）入賞者一覧_選FS・GR.pdf
p-4836f3,wre-2025-east-spring-0709,令和7年度 東日本学生レスリング選手権大会(春季大会),2025,グレコローマン,77kg,3位,https://www.japan-wrestling.jp/wp-content/uploads/2025/07/令和7年度東日本学生レスリング選手権大会（春季大会）入賞者一覧_選手権F・G.pdf
p-4836f3,wre-2025-university-greco-1018,文部科学大臣杯 令和7年度 全日本大学レスリンググレコローマンレスリング選手権大会,2025,グレコローマン,77kg,5位,https://www.japan-wrestling.jp/wp-content/uploads/2025/10/文部科学大臣杯-令和7年度全日本大学グレコローマンスタイル選手権大会-入賞者一覧（8位まで）.pdf
p-4836f3,wre-2026-east-spring-0713,令和8年度 東日本学生レスリング選手権大会(春季大会),2026,グレコローマン,77kg,3位,https://www.japan-wrestling.jp/wp-content/uploads/2026/07/令和8年度東日本学生レスリング選手権大会（春季大会）入賞者一覧_選FS・GR.pdf
p-4836f3,wre-2026-intercollegiate-0820,文部科学大臣杯 UNIVAS CUP 令和8年度 全日本学生レスリング選手権大会,2026,グレコローマン,77kg,5位,https://www.japan-wrestling.jp/wp-content/uploads/2026/08/文部科学大臣杯-UNIVAS-CUP-令和８年度全日本学生レスリング選手権大会-GR入賞者一覧（8位まで）.pdf
p-d187ea,wre-2025-east-autumn-1127,令和7年度 東日本学生レスリング選手権大会(秋季大会),2025,フリースタイル,86kg,2位,https://www.japan-wrestling.jp/wp-content/uploads/2025/12/令和7年度東日本学生レスリング選手権大会（春季大会）入賞者一覧_選FS・GR.pdf
p-d187ea,wre-2025-east-spring-0709,令和7年度 東日本学生レスリング選手権大会(春季大会),2025,フリースタイル,86kg,2位,https://www.japan-wrestling.jp/wp-content/uploads/2025/07/令和7年度東日本学生レスリング選手権大会（春季大会）入賞者一覧_選手権F・G.pdf
p-d187ea,wre-2025-intercollegiate-0821,文部科学大臣杯 令和7年度 全日本学生レスリング選手権大会,2025,フリースタイル,86kg,5位,https://www.japan-wrestling.jp/wp-content/uploads/2025/08/文部科学大臣杯-UNIVAS-CUP-令和７年度全日本学生レスリング選手権大会-入賞者一覧（8位まで）-FS.pdf
p-d187ea,wre-2025-university-championship-1108,第51回内閣総理大臣杯 令和7年度全日本大学レスリング選手権大会,2025,フリースタイル,86kg,5位,https://www.japan-wrestling.jp/wp-content/uploads/2025/11/2025.内閣_入賞者一覧（再修正版）.pdf
p-d187ea,wre-2026-east-spring-0713,令和8年度 東日本学生レスリング選手権大会(春季大会),2026,フリースタイル,86kg,3位,https://www.japan-wrestling.jp/wp-content/uploads/2026/07/令和8年度東日本学生レスリング選手権大会（春季大会）入賞者一覧_選FS・GR.pdf
p-e0bfa8,wre-2025-east-spring-0709,令和7年度 東日本学生レスリング選手権大会(春季大会),2025,新人戦 女子,57kg,3位,https://www.japan-wrestling.jp/wp-content/uploads/2025/07/令和7年度東日本学生レスリング選手権大会（春季大会）入賞者一覧_WW・新GR.pdf
p-e0bfa8,wre-2025-intercollegiate-0821,文部科学大臣杯 令和7年度 全日本学生レスリング選手権大会,2025,女子,57kg,5位,https://www.japan-wrestling.jp/wp-content/uploads/2025/08/文部科学大臣杯-UNIVAS-CUP-令和７年度全日本学生レスリング選手権大会-入賞者一覧（8位まで）_WW.pdf
p-e0bfa8,wre-2025-tenno-cup-1218,令和7年度 天皇杯全日本レスリング選手権大会,2025,女子,57kg,8位,https://www.japan-wrestling.jp/wp-content/uploads/2026/01/訂正版_2025-EMPEROR-Cup_RESULT-BOOK.pdf
p-e0bfa8,wre-2026-east-spring-0713,令和8年度 東日本学生レスリング選手権大会(春季大会),2026,新人戦 女子,57kg,3位,https://www.japan-wrestling.jp/wp-content/uploads/2026/07/令和8年度東日本学生レスリング選手権大会（春季大会）入賞者一覧_WW・新GR.pdf
p-e0bfa8,wre-2026-intercollegiate-0820,文部科学大臣杯 UNIVAS CUP 令和8年度 全日本学生レスリング選手権大会,2026,女子,57kg,5位,https://www.japan-wrestling.jp/wp-content/uploads/2026/08/文部科学大臣杯-UNIVAS-CUP-令和８年度全日本学生レスリング選手権大会-WW入賞者一覧（8位まで）.pdf
p-8bfd8b,wre-2025-east-autumn-1127,令和7年度 東日本学生レスリング選手権大会(秋季大会),2025,グレコローマン,82kg,3位,https://www.japan-wrestling.jp/wp-content/uploads/2025/12/令和7年度東日本学生レスリング選手権大会（春季大会）入賞者一覧_選FS・GR.pdf
p-8bfd8b,wre-2025-east-spring-0709,令和7年度 東日本学生レスリング選手権大会(春季大会),2025,グレコローマン,82kg,3位,https://www.japan-wrestling.jp/wp-content/uploads/2025/07/令和7年度東日本学生レスリング選手権大会（春季大会）入賞者一覧_選手権F・G.pdf
p-8bfd8b,wre-2025-intercollegiate-0821,文部科学大臣杯 令和7年度 全日本学生レスリング選手権大会,2025,グレコローマン,82kg,3位,https://www.japan-wrestling.jp/wp-content/uploads/2025/08/文部科学大臣杯-UNIVAS-CUP-令和７年度全日本学生レスリング選手権大会-入賞者一覧（8位まで）_GR.pdf
p-8bfd8b,wre-2026-east-spring-0713,令和8年度 東日本学生レスリング選手権大会(春季大会),2026,グレコローマン,82kg,3位,https://www.japan-wrestling.jp/wp-content/uploads/2026/07/令和8年度東日本学生レスリング選手権大会（春季大会）入賞者一覧_選FS・GR.pdf
p-8bfd8b,wre-2026-intercollegiate-0820,文部科学大臣杯 UNIVAS CUP 令和8年度 全日本学生レスリング選手権大会,2026,グレコローマン,82kg,5位,https://www.japan-wrestling.jp/wp-content/uploads/2026/08/文部科学大臣杯-UNIVAS-CUP-令和８年度全日本学生レスリング選手権大会-GR入賞者一覧（8位まで）.pdf
p-a5d8d3,wre-2025-intercollegiate-0821,文部科学大臣杯 令和7年度 全日本学生レスリング選手権大会,2025,グレコローマン,67kg,5位,https://www.japan-wrestling.jp/wp-content/uploads/2025/08/文部科学大臣杯-UNIVAS-CUP-令和７年度全日本学生レスリング選手権大会-入賞者一覧（8位まで）_GR.pdf
p-a5d8d3,wre-2025-tenno-cup-1218,令和7年度 天皇杯全日本レスリング選手権大会,2025,フリースタイル,70kg,5位,https://www.japan-wrestling.jp/wp-content/uploads/2026/01/訂正版_2025-EMPEROR-Cup_RESULT-BOOK.pdf
p-a5d8d3,wre-2025-tenno-cup-1218,令和7年度 天皇杯全日本レスリング選手権大会,2025,グレコローマン,72kg,3位,https://www.japan-wrestling.jp/wp-content/uploads/2026/01/訂正版_2025-EMPEROR-Cup_RESULT-BOOK.pdf
p-a5d8d3,wre-2025-university-championship-1108,第51回内閣総理大臣杯 令和7年度全日本大学レスリング選手権大会,2025,フリースタイル,70kg,3位,https://www.japan-wrestling.jp/wp-content/uploads/2025/11/2025.内閣_入賞者一覧（再修正版）.pdf
p-a5d8d3,wre-2026-intercollegiate-0820,文部科学大臣杯 UNIVAS CUP 令和8年度 全日本学生レスリング選手権大会,2026,グレコローマン,72kg,3位,https://www.japan-wrestling.jp/wp-content/uploads/2026/08/文部科学大臣杯-UNIVAS-CUP-令和８年度全日本学生レスリング選手権大会-GR入賞者一覧（8位まで）.pdf
p-454eaf,wre-2024-meiji-cup-0523,令和6年度 明治杯全日本選抜レスリング選手権大会,2024,フリースタイル,74kg,1位,https://www.japan-wrestling.jp/wp-content/uploads/2024/12/ichiranFS-1.pdf
p-454eaf,wre-2025-intercollegiate-0821,文部科学大臣杯 令和7年度 全日本学生レスリング選手権大会,2025,フリースタイル,74kg,1位,https://www.japan-wrestling.jp/wp-content/uploads/2025/08/文部科学大臣杯-UNIVAS-CUP-令和７年度全日本学生レスリング選手権大会-入賞者一覧（8位まで）-FS.pdf
p-454eaf,wre-2026-intercollegiate-0820,文部科学大臣杯 UNIVAS CUP 令和8年度 全日本学生レスリング選手権大会,2026,フリースタイル,74kg,1位,https://www.japan-wrestling.jp/wp-content/uploads/2026/08/文部科学大臣杯-UNIVAS-CUP-令和８年度全日本学生レスリング選手権大会-入賞者一覧（8位まで）.pdf
p-454eaf,wre-2026-meiji-cup-0521,令和8年度 明治杯全日本選抜レスリング選手権大会,2026,フリースタイル,74kg,3位,https://www.japan-wrestling.jp/wp-content/uploads/2026/05/スタイル別入賞者.pdf
p-891440,wre-2024-meiji-cup-0523,令和6年度 明治杯全日本選抜レスリング選手権大会,2024,フリースタイル,79kg,1位,https://www.japan-wrestling.jp/wp-content/uploads/2024/12/ichiranFS-1.pdf
p-891440,wre-2025-tenno-cup-1218,令和7年度 天皇杯全日本レスリング選手権大会,2025,フリースタイル,74kg,2位,https://www.japan-wrestling.jp/wp-content/uploads/2026/01/訂正版_2025-EMPEROR-Cup_RESULT-BOOK.pdf
p-891440,wre-2025-university-championship-1108,第51回内閣総理大臣杯 令和7年度全日本大学レスリング選手権大会,2025,フリースタイル,86kg,1位,https://www.japan-wrestling.jp/wp-content/uploads/2025/11/2025.内閣_入賞者一覧（再修正版）.pdf
p-891440,wre-2026-meiji-cup-0521,令和8年度 明治杯全日本選抜レスリング選手権大会,2026,フリースタイル,74kg,2位,https://www.japan-wrestling.jp/wp-content/uploads/2026/05/スタイル別入賞者.pdf
p-881a4e,wre-2024-meiji-cup-0523,令和6年度 明治杯全日本選抜レスリング選手権大会,2024,フリースタイル,86kg,3位,https://www.japan-wrestling.jp/wp-content/uploads/2024/12/ichiranFS-1.pdf
p-881a4e,wre-2024-tenno-cup-1219,令和6年度 天皇杯全日本レスリング選手権大会,2024,フリースタイル,86kg,3位,https://www.japan-wrestling.jp/wp-content/uploads/2025/04/令和6年度天皇杯_フリースタイル階級別入賞者一覧.pdf
p-881a4e,wre-2025-intercollegiate-0821,文部科学大臣杯 令和7年度 全日本学生レスリング選手権大会,2025,フリースタイル,86kg,1位,https://www.japan-wrestling.jp/wp-content/uploads/2025/08/文部科学大臣杯-UNIVAS-CUP-令和７年度全日本学生レスリング選手権大会-入賞者一覧（8位まで）-FS.pdf
p-881a4e,wre-2025-university-championship-1108,第51回内閣総理大臣杯 令和7年度全日本大学レスリング選手権大会,2025,フリースタイル,86kg,3位,https://www.japan-wrestling.jp/wp-content/uploads/2025/11/2025.内閣_入賞者一覧（再修正版）.pdf
p-5c9096,wre-2024-meiji-cup-0523,令和6年度 明治杯全日本選抜レスリング選手権大会,2024,フリースタイル,97kg,2位,https://www.japan-wrestling.jp/wp-content/uploads/2024/12/ichiranFS-1.pdf
p-5c9096,wre-2025-shakaijin-0712,第72回 全日本社会人レスリング選手権大会,2025,フリースタイル,125kg,1位,https://www.japan-wrestling.jp/wp-content/uploads/2025/07/第72回社会人記録（優勝者一覧・個人賞）.pdf
p-5c9096,wre-2025-shakaijin-0712,第72回 全日本社会人レスリング選手権大会,2025,グレコローマン,130kg,2位,https://www.japan-wrestling.jp/wp-content/uploads/2025/07/第72回社会人記録（優勝者一覧・個人賞）.pdf
p-5c9096,wre-2025-tenno-cup-1218,令和7年度 天皇杯全日本レスリング選手権大会,2025,フリースタイル,125kg,3位,https://www.japan-wrestling.jp/wp-content/uploads/2026/01/訂正版_2025-EMPEROR-Cup_RESULT-BOOK.pdf
p-d0102a,wre-2024-meiji-cup-0523,令和6年度 明治杯全日本選抜レスリング選手権大会,2024,フリースタイル,97kg,3位,https://www.japan-wrestling.jp/wp-content/uploads/2024/12/ichiranFS-1.pdf
p-d0102a,wre-2024-tenno-cup-1219,令和6年度 天皇杯全日本レスリング選手権大会,2024,フリースタイル,97kg,7位,https://www.japan-wrestling.jp/wp-content/uploads/2025/04/令和6年度天皇杯_フリースタイル階級別入賞者一覧.pdf
p-d0102a,wre-2025-intercollegiate-0821,文部科学大臣杯 令和7年度 全日本学生レスリング選手権大会,2025,グレコローマン,97kg,3位,https://www.japan-wrestling.jp/wp-content/uploads/2025/08/文部科学大臣杯-UNIVAS-CUP-令和７年度全日本学生レスリング選手権大会-入賞者一覧（8位まで）_GR.pdf
p-d0102a,wre-2025-university-greco-1018,文部科学大臣杯 令和7年度 全日本大学レスリンググレコローマンレスリング選手権大会,2025,グレコローマン,97kg,1位,https://www.japan-wrestling.jp/wp-content/uploads/2025/10/文部科学大臣杯-令和7年度全日本大学グレコローマンスタイル選手権大会-入賞者一覧（8位まで）.pdf
p-f34360,wre-2024-meiji-cup-0523,令和6年度 明治杯全日本選抜レスリング選手権大会,2024,グレコローマン,55kg,1位,https://www.japan-wrestling.jp/wp-content/uploads/2024/12/ichiranGR-1.pdf
p-f34360,wre-2024-tenno-cup-1219,令和6年度 天皇杯全日本レスリング選手権大会,2024,グレコローマン,55kg,2位,https://www.japan-wrestling.jp/wp-content/uploads/2025/04/令和6年度天皇杯_グレコローマン階級別入賞者一覧.pdf
p-f34360,wre-2025-intercollegiate-0821,文部科学大臣杯 令和7年度 全日本学生レスリング選手権大会,2025,グレコローマン,55kg,2位,https://www.japan-wrestling.jp/wp-content/uploads/2025/08/文部科学大臣杯-UNIVAS-CUP-令和７年度全日本学生レスリング選手権大会-入賞者一覧（8位まで）_GR.pdf
p-f34360,wre-2025-tenno-cup-1218,令和7年度 天皇杯全日本レスリング選手権大会,2025,グレコローマン,55kg,1位,https://www.japan-wrestling.jp/wp-content/uploads/2026/01/訂正版_2025-EMPEROR-Cup_RESULT-BOOK.pdf
p-062296,wre-2024-meiji-cup-0523,令和6年度 明治杯全日本選抜レスリング選手権大会,2024,グレコローマン,63kg,1位,https://www.japan-wrestling.jp/wp-content/uploads/2024/12/ichiranGR-1.pdf
p-062296,wre-2024-tenno-cup-1219,令和6年度 天皇杯全日本レスリング選手権大会,2024,グレコローマン,63kg,2位,https://www.japan-wrestling.jp/wp-content/uploads/2025/04/令和6年度天皇杯_グレコローマン階級別入賞者一覧.pdf
p-062296,wre-2025-tenno-cup-1218,令和7年度 天皇杯全日本レスリング選手権大会,2025,グレコローマン,60kg,3位,https://www.japan-wrestling.jp/wp-content/uploads/2026/01/訂正版_2025-EMPEROR-Cup_RESULT-BOOK.pdf
p-062296,wre-2026-meiji-cup-0521,令和8年度 明治杯全日本選抜レスリング選手権大会,2026,グレコローマン,60kg,1位,https://www.japan-wrestling.jp/wp-content/uploads/2026/05/スタイル別入賞者.pdf
p-a15597,wre-2024-meiji-cup-0523,令和6年度 明治杯全日本選抜レスリング選手権大会,2024,グレコローマン,63kg,3位,https://www.japan-wrestling.jp/wp-content/uploads/2024/12/ichiranGR-1.pdf
p-a15597,wre-2024-tenno-cup-1219,令和6年度 天皇杯全日本レスリング選手権大会,2024,グレコローマン,63kg,3位,https://www.japan-wrestling.jp/wp-content/uploads/2025/04/令和6年度天皇杯_グレコローマン階級別入賞者一覧.pdf
p-a15597,wre-2025-shakaijin-0712,第72回 全日本社会人レスリング選手権大会,2025,グレコローマン,67kg,1位,https://www.japan-wrestling.jp/wp-content/uploads/2025/07/第72回社会人記録（優勝者一覧・個人賞）.pdf
p-a15597,wre-2026-meiji-cup-0521,令和8年度 明治杯全日本選抜レスリング選手権大会,2026,グレコローマン,67kg,3位,https://www.japan-wrestling.jp/wp-content/uploads/2026/05/スタイル別入賞者.pdf
p-b3d142,wre-2024-meiji-cup-0523,令和6年度 明治杯全日本選抜レスリング選手権大会,2024,グレコローマン,87kg,1位,https://www.japan-wrestling.jp/wp-content/uploads/2024/12/ichiranGR-1.pdf
p-b3d142,wre-2024-tenno-cup-1219,令和6年度 天皇杯全日本レスリング選手権大会,2024,グレコローマン,97kg,2位,https://www.japan-wrestling.jp/wp-content/uploads/2025/04/令和6年度天皇杯_グレコローマン階級別入賞者一覧.pdf
p-b3d142,wre-2025-tenno-cup-1218,令和7年度 天皇杯全日本レスリング選手権大会,2025,グレコローマン,97kg,1位,https://www.japan-wrestling.jp/wp-content/uploads/2026/01/訂正版_2025-EMPEROR-Cup_RESULT-BOOK.pdf
p-b3d142,wre-2026-meiji-cup-0521,令和8年度 明治杯全日本選抜レスリング選手権大会,2026,グレコローマン,97kg,2位,https://www.japan-wrestling.jp/wp-content/uploads/2026/05/スタイル別入賞者.pdf
p-c662fe,wre-2024-meiji-cup-0523,令和6年度 明治杯全日本選抜レスリング選手権大会,2024,グレコローマン,130kg,1位,https://www.japan-wrestling.jp/wp-content/uploads/2024/12/ichiranGR-1.pdf
p-c662fe,wre-2024-tenno-cup-1219,令和6年度 天皇杯全日本レスリング選手権大会,2024,グレコローマン,130kg,1位,https://www.japan-wrestling.jp/wp-content/uploads/2025/04/令和6年度天皇杯_グレコローマン階級別入賞者一覧.pdf
p-c662fe,wre-2025-tenno-cup-1218,令和7年度 天皇杯全日本レスリング選手権大会,2025,グレコローマン,130kg,1位,https://www.japan-wrestling.jp/wp-content/uploads/2026/01/訂正版_2025-EMPEROR-Cup_RESULT-BOOK.pdf
p-c662fe,wre-2026-meiji-cup-0521,令和8年度 明治杯全日本選抜レスリング選手権大会,2026,グレコローマン,130kg,2位,https://www.japan-wrestling.jp/wp-content/uploads/2026/05/スタイル別入賞者.pdf
p-0452cb,wre-2024-meiji-cup-0523,令和6年度 明治杯全日本選抜レスリング選手権大会,2024,女子,55kg,1位,https://www.japan-wrestling.jp/wp-content/uploads/2024/12/ichiranWW.pdf
p-0452cb,wre-2024-tenno-cup-1219,令和6年度 天皇杯全日本レスリング選手権大会,2024,女子,55kg,1位,https://www.japan-wrestling.jp/wp-content/uploads/2025/04/令和6年度天皇杯_女子階級別入賞者一覧.pdf
p-0452cb,wre-2025-shakaijin-0712,第72回 全日本社会人レスリング選手権大会,2025,女子,53kg,1位,https://www.japan-wrestling.jp/wp-content/uploads/2025/07/第72回社会人記録（優勝者一覧・個人賞）.pdf
p-0452cb,wre-2026-meiji-cup-0521,令和8年度 明治杯全日本選抜レスリング選手権大会,2026,女子,53kg,2位,https://www.japan-wrestling.jp/wp-content/uploads/2026/05/スタイル別入賞者.pdf
p-ba1b54,wre-2024-meiji-cup-0523,令和6年度 明治杯全日本選抜レスリング選手権大会,2024,女子,57kg,1位,https://www.japan-wrestling.jp/wp-content/uploads/2024/12/ichiranWW.pdf
p-ba1b54,wre-2024-tenno-cup-1219,令和6年度 天皇杯全日本レスリング選手権大会,2024,女子,55kg,3位,https://www.japan-wrestling.jp/wp-content/uploads/2025/04/令和6年度天皇杯_女子階級別入賞者一覧.pdf
p-ba1b54,wre-2025-tenno-cup-1218,令和7年度 天皇杯全日本レスリング選手権大会,2025,女子,55kg,7位,https://www.japan-wrestling.jp/wp-content/uploads/2026/01/訂正版_2025-EMPEROR-Cup_RESULT-BOOK.pdf
p-ba1b54,wre-2026-meiji-cup-0521,令和8年度 明治杯全日本選抜レスリング選手権大会,2026,女子,55kg,3位,https://www.japan-wrestling.jp/wp-content/uploads/2026/05/スタイル別入賞者.pdf
p-ab0713,wre-2024-meiji-cup-0523,令和6年度 明治杯全日本選抜レスリング選手権大会,2024,女子,57kg,3位,https://www.japan-wrestling.jp/wp-content/uploads/2024/12/ichiranWW.pdf
p-ab0713,wre-2025-intercollegiate-0821,文部科学大臣杯 令和7年度 全日本学生レスリング選手権大会,2025,女子,59kg,1位,https://www.japan-wrestling.jp/wp-content/uploads/2025/08/文部科学大臣杯-UNIVAS-CUP-令和７年度全日本学生レスリング選手権大会-入賞者一覧（8位まで）_WW.pdf
p-ab0713,wre-2026-east-spring-0713,令和8年度 東日本学生レスリング選手権大会(春季大会),2026,新人戦 女子,57kg,1位,https://www.japan-wrestling.jp/wp-content/uploads/2026/07/令和8年度東日本学生レスリング選手権大会（春季大会）入賞者一覧_WW・新GR.pdf
p-ab0713,wre-2026-intercollegiate-0820,文部科学大臣杯 UNIVAS CUP 令和8年度 全日本学生レスリング選手権大会,2026,女子,57kg,5位,https://www.japan-wrestling.jp/wp-content/uploads/2026/08/文部科学大臣杯-UNIVAS-CUP-令和８年度全日本学生レスリング選手権大会-WW入賞者一覧（8位まで）.pdf
p-aec007,wre-2024-meiji-cup-0523,令和6年度 明治杯全日本選抜レスリング選手権大会,2024,女子,59kg,1位,https://www.japan-wrestling.jp/wp-content/uploads/2024/12/ichiranWW.pdf
p-aec007,wre-2024-tenno-cup-1219,令和6年度 天皇杯全日本レスリング選手権大会,2024,女子,59kg,1位,https://www.japan-wrestling.jp/wp-content/uploads/2025/04/令和6年度天皇杯_女子階級別入賞者一覧.pdf
p-aec007,wre-2025-tenno-cup-1218,令和7年度 天皇杯全日本レスリング選手権大会,2025,女子,62kg,3位,https://www.japan-wrestling.jp/wp-content/uploads/2026/01/訂正版_2025-EMPEROR-Cup_RESULT-BOOK.pdf
p-aec007,wre-2026-meiji-cup-0521,令和8年度 明治杯全日本選抜レスリング選手権大会,2026,女子,62kg,2位,https://www.japan-wrestling.jp/wp-content/uploads/2026/05/スタイル別入賞者.pdf
p-512e00,wre-2024-meiji-cup-0523,令和6年度 明治杯全日本選抜レスリング選手権大会,2024,女子,59kg,2位,https://www.japan-wrestling.jp/wp-content/uploads/2024/12/ichiranWW.pdf
p-512e00,wre-2024-tenno-cup-1219,令和6年度 天皇杯全日本レスリング選手権大会,2024,女子,59kg,2位,https://www.japan-wrestling.jp/wp-content/uploads/2025/04/令和6年度天皇杯_女子階級別入賞者一覧.pdf
p-512e00,wre-2025-tenno-cup-1218,令和7年度 天皇杯全日本レスリング選手権大会,2025,女子,59kg,1位,https://www.japan-wrestling.jp/wp-content/uploads/2026/01/訂正版_2025-EMPEROR-Cup_RESULT-BOOK.pdf
p-512e00,wre-2026-meiji-cup-0521,令和8年度 明治杯全日本選抜レスリング選手権大会,2026,女子,57kg,2位,https://www.japan-wrestling.jp/wp-content/uploads/2026/05/スタイル別入賞者.pdf
p-fa8ab1,wre-2024-meiji-cup-0523,令和6年度 明治杯全日本選抜レスリング選手権大会,2024,女子,59kg,3位,https://www.japan-wrestling.jp/wp-content/uploads/2024/12/ichiranWW.pdf
p-fa8ab1,wre-2024-tenno-cup-1219,令和6年度 天皇杯全日本レスリング選手権大会,2024,女子,59kg,3位,https://www.japan-wrestling.jp/wp-content/uploads/2025/04/令和6年度天皇杯_女子階級別入賞者一覧.pdf
p-fa8ab1,wre-2025-shakaijin-0712,第72回 全日本社会人レスリング選手権大会,2025,女子,59kg,1位,https://www.japan-wrestling.jp/wp-content/uploads/2025/07/第72回社会人記録（優勝者一覧・個人賞）.pdf
p-fa8ab1,wre-2026-meiji-cup-0521,令和8年度 明治杯全日本選抜レスリング選手権大会,2026,女子,57kg,3位,https://www.japan-wrestling.jp/wp-content/uploads/2026/05/スタイル別入賞者.pdf
p-29500a,wre-2024-meiji-cup-0523,令和6年度 明治杯全日本選抜レスリング選手権大会,2024,女子,65kg,1位,https://www.japan-wrestling.jp/wp-content/uploads/2024/12/ichiranWW.pdf
p-29500a,wre-2024-tenno-cup-1219,令和6年度 天皇杯全日本レスリング選手権大会,2024,女子,65kg,1位,https://www.japan-wrestling.jp/wp-content/uploads/2025/04/令和6年度天皇杯_女子階級別入賞者一覧.pdf
p-29500a,wre-2025-tenno-cup-1218,令和7年度 天皇杯全日本レスリング選手権大会,2025,女子,68kg,1位,https://www.japan-wrestling.jp/wp-content/uploads/2026/01/訂正版_2025-EMPEROR-Cup_RESULT-BOOK.pdf
p-29500a,wre-2026-meiji-cup-0521,令和8年度 明治杯全日本選抜レスリング選手権大会,2026,女子,68kg,2位,https://www.japan-wrestling.jp/wp-content/uploads/2026/05/スタイル別入賞者.pdf
p-997596,wre-2024-meiji-cup-0523,令和6年度 明治杯全日本選抜レスリング選手権大会,2024,女子,68kg,1位,https://www.japan-wrestling.jp/wp-content/uploads/2024/12/ichiranWW.pdf
p-997596,wre-2025-tenno-cup-1218,令和7年度 天皇杯全日本レスリング選手権大会,2025,女子,68kg,3位,https://www.japan-wrestling.jp/wp-content/uploads/2026/01/訂正版_2025-EMPEROR-Cup_RESULT-BOOK.pdf
p-997596,wre-2026-intercollegiate-0820,文部科学大臣杯 UNIVAS CUP 令和8年度 全日本学生レスリング選手権大会,2026,女子,68kg,1位,https://www.japan-wrestling.jp/wp-content/uploads/2026/08/文部科学大臣杯-UNIVAS-CUP-令和８年度全日本学生レスリング選手権大会-WW入賞者一覧（8位まで）.pdf
p-997596,wre-2026-meiji-cup-0521,令和8年度 明治杯全日本選抜レスリング選手権大会,2026,女子,68kg,3位,https://www.japan-wrestling.jp/wp-content/uploads/2026/05/スタイル別入賞者.pdf
p-790b0a,wre-2024-meiji-cup-0523,令和6年度 明治杯全日本選抜レスリング選手権大会,2024,女子,72kg,1位,https://www.japan-wrestling.jp/wp-content/uploads/2024/12/ichiranWW.pdf
p-790b0a,wre-2024-tenno-cup-1219,令和6年度 天皇杯全日本レスリング選手権大会,2024,女子,68kg,1位,https://www.japan-wrestling.jp/wp-content/uploads/2025/04/令和6年度天皇杯_女子階級別入賞者一覧.pdf
p-790b0a,wre-2025-tenno-cup-1218,令和7年度 天皇杯全日本レスリング選手権大会,2025,女子,68kg,2位,https://www.japan-wrestling.jp/wp-content/uploads/2026/01/訂正版_2025-EMPEROR-Cup_RESULT-BOOK.pdf
p-790b0a,wre-2026-meiji-cup-0521,令和8年度 明治杯全日本選抜レスリング選手権大会,2026,女子,68kg,1位,https://www.japan-wrestling.jp/wp-content/uploads/2026/05/スタイル別入賞者.pdf
p-af2d97,wre-2024-meiji-cup-0523,令和6年度 明治杯全日本選抜レスリング選手権大会,2024,女子,76kg,1位,https://www.japan-wrestling.jp/wp-content/uploads/2024/12/ichiranWW.pdf
p-af2d97,wre-2024-tenno-cup-1219,令和6年度 天皇杯全日本レスリング選手権大会,2024,女子,76kg,1位,https://www.japan-wrestling.jp/wp-content/uploads/2025/04/令和6年度天皇杯_女子階級別入賞者一覧.pdf
p-af2d97,wre-2025-shakaijin-0712,第72回 全日本社会人レスリング選手権大会,2025,女子,76kg,1位,https://www.japan-wrestling.jp/wp-content/uploads/2025/07/第72回社会人記録（優勝者一覧・個人賞）.pdf
p-af2d97,wre-2025-tenno-cup-1218,令和7年度 天皇杯全日本レスリング選手権大会,2025,女子,76kg,3位,https://www.japan-wrestling.jp/wp-content/uploads/2026/01/訂正版_2025-EMPEROR-Cup_RESULT-BOOK.pdf
p-3053b4,wre-2024-meiji-cup-0523,令和6年度 明治杯全日本選抜レスリング選手権大会,2024,女子,76kg,2位,https://www.japan-wrestling.jp/wp-content/uploads/2024/12/ichiranWW.pdf
p-3053b4,wre-2024-tenno-cup-1219,令和6年度 天皇杯全日本レスリング選手権大会,2024,女子,76kg,2位,https://www.japan-wrestling.jp/wp-content/uploads/2025/04/令和6年度天皇杯_女子階級別入賞者一覧.pdf
p-3053b4,wre-2025-tenno-cup-1218,令和7年度 天皇杯全日本レスリング選手権大会,2025,女子,76kg,1位,https://www.japan-wrestling.jp/wp-content/uploads/2026/01/訂正版_2025-EMPEROR-Cup_RESULT-BOOK.pdf
p-3053b4,wre-2026-meiji-cup-0521,令和8年度 明治杯全日本選抜レスリング選手権大会,2026,女子,76kg,2位,https://www.japan-wrestling.jp/wp-content/uploads/2026/05/スタイル別入賞者.pdf
p-95c61d,wre-2024-tenno-cup-1219,令和6年度 天皇杯全日本レスリング選手権大会,2024,フリースタイル,79kg,3位,https://www.japan-wrestling.jp/wp-content/uploads/2025/04/令和6年度天皇杯_フリースタイル階級別入賞者一覧.pdf
p-95c61d,wre-2025-intercollegiate-0821,文部科学大臣杯 令和7年度 全日本学生レスリング選手権大会,2025,フリースタイル,79kg,1位,https://www.japan-wrestling.jp/wp-content/uploads/2025/08/文部科学大臣杯-UNIVAS-CUP-令和７年度全日本学生レスリング選手権大会-入賞者一覧（8位まで）-FS.pdf
p-95c61d,wre-2025-tenno-cup-1218,令和7年度 天皇杯全日本レスリング選手権大会,2025,フリースタイル,79kg,3位,https://www.japan-wrestling.jp/wp-content/uploads/2026/01/訂正版_2025-EMPEROR-Cup_RESULT-BOOK.pdf
p-95c61d,wre-2025-university-championship-1108,第51回内閣総理大臣杯 令和7年度全日本大学レスリング選手権大会,2025,フリースタイル,79kg,5位,https://www.japan-wrestling.jp/wp-content/uploads/2025/11/2025.内閣_入賞者一覧（再修正版）.pdf
p-066191,wre-2024-tenno-cup-1219,令和6年度 天皇杯全日本レスリング選手権大会,2024,グレコローマン,67kg,8位,https://www.japan-wrestling.jp/wp-content/uploads/2025/04/令和6年度天皇杯_グレコローマン階級別入賞者一覧.pdf
p-066191,wre-2025-tenno-cup-1218,令和7年度 天皇杯全日本レスリング選手権大会,2025,グレコローマン,67kg,5位,https://www.japan-wrestling.jp/wp-content/uploads/2026/01/訂正版_2025-EMPEROR-Cup_RESULT-BOOK.pdf
p-066191,wre-2025-university-greco-1018,文部科学大臣杯 令和7年度 全日本大学レスリンググレコローマンレスリング選手権大会,2025,グレコローマン,72kg,1位,https://www.japan-wrestling.jp/wp-content/uploads/2025/10/文部科学大臣杯-令和7年度全日本大学グレコローマンスタイル選手権大会-入賞者一覧（8位まで）.pdf
p-066191,wre-2026-intercollegiate-0820,文部科学大臣杯 UNIVAS CUP 令和8年度 全日本学生レスリング選手権大会,2026,グレコローマン,67kg,1位,https://www.japan-wrestling.jp/wp-content/uploads/2026/08/文部科学大臣杯-UNIVAS-CUP-令和８年度全日本学生レスリング選手権大会-GR入賞者一覧（8位まで）.pdf
p-8a78a1,wre-2024-tenno-cup-1219,令和6年度 天皇杯全日本レスリング選手権大会,2024,グレコローマン,87kg,2位,https://www.japan-wrestling.jp/wp-content/uploads/2025/04/令和6年度天皇杯_グレコローマン階級別入賞者一覧.pdf
p-8a78a1,wre-2025-intercollegiate-0821,文部科学大臣杯 令和7年度 全日本学生レスリング選手権大会,2025,グレコローマン,87kg,1位,https://www.japan-wrestling.jp/wp-content/uploads/2025/08/文部科学大臣杯-UNIVAS-CUP-令和７年度全日本学生レスリング選手権大会-入賞者一覧（8位まで）_GR.pdf
p-8a78a1,wre-2025-tenno-cup-1218,令和7年度 天皇杯全日本レスリング選手権大会,2025,グレコローマン,87kg,2位,https://www.japan-wrestling.jp/wp-content/uploads/2026/01/訂正版_2025-EMPEROR-Cup_RESULT-BOOK.pdf
p-8a78a1,wre-2026-meiji-cup-0521,令和8年度 明治杯全日本選抜レスリング選手権大会,2026,グレコローマン,87kg,3位,https://www.japan-wrestling.jp/wp-content/uploads/2026/05/スタイル別入賞者.pdf
p-3aae5a,wre-2024-tenno-cup-1219,令和6年度 天皇杯全日本レスリング選手権大会,2024,女子,53kg,1位,https://www.japan-wrestling.jp/wp-content/uploads/2025/04/令和6年度天皇杯_女子階級別入賞者一覧.pdf
p-3aae5a,wre-2025-intercollegiate-0821,文部科学大臣杯 令和7年度 全日本学生レスリング選手権大会,2025,女子,55kg,1位,https://www.japan-wrestling.jp/wp-content/uploads/2025/08/文部科学大臣杯-UNIVAS-CUP-令和７年度全日本学生レスリング選手権大会-入賞者一覧（8位まで）_WW.pdf
p-3aae5a,wre-2025-tenno-cup-1218,令和7年度 天皇杯全日本レスリング選手権大会,2025,女子,53kg,1位,https://www.japan-wrestling.jp/wp-content/uploads/2026/01/訂正版_2025-EMPEROR-Cup_RESULT-BOOK.pdf
p-3aae5a,wre-2026-meiji-cup-0521,令和8年度 明治杯全日本選抜レスリング選手権大会,2026,女子,53kg,1位,https://www.japan-wrestling.jp/wp-content/uploads/2026/05/スタイル別入賞者.pdf
p-a822fa,wre-2024-tenno-cup-1219,令和6年度 天皇杯全日本レスリング選手権大会,2024,女子,68kg,3位,https://www.japan-wrestling.jp/wp-content/uploads/2025/04/令和6年度天皇杯_女子階級別入賞者一覧.pdf
p-a822fa,wre-2025-intercollegiate-0821,文部科学大臣杯 令和7年度 全日本学生レスリング選手権大会,2025,女子,68kg,1位,https://www.japan-wrestling.jp/wp-content/uploads/2025/08/文部科学大臣杯-UNIVAS-CUP-令和７年度全日本学生レスリング選手権大会-入賞者一覧（8位まで）_WW.pdf
p-a822fa,wre-2025-tenno-cup-1218,令和7年度 天皇杯全日本レスリング選手権大会,2025,女子,68kg,8位,https://www.japan-wrestling.jp/wp-content/uploads/2026/01/訂正版_2025-EMPEROR-Cup_RESULT-BOOK.pdf
p-a822fa,wre-2026-intercollegiate-0820,文部科学大臣杯 UNIVAS CUP 令和8年度 全日本学生レスリング選手権大会,2026,女子,68kg,2位,https://www.japan-wrestling.jp/wp-content/uploads/2026/08/文部科学大臣杯-UNIVAS-CUP-令和８年度全日本学生レスリング選手権大会-WW入賞者一覧（8位まで）.pdf
p-37d404,wre-2025-east-spring-0709,令和7年度 東日本学生レスリング選手権大会(春季大会),2025,新人戦 グレコローマン,55kg,2位,https://www.japan-wrestling.jp/wp-content/uploads/2025/07/令和7年度東日本学生レスリング選手権大会（春季大会）入賞者一覧_WW・新GR.pdf
p-37d404,wre-2025-intercollegiate-0821,文部科学大臣杯 令和7年度 全日本学生レスリング選手権大会,2025,フリースタイル,57kg,5位,https://www.japan-wrestling.jp/wp-content/uploads/2025/08/文部科学大臣杯-UNIVAS-CUP-令和７年度全日本学生レスリング選手権大会-入賞者一覧（8位まで）-FS.pdf
p-37d404,wre-2026-east-spring-0713,令和8年度 東日本学生レスリング選手権大会(春季大会),2026,新人戦 フリースタイル,57kg,2位,https://www.japan-wrestling.jp/wp-content/uploads/2026/07/令和8年度東日本学生レスリング選手権大会（春季大会）入賞者一覧_新FA・FB.pdf
p-37d404,wre-2026-east-spring-0713,令和8年度 東日本学生レスリング選手権大会(春季大会),2026,新人戦 グレコローマン,60kg,1位,https://www.japan-wrestling.jp/wp-content/uploads/2026/07/令和8年度東日本学生レスリング選手権大会（春季大会）入賞者一覧_WW・新GR.pdf
p-8feb87,wre-2025-east-autumn-1127,令和7年度 東日本学生レスリング選手権大会(秋季大会),2025,新人戦 グレコローマン,67kg,2位,https://www.japan-wrestling.jp/wp-content/uploads/2025/12/令和7年度東日本学生レスリング選手権大会（春季大会）入賞者一覧_新FS・GR.pdf
p-8feb87,wre-2025-east-spring-0709,令和7年度 東日本学生レスリング選手権大会(春季大会),2025,新人戦 グレコローマン,60kg,1位,https://www.japan-wrestling.jp/wp-content/uploads/2025/07/令和7年度東日本学生レスリング選手権大会（春季大会）入賞者一覧_WW・新GR.pdf
p-8feb87,wre-2025-tenno-cup-1218,令和7年度 天皇杯全日本レスリング選手権大会,2025,グレコローマン,60kg,5位,https://www.japan-wrestling.jp/wp-content/uploads/2026/01/訂正版_2025-EMPEROR-Cup_RESULT-BOOK.pdf
p-8feb87,wre-2026-east-spring-0713,令和8年度 東日本学生レスリング選手権大会(春季大会),2026,新人戦 グレコローマン,63kg,1位,https://www.japan-wrestling.jp/wp-content/uploads/2026/07/令和8年度東日本学生レスリング選手権大会（春季大会）入賞者一覧_WW・新GR.pdf
p-dd07df,wre-2025-east-autumn-1127,令和7年度 東日本学生レスリング選手権大会(秋季大会),2025,新人戦 グレコローマン,63kg,1位,https://www.japan-wrestling.jp/wp-content/uploads/2025/12/令和7年度東日本学生レスリング選手権大会（春季大会）入賞者一覧_新FS・GR.pdf
p-dd07df,wre-2025-east-spring-0709,令和7年度 東日本学生レスリング選手権大会(春季大会),2025,新人戦 グレコローマン,60kg,2位,https://www.japan-wrestling.jp/wp-content/uploads/2025/07/令和7年度東日本学生レスリング選手権大会（春季大会）入賞者一覧_WW・新GR.pdf
p-dd07df,wre-2026-east-spring-0713,令和8年度 東日本学生レスリング選手権大会(春季大会),2026,グレコローマン,60kg,3位,https://www.japan-wrestling.jp/wp-content/uploads/2026/07/令和8年度東日本学生レスリング選手権大会（春季大会）入賞者一覧_選FS・GR.pdf
p-dd07df,wre-2026-intercollegiate-0820,文部科学大臣杯 UNIVAS CUP 令和8年度 全日本学生レスリング選手権大会,2026,グレコローマン,63kg,5位,https://www.japan-wrestling.jp/wp-content/uploads/2026/08/文部科学大臣杯-UNIVAS-CUP-令和８年度全日本学生レスリング選手権大会-GR入賞者一覧（8位まで）.pdf
p-67138b,wre-2025-east-spring-0709,令和7年度 東日本学生レスリング選手権大会(春季大会),2025,新人戦 グレコローマン,63kg,1位,https://www.japan-wrestling.jp/wp-content/uploads/2025/07/令和7年度東日本学生レスリング選手権大会（春季大会）入賞者一覧_WW・新GR.pdf
p-67138b,wre-2025-intercollegiate-0821,文部科学大臣杯 令和7年度 全日本学生レスリング選手権大会,2025,グレコローマン,63kg,5位,https://www.japan-wrestling.jp/wp-content/uploads/2025/08/文部科学大臣杯-UNIVAS-CUP-令和７年度全日本学生レスリング選手権大会-入賞者一覧（8位まで）_GR.pdf
p-67138b,wre-2025-tenno-cup-1218,令和7年度 天皇杯全日本レスリング選手権大会,2025,グレコローマン,63kg,3位,https://www.japan-wrestling.jp/wp-content/uploads/2026/01/訂正版_2025-EMPEROR-Cup_RESULT-BOOK.pdf
p-67138b,wre-2026-intercollegiate-0820,文部科学大臣杯 UNIVAS CUP 令和8年度 全日本学生レスリング選手権大会,2026,グレコローマン,63kg,5位,https://www.japan-wrestling.jp/wp-content/uploads/2026/08/文部科学大臣杯-UNIVAS-CUP-令和８年度全日本学生レスリング選手権大会-GR入賞者一覧（8位まで）.pdf
p-a0f08e,wre-2025-east-spring-0709,令和7年度 東日本学生レスリング選手権大会(春季大会),2025,新人戦 女子,55kg,1位,https://www.japan-wrestling.jp/wp-content/uploads/2025/07/令和7年度東日本学生レスリング選手権大会（春季大会）入賞者一覧_WW・新GR.pdf
p-a0f08e,wre-2025-shakaijin-0712,第72回 全日本社会人レスリング選手権大会,2025,女子,55kg,2位,https://www.japan-wrestling.jp/wp-content/uploads/2025/07/第72回社会人記録（優勝者一覧・個人賞）.pdf
p-a0f08e,wre-2026-east-spring-0713,令和8年度 東日本学生レスリング選手権大会(春季大会),2026,新人戦 女子,55kg,2位,https://www.japan-wrestling.jp/wp-content/uploads/2026/07/令和8年度東日本学生レスリング選手権大会（春季大会）入賞者一覧_WW・新GR.pdf
p-a0f08e,wre-2026-intercollegiate-0820,文部科学大臣杯 UNIVAS CUP 令和8年度 全日本学生レスリング選手権大会,2026,女子,55kg,5位,https://www.japan-wrestling.jp/wp-content/uploads/2026/08/文部科学大臣杯-UNIVAS-CUP-令和８年度全日本学生レスリング選手権大会-WW入賞者一覧（8位まで）.pdf
p-9807c5,wre-2025-east-spring-0709,令和7年度 東日本学生レスリング選手権大会(春季大会),2025,新人戦 女子,62kg,1位,https://www.japan-wrestling.jp/wp-content/uploads/2025/07/令和7年度東日本学生レスリング選手権大会（春季大会）入賞者一覧_WW・新GR.pdf
p-9807c5,wre-2025-shakaijin-0712,第72回 全日本社会人レスリング選手権大会,2025,女子,65kg,2位,https://www.japan-wrestling.jp/wp-content/uploads/2025/07/第72回社会人記録（優勝者一覧・個人賞）.pdf
p-9807c5,wre-2026-east-spring-0713,令和8年度 東日本学生レスリング選手権大会(春季大会),2026,新人戦 女子,68kg,2位,https://www.japan-wrestling.jp/wp-content/uploads/2026/07/令和8年度東日本学生レスリング選手権大会（春季大会）入賞者一覧_WW・新GR.pdf
p-9807c5,wre-2026-meiji-cup-0521,令和8年度 明治杯全日本選抜レスリング選手権大会,2026,女子,72kg,1位,https://www.japan-wrestling.jp/wp-content/uploads/2026/05/スタイル別入賞者.pdf
p-83587b,wre-2025-east-spring-0709,令和7年度 東日本学生レスリング選手権大会(春季大会),2025,新人戦 フリースタイル,57kg,1位,https://www.japan-wrestling.jp/wp-content/uploads/2025/07/令和7年度東日本学生レスリング選手権大会（春季大会）入賞者一覧_新FA・FB.pdf
p-83587b,wre-2025-intercollegiate-0821,文部科学大臣杯 令和7年度 全日本学生レスリング選手権大会,2025,フリースタイル,57kg,3位,https://www.japan-wrestling.jp/wp-content/uploads/2025/08/文部科学大臣杯-UNIVAS-CUP-令和７年度全日本学生レスリング選手権大会-入賞者一覧（8位まで）-FS.pdf
p-83587b,wre-2025-tenno-cup-1218,令和7年度 天皇杯全日本レスリング選手権大会,2025,フリースタイル,57kg,1位,https://www.japan-wrestling.jp/wp-content/uploads/2026/01/訂正版_2025-EMPEROR-Cup_RESULT-BOOK.pdf
p-83587b,wre-2025-university-championship-1108,第51回内閣総理大臣杯 令和7年度全日本大学レスリング選手権大会,2025,フリースタイル,57kg,3位,https://www.japan-wrestling.jp/wp-content/uploads/2025/11/2025.内閣_入賞者一覧（再修正版）.pdf
p-f2aad7,wre-2025-east-autumn-1127,令和7年度 東日本学生レスリング選手権大会(秋季大会),2025,新人戦 フリースタイル,70kg,3位,https://www.japan-wrestling.jp/wp-content/uploads/2025/12/令和7年度東日本学生レスリング選手権大会（春季大会）入賞者一覧_新FS・GR.pdf
p-f2aad7,wre-2025-east-spring-0709,令和7年度 東日本学生レスリング選手権大会(春季大会),2025,新人戦 フリースタイル,65kg,3位,https://www.japan-wrestling.jp/wp-content/uploads/2025/07/令和7年度東日本学生レスリング選手権大会（春季大会）入賞者一覧_新FA・FB.pdf
p-f2aad7,wre-2026-east-spring-0713,令和8年度 東日本学生レスリング選手権大会(春季大会),2026,新人戦 フリースタイル,70kg,1位,https://www.japan-wrestling.jp/wp-content/uploads/2026/07/令和8年度東日本学生レスリング選手権大会（春季大会）入賞者一覧_新FA・FB.pdf
p-f2aad7,wre-2026-intercollegiate-0820,文部科学大臣杯 UNIVAS CUP 令和8年度 全日本学生レスリング選手権大会,2026,フリースタイル,65kg,5位,https://www.japan-wrestling.jp/wp-content/uploads/2026/08/文部科学大臣杯-UNIVAS-CUP-令和８年度全日本学生レスリング選手権大会-入賞者一覧（8位まで）.pdf
p-c1c2f1,wre-2025-east-spring-0709,令和7年度 東日本学生レスリング選手権大会(春季大会),2025,新人戦 フリースタイル,70kg,1位,https://www.japan-wrestling.jp/wp-content/uploads/2025/07/令和7年度東日本学生レスリング選手権大会（春季大会）入賞者一覧_新FA・FB.pdf
p-c1c2f1,wre-2025-intercollegiate-0821,文部科学大臣杯 令和7年度 全日本学生レスリング選手権大会,2025,フリースタイル,70kg,5位,https://www.japan-wrestling.jp/wp-content/uploads/2025/08/文部科学大臣杯-UNIVAS-CUP-令和７年度全日本学生レスリング選手権大会-入賞者一覧（8位まで）-FS.pdf
p-c1c2f1,wre-2026-east-spring-0713,令和8年度 東日本学生レスリング選手権大会(春季大会),2026,フリースタイル,70kg,2位,https://www.japan-wrestling.jp/wp-content/uploads/2026/07/令和8年度東日本学生レスリング選手権大会（春季大会）入賞者一覧_選FS・GR.pdf
p-c1c2f1,wre-2026-intercollegiate-0820,文部科学大臣杯 UNIVAS CUP 令和8年度 全日本学生レスリング選手権大会,2026,フリースタイル,70kg,5位,https://www.japan-wrestling.jp/wp-content/uploads/2026/08/文部科学大臣杯-UNIVAS-CUP-令和８年度全日本学生レスリング選手権大会-入賞者一覧（8位まで）.pdf
p-83f307,wre-2025-east-spring-0709,令和7年度 東日本学生レスリング選手権大会(春季大会),2025,新人戦 フリースタイル,92kg,2位,https://www.japan-wrestling.jp/wp-content/uploads/2025/07/令和7年度東日本学生レスリング選手権大会（春季大会）入賞者一覧_新FA・FB.pdf
p-83f307,wre-2025-intercollegiate-0821,文部科学大臣杯 令和7年度 全日本学生レスリング選手権大会,2025,フリースタイル,92kg,3位,https://www.japan-wrestling.jp/wp-content/uploads/2025/08/文部科学大臣杯-UNIVAS-CUP-令和７年度全日本学生レスリング選手権大会-入賞者一覧（8位まで）-FS.pdf
p-83f307,wre-2026-east-spring-0713,令和8年度 東日本学生レスリング選手権大会(春季大会),2026,新人戦 フリースタイル,92kg,1位,https://www.japan-wrestling.jp/wp-content/uploads/2026/07/令和8年度東日本学生レスリング選手権大会（春季大会）入賞者一覧_新FA・FB.pdf
p-83f307,wre-2026-intercollegiate-0820,文部科学大臣杯 UNIVAS CUP 令和8年度 全日本学生レスリング選手権大会,2026,フリースタイル,92kg,3位,https://www.japan-wrestling.jp/wp-content/uploads/2026/08/文部科学大臣杯-UNIVAS-CUP-令和８年度全日本学生レスリング選手権大会-入賞者一覧（8位まで）.pdf
p-26f3f1,wre-2025-east-autumn-1127,令和7年度 東日本学生レスリング選手権大会(秋季大会),2025,グレコローマン,72kg,1位,https://www.japan-wrestling.jp/wp-content/uploads/2025/12/令和7年度東日本学生レスリング選手権大会（春季大会）入賞者一覧_選FS・GR.pdf
p-26f3f1,wre-2025-east-spring-0709,令和7年度 東日本学生レスリング選手権大会(春季大会),2025,グレコローマン,72kg,1位,https://www.japan-wrestling.jp/wp-content/uploads/2025/07/令和7年度東日本学生レスリング選手権大会（春季大会）入賞者一覧_選手権F・G.pdf
p-26f3f1,wre-2025-intercollegiate-0821,文部科学大臣杯 令和7年度 全日本学生レスリング選手権大会,2025,グレコローマン,72kg,5位,https://www.japan-wrestling.jp/wp-content/uploads/2025/08/文部科学大臣杯-UNIVAS-CUP-令和７年度全日本学生レスリング選手権大会-入賞者一覧（8位まで）_GR.pdf
p-26f3f1,wre-2025-tenno-cup-1218,令和7年度 天皇杯全日本レスリング選手権大会,2025,グレコローマン,72kg,5位,https://www.japan-wrestling.jp/wp-content/uploads/2026/01/訂正版_2025-EMPEROR-Cup_RESULT-BOOK.pdf
p-c561b7,wre-2025-east-spring-0709,令和7年度 東日本学生レスリング選手権大会(春季大会),2025,グレコローマン,77kg,1位,https://www.japan-wrestling.jp/wp-content/uploads/2025/07/令和7年度東日本学生レスリング選手権大会（春季大会）入賞者一覧_選手権F・G.pdf
p-c561b7,wre-2025-intercollegiate-0821,文部科学大臣杯 令和7年度 全日本学生レスリング選手権大会,2025,グレコローマン,77kg,2位,https://www.japan-wrestling.jp/wp-content/uploads/2025/08/文部科学大臣杯-UNIVAS-CUP-令和７年度全日本学生レスリング選手権大会-入賞者一覧（8位まで）_GR.pdf
p-c561b7,wre-2026-east-spring-0713,令和8年度 東日本学生レスリング選手権大会(春季大会),2026,グレコローマン,77kg,1位,https://www.japan-wrestling.jp/wp-content/uploads/2026/07/令和8年度東日本学生レスリング選手権大会（春季大会）入賞者一覧_選FS・GR.pdf
p-c561b7,wre-2026-intercollegiate-0820,文部科学大臣杯 UNIVAS CUP 令和8年度 全日本学生レスリング選手権大会,2026,グレコローマン,77kg,2位,https://www.japan-wrestling.jp/wp-content/uploads/2026/08/文部科学大臣杯-UNIVAS-CUP-令和８年度全日本学生レスリング選手権大会-GR入賞者一覧（8位まで）.pdf
p-5ae8f7,wre-2025-east-spring-0709,令和7年度 東日本学生レスリング選手権大会(春季大会),2025,グレコローマン,82kg,1位,https://www.japan-wrestling.jp/wp-content/uploads/2025/07/令和7年度東日本学生レスリング選手権大会（春季大会）入賞者一覧_選手権F・G.pdf
p-5ae8f7,wre-2025-intercollegiate-0821,文部科学大臣杯 令和7年度 全日本学生レスリング選手権大会,2025,グレコローマン,82kg,1位,https://www.japan-wrestling.jp/wp-content/uploads/2025/08/文部科学大臣杯-UNIVAS-CUP-令和７年度全日本学生レスリング選手権大会-入賞者一覧（8位まで）_GR.pdf
p-5ae8f7,wre-2026-east-spring-0713,令和8年度 東日本学生レスリング選手権大会(春季大会),2026,グレコローマン,82kg,2位,https://www.japan-wrestling.jp/wp-content/uploads/2026/07/令和8年度東日本学生レスリング選手権大会（春季大会）入賞者一覧_選FS・GR.pdf
p-5ae8f7,wre-2026-intercollegiate-0820,文部科学大臣杯 UNIVAS CUP 令和8年度 全日本学生レスリング選手権大会,2026,グレコローマン,82kg,2位,https://www.japan-wrestling.jp/wp-content/uploads/2026/08/文部科学大臣杯-UNIVAS-CUP-令和８年度全日本学生レスリング選手権大会-GR入賞者一覧（8位まで）.pdf
p-271fe7,wre-2025-east-autumn-1127,令和7年度 東日本学生レスリング選手権大会(秋季大会),2025,フリースタイル,74kg,1位,https://www.japan-wrestling.jp/wp-content/uploads/2025/12/令和7年度東日本学生レスリング選手権大会（春季大会）入賞者一覧_選FS・GR.pdf
p-271fe7,wre-2025-intercollegiate-0821,文部科学大臣杯 令和7年度 全日本学生レスリング選手権大会,2025,フリースタイル,70kg,3位,https://www.japan-wrestling.jp/wp-content/uploads/2025/08/文部科学大臣杯-UNIVAS-CUP-令和７年度全日本学生レスリング選手権大会-入賞者一覧（8位まで）-FS.pdf
p-271fe7,wre-2026-east-spring-0713,令和8年度 東日本学生レスリング選手権大会(春季大会),2026,フリースタイル,74kg,1位,https://www.japan-wrestling.jp/wp-content/uploads/2026/07/令和8年度東日本学生レスリング選手権大会（春季大会）入賞者一覧_選FS・GR.pdf
p-271fe7,wre-2026-intercollegiate-0820,文部科学大臣杯 UNIVAS CUP 令和8年度 全日本学生レスリング選手権大会,2026,フリースタイル,70kg,5位,https://www.japan-wrestling.jp/wp-content/uploads/2026/08/文部科学大臣杯-UNIVAS-CUP-令和８年度全日本学生レスリング選手権大会-入賞者一覧（8位まで）.pdf
p-b70634,wre-2025-east-autumn-1127,令和7年度 東日本学生レスリング選手権大会(秋季大会),2025,新人戦 フリースタイル,97kg,3位,https://www.japan-wrestling.jp/wp-content/uploads/2025/12/令和7年度東日本学生レスリング選手権大会（春季大会）入賞者一覧_新FS・GR.pdf
p-b70634,wre-2025-intercollegiate-0821,文部科学大臣杯 令和7年度 全日本学生レスリング選手権大会,2025,フリースタイル,97kg,5位,https://www.japan-wrestling.jp/wp-content/uploads/2025/08/文部科学大臣杯-UNIVAS-CUP-令和７年度全日本学生レスリング選手権大会-入賞者一覧（8位まで）-FS.pdf
p-b70634,wre-2025-university-greco-1018,文部科学大臣杯 令和7年度 全日本大学レスリンググレコローマンレスリング選手権大会,2025,グレコローマン,97kg,8位,https://www.japan-wrestling.jp/wp-content/uploads/2025/10/文部科学大臣杯-令和7年度全日本大学グレコローマンスタイル選手権大会-入賞者一覧（8位まで）.pdf
p-b70634,wre-2026-east-spring-0713,令和8年度 東日本学生レスリング選手権大会(春季大会),2026,新人戦 フリースタイル,97kg,1位,https://www.japan-wrestling.jp/wp-content/uploads/2026/07/令和8年度東日本学生レスリング選手権大会（春季大会）入賞者一覧_新FA・FB.pdf
p-5e4592,wre-2025-east-autumn-1127,令和7年度 東日本学生レスリング選手権大会(秋季大会),2025,フリースタイル,61kg,1位,https://www.japan-wrestling.jp/wp-content/uploads/2025/12/令和7年度東日本学生レスリング選手権大会（春季大会）入賞者一覧_選FS・GR.pdf
p-5e4592,wre-2025-university-greco-1018,文部科学大臣杯 令和7年度 全日本大学レスリンググレコローマンレスリング選手権大会,2025,グレコローマン,60kg,2位,https://www.japan-wrestling.jp/wp-content/uploads/2025/10/文部科学大臣杯-令和7年度全日本大学グレコローマンスタイル選手権大会-入賞者一覧（8位まで）.pdf
p-5e4592,wre-2026-intercollegiate-0820,文部科学大臣杯 UNIVAS CUP 令和8年度 全日本学生レスリング選手権大会,2026,フリースタイル,61kg,2位,https://www.japan-wrestling.jp/wp-content/uploads/2026/08/文部科学大臣杯-UNIVAS-CUP-令和８年度全日本学生レスリング選手権大会-入賞者一覧（8位まで）.pdf
p-5e4592,wre-2026-meiji-cup-0521,令和8年度 明治杯全日本選抜レスリング選手権大会,2026,フリースタイル,61kg,3位,https://www.japan-wrestling.jp/wp-content/uploads/2026/05/スタイル別入賞者.pdf
p-1458ad,wre-2025-tenno-cup-1218,令和7年度 天皇杯全日本レスリング選手権大会,2025,グレコローマン,87kg,1位,https://www.japan-wrestling.jp/wp-content/uploads/2026/01/訂正版_2025-EMPEROR-Cup_RESULT-BOOK.pdf
p-1458ad,wre-2025-university-championship-1108,第51回内閣総理大臣杯 令和7年度全日本大学レスリング選手権大会,2025,フリースタイル,97kg,2位,https://www.japan-wrestling.jp/wp-content/uploads/2025/11/2025.内閣_入賞者一覧（再修正版）.pdf
p-1458ad,wre-2025-university-greco-1018,文部科学大臣杯 令和7年度 全日本大学レスリンググレコローマンレスリング選手権大会,2025,グレコローマン,82kg,1位,https://www.japan-wrestling.jp/wp-content/uploads/2025/10/文部科学大臣杯-令和7年度全日本大学グレコローマンスタイル選手権大会-入賞者一覧（8位まで）.pdf
p-1458ad,wre-2026-meiji-cup-0521,令和8年度 明治杯全日本選抜レスリング選手権大会,2026,グレコローマン,87kg,1位,https://www.japan-wrestling.jp/wp-content/uploads/2026/05/スタイル別入賞者.pdf
p-02f27a,wre-2025-east-autumn-1127,令和7年度 東日本学生レスリング選手権大会(秋季大会),2025,フリースタイル,79kg,1位,https://www.japan-wrestling.jp/wp-content/uploads/2025/12/令和7年度東日本学生レスリング選手権大会（春季大会）入賞者一覧_選FS・GR.pdf
p-02f27a,wre-2025-university-greco-1018,文部科学大臣杯 令和7年度 全日本大学レスリンググレコローマンレスリング選手権大会,2025,グレコローマン,87kg,5位,https://www.japan-wrestling.jp/wp-content/uploads/2025/10/文部科学大臣杯-令和7年度全日本大学グレコローマンスタイル選手権大会-入賞者一覧（8位まで）.pdf
p-02f27a,wre-2026-east-spring-0713,令和8年度 東日本学生レスリング選手権大会(春季大会),2026,フリースタイル,79kg,3位,https://www.japan-wrestling.jp/wp-content/uploads/2026/07/令和8年度東日本学生レスリング選手権大会（春季大会）入賞者一覧_選FS・GR.pdf
p-02f27a,wre-2026-intercollegiate-0820,文部科学大臣杯 UNIVAS CUP 令和8年度 全日本学生レスリング選手権大会,2026,フリースタイル,79kg,5位,https://www.japan-wrestling.jp/wp-content/uploads/2026/08/文部科学大臣杯-UNIVAS-CUP-令和８年度全日本学生レスリング選手権大会-入賞者一覧（8位まで）.pdf
p-dec265,wre-2025-east-autumn-1127,令和7年度 東日本学生レスリング選手権大会(秋季大会),2025,新人戦 フリースタイル,70kg,1位,https://www.japan-wrestling.jp/wp-content/uploads/2025/12/令和7年度東日本学生レスリング選手権大会（春季大会）入賞者一覧_新FS・GR.pdf
p-dec265,wre-2025-tenno-cup-1218,令和7年度 天皇杯全日本レスリング選手権大会,2025,フリースタイル,70kg,8位,https://www.japan-wrestling.jp/wp-content/uploads/2026/01/訂正版_2025-EMPEROR-Cup_RESULT-BOOK.pdf
p-dec265,wre-2026-east-spring-0713,令和8年度 東日本学生レスリング選手権大会(春季大会),2026,新人戦 フリースタイル,74kg,1位,https://www.japan-wrestling.jp/wp-content/uploads/2026/07/令和8年度東日本学生レスリング選手権大会（春季大会）入賞者一覧_新FA・FB.pdf
p-dec265,wre-2026-intercollegiate-0820,文部科学大臣杯 UNIVAS CUP 令和8年度 全日本学生レスリング選手権大会,2026,フリースタイル,74kg,5位,https://www.japan-wrestling.jp/wp-content/uploads/2026/08/文部科学大臣杯-UNIVAS-CUP-令和８年度全日本学生レスリング選手権大会-入賞者一覧（8位まで）.pdf
p-3184a2,wre-2025-east-autumn-1127,令和7年度 東日本学生レスリング選手権大会(秋季大会),2025,新人戦 フリースタイル,125kg,3位,https://www.japan-wrestling.jp/wp-content/uploads/2025/12/令和7年度東日本学生レスリング選手権大会（春季大会）入賞者一覧_新FS・GR.pdf
p-3184a2,wre-2026-east-spring-0713,令和8年度 東日本学生レスリング選手権大会(春季大会),2026,グレコローマン,97kg,1位,https://www.japan-wrestling.jp/wp-content/uploads/2026/07/令和8年度東日本学生レスリング選手権大会（春季大会）入賞者一覧_選FS・GR.pdf
p-3184a2,wre-2026-intercollegiate-0820,文部科学大臣杯 UNIVAS CUP 令和8年度 全日本学生レスリング選手権大会,2026,フリースタイル,125kg,5位,https://www.japan-wrestling.jp/wp-content/uploads/2026/08/文部科学大臣杯-UNIVAS-CUP-令和８年度全日本学生レスリング選手権大会-入賞者一覧（8位まで）.pdf
p-3184a2,wre-2026-intercollegiate-0820,文部科学大臣杯 UNIVAS CUP 令和8年度 全日本学生レスリング選手権大会,2026,グレコローマン,97kg,3位,https://www.japan-wrestling.jp/wp-content/uploads/2026/08/文部科学大臣杯-UNIVAS-CUP-令和８年度全日本学生レスリング選手権大会-GR入賞者一覧（8位まで）.pdf
p-1b80d2,wre-2026-east-spring-0713,令和8年度 東日本学生レスリング選手権大会(春季大会),2026,新人戦 フリースタイル,97kg,2位,https://www.japan-wrestling.jp/wp-content/uploads/2026/07/令和8年度東日本学生レスリング選手権大会（春季大会）入賞者一覧_新FA・FB.pdf
p-1b80d2,wre-2026-east-spring-0713,令和8年度 東日本学生レスリング選手権大会(春季大会),2026,新人戦 グレコローマン,97kg,1位,https://www.japan-wrestling.jp/wp-content/uploads/2026/07/令和8年度東日本学生レスリング選手権大会（春季大会）入賞者一覧_WW・新GR.pdf
p-1b80d2,wre-2026-intercollegiate-0820,文部科学大臣杯 UNIVAS CUP 令和8年度 全日本学生レスリング選手権大会,2026,フリースタイル,97kg,2位,https://www.japan-wrestling.jp/wp-content/uploads/2026/08/文部科学大臣杯-UNIVAS-CUP-令和８年度全日本学生レスリング選手権大会-入賞者一覧（8位まで）.pdf
p-1b80d2,wre-2026-intercollegiate-0820,文部科学大臣杯 UNIVAS CUP 令和8年度 全日本学生レスリング選手権大会,2026,グレコローマン,97kg,1位,https://www.japan-wrestling.jp/wp-content/uploads/2026/08/文部科学大臣杯-UNIVAS-CUP-令和８年度全日本学生レスリング選手権大会-GR入賞者一覧（8位まで）.pdf
p-3ae456,wre-2024-meiji-cup-0523,令和6年度 明治杯全日本選抜レスリング選手権大会,2024,フリースタイル,70kg,2位,https://www.japan-wrestling.jp/wp-content/uploads/2024/12/ichiranFS-1.pdf
p-3ae456,wre-2024-tenno-cup-1219,令和6年度 天皇杯全日本レスリング選手権大会,2024,フリースタイル,70kg,2位,https://www.japan-wrestling.jp/wp-content/uploads/2025/04/令和6年度天皇杯_フリースタイル階級別入賞者一覧.pdf
p-3ae456,wre-2025-shakaijin-0712,第72回 全日本社会人レスリング選手権大会,2025,フリースタイル,79kg,3位,https://www.japan-wrestling.jp/wp-content/uploads/2025/07/第72回社会人記録（優勝者一覧・個人賞）.pdf
p-3ae456,wre-2025-tenno-cup-1218,令和7年度 天皇杯全日本レスリング選手権大会,2025,フリースタイル,74kg,3位,https://www.japan-wrestling.jp/wp-content/uploads/2026/01/訂正版_2025-EMPEROR-Cup_RESULT-BOOK.pdf
p-e95a28,wre-2024-meiji-cup-0523,令和6年度 明治杯全日本選抜レスリング選手権大会,2024,フリースタイル,92kg,2位,https://www.japan-wrestling.jp/wp-content/uploads/2024/12/ichiranFS-1.pdf
p-e95a28,wre-2025-shakaijin-0712,第72回 全日本社会人レスリング選手権大会,2025,フリースタイル,86kg,3位,https://www.japan-wrestling.jp/wp-content/uploads/2025/07/第72回社会人記録（優勝者一覧・個人賞）.pdf
p-e95a28,wre-2025-tenno-cup-1218,令和7年度 天皇杯全日本レスリング選手権大会,2025,フリースタイル,92kg,3位,https://www.japan-wrestling.jp/wp-content/uploads/2026/01/訂正版_2025-EMPEROR-Cup_RESULT-BOOK.pdf
p-e95a28,wre-2026-meiji-cup-0521,令和8年度 明治杯全日本選抜レスリング選手権大会,2026,フリースタイル,97kg,3位,https://www.japan-wrestling.jp/wp-content/uploads/2026/05/スタイル別入賞者.pdf
p-ad16ec,wre-2024-meiji-cup-0523,令和6年度 明治杯全日本選抜レスリング選手権大会,2024,グレコローマン,82kg,3位,https://www.japan-wrestling.jp/wp-content/uploads/2024/12/ichiranGR-1.pdf
p-ad16ec,wre-2024-tenno-cup-1219,令和6年度 天皇杯全日本レスリング選手権大会,2024,フリースタイル,92kg,2位,https://www.japan-wrestling.jp/wp-content/uploads/2025/04/令和6年度天皇杯_フリースタイル階級別入賞者一覧.pdf
p-ad16ec,wre-2024-tenno-cup-1219,令和6年度 天皇杯全日本レスリング選手権大会,2024,グレコローマン,82kg,3位,https://www.japan-wrestling.jp/wp-content/uploads/2025/04/令和6年度天皇杯_グレコローマン階級別入賞者一覧.pdf
p-ad16ec,wre-2025-tenno-cup-1218,令和7年度 天皇杯全日本レスリング選手権大会,2025,グレコローマン,82kg,2位,https://www.japan-wrestling.jp/wp-content/uploads/2026/01/訂正版_2025-EMPEROR-Cup_RESULT-BOOK.pdf
p-2f1592,wre-2024-meiji-cup-0523,令和6年度 明治杯全日本選抜レスリング選手権大会,2024,女子,76kg,3位,https://www.japan-wrestling.jp/wp-content/uploads/2024/12/ichiranWW.pdf
p-2f1592,wre-2024-tenno-cup-1219,令和6年度 天皇杯全日本レスリング選手権大会,2024,女子,76kg,5位,https://www.japan-wrestling.jp/wp-content/uploads/2025/04/令和6年度天皇杯_女子階級別入賞者一覧.pdf
p-2f1592,wre-2025-tenno-cup-1218,令和7年度 天皇杯全日本レスリング選手権大会,2025,女子,72kg,2位,https://www.japan-wrestling.jp/wp-content/uploads/2026/01/訂正版_2025-EMPEROR-Cup_RESULT-BOOK.pdf
p-2f1592,wre-2026-meiji-cup-0521,令和8年度 明治杯全日本選抜レスリング選手権大会,2026,女子,72kg,2位,https://www.japan-wrestling.jp/wp-content/uploads/2026/05/スタイル別入賞者.pdf
p-434179,wre-2024-tenno-cup-1219,令和6年度 天皇杯全日本レスリング選手権大会,2024,フリースタイル,57kg,5位,https://www.japan-wrestling.jp/wp-content/uploads/2025/04/令和6年度天皇杯_フリースタイル階級別入賞者一覧.pdf
p-434179,wre-2025-intercollegiate-0821,文部科学大臣杯 令和7年度 全日本学生レスリング選手権大会,2025,フリースタイル,57kg,3位,https://www.japan-wrestling.jp/wp-content/uploads/2025/08/文部科学大臣杯-UNIVAS-CUP-令和７年度全日本学生レスリング選手権大会-入賞者一覧（8位まで）-FS.pdf
p-434179,wre-2026-intercollegiate-0820,文部科学大臣杯 UNIVAS CUP 令和8年度 全日本学生レスリング選手権大会,2026,フリースタイル,57kg,2位,https://www.japan-wrestling.jp/wp-content/uploads/2026/08/文部科学大臣杯-UNIVAS-CUP-令和８年度全日本学生レスリング選手権大会-入賞者一覧（8位まで）.pdf
p-434179,wre-2026-meiji-cup-0521,令和8年度 明治杯全日本選抜レスリング選手権大会,2026,フリースタイル,57kg,3位,https://www.japan-wrestling.jp/wp-content/uploads/2026/05/スタイル別入賞者.pdf
p-d61926,wre-2024-tenno-cup-1219,令和6年度 天皇杯全日本レスリング選手権大会,2024,フリースタイル,97kg,5位,https://www.japan-wrestling.jp/wp-content/uploads/2025/04/令和6年度天皇杯_フリースタイル階級別入賞者一覧.pdf
p-d61926,wre-2025-intercollegiate-0821,文部科学大臣杯 令和7年度 全日本学生レスリング選手権大会,2025,フリースタイル,125kg,3位,https://www.japan-wrestling.jp/wp-content/uploads/2025/08/文部科学大臣杯-UNIVAS-CUP-令和７年度全日本学生レスリング選手権大会-入賞者一覧（8位まで）-FS.pdf
p-d61926,wre-2025-tenno-cup-1218,令和7年度 天皇杯全日本レスリング選手権大会,2025,フリースタイル,92kg,7位,https://www.japan-wrestling.jp/wp-content/uploads/2026/01/訂正版_2025-EMPEROR-Cup_RESULT-BOOK.pdf
p-d61926,wre-2025-university-championship-1108,第51回内閣総理大臣杯 令和7年度全日本大学レスリング選手権大会,2025,フリースタイル,92kg,2位,https://www.japan-wrestling.jp/wp-content/uploads/2025/11/2025.内閣_入賞者一覧（再修正版）.pdf
p-492845,wre-2024-tenno-cup-1219,令和6年度 天皇杯全日本レスリング選手権大会,2024,グレコローマン,82kg,7位,https://www.japan-wrestling.jp/wp-content/uploads/2025/04/令和6年度天皇杯_グレコローマン階級別入賞者一覧.pdf
p-492845,wre-2025-shakaijin-0712,第72回 全日本社会人レスリング選手権大会,2025,グレコローマン,82kg,2位,https://www.japan-wrestling.jp/wp-content/uploads/2025/07/第72回社会人記録（優勝者一覧・個人賞）.pdf
p-492845,wre-2025-tenno-cup-1218,令和7年度 天皇杯全日本レスリング選手権大会,2025,グレコローマン,82kg,3位,https://www.japan-wrestling.jp/wp-content/uploads/2026/01/訂正版_2025-EMPEROR-Cup_RESULT-BOOK.pdf
p-492845,wre-2026-meiji-cup-0521,令和8年度 明治杯全日本選抜レスリング選手権大会,2026,グレコローマン,82kg,2位,https://www.japan-wrestling.jp/wp-content/uploads/2026/05/スタイル別入賞者.pdf
p-d805b4,wre-2024-tenno-cup-1219,令和6年度 天皇杯全日本レスリング選手権大会,2024,女子,53kg,2位,https://www.japan-wrestling.jp/wp-content/uploads/2025/04/令和6年度天皇杯_女子階級別入賞者一覧.pdf
p-d805b4,wre-2025-intercollegiate-0821,文部科学大臣杯 令和7年度 全日本学生レスリング選手権大会,2025,女子,53kg,3位,https://www.japan-wrestling.jp/wp-content/uploads/2025/08/文部科学大臣杯-UNIVAS-CUP-令和７年度全日本学生レスリング選手権大会-入賞者一覧（8位まで）_WW.pdf
p-d805b4,wre-2025-tenno-cup-1218,令和7年度 天皇杯全日本レスリング選手権大会,2025,女子,53kg,3位,https://www.japan-wrestling.jp/wp-content/uploads/2026/01/訂正版_2025-EMPEROR-Cup_RESULT-BOOK.pdf
p-d805b4,wre-2026-intercollegiate-0820,文部科学大臣杯 UNIVAS CUP 令和8年度 全日本学生レスリング選手権大会,2026,女子,53kg,2位,https://www.japan-wrestling.jp/wp-content/uploads/2026/08/文部科学大臣杯-UNIVAS-CUP-令和８年度全日本学生レスリング選手権大会-WW入賞者一覧（8位まで）.pdf
p-276e61,wre-2024-tenno-cup-1219,令和6年度 天皇杯全日本レスリング選手権大会,2024,女子,55kg,8位,https://www.japan-wrestling.jp/wp-content/uploads/2025/04/令和6年度天皇杯_女子階級別入賞者一覧.pdf
p-276e61,wre-2025-intercollegiate-0821,文部科学大臣杯 令和7年度 全日本学生レスリング選手権大会,2025,女子,55kg,2位,https://www.japan-wrestling.jp/wp-content/uploads/2025/08/文部科学大臣杯-UNIVAS-CUP-令和７年度全日本学生レスリング選手権大会-入賞者一覧（8位まで）_WW.pdf
p-276e61,wre-2025-tenno-cup-1218,令和7年度 天皇杯全日本レスリング選手権大会,2025,女子,55kg,3位,https://www.japan-wrestling.jp/wp-content/uploads/2026/01/訂正版_2025-EMPEROR-Cup_RESULT-BOOK.pdf
p-276e61,wre-2026-intercollegiate-0820,文部科学大臣杯 UNIVAS CUP 令和8年度 全日本学生レスリング選手権大会,2026,女子,55kg,3位,https://www.japan-wrestling.jp/wp-content/uploads/2026/08/文部科学大臣杯-UNIVAS-CUP-令和８年度全日本学生レスリング選手権大会-WW入賞者一覧（8位まで）.pdf
p-886fb6,wre-2024-tenno-cup-1219,令和6年度 天皇杯全日本レスリング選手権大会,2024,女子,72kg,3位,https://www.japan-wrestling.jp/wp-content/uploads/2025/04/令和6年度天皇杯_女子階級別入賞者一覧.pdf
p-886fb6,wre-2025-intercollegiate-0821,文部科学大臣杯 令和7年度 全日本学生レスリング選手権大会,2025,女子,68kg,3位,https://www.japan-wrestling.jp/wp-content/uploads/2025/08/文部科学大臣杯-UNIVAS-CUP-令和７年度全日本学生レスリング選手権大会-入賞者一覧（8位まで）_WW.pdf
p-886fb6,wre-2025-tenno-cup-1218,令和7年度 天皇杯全日本レスリング選手権大会,2025,女子,65kg,2位,https://www.japan-wrestling.jp/wp-content/uploads/2026/01/訂正版_2025-EMPEROR-Cup_RESULT-BOOK.pdf
p-886fb6,wre-2026-intercollegiate-0820,文部科学大臣杯 UNIVAS CUP 令和8年度 全日本学生レスリング選手権大会,2026,女子,65kg,3位,https://www.japan-wrestling.jp/wp-content/uploads/2026/08/文部科学大臣杯-UNIVAS-CUP-令和８年度全日本学生レスリング選手権大会-WW入賞者一覧（8位まで）.pdf
p-2f9115,wre-2024-tenno-cup-1219,令和6年度 天皇杯全日本レスリング選手権大会,2024,女子,72kg,7位,https://www.japan-wrestling.jp/wp-content/uploads/2025/04/令和6年度天皇杯_女子階級別入賞者一覧.pdf
p-2f9115,wre-2025-shakaijin-0712,第72回 全日本社会人レスリング選手権大会,2025,女子,72kg,2位,https://www.japan-wrestling.jp/wp-content/uploads/2025/07/第72回社会人記録（優勝者一覧・個人賞）.pdf
p-2f9115,wre-2025-tenno-cup-1218,令和7年度 天皇杯全日本レスリング選手権大会,2025,女子,72kg,5位,https://www.japan-wrestling.jp/wp-content/uploads/2026/01/訂正版_2025-EMPEROR-Cup_RESULT-BOOK.pdf
p-2f9115,wre-2026-intercollegiate-0820,文部科学大臣杯 UNIVAS CUP 令和8年度 全日本学生レスリング選手権大会,2026,女子,72kg,2位,https://www.japan-wrestling.jp/wp-content/uploads/2026/08/文部科学大臣杯-UNIVAS-CUP-令和８年度全日本学生レスリング選手権大会-WW入賞者一覧（8位まで）.pdf
p-850528,wre-2025-east-autumn-1127,令和7年度 東日本学生レスリング選手権大会(秋季大会),2025,新人戦 グレコローマン,67kg,3位,https://www.japan-wrestling.jp/wp-content/uploads/2025/12/令和7年度東日本学生レスリング選手権大会（春季大会）入賞者一覧_新FS・GR.pdf
p-850528,wre-2025-east-spring-0709,令和7年度 東日本学生レスリング選手権大会(春季大会),2025,新人戦 グレコローマン,67kg,3位,https://www.japan-wrestling.jp/wp-content/uploads/2025/07/令和7年度東日本学生レスリング選手権大会（春季大会）入賞者一覧_WW・新GR.pdf
p-850528,wre-2026-east-spring-0713,令和8年度 東日本学生レスリング選手権大会(春季大会),2026,グレコローマン,67kg,2位,https://www.japan-wrestling.jp/wp-content/uploads/2026/07/令和8年度東日本学生レスリング選手権大会（春季大会）入賞者一覧_選FS・GR.pdf
p-850528,wre-2026-intercollegiate-0820,文部科学大臣杯 UNIVAS CUP 令和8年度 全日本学生レスリング選手権大会,2026,グレコローマン,67kg,2位,https://www.japan-wrestling.jp/wp-content/uploads/2026/08/文部科学大臣杯-UNIVAS-CUP-令和８年度全日本学生レスリング選手権大会-GR入賞者一覧（8位まで）.pdf
p-3902be,wre-2025-east-spring-0709,令和7年度 東日本学生レスリング選手権大会(春季大会),2025,新人戦 グレコローマン,82kg,2位,https://www.japan-wrestling.jp/wp-content/uploads/2025/07/令和7年度東日本学生レスリング選手権大会（春季大会）入賞者一覧_WW・新GR.pdf
p-3902be,wre-2025-tenno-cup-1218,令和7年度 天皇杯全日本レスリング選手権大会,2025,グレコローマン,82kg,8位,https://www.japan-wrestling.jp/wp-content/uploads/2026/01/訂正版_2025-EMPEROR-Cup_RESULT-BOOK.pdf
p-3902be,wre-2025-university-greco-1018,文部科学大臣杯 令和7年度 全日本大学レスリンググレコローマンレスリング選手権大会,2025,グレコローマン,82kg,3位,https://www.japan-wrestling.jp/wp-content/uploads/2025/10/文部科学大臣杯-令和7年度全日本大学グレコローマンスタイル選手権大会-入賞者一覧（8位まで）.pdf
p-3902be,wre-2026-east-spring-0713,令和8年度 東日本学生レスリング選手権大会(春季大会),2026,新人戦 グレコローマン,82kg,2位,https://www.japan-wrestling.jp/wp-content/uploads/2026/07/令和8年度東日本学生レスリング選手権大会（春季大会）入賞者一覧_WW・新GR.pdf
p-ff4a17,wre-2025-east-spring-0709,令和7年度 東日本学生レスリング選手権大会(春季大会),2025,新人戦 グレコローマン,97kg,2位,https://www.japan-wrestling.jp/wp-content/uploads/2025/07/令和7年度東日本学生レスリング選手権大会（春季大会）入賞者一覧_WW・新GR.pdf
p-ff4a17,wre-2025-east-spring-0709,令和7年度 東日本学生レスリング選手権大会(春季大会),2025,新人戦 フリースタイル,97kg,3位,https://www.japan-wrestling.jp/wp-content/uploads/2025/07/令和7年度東日本学生レスリング選手権大会（春季大会）入賞者一覧_新FA・FB.pdf
p-ff4a17,wre-2026-east-spring-0713,令和8年度 東日本学生レスリング選手権大会(春季大会),2026,グレコローマン,97kg,2位,https://www.japan-wrestling.jp/wp-content/uploads/2026/07/令和8年度東日本学生レスリング選手権大会（春季大会）入賞者一覧_選FS・GR.pdf
p-ff4a17,wre-2026-intercollegiate-0820,文部科学大臣杯 UNIVAS CUP 令和8年度 全日本学生レスリング選手権大会,2026,グレコローマン,97kg,5位,https://www.japan-wrestling.jp/wp-content/uploads/2026/08/文部科学大臣杯-UNIVAS-CUP-令和８年度全日本学生レスリング選手権大会-GR入賞者一覧（8位まで）.pdf
p-e6960a,wre-2025-east-spring-0709,令和7年度 東日本学生レスリング選手権大会(春季大会),2025,新人戦 女子,59kg,3位,https://www.japan-wrestling.jp/wp-content/uploads/2025/07/令和7年度東日本学生レスリング選手権大会（春季大会）入賞者一覧_WW・新GR.pdf
p-e6960a,wre-2025-intercollegiate-0821,文部科学大臣杯 令和7年度 全日本学生レスリング選手権大会,2025,女子,59kg,2位,https://www.japan-wrestling.jp/wp-content/uploads/2025/08/文部科学大臣杯-UNIVAS-CUP-令和７年度全日本学生レスリング選手権大会-入賞者一覧（8位まで）_WW.pdf
p-e6960a,wre-2026-east-spring-0713,令和8年度 東日本学生レスリング選手権大会(春季大会),2026,新人戦 女子,59kg,3位,https://www.japan-wrestling.jp/wp-content/uploads/2026/07/令和8年度東日本学生レスリング選手権大会（春季大会）入賞者一覧_WW・新GR.pdf
p-e6960a,wre-2026-intercollegiate-0820,文部科学大臣杯 UNIVAS CUP 令和8年度 全日本学生レスリング選手権大会,2026,女子,59kg,3位,https://www.japan-wrestling.jp/wp-content/uploads/2026/08/文部科学大臣杯-UNIVAS-CUP-令和８年度全日本学生レスリング選手権大会-WW入賞者一覧（8位まで）.pdf
p-1b73f4,wre-2025-east-spring-0709,令和7年度 東日本学生レスリング選手権大会(春季大会),2025,新人戦 フリースタイル,57kg,2位,https://www.japan-wrestling.jp/wp-content/uploads/2025/07/令和7年度東日本学生レスリング選手権大会（春季大会）入賞者一覧_新FA・FB.pdf
p-1b73f4,wre-2025-tenno-cup-1218,令和7年度 天皇杯全日本レスリング選手権大会,2025,フリースタイル,57kg,5位,https://www.japan-wrestling.jp/wp-content/uploads/2026/01/訂正版_2025-EMPEROR-Cup_RESULT-BOOK.pdf
p-1b73f4,wre-2025-university-championship-1108,第51回内閣総理大臣杯 令和7年度全日本大学レスリング選手権大会,2025,フリースタイル,57kg,3位,https://www.japan-wrestling.jp/wp-content/uploads/2025/11/2025.内閣_入賞者一覧（再修正版）.pdf
p-1b73f4,wre-2026-intercollegiate-0820,文部科学大臣杯 UNIVAS CUP 令和8年度 全日本学生レスリング選手権大会,2026,フリースタイル,57kg,5位,https://www.japan-wrestling.jp/wp-content/uploads/2026/08/文部科学大臣杯-UNIVAS-CUP-令和８年度全日本学生レスリング選手権大会-入賞者一覧（8位まで）.pdf
p-d0f06f,wre-2025-east-spring-0709,令和7年度 東日本学生レスリング選手権大会(春季大会),2025,新人戦 フリースタイル,65kg,2位,https://www.japan-wrestling.jp/wp-content/uploads/2025/07/令和7年度東日本学生レスリング選手権大会（春季大会）入賞者一覧_新FA・FB.pdf
p-d0f06f,wre-2025-university-championship-1108,第51回内閣総理大臣杯 令和7年度全日本大学レスリング選手権大会,2025,フリースタイル,74kg,5位,https://www.japan-wrestling.jp/wp-content/uploads/2025/11/2025.内閣_入賞者一覧（再修正版）.pdf
p-d0f06f,wre-2026-east-spring-0713,令和8年度 東日本学生レスリング選手権大会(春季大会),2026,フリースタイル,65kg,3位,https://www.japan-wrestling.jp/wp-content/uploads/2026/07/令和8年度東日本学生レスリング選手権大会（春季大会）入賞者一覧_選FS・GR.pdf
p-d0f06f,wre-2026-intercollegiate-0820,文部科学大臣杯 UNIVAS CUP 令和8年度 全日本学生レスリング選手権大会,2026,フリースタイル,65kg,3位,https://www.japan-wrestling.jp/wp-content/uploads/2026/08/文部科学大臣杯-UNIVAS-CUP-令和８年度全日本学生レスリング選手権大会-入賞者一覧（8位まで）.pdf
p-ce40b6,wre-2025-east-autumn-1127,令和7年度 東日本学生レスリング選手権大会(秋季大会),2025,グレコローマン,60kg,2位,https://www.japan-wrestling.jp/wp-content/uploads/2025/12/令和7年度東日本学生レスリング選手権大会（春季大会）入賞者一覧_選FS・GR.pdf
p-ce40b6,wre-2025-east-spring-0709,令和7年度 東日本学生レスリング選手権大会(春季大会),2025,グレコローマン,60kg,3位,https://www.japan-wrestling.jp/wp-content/uploads/2025/07/令和7年度東日本学生レスリング選手権大会（春季大会）入賞者一覧_選手権F・G.pdf
p-ce40b6,wre-2025-intercollegiate-0821,文部科学大臣杯 令和7年度 全日本学生レスリング選手権大会,2025,グレコローマン,60kg,3位,https://www.japan-wrestling.jp/wp-content/uploads/2025/08/文部科学大臣杯-UNIVAS-CUP-令和７年度全日本学生レスリング選手権大会-入賞者一覧（8位まで）_GR.pdf
p-ce40b6,wre-2026-intercollegiate-0820,文部科学大臣杯 UNIVAS CUP 令和8年度 全日本学生レスリング選手権大会,2026,グレコローマン,60kg,5位,https://www.japan-wrestling.jp/wp-content/uploads/2026/08/文部科学大臣杯-UNIVAS-CUP-令和８年度全日本学生レスリング選手権大会-GR入賞者一覧（8位まで）.pdf
p-0b2471,wre-2025-east-autumn-1127,令和7年度 東日本学生レスリング選手権大会(秋季大会),2025,フリースタイル,57kg,3位,https://www.japan-wrestling.jp/wp-content/uploads/2025/12/令和7年度東日本学生レスリング選手権大会（春季大会）入賞者一覧_選FS・GR.pdf
p-0b2471,wre-2025-east-spring-0709,令和7年度 東日本学生レスリング選手権大会(春季大会),2025,フリースタイル,57kg,2位,https://www.japan-wrestling.jp/wp-content/uploads/2025/07/令和7年度東日本学生レスリング選手権大会（春季大会）入賞者一覧_選手権F・G.pdf
p-0b2471,wre-2025-university-championship-1108,第51回内閣総理大臣杯 令和7年度全日本大学レスリング選手権大会,2025,フリースタイル,57kg,8位,https://www.japan-wrestling.jp/wp-content/uploads/2025/11/2025.内閣_入賞者一覧（再修正版）.pdf
p-0b2471,wre-2026-intercollegiate-0820,文部科学大臣杯 UNIVAS CUP 令和8年度 全日本学生レスリング選手権大会,2026,フリースタイル,57kg,5位,https://www.japan-wrestling.jp/wp-content/uploads/2026/08/文部科学大臣杯-UNIVAS-CUP-令和８年度全日本学生レスリング選手権大会-入賞者一覧（8位まで）.pdf
p-787c90,wre-2025-east-spring-0709,令和7年度 東日本学生レスリング選手権大会(春季大会),2025,フリースタイル,70kg,2位,https://www.japan-wrestling.jp/wp-content/uploads/2025/07/令和7年度東日本学生レスリング選手権大会（春季大会）入賞者一覧_選手権F・G.pdf
p-787c90,wre-2025-intercollegiate-0821,文部科学大臣杯 令和7年度 全日本学生レスリング選手権大会,2025,フリースタイル,70kg,2位,https://www.japan-wrestling.jp/wp-content/uploads/2025/08/文部科学大臣杯-UNIVAS-CUP-令和７年度全日本学生レスリング選手権大会-入賞者一覧（8位まで）-FS.pdf
p-787c90,wre-2025-university-championship-1108,第51回内閣総理大臣杯 令和7年度全日本大学レスリング選手権大会,2025,フリースタイル,70kg,3位,https://www.japan-wrestling.jp/wp-content/uploads/2025/11/2025.内閣_入賞者一覧（再修正版）.pdf
p-787c90,wre-2026-intercollegiate-0820,文部科学大臣杯 UNIVAS CUP 令和8年度 全日本学生レスリング選手権大会,2026,フリースタイル,70kg,2位,https://www.japan-wrestling.jp/wp-content/uploads/2026/08/文部科学大臣杯-UNIVAS-CUP-令和８年度全日本学生レスリング選手権大会-入賞者一覧（8位まで）.pdf
p-2ef0cf,wre-2025-shakaijin-0712,第72回 全日本社会人レスリング選手権大会,2025,フリースタイル,79kg,2位,https://www.japan-wrestling.jp/wp-content/uploads/2025/07/第72回社会人記録（優勝者一覧・個人賞）.pdf
p-2ef0cf,wre-2025-shakaijin-0712,第72回 全日本社会人レスリング選手権大会,2025,グレコローマン,77kg,3位,https://www.japan-wrestling.jp/wp-content/uploads/2025/07/第72回社会人記録（優勝者一覧・個人賞）.pdf
p-2ef0cf,wre-2025-tenno-cup-1218,令和7年度 天皇杯全日本レスリング選手権大会,2025,フリースタイル,74kg,3位,https://www.japan-wrestling.jp/wp-content/uploads/2026/01/訂正版_2025-EMPEROR-Cup_RESULT-BOOK.pdf
p-2ef0cf,wre-2026-meiji-cup-0521,令和8年度 明治杯全日本選抜レスリング選手権大会,2026,フリースタイル,74kg,3位,https://www.japan-wrestling.jp/wp-content/uploads/2026/05/スタイル別入賞者.pdf
p-c4de86,wre-2025-intercollegiate-0821,文部科学大臣杯 令和7年度 全日本学生レスリング選手権大会,2025,フリースタイル,86kg,2位,https://www.japan-wrestling.jp/wp-content/uploads/2025/08/文部科学大臣杯-UNIVAS-CUP-令和７年度全日本学生レスリング選手権大会-入賞者一覧（8位まで）-FS.pdf
p-c4de86,wre-2025-tenno-cup-1218,令和7年度 天皇杯全日本レスリング選手権大会,2025,フリースタイル,86kg,3位,https://www.japan-wrestling.jp/wp-content/uploads/2026/01/訂正版_2025-EMPEROR-Cup_RESULT-BOOK.pdf
p-c4de86,wre-2025-university-championship-1108,第51回内閣総理大臣杯 令和7年度全日本大学レスリング選手権大会,2025,フリースタイル,86kg,2位,https://www.japan-wrestling.jp/wp-content/uploads/2025/11/2025.内閣_入賞者一覧（再修正版）.pdf
p-c4de86,wre-2026-meiji-cup-0521,令和8年度 明治杯全日本選抜レスリング選手権大会,2026,フリースタイル,86kg,2位,https://www.japan-wrestling.jp/wp-content/uploads/2026/05/スタイル別入賞者.pdf
p-6f2be5,wre-2026-east-spring-0713,令和8年度 東日本学生レスリング選手権大会(春季大会),2026,新人戦 グレコローマン,97kg,2位,https://www.japan-wrestling.jp/wp-content/uploads/2026/07/令和8年度東日本学生レスリング選手権大会（春季大会）入賞者一覧_WW・新GR.pdf
p-6f2be5,wre-2026-intercollegiate-0820,文部科学大臣杯 UNIVAS CUP 令和8年度 全日本学生レスリング選手権大会,2026,フリースタイル,97kg,3位,https://www.japan-wrestling.jp/wp-content/uploads/2026/08/文部科学大臣杯-UNIVAS-CUP-令和８年度全日本学生レスリング選手権大会-入賞者一覧（8位まで）.pdf
p-6f2be5,wre-2026-intercollegiate-0820,文部科学大臣杯 UNIVAS CUP 令和8年度 全日本学生レスリング選手権大会,2026,グレコローマン,97kg,5位,https://www.japan-wrestling.jp/wp-content/uploads/2026/08/文部科学大臣杯-UNIVAS-CUP-令和８年度全日本学生レスリング選手権大会-GR入賞者一覧（8位まで）.pdf
p-6f2be5,wre-2026-meiji-cup-0521,令和8年度 明治杯全日本選抜レスリング選手権大会,2026,グレコローマン,97kg,3位,https://www.japan-wrestling.jp/wp-content/uploads/2026/05/スタイル別入賞者.pdf
p-f42b85,wre-2026-east-spring-0713,令和8年度 東日本学生レスリング選手権大会(春季大会),2026,新人戦 フリースタイル,74kg,2位,https://www.japan-wrestling.jp/wp-content/uploads/2026/07/令和8年度東日本学生レスリング選手権大会（春季大会）入賞者一覧_新FA・FB.pdf
p-f42b85,wre-2026-east-spring-0713,令和8年度 東日本学生レスリング選手権大会(春季大会),2026,新人戦 グレコローマン,72kg,3位,https://www.japan-wrestling.jp/wp-content/uploads/2026/07/令和8年度東日本学生レスリング選手権大会（春季大会）入賞者一覧_WW・新GR.pdf
p-f42b85,wre-2026-intercollegiate-0820,文部科学大臣杯 UNIVAS CUP 令和8年度 全日本学生レスリング選手権大会,2026,フリースタイル,74kg,3位,https://www.japan-wrestling.jp/wp-content/uploads/2026/08/文部科学大臣杯-UNIVAS-CUP-令和８年度全日本学生レスリング選手権大会-入賞者一覧（8位まで）.pdf
p-f42b85,wre-2026-intercollegiate-0820,文部科学大臣杯 UNIVAS CUP 令和8年度 全日本学生レスリング選手権大会,2026,グレコローマン,72kg,5位,https://www.japan-wrestling.jp/wp-content/uploads/2026/08/文部科学大臣杯-UNIVAS-CUP-令和８年度全日本学生レスリング選手権大会-GR入賞者一覧（8位まで）.pdf
p-a9eaca,wre-2024-meiji-cup-0523,令和6年度 明治杯全日本選抜レスリング選手権大会,2024,フリースタイル,79kg,3位,https://www.japan-wrestling.jp/wp-content/uploads/2024/12/ichiranFS-1.pdf
p-a9eaca,wre-2024-tenno-cup-1219,令和6年度 天皇杯全日本レスリング選手権大会,2024,フリースタイル,79kg,8位,https://www.japan-wrestling.jp/wp-content/uploads/2025/04/令和6年度天皇杯_フリースタイル階級別入賞者一覧.pdf
p-a9eaca,wre-2025-intercollegiate-0821,文部科学大臣杯 令和7年度 全日本学生レスリング選手権大会,2025,フリースタイル,79kg,3位,https://www.japan-wrestling.jp/wp-content/uploads/2025/08/文部科学大臣杯-UNIVAS-CUP-令和７年度全日本学生レスリング選手権大会-入賞者一覧（8位まで）-FS.pdf
p-a9eaca,wre-2025-tenno-cup-1218,令和7年度 天皇杯全日本レスリング選手権大会,2025,フリースタイル,79kg,3位,https://www.japan-wrestling.jp/wp-content/uploads/2026/01/訂正版_2025-EMPEROR-Cup_RESULT-BOOK.pdf
p-b3b40e,wre-2024-tenno-cup-1219,令和6年度 天皇杯全日本レスリング選手権大会,2024,グレコローマン,87kg,8位,https://www.japan-wrestling.jp/wp-content/uploads/2025/04/令和6年度天皇杯_グレコローマン階級別入賞者一覧.pdf
p-b3b40e,wre-2025-east-spring-0709,令和7年度 東日本学生レスリング選手権大会(春季大会),2025,グレコローマン,82kg,3位,https://www.japan-wrestling.jp/wp-content/uploads/2025/07/令和7年度東日本学生レスリング選手権大会（春季大会）入賞者一覧_選手権F・G.pdf
p-b3b40e,wre-2025-intercollegiate-0821,文部科学大臣杯 令和7年度 全日本学生レスリング選手権大会,2025,グレコローマン,82kg,3位,https://www.japan-wrestling.jp/wp-content/uploads/2025/08/文部科学大臣杯-UNIVAS-CUP-令和７年度全日本学生レスリング選手権大会-入賞者一覧（8位まで）_GR.pdf
p-b3b40e,wre-2026-east-spring-0713,令和8年度 東日本学生レスリング選手権大会(春季大会),2026,グレコローマン,82kg,3位,https://www.japan-wrestling.jp/wp-content/uploads/2026/07/令和8年度東日本学生レスリング選手権大会（春季大会）入賞者一覧_選FS・GR.pdf
p-551c58,wre-2024-tenno-cup-1219,令和6年度 天皇杯全日本レスリング選手権大会,2024,女子,53kg,5位,https://www.japan-wrestling.jp/wp-content/uploads/2025/04/令和6年度天皇杯_女子階級別入賞者一覧.pdf
p-551c58,wre-2025-intercollegiate-0821,文部科学大臣杯 令和7年度 全日本学生レスリング選手権大会,2025,女子,53kg,5位,https://www.japan-wrestling.jp/wp-content/uploads/2025/08/文部科学大臣杯-UNIVAS-CUP-令和７年度全日本学生レスリング選手権大会-入賞者一覧（8位まで）_WW.pdf
p-551c58,wre-2025-tenno-cup-1218,令和7年度 天皇杯全日本レスリング選手権大会,2025,女子,53kg,5位,https://www.japan-wrestling.jp/wp-content/uploads/2026/01/訂正版_2025-EMPEROR-Cup_RESULT-BOOK.pdf
p-551c58,wre-2026-intercollegiate-0820,文部科学大臣杯 UNIVAS CUP 令和8年度 全日本学生レスリング選手権大会,2026,女子,53kg,3位,https://www.japan-wrestling.jp/wp-content/uploads/2026/08/文部科学大臣杯-UNIVAS-CUP-令和８年度全日本学生レスリング選手権大会-WW入賞者一覧（8位まで）.pdf
p-f078a9,wre-2025-east-spring-0709,令和7年度 東日本学生レスリング選手権大会(春季大会),2025,新人戦 女子,65kg,3位,https://www.japan-wrestling.jp/wp-content/uploads/2025/07/令和7年度東日本学生レスリング選手権大会（春季大会）入賞者一覧_WW・新GR.pdf
p-f078a9,wre-2025-intercollegiate-0821,文部科学大臣杯 令和7年度 全日本学生レスリング選手権大会,2025,女子,65kg,3位,https://www.japan-wrestling.jp/wp-content/uploads/2025/08/文部科学大臣杯-UNIVAS-CUP-令和７年度全日本学生レスリング選手権大会-入賞者一覧（8位まで）_WW.pdf
p-f078a9,wre-2026-east-spring-0713,令和8年度 東日本学生レスリング選手権大会(春季大会),2026,新人戦 女子,65kg,3位,https://www.japan-wrestling.jp/wp-content/uploads/2026/07/令和8年度東日本学生レスリング選手権大会（春季大会）入賞者一覧_WW・新GR.pdf
p-f078a9,wre-2026-intercollegiate-0820,文部科学大臣杯 UNIVAS CUP 令和8年度 全日本学生レスリング選手権大会,2026,女子,68kg,3位,https://www.japan-wrestling.jp/wp-content/uploads/2026/08/文部科学大臣杯-UNIVAS-CUP-令和８年度全日本学生レスリング選手権大会-WW入賞者一覧（8位まで）.pdf
p-6ce87b,wre-2025-east-spring-0709,令和7年度 東日本学生レスリング選手権大会(春季大会),2025,新人戦 フリースタイル,74kg,3位,https://www.japan-wrestling.jp/wp-content/uploads/2025/07/令和7年度東日本学生レスリング選手権大会（春季大会）入賞者一覧_新FA・FB.pdf
p-6ce87b,wre-2025-university-championship-1108,第51回内閣総理大臣杯 令和7年度全日本大学レスリング選手権大会,2025,フリースタイル,74kg,8位,https://www.japan-wrestling.jp/wp-content/uploads/2025/11/2025.内閣_入賞者一覧（再修正版）.pdf
p-6ce87b,wre-2026-east-spring-0713,令和8年度 東日本学生レスリング選手権大会(春季大会),2026,新人戦 フリースタイル,74kg,3位,https://www.japan-wrestling.jp/wp-content/uploads/2026/07/令和8年度東日本学生レスリング選手権大会（春季大会）入賞者一覧_新FA・FB.pdf
p-6ce87b,wre-2026-intercollegiate-0820,文部科学大臣杯 UNIVAS CUP 令和8年度 全日本学生レスリング選手権大会,2026,フリースタイル,74kg,3位,https://www.japan-wrestling.jp/wp-content/uploads/2026/08/文部科学大臣杯-UNIVAS-CUP-令和８年度全日本学生レスリング選手権大会-入賞者一覧（8位まで）.pdf
p-c4331b,wre-2025-east-autumn-1127,令和7年度 東日本学生レスリング選手権大会(秋季大会),2025,フリースタイル,79kg,3位,https://www.japan-wrestling.jp/wp-content/uploads/2025/12/令和7年度東日本学生レスリング選手権大会（春季大会）入賞者一覧_選FS・GR.pdf
p-c4331b,wre-2025-east-spring-0709,令和7年度 東日本学生レスリング選手権大会(春季大会),2025,フリースタイル,70kg,3位,https://www.japan-wrestling.jp/wp-content/uploads/2025/07/令和7年度東日本学生レスリング選手権大会（春季大会）入賞者一覧_選手権F・G.pdf
p-c4331b,wre-2025-intercollegiate-0821,文部科学大臣杯 令和7年度 全日本学生レスリング選手権大会,2025,フリースタイル,70kg,5位,https://www.japan-wrestling.jp/wp-content/uploads/2025/08/文部科学大臣杯-UNIVAS-CUP-令和７年度全日本学生レスリング選手権大会-入賞者一覧（8位まで）-FS.pdf
p-c4331b,wre-2025-university-championship-1108,第51回内閣総理大臣杯 令和7年度全日本大学レスリング選手権大会,2025,フリースタイル,74kg,5位,https://www.japan-wrestling.jp/wp-content/uploads/2025/11/2025.内閣_入賞者一覧（再修正版）.pdf
p-867d9a,wre-2025-intercollegiate-0821,文部科学大臣杯 令和7年度 全日本学生レスリング選手権大会,2025,女子,53kg,3位,https://www.japan-wrestling.jp/wp-content/uploads/2025/08/文部科学大臣杯-UNIVAS-CUP-令和７年度全日本学生レスリング選手権大会-入賞者一覧（8位まで）_WW.pdf
p-867d9a,wre-2025-shakaijin-0712,第72回 全日本社会人レスリング選手権大会,2025,女子,53kg,3位,https://www.japan-wrestling.jp/wp-content/uploads/2025/07/第72回社会人記録（優勝者一覧・個人賞）.pdf
p-867d9a,wre-2025-tenno-cup-1218,令和7年度 天皇杯全日本レスリング選手権大会,2025,女子,53kg,8位,https://www.japan-wrestling.jp/wp-content/uploads/2026/01/訂正版_2025-EMPEROR-Cup_RESULT-BOOK.pdf
p-867d9a,wre-2026-intercollegiate-0820,文部科学大臣杯 UNIVAS CUP 令和8年度 全日本学生レスリング選手権大会,2026,女子,53kg,3位,https://www.japan-wrestling.jp/wp-content/uploads/2026/08/文部科学大臣杯-UNIVAS-CUP-令和８年度全日本学生レスリング選手権大会-WW入賞者一覧（8位まで）.pdf
p-495b45,wre-2025-intercollegiate-0821,文部科学大臣杯 令和7年度 全日本学生レスリング選手権大会,2025,フリースタイル,92kg,5位,https://www.japan-wrestling.jp/wp-content/uploads/2025/08/文部科学大臣杯-UNIVAS-CUP-令和７年度全日本学生レスリング選手権大会-入賞者一覧（8位まで）-FS.pdf
p-495b45,wre-2025-university-championship-1108,第51回内閣総理大臣杯 令和7年度全日本大学レスリング選手権大会,2025,フリースタイル,92kg,3位,https://www.japan-wrestling.jp/wp-content/uploads/2025/11/2025.内閣_入賞者一覧（再修正版）.pdf
p-495b45,wre-2026-intercollegiate-0820,文部科学大臣杯 UNIVAS CUP 令和8年度 全日本学生レスリング選手権大会,2026,フリースタイル,92kg,5位,https://www.japan-wrestling.jp/wp-content/uploads/2026/08/文部科学大臣杯-UNIVAS-CUP-令和８年度全日本学生レスリング選手権大会-入賞者一覧（8位まで）.pdf
p-495b45,wre-2026-meiji-cup-0521,令和8年度 明治杯全日本選抜レスリング選手権大会,2026,フリースタイル,92kg,3位,https://www.japan-wrestling.jp/wp-content/uploads/2026/05/スタイル別入賞者.pdf
p-6c76ba,wre-2024-meiji-cup-0523,令和6年度 明治杯全日本選抜レスリング選手権大会,2024,フリースタイル,57kg,1位,https://www.japan-wrestling.jp/wp-content/uploads/2024/12/ichiranFS-1.pdf
p-6c76ba,wre-2024-tenno-cup-1219,令和6年度 天皇杯全日本レスリング選手権大会,2024,フリースタイル,57kg,3位,https://www.japan-wrestling.jp/wp-content/uploads/2025/04/令和6年度天皇杯_フリースタイル階級別入賞者一覧.pdf
p-6c76ba,wre-2025-tenno-cup-1218,令和7年度 天皇杯全日本レスリング選手権大会,2025,フリースタイル,57kg,7位,https://www.japan-wrestling.jp/wp-content/uploads/2026/01/訂正版_2025-EMPEROR-Cup_RESULT-BOOK.pdf
p-772eb4,wre-2024-meiji-cup-0523,令和6年度 明治杯全日本選抜レスリング選手権大会,2024,フリースタイル,65kg,1位,https://www.japan-wrestling.jp/wp-content/uploads/2024/12/ichiranFS-1.pdf
p-772eb4,wre-2024-tenno-cup-1219,令和6年度 天皇杯全日本レスリング選手権大会,2024,フリースタイル,65kg,8位,https://www.japan-wrestling.jp/wp-content/uploads/2025/04/令和6年度天皇杯_フリースタイル階級別入賞者一覧.pdf
p-772eb4,wre-2025-shakaijin-0712,第72回 全日本社会人レスリング選手権大会,2025,フリースタイル,65kg,2位,https://www.japan-wrestling.jp/wp-content/uploads/2025/07/第72回社会人記録（優勝者一覧・個人賞）.pdf
p-b55a47,wre-2024-meiji-cup-0523,令和6年度 明治杯全日本選抜レスリング選手権大会,2024,フリースタイル,65kg,3位,https://www.japan-wrestling.jp/wp-content/uploads/2024/12/ichiranFS-1.pdf
p-b55a47,wre-2024-tenno-cup-1219,令和6年度 天皇杯全日本レスリング選手権大会,2024,フリースタイル,65kg,7位,https://www.japan-wrestling.jp/wp-content/uploads/2025/04/令和6年度天皇杯_フリースタイル階級別入賞者一覧.pdf
p-b55a47,wre-2025-shakaijin-0712,第72回 全日本社会人レスリング選手権大会,2025,フリースタイル,65kg,1位,https://www.japan-wrestling.jp/wp-content/uploads/2025/07/第72回社会人記録（優勝者一覧・個人賞）.pdf
p-05a37d,wre-2024-meiji-cup-0523,令和6年度 明治杯全日本選抜レスリング選手権大会,2024,フリースタイル,86kg,1位,https://www.japan-wrestling.jp/wp-content/uploads/2024/12/ichiranFS-1.pdf
p-05a37d,wre-2024-tenno-cup-1219,令和6年度 天皇杯全日本レスリング選手権大会,2024,フリースタイル,86kg,1位,https://www.japan-wrestling.jp/wp-content/uploads/2025/04/令和6年度天皇杯_フリースタイル階級別入賞者一覧.pdf
p-05a37d,wre-2025-tenno-cup-1218,令和7年度 天皇杯全日本レスリング選手権大会,2025,フリースタイル,86kg,3位,https://www.japan-wrestling.jp/wp-content/uploads/2026/01/訂正版_2025-EMPEROR-Cup_RESULT-BOOK.pdf
p-ec1346,wre-2024-meiji-cup-0523,令和6年度 明治杯全日本選抜レスリング選手権大会,2024,フリースタイル,92kg,1位,https://www.japan-wrestling.jp/wp-content/uploads/2024/12/ichiranFS-1.pdf
p-ec1346,wre-2024-tenno-cup-1219,令和6年度 天皇杯全日本レスリング選手権大会,2024,フリースタイル,92kg,1位,https://www.japan-wrestling.jp/wp-content/uploads/2025/04/令和6年度天皇杯_フリースタイル階級別入賞者一覧.pdf
p-ec1346,wre-2025-tenno-cup-1218,令和7年度 天皇杯全日本レスリング選手権大会,2025,フリースタイル,92kg,1位,https://www.japan-wrestling.jp/wp-content/uploads/2026/01/訂正版_2025-EMPEROR-Cup_RESULT-BOOK.pdf
p-8b9ad8,wre-2024-meiji-cup-0523,令和6年度 明治杯全日本選抜レスリング選手権大会,2024,フリースタイル,97kg,1位,https://www.japan-wrestling.jp/wp-content/uploads/2024/12/ichiranFS-1.pdf
p-8b9ad8,wre-2025-tenno-cup-1218,令和7年度 天皇杯全日本レスリング選手権大会,2025,フリースタイル,125kg,7位,https://www.japan-wrestling.jp/wp-content/uploads/2026/01/訂正版_2025-EMPEROR-Cup_RESULT-BOOK.pdf
p-8b9ad8,wre-2026-meiji-cup-0521,令和8年度 明治杯全日本選抜レスリング選手権大会,2026,フリースタイル,125kg,3位,https://www.japan-wrestling.jp/wp-content/uploads/2026/05/スタイル別入賞者.pdf
p-4b95a8,wre-2024-meiji-cup-0523,令和6年度 明治杯全日本選抜レスリング選手権大会,2024,フリースタイル,125kg,1位,https://www.japan-wrestling.jp/wp-content/uploads/2024/12/ichiranFS-1.pdf
p-4b95a8,wre-2024-tenno-cup-1219,令和6年度 天皇杯全日本レスリング選手権大会,2024,フリースタイル,125kg,2位,https://www.japan-wrestling.jp/wp-content/uploads/2025/04/令和6年度天皇杯_フリースタイル階級別入賞者一覧.pdf
p-4b95a8,wre-2025-tenno-cup-1218,令和7年度 天皇杯全日本レスリング選手権大会,2025,フリースタイル,125kg,2位,https://www.japan-wrestling.jp/wp-content/uploads/2026/01/訂正版_2025-EMPEROR-Cup_RESULT-BOOK.pdf
p-5cea08,wre-2024-meiji-cup-0523,令和6年度 明治杯全日本選抜レスリング選手権大会,2024,グレコローマン,60kg,1位,https://www.japan-wrestling.jp/wp-content/uploads/2024/12/ichiranGR-1.pdf
p-5cea08,wre-2024-tenno-cup-1219,令和6年度 天皇杯全日本レスリング選手権大会,2024,グレコローマン,60kg,1位,https://www.japan-wrestling.jp/wp-content/uploads/2025/04/令和6年度天皇杯_グレコローマン階級別入賞者一覧.pdf
p-5cea08,wre-2026-meiji-cup-0521,令和8年度 明治杯全日本選抜レスリング選手権大会,2026,グレコローマン,60kg,2位,https://www.japan-wrestling.jp/wp-content/uploads/2026/05/スタイル別入賞者.pdf
p-a65a1c,wre-2024-meiji-cup-0523,令和6年度 明治杯全日本選抜レスリング選手権大会,2024,グレコローマン,67kg,1位,https://www.japan-wrestling.jp/wp-content/uploads/2024/12/ichiranGR-1.pdf
p-a65a1c,wre-2024-tenno-cup-1219,令和6年度 天皇杯全日本レスリング選手権大会,2024,グレコローマン,67kg,3位,https://www.japan-wrestling.jp/wp-content/uploads/2025/04/令和6年度天皇杯_グレコローマン階級別入賞者一覧.pdf
p-a65a1c,wre-2025-tenno-cup-1218,令和7年度 天皇杯全日本レスリング選手権大会,2025,グレコローマン,67kg,3位,https://www.japan-wrestling.jp/wp-content/uploads/2026/01/訂正版_2025-EMPEROR-Cup_RESULT-BOOK.pdf
p-47c4e1,wre-2024-meiji-cup-0523,令和6年度 明治杯全日本選抜レスリング選手権大会,2024,グレコローマン,87kg,2位,https://www.japan-wrestling.jp/wp-content/uploads/2024/12/ichiranGR-1.pdf
p-47c4e1,wre-2024-tenno-cup-1219,令和6年度 天皇杯全日本レスリング選手権大会,2024,フリースタイル,86kg,3位,https://www.japan-wrestling.jp/wp-content/uploads/2025/04/令和6年度天皇杯_フリースタイル階級別入賞者一覧.pdf
p-47c4e1,wre-2025-tenno-cup-1218,令和7年度 天皇杯全日本レスリング選手権大会,2025,フリースタイル,86kg,1位,https://www.japan-wrestling.jp/wp-content/uploads/2026/01/訂正版_2025-EMPEROR-Cup_RESULT-BOOK.pdf
p-845b4b,wre-2024-meiji-cup-0523,令和6年度 明治杯全日本選抜レスリング選手権大会,2024,女子,53kg,1位,https://www.japan-wrestling.jp/wp-content/uploads/2024/12/ichiranWW.pdf
p-845b4b,wre-2024-tenno-cup-1219,令和6年度 天皇杯全日本レスリング選手権大会,2024,女子,53kg,8位,https://www.japan-wrestling.jp/wp-content/uploads/2025/04/令和6年度天皇杯_女子階級別入賞者一覧.pdf
p-845b4b,wre-2025-intercollegiate-0821,文部科学大臣杯 令和7年度 全日本学生レスリング選手権大会,2025,女子,53kg,2位,https://www.japan-wrestling.jp/wp-content/uploads/2025/08/文部科学大臣杯-UNIVAS-CUP-令和７年度全日本学生レスリング選手権大会-入賞者一覧（8位まで）_WW.pdf
p-be4fb3,wre-2024-meiji-cup-0523,令和6年度 明治杯全日本選抜レスリング選手権大会,2024,女子,53kg,3位,https://www.japan-wrestling.jp/wp-content/uploads/2024/12/ichiranWW.pdf
p-be4fb3,wre-2024-tenno-cup-1219,令和6年度 天皇杯全日本レスリング選手権大会,2024,女子,53kg,3位,https://www.japan-wrestling.jp/wp-content/uploads/2025/04/令和6年度天皇杯_女子階級別入賞者一覧.pdf
p-be4fb3,wre-2025-shakaijin-0712,第72回 全日本社会人レスリング選手権大会,2025,女子,55kg,1位,https://www.japan-wrestling.jp/wp-content/uploads/2025/07/第72回社会人記録（優勝者一覧・個人賞）.pdf
p-478902,wre-2024-meiji-cup-0523,令和6年度 明治杯全日本選抜レスリング選手権大会,2024,女子,62kg,1位,https://www.japan-wrestling.jp/wp-content/uploads/2024/12/ichiranWW.pdf
p-478902,wre-2025-shakaijin-0712,第72回 全日本社会人レスリング選手権大会,2025,女子,62kg,1位,https://www.japan-wrestling.jp/wp-content/uploads/2025/07/第72回社会人記録（優勝者一覧・個人賞）.pdf
p-478902,wre-2025-tenno-cup-1218,令和7年度 天皇杯全日本レスリング選手権大会,2025,女子,62kg,3位,https://www.japan-wrestling.jp/wp-content/uploads/2026/01/訂正版_2025-EMPEROR-Cup_RESULT-BOOK.pdf
p-bb2301,wre-2024-meiji-cup-0523,令和6年度 明治杯全日本選抜レスリング選手権大会,2024,女子,72kg,2位,https://www.japan-wrestling.jp/wp-content/uploads/2024/12/ichiranWW.pdf
p-bb2301,wre-2024-tenno-cup-1219,令和6年度 天皇杯全日本レスリング選手権大会,2024,女子,72kg,1位,https://www.japan-wrestling.jp/wp-content/uploads/2025/04/令和6年度天皇杯_女子階級別入賞者一覧.pdf
p-bb2301,wre-2025-tenno-cup-1218,令和7年度 天皇杯全日本レスリング選手権大会,2025,女子,68kg,7位,https://www.japan-wrestling.jp/wp-content/uploads/2026/01/訂正版_2025-EMPEROR-Cup_RESULT-BOOK.pdf
p-adf13f,wre-2024-tenno-cup-1219,令和6年度 天皇杯全日本レスリング選手権大会,2024,フリースタイル,61kg,3位,https://www.japan-wrestling.jp/wp-content/uploads/2025/04/令和6年度天皇杯_フリースタイル階級別入賞者一覧.pdf
p-adf13f,wre-2025-intercollegiate-0821,文部科学大臣杯 令和7年度 全日本学生レスリング選手権大会,2025,フリースタイル,61kg,5位,https://www.japan-wrestling.jp/wp-content/uploads/2025/08/文部科学大臣杯-UNIVAS-CUP-令和７年度全日本学生レスリング選手権大会-入賞者一覧（8位まで）-FS.pdf
p-adf13f,wre-2026-east-spring-0713,令和8年度 東日本学生レスリング選手権大会(春季大会),2026,フリースタイル,61kg,1位,https://www.japan-wrestling.jp/wp-content/uploads/2026/07/令和8年度東日本学生レスリング選手権大会（春季大会）入賞者一覧_選FS・GR.pdf
p-f009d9,wre-2024-tenno-cup-1219,令和6年度 天皇杯全日本レスリング選手権大会,2024,フリースタイル,61kg,5位,https://www.japan-wrestling.jp/wp-content/uploads/2025/04/令和6年度天皇杯_フリースタイル階級別入賞者一覧.pdf
p-f009d9,wre-2025-tenno-cup-1218,令和7年度 天皇杯全日本レスリング選手権大会,2025,フリースタイル,61kg,1位,https://www.japan-wrestling.jp/wp-content/uploads/2026/01/訂正版_2025-EMPEROR-Cup_RESULT-BOOK.pdf
p-f009d9,wre-2026-meiji-cup-0521,令和8年度 明治杯全日本選抜レスリング選手権大会,2026,フリースタイル,61kg,2位,https://www.japan-wrestling.jp/wp-content/uploads/2026/05/スタイル別入賞者.pdf
p-529a0a,wre-2024-tenno-cup-1219,令和6年度 天皇杯全日本レスリング選手権大会,2024,フリースタイル,125kg,1位,https://www.japan-wrestling.jp/wp-content/uploads/2025/04/令和6年度天皇杯_フリースタイル階級別入賞者一覧.pdf
p-529a0a,wre-2025-tenno-cup-1218,令和7年度 天皇杯全日本レスリング選手権大会,2025,フリースタイル,125kg,1位,https://www.japan-wrestling.jp/wp-content/uploads/2026/01/訂正版_2025-EMPEROR-Cup_RESULT-BOOK.pdf
p-529a0a,wre-2026-meiji-cup-0521,令和8年度 明治杯全日本選抜レスリング選手権大会,2026,フリースタイル,125kg,1位,https://www.japan-wrestling.jp/wp-content/uploads/2026/05/スタイル別入賞者.pdf
p-772f86,wre-2024-tenno-cup-1219,令和6年度 天皇杯全日本レスリング選手権大会,2024,グレコローマン,60kg,3位,https://www.japan-wrestling.jp/wp-content/uploads/2025/04/令和6年度天皇杯_グレコローマン階級別入賞者一覧.pdf
p-772f86,wre-2025-intercollegiate-0821,文部科学大臣杯 令和7年度 全日本学生レスリング選手権大会,2025,グレコローマン,60kg,1位,https://www.japan-wrestling.jp/wp-content/uploads/2025/08/文部科学大臣杯-UNIVAS-CUP-令和７年度全日本学生レスリング選手権大会-入賞者一覧（8位まで）_GR.pdf
p-772f86,wre-2025-tenno-cup-1218,令和7年度 天皇杯全日本レスリング選手権大会,2025,グレコローマン,60kg,1位,https://www.japan-wrestling.jp/wp-content/uploads/2026/01/訂正版_2025-EMPEROR-Cup_RESULT-BOOK.pdf
p-b96dc6,wre-2024-tenno-cup-1219,令和6年度 天皇杯全日本レスリング選手権大会,2024,グレコローマン,63kg,3位,https://www.japan-wrestling.jp/wp-content/uploads/2025/04/令和6年度天皇杯_グレコローマン階級別入賞者一覧.pdf
p-b96dc6,wre-2026-intercollegiate-0820,文部科学大臣杯 UNIVAS CUP 令和8年度 全日本学生レスリング選手権大会,2026,グレコローマン,63kg,1位,https://www.japan-wrestling.jp/wp-content/uploads/2026/08/文部科学大臣杯-UNIVAS-CUP-令和８年度全日本学生レスリング選手権大会-GR入賞者一覧（8位まで）.pdf
p-b96dc6,wre-2026-meiji-cup-0521,令和8年度 明治杯全日本選抜レスリング選手権大会,2026,グレコローマン,63kg,2位,https://www.japan-wrestling.jp/wp-content/uploads/2026/05/スタイル別入賞者.pdf
p-814b32,wre-2024-tenno-cup-1219,令和6年度 天皇杯全日本レスリング選手権大会,2024,グレコローマン,63kg,8位,https://www.japan-wrestling.jp/wp-content/uploads/2025/04/令和6年度天皇杯_グレコローマン階級別入賞者一覧.pdf
p-814b32,wre-2025-shakaijin-0712,第72回 全日本社会人レスリング選手権大会,2025,グレコローマン,63kg,1位,https://www.japan-wrestling.jp/wp-content/uploads/2025/07/第72回社会人記録（優勝者一覧・個人賞）.pdf
p-814b32,wre-2025-tenno-cup-1218,令和7年度 天皇杯全日本レスリング選手権大会,2025,グレコローマン,63kg,2位,https://www.japan-wrestling.jp/wp-content/uploads/2026/01/訂正版_2025-EMPEROR-Cup_RESULT-BOOK.pdf
p-ac9f30,wre-2024-tenno-cup-1219,令和6年度 天皇杯全日本レスリング選手権大会,2024,グレコローマン,67kg,1位,https://www.japan-wrestling.jp/wp-content/uploads/2025/04/令和6年度天皇杯_グレコローマン階級別入賞者一覧.pdf
p-ac9f30,wre-2025-tenno-cup-1218,令和7年度 天皇杯全日本レスリング選手権大会,2025,グレコローマン,67kg,1位,https://www.japan-wrestling.jp/wp-content/uploads/2026/01/訂正版_2025-EMPEROR-Cup_RESULT-BOOK.pdf
p-ac9f30,wre-2026-meiji-cup-0521,令和8年度 明治杯全日本選抜レスリング選手権大会,2026,グレコローマン,67kg,2位,https://www.japan-wrestling.jp/wp-content/uploads/2026/05/スタイル別入賞者.pdf
p-3dc395,wre-2024-tenno-cup-1219,令和6年度 天皇杯全日本レスリング選手権大会,2024,グレコローマン,77kg,1位,https://www.japan-wrestling.jp/wp-content/uploads/2025/04/令和6年度天皇杯_グレコローマン階級別入賞者一覧.pdf
p-3dc395,wre-2025-tenno-cup-1218,令和7年度 天皇杯全日本レスリング選手権大会,2025,グレコローマン,77kg,5位,https://www.japan-wrestling.jp/wp-content/uploads/2026/01/訂正版_2025-EMPEROR-Cup_RESULT-BOOK.pdf
p-3dc395,wre-2026-meiji-cup-0521,令和8年度 明治杯全日本選抜レスリング選手権大会,2026,グレコローマン,77kg,3位,https://www.japan-wrestling.jp/wp-content/uploads/2026/05/スタイル別入賞者.pdf
p-8d4fce,wre-2024-tenno-cup-1219,令和6年度 天皇杯全日本レスリング選手権大会,2024,グレコローマン,82kg,5位,https://www.japan-wrestling.jp/wp-content/uploads/2025/04/令和6年度天皇杯_グレコローマン階級別入賞者一覧.pdf
p-8d4fce,wre-2025-shakaijin-0712,第72回 全日本社会人レスリング選手権大会,2025,グレコローマン,87kg,1位,https://www.japan-wrestling.jp/wp-content/uploads/2025/07/第72回社会人記録（優勝者一覧・個人賞）.pdf
p-8d4fce,wre-2025-tenno-cup-1218,令和7年度 天皇杯全日本レスリング選手権大会,2025,グレコローマン,82kg,5位,https://www.japan-wrestling.jp/wp-content/uploads/2026/01/訂正版_2025-EMPEROR-Cup_RESULT-BOOK.pdf
p-b7c0cf,wre-2024-tenno-cup-1219,令和6年度 天皇杯全日本レスリング選手権大会,2024,グレコローマン,97kg,1位,https://www.japan-wrestling.jp/wp-content/uploads/2025/04/令和6年度天皇杯_グレコローマン階級別入賞者一覧.pdf
p-b7c0cf,wre-2025-tenno-cup-1218,令和7年度 天皇杯全日本レスリング選手権大会,2025,グレコローマン,97kg,2位,https://www.japan-wrestling.jp/wp-content/uploads/2026/01/訂正版_2025-EMPEROR-Cup_RESULT-BOOK.pdf
p-b7c0cf,wre-2026-meiji-cup-0521,令和8年度 明治杯全日本選抜レスリング選手権大会,2026,グレコローマン,97kg,1位,https://www.japan-wrestling.jp/wp-content/uploads/2026/05/スタイル別入賞者.pdf
p-aa4627,wre-2024-tenno-cup-1219,令和6年度 天皇杯全日本レスリング選手権大会,2024,グレコローマン,130kg,3位,https://www.japan-wrestling.jp/wp-content/uploads/2025/04/令和6年度天皇杯_グレコローマン階級別入賞者一覧.pdf
p-aa4627,wre-2025-tenno-cup-1218,令和7年度 天皇杯全日本レスリング選手権大会,2025,グレコローマン,130kg,3位,https://www.japan-wrestling.jp/wp-content/uploads/2026/01/訂正版_2025-EMPEROR-Cup_RESULT-BOOK.pdf
p-aa4627,wre-2026-meiji-cup-0521,令和8年度 明治杯全日本選抜レスリング選手権大会,2026,グレコローマン,130kg,1位,https://www.japan-wrestling.jp/wp-content/uploads/2026/05/スタイル別入賞者.pdf
p-ff440a,wre-2024-tenno-cup-1219,令和6年度 天皇杯全日本レスリング選手権大会,2024,女子,57kg,1位,https://www.japan-wrestling.jp/wp-content/uploads/2025/04/令和6年度天皇杯_女子階級別入賞者一覧.pdf
p-ff440a,wre-2025-tenno-cup-1218,令和7年度 天皇杯全日本レスリング選手権大会,2025,女子,57kg,3位,https://www.japan-wrestling.jp/wp-content/uploads/2026/01/訂正版_2025-EMPEROR-Cup_RESULT-BOOK.pdf
p-ff440a,wre-2026-meiji-cup-0521,令和8年度 明治杯全日本選抜レスリング選手権大会,2026,女子,57kg,3位,https://www.japan-wrestling.jp/wp-content/uploads/2026/05/スタイル別入賞者.pdf
p-520f8d,wre-2024-tenno-cup-1219,令和6年度 天皇杯全日本レスリング選手権大会,2024,女子,62kg,1位,https://www.japan-wrestling.jp/wp-content/uploads/2025/04/令和6年度天皇杯_女子階級別入賞者一覧.pdf
p-520f8d,wre-2025-tenno-cup-1218,令和7年度 天皇杯全日本レスリング選手権大会,2025,女子,62kg,1位,https://www.japan-wrestling.jp/wp-content/uploads/2026/01/訂正版_2025-EMPEROR-Cup_RESULT-BOOK.pdf
p-520f8d,wre-2026-meiji-cup-0521,令和8年度 明治杯全日本選抜レスリング選手権大会,2026,女子,62kg,1位,https://www.japan-wrestling.jp/wp-content/uploads/2026/05/スタイル別入賞者.pdf
p-673ce6,wre-2024-tenno-cup-1219,令和6年度 天皇杯全日本レスリング選手権大会,2024,女子,62kg,3位,https://www.japan-wrestling.jp/wp-content/uploads/2025/04/令和6年度天皇杯_女子階級別入賞者一覧.pdf
p-673ce6,wre-2025-shakaijin-0712,第72回 全日本社会人レスリング選手権大会,2025,女子,65kg,1位,https://www.japan-wrestling.jp/wp-content/uploads/2025/07/第72回社会人記録（優勝者一覧・個人賞）.pdf
p-673ce6,wre-2026-meiji-cup-0521,令和8年度 明治杯全日本選抜レスリング選手権大会,2026,女子,65kg,3位,https://www.japan-wrestling.jp/wp-content/uploads/2026/05/スタイル別入賞者.pdf
p-b7fa4a,wre-2025-east-spring-0709,令和7年度 東日本学生レスリング選手権大会(春季大会),2025,新人戦 グレコローマン,67kg,2位,https://www.japan-wrestling.jp/wp-content/uploads/2025/07/令和7年度東日本学生レスリング選手権大会（春季大会）入賞者一覧_WW・新GR.pdf
p-b7fa4a,wre-2025-university-greco-1018,文部科学大臣杯 令和7年度 全日本大学レスリンググレコローマンレスリング選手権大会,2025,グレコローマン,67kg,3位,https://www.japan-wrestling.jp/wp-content/uploads/2025/10/文部科学大臣杯-令和7年度全日本大学グレコローマンスタイル選手権大会-入賞者一覧（8位まで）.pdf
p-b7fa4a,wre-2026-east-spring-0713,令和8年度 東日本学生レスリング選手権大会(春季大会),2026,グレコローマン,67kg,1位,https://www.japan-wrestling.jp/wp-content/uploads/2026/07/令和8年度東日本学生レスリング選手権大会（春季大会）入賞者一覧_選FS・GR.pdf
p-3824c0,wre-2025-east-autumn-1127,令和7年度 東日本学生レスリング選手権大会(秋季大会),2025,新人戦 フリースタイル,61kg,2位,https://www.japan-wrestling.jp/wp-content/uploads/2025/12/令和7年度東日本学生レスリング選手権大会（春季大会）入賞者一覧_新FS・GR.pdf
p-3824c0,wre-2025-east-spring-0709,令和7年度 東日本学生レスリング選手権大会(春季大会),2025,新人戦 フリースタイル,61kg,2位,https://www.japan-wrestling.jp/wp-content/uploads/2025/07/令和7年度東日本学生レスリング選手権大会（春季大会）入賞者一覧_新FA・FB.pdf
p-3824c0,wre-2026-east-spring-0713,令和8年度 東日本学生レスリング選手権大会(春季大会),2026,新人戦 フリースタイル,61kg,1位,https://www.japan-wrestling.jp/wp-content/uploads/2026/07/令和8年度東日本学生レスリング選手権大会（春季大会）入賞者一覧_新FA・FB.pdf
p-4e94f9,wre-2025-east-autumn-1127,令和7年度 東日本学生レスリング選手権大会(秋季大会),2025,新人戦 フリースタイル,79kg,3位,https://www.japan-wrestling.jp/wp-content/uploads/2025/12/令和7年度東日本学生レスリング選手権大会（春季大会）入賞者一覧_新FS・GR.pdf
p-4e94f9,wre-2025-east-spring-0709,令和7年度 東日本学生レスリング選手権大会(春季大会),2025,新人戦 フリースタイル,79kg,3位,https://www.japan-wrestling.jp/wp-content/uploads/2025/07/令和7年度東日本学生レスリング選手権大会（春季大会）入賞者一覧_新FA・FB.pdf
p-4e94f9,wre-2026-east-spring-0713,令和8年度 東日本学生レスリング選手権大会(春季大会),2026,新人戦 フリースタイル,79kg,1位,https://www.japan-wrestling.jp/wp-content/uploads/2026/07/令和8年度東日本学生レスリング選手権大会（春季大会）入賞者一覧_新FA・FB.pdf
p-1813de,wre-2025-east-autumn-1127,令和7年度 東日本学生レスリング選手権大会(秋季大会),2025,グレコローマン,55kg,1位,https://www.japan-wrestling.jp/wp-content/uploads/2025/12/令和7年度東日本学生レスリング選手権大会（春季大会）入賞者一覧_選FS・GR.pdf
p-1813de,wre-2025-east-spring-0709,令和7年度 東日本学生レスリング選手権大会(春季大会),2025,グレコローマン,55kg,3位,https://www.japan-wrestling.jp/wp-content/uploads/2025/07/令和7年度東日本学生レスリング選手権大会（春季大会）入賞者一覧_選手権F・G.pdf
p-1813de,wre-2026-east-spring-0713,令和8年度 東日本学生レスリング選手権大会(春季大会),2026,グレコローマン,55kg,3位,https://www.japan-wrestling.jp/wp-content/uploads/2026/07/令和8年度東日本学生レスリング選手権大会（春季大会）入賞者一覧_選FS・GR.pdf
p-ffa350,wre-2025-east-spring-0709,令和7年度 東日本学生レスリング選手権大会(春季大会),2025,グレコローマン,63kg,1位,https://www.japan-wrestling.jp/wp-content/uploads/2025/07/令和7年度東日本学生レスリング選手権大会（春季大会）入賞者一覧_選手権F・G.pdf
p-ffa350,wre-2025-intercollegiate-0821,文部科学大臣杯 令和7年度 全日本学生レスリング選手権大会,2025,グレコローマン,63kg,1位,https://www.japan-wrestling.jp/wp-content/uploads/2025/08/文部科学大臣杯-UNIVAS-CUP-令和７年度全日本学生レスリング選手権大会-入賞者一覧（8位まで）_GR.pdf
p-ffa350,wre-2025-university-greco-1018,文部科学大臣杯 令和7年度 全日本大学レスリンググレコローマンレスリング選手権大会,2025,グレコローマン,63kg,1位,https://www.japan-wrestling.jp/wp-content/uploads/2025/10/文部科学大臣杯-令和7年度全日本大学グレコローマンスタイル選手権大会-入賞者一覧（8位まで）.pdf
p-24ac88,wre-2025-east-spring-0709,令和7年度 東日本学生レスリング選手権大会(春季大会),2025,フリースタイル,61kg,1位,https://www.japan-wrestling.jp/wp-content/uploads/2025/07/令和7年度東日本学生レスリング選手権大会（春季大会）入賞者一覧_選手権F・G.pdf
p-24ac88,wre-2025-tenno-cup-1218,令和7年度 天皇杯全日本レスリング選手権大会,2025,フリースタイル,61kg,5位,https://www.japan-wrestling.jp/wp-content/uploads/2026/01/訂正版_2025-EMPEROR-Cup_RESULT-BOOK.pdf
p-24ac88,wre-2025-university-championship-1108,第51回内閣総理大臣杯 令和7年度全日本大学レスリング選手権大会,2025,フリースタイル,61kg,8位,https://www.japan-wrestling.jp/wp-content/uploads/2025/11/2025.内閣_入賞者一覧（再修正版）.pdf
p-b1d922,wre-2025-east-autumn-1127,令和7年度 東日本学生レスリング選手権大会(秋季大会),2025,フリースタイル,65kg,1位,https://www.japan-wrestling.jp/wp-content/uploads/2025/12/令和7年度東日本学生レスリング選手権大会（春季大会）入賞者一覧_選FS・GR.pdf
p-b1d922,wre-2025-east-spring-0709,令和7年度 東日本学生レスリング選手権大会(春季大会),2025,フリースタイル,65kg,2位,https://www.japan-wrestling.jp/wp-content/uploads/2025/07/令和7年度東日本学生レスリング選手権大会（春季大会）入賞者一覧_選手権F・G.pdf
p-b1d922,wre-2025-intercollegiate-0821,文部科学大臣杯 令和7年度 全日本学生レスリング選手権大会,2025,フリースタイル,65kg,3位,https://www.japan-wrestling.jp/wp-content/uploads/2025/08/文部科学大臣杯-UNIVAS-CUP-令和７年度全日本学生レスリング選手権大会-入賞者一覧（8位まで）-FS.pdf
p-02a833,wre-2025-east-spring-0709,令和7年度 東日本学生レスリング選手権大会(春季大会),2025,フリースタイル,74kg,1位,https://www.japan-wrestling.jp/wp-content/uploads/2025/07/令和7年度東日本学生レスリング選手権大会（春季大会）入賞者一覧_選手権F・G.pdf
p-02a833,wre-2025-intercollegiate-0821,文部科学大臣杯 令和7年度 全日本学生レスリング選手権大会,2025,フリースタイル,74kg,5位,https://www.japan-wrestling.jp/wp-content/uploads/2025/08/文部科学大臣杯-UNIVAS-CUP-令和７年度全日本学生レスリング選手権大会-入賞者一覧（8位まで）-FS.pdf
p-02a833,wre-2025-tenno-cup-1218,令和7年度 天皇杯全日本レスリング選手権大会,2025,フリースタイル,79kg,7位,https://www.japan-wrestling.jp/wp-content/uploads/2026/01/訂正版_2025-EMPEROR-Cup_RESULT-BOOK.pdf
p-1b11bf,wre-2025-east-spring-0709,令和7年度 東日本学生レスリング選手権大会(春季大会),2025,フリースタイル,86kg,1位,https://www.japan-wrestling.jp/wp-content/uploads/2025/07/令和7年度東日本学生レスリング選手権大会（春季大会）入賞者一覧_選手権F・G.pdf
p-1b11bf,wre-2025-university-championship-1108,第51回内閣総理大臣杯 令和7年度全日本大学レスリング選手権大会,2025,フリースタイル,92kg,1位,https://www.japan-wrestling.jp/wp-content/uploads/2025/11/2025.内閣_入賞者一覧（再修正版）.pdf
p-1b11bf,wre-2025-university-greco-1018,文部科学大臣杯 令和7年度 全日本大学レスリンググレコローマンレスリング選手権大会,2025,グレコローマン,87kg,3位,https://www.japan-wrestling.jp/wp-content/uploads/2025/10/文部科学大臣杯-令和7年度全日本大学グレコローマンスタイル選手権大会-入賞者一覧（8位まで）.pdf
p-d124d9,wre-2025-east-spring-0709,令和7年度 東日本学生レスリング選手権大会(春季大会),2025,フリースタイル,92kg,1位,https://www.japan-wrestling.jp/wp-content/uploads/2025/07/令和7年度東日本学生レスリング選手権大会（春季大会）入賞者一覧_選手権F・G.pdf
p-d124d9,wre-2026-east-spring-0713,令和8年度 東日本学生レスリング選手権大会(春季大会),2026,フリースタイル,92kg,1位,https://www.japan-wrestling.jp/wp-content/uploads/2026/07/令和8年度東日本学生レスリング選手権大会（春季大会）入賞者一覧_選FS・GR.pdf
p-d124d9,wre-2026-intercollegiate-0820,文部科学大臣杯 UNIVAS CUP 令和8年度 全日本学生レスリング選手権大会,2026,フリースタイル,92kg,3位,https://www.japan-wrestling.jp/wp-content/uploads/2026/08/文部科学大臣杯-UNIVAS-CUP-令和８年度全日本学生レスリング選手権大会-入賞者一覧（8位まで）.pdf
p-eafa61,wre-2025-east-spring-0709,令和7年度 東日本学生レスリング選手権大会(春季大会),2025,フリースタイル,97kg,2位,https://www.japan-wrestling.jp/wp-content/uploads/2025/07/令和7年度東日本学生レスリング選手権大会（春季大会）入賞者一覧_選手権F・G.pdf
p-eafa61,wre-2026-east-spring-0713,令和8年度 東日本学生レスリング選手権大会(春季大会),2026,フリースタイル,97kg,1位,https://www.japan-wrestling.jp/wp-content/uploads/2026/07/令和8年度東日本学生レスリング選手権大会（春季大会）入賞者一覧_選FS・GR.pdf
p-eafa61,wre-2026-intercollegiate-0820,文部科学大臣杯 UNIVAS CUP 令和8年度 全日本学生レスリング選手権大会,2026,フリースタイル,97kg,5位,https://www.japan-wrestling.jp/wp-content/uploads/2026/08/文部科学大臣杯-UNIVAS-CUP-令和８年度全日本学生レスリング選手権大会-入賞者一覧（8位まで）.pdf
p-2a3e74,wre-2025-intercollegiate-0821,文部科学大臣杯 令和7年度 全日本学生レスリング選手権大会,2025,フリースタイル,125kg,2位,https://www.japan-wrestling.jp/wp-content/uploads/2025/08/文部科学大臣杯-UNIVAS-CUP-令和７年度全日本学生レスリング選手権大会-入賞者一覧（8位まで）-FS.pdf
p-2a3e74,wre-2025-intercollegiate-0821,文部科学大臣杯 令和7年度 全日本学生レスリング選手権大会,2025,グレコローマン,130kg,2位,https://www.japan-wrestling.jp/wp-content/uploads/2025/08/文部科学大臣杯-UNIVAS-CUP-令和７年度全日本学生レスリング選手権大会-入賞者一覧（8位まで）_GR.pdf
p-2a3e74,wre-2025-university-greco-1018,文部科学大臣杯 令和7年度 全日本大学レスリンググレコローマンレスリング選手権大会,2025,グレコローマン,130kg,1位,https://www.japan-wrestling.jp/wp-content/uploads/2025/10/文部科学大臣杯-令和7年度全日本大学グレコローマンスタイル選手権大会-入賞者一覧（8位まで）.pdf
p-56ba8b,wre-2025-intercollegiate-0821,文部科学大臣杯 令和7年度 全日本学生レスリング選手権大会,2025,グレコローマン,55kg,1位,https://www.japan-wrestling.jp/wp-content/uploads/2025/08/文部科学大臣杯-UNIVAS-CUP-令和７年度全日本学生レスリング選手権大会-入賞者一覧（8位まで）_GR.pdf
p-56ba8b,wre-2025-university-greco-1018,文部科学大臣杯 令和7年度 全日本大学レスリンググレコローマンレスリング選手権大会,2025,グレコローマン,55kg,3位,https://www.japan-wrestling.jp/wp-content/uploads/2025/10/文部科学大臣杯-令和7年度全日本大学グレコローマンスタイル選手権大会-入賞者一覧（8位まで）.pdf
p-56ba8b,wre-2026-intercollegiate-0820,文部科学大臣杯 UNIVAS CUP 令和8年度 全日本学生レスリング選手権大会,2026,グレコローマン,55kg,3位,https://www.japan-wrestling.jp/wp-content/uploads/2026/08/文部科学大臣杯-UNIVAS-CUP-令和８年度全日本学生レスリング選手権大会-GR入賞者一覧（8位まで）.pdf
p-0f26d5,wre-2025-east-autumn-1127,令和7年度 東日本学生レスリング選手権大会(秋季大会),2025,新人戦 グレコローマン,72kg,1位,https://www.japan-wrestling.jp/wp-content/uploads/2025/12/令和7年度東日本学生レスリング選手権大会（春季大会）入賞者一覧_新FS・GR.pdf
p-0f26d5,wre-2025-intercollegiate-0821,文部科学大臣杯 令和7年度 全日本学生レスリング選手権大会,2025,グレコローマン,72kg,5位,https://www.japan-wrestling.jp/wp-content/uploads/2025/08/文部科学大臣杯-UNIVAS-CUP-令和７年度全日本学生レスリング選手権大会-入賞者一覧（8位まで）_GR.pdf
p-0f26d5,wre-2025-university-greco-1018,文部科学大臣杯 令和7年度 全日本大学レスリンググレコローマンレスリング選手権大会,2025,グレコローマン,72kg,3位,https://www.japan-wrestling.jp/wp-content/uploads/2025/10/文部科学大臣杯-令和7年度全日本大学グレコローマンスタイル選手権大会-入賞者一覧（8位まで）.pdf
p-65de10,wre-2025-intercollegiate-0821,文部科学大臣杯 令和7年度 全日本学生レスリング選手権大会,2025,グレコローマン,77kg,1位,https://www.japan-wrestling.jp/wp-content/uploads/2025/08/文部科学大臣杯-UNIVAS-CUP-令和７年度全日本学生レスリング選手権大会-入賞者一覧（8位まで）_GR.pdf
p-65de10,wre-2025-tenno-cup-1218,令和7年度 天皇杯全日本レスリング選手権大会,2025,グレコローマン,77kg,7位,https://www.japan-wrestling.jp/wp-content/uploads/2026/01/訂正版_2025-EMPEROR-Cup_RESULT-BOOK.pdf
p-65de10,wre-2025-university-greco-1018,文部科学大臣杯 令和7年度 全日本大学レスリンググレコローマンレスリング選手権大会,2025,グレコローマン,77kg,3位,https://www.japan-wrestling.jp/wp-content/uploads/2025/10/文部科学大臣杯-令和7年度全日本大学グレコローマンスタイル選手権大会-入賞者一覧（8位まで）.pdf
p-453fdb,wre-2025-east-autumn-1127,令和7年度 東日本学生レスリング選手権大会(秋季大会),2025,グレコローマン,82kg,1位,https://www.japan-wrestling.jp/wp-content/uploads/2025/12/令和7年度東日本学生レスリング選手権大会（春季大会）入賞者一覧_選FS・GR.pdf
p-453fdb,wre-2025-university-greco-1018,文部科学大臣杯 令和7年度 全日本大学レスリンググレコローマンレスリング選手権大会,2025,グレコローマン,87kg,8位,https://www.japan-wrestling.jp/wp-content/uploads/2025/10/文部科学大臣杯-令和7年度全日本大学グレコローマンスタイル選手権大会-入賞者一覧（8位まで）.pdf
p-453fdb,wre-2026-intercollegiate-0820,文部科学大臣杯 UNIVAS CUP 令和8年度 全日本学生レスリング選手権大会,2026,グレコローマン,82kg,5位,https://www.japan-wrestling.jp/wp-content/uploads/2026/08/文部科学大臣杯-UNIVAS-CUP-令和８年度全日本学生レスリング選手権大会-GR入賞者一覧（8位まで）.pdf
p-e4fc3e,wre-2025-university-championship-1108,第51回内閣総理大臣杯 令和7年度全日本大学レスリング選手権大会,2025,フリースタイル,57kg,2位,https://www.japan-wrestling.jp/wp-content/uploads/2025/11/2025.内閣_入賞者一覧（再修正版）.pdf
p-e4fc3e,wre-2026-east-spring-0713,令和8年度 東日本学生レスリング選手権大会(春季大会),2026,フリースタイル,57kg,1位,https://www.japan-wrestling.jp/wp-content/uploads/2026/07/令和8年度東日本学生レスリング選手権大会（春季大会）入賞者一覧_選FS・GR.pdf
p-e4fc3e,wre-2026-intercollegiate-0820,文部科学大臣杯 UNIVAS CUP 令和8年度 全日本学生レスリング選手権大会,2026,フリースタイル,57kg,3位,https://www.japan-wrestling.jp/wp-content/uploads/2026/08/文部科学大臣杯-UNIVAS-CUP-令和８年度全日本学生レスリング選手権大会-入賞者一覧（8位まで）.pdf
p-87ff37,wre-2025-tenno-cup-1218,令和7年度 天皇杯全日本レスリング選手権大会,2025,フリースタイル,79kg,1位,https://www.japan-wrestling.jp/wp-content/uploads/2026/01/訂正版_2025-EMPEROR-Cup_RESULT-BOOK.pdf
p-87ff37,wre-2025-university-championship-1108,第51回内閣総理大臣杯 令和7年度全日本大学レスリング選手権大会,2025,フリースタイル,79kg,2位,https://www.japan-wrestling.jp/wp-content/uploads/2025/11/2025.内閣_入賞者一覧（再修正版）.pdf
p-87ff37,wre-2026-meiji-cup-0521,令和8年度 明治杯全日本選抜レスリング選手権大会,2026,フリースタイル,79kg,1位,https://www.japan-wrestling.jp/wp-content/uploads/2026/05/スタイル別入賞者.pdf
p-6105da,wre-2025-east-autumn-1127,令和7年度 東日本学生レスリング選手権大会(秋季大会),2025,新人戦 グレコローマン,55kg,1位,https://www.japan-wrestling.jp/wp-content/uploads/2025/12/令和7年度東日本学生レスリング選手権大会（春季大会）入賞者一覧_新FS・GR.pdf
p-6105da,wre-2025-east-autumn-1127,令和7年度 東日本学生レスリング選手権大会(秋季大会),2025,新人戦 フリースタイル,57kg,3位,https://www.japan-wrestling.jp/wp-content/uploads/2025/12/令和7年度東日本学生レスリング選手権大会（春季大会）入賞者一覧_新FS・GR.pdf
p-6105da,wre-2026-intercollegiate-0820,文部科学大臣杯 UNIVAS CUP 令和8年度 全日本学生レスリング選手権大会,2026,グレコローマン,55kg,3位,https://www.japan-wrestling.jp/wp-content/uploads/2026/08/文部科学大臣杯-UNIVAS-CUP-令和８年度全日本学生レスリング選手権大会-GR入賞者一覧（8位まで）.pdf
p-fe9e0c,wre-2025-east-autumn-1127,令和7年度 東日本学生レスリング選手権大会(秋季大会),2025,新人戦 グレコローマン,63kg,3位,https://www.japan-wrestling.jp/wp-content/uploads/2025/12/令和7年度東日本学生レスリング選手権大会（春季大会）入賞者一覧_新FS・GR.pdf
p-fe9e0c,wre-2026-east-spring-0713,令和8年度 東日本学生レスリング選手権大会(春季大会),2026,グレコローマン,63kg,1位,https://www.japan-wrestling.jp/wp-content/uploads/2026/07/令和8年度東日本学生レスリング選手権大会（春季大会）入賞者一覧_選FS・GR.pdf
p-fe9e0c,wre-2026-intercollegiate-0820,文部科学大臣杯 UNIVAS CUP 令和8年度 全日本学生レスリング選手権大会,2026,グレコローマン,63kg,3位,https://www.japan-wrestling.jp/wp-content/uploads/2026/08/文部科学大臣杯-UNIVAS-CUP-令和８年度全日本学生レスリング選手権大会-GR入賞者一覧（8位まで）.pdf
p-d9583c,wre-2025-east-autumn-1127,令和7年度 東日本学生レスリング選手権大会(秋季大会),2025,新人戦 グレコローマン,82kg,2位,https://www.japan-wrestling.jp/wp-content/uploads/2025/12/令和7年度東日本学生レスリング選手権大会（春季大会）入賞者一覧_新FS・GR.pdf
p-d9583c,wre-2026-east-spring-0713,令和8年度 東日本学生レスリング選手権大会(春季大会),2026,新人戦 フリースタイル,86kg,2位,https://www.japan-wrestling.jp/wp-content/uploads/2026/07/令和8年度東日本学生レスリング選手権大会（春季大会）入賞者一覧_新FA・FB.pdf
p-d9583c,wre-2026-east-spring-0713,令和8年度 東日本学生レスリング選手権大会(春季大会),2026,新人戦 グレコローマン,82kg,1位,https://www.japan-wrestling.jp/wp-content/uploads/2026/07/令和8年度東日本学生レスリング選手権大会（春季大会）入賞者一覧_WW・新GR.pdf
p-7206eb,wre-2025-east-autumn-1127,令和7年度 東日本学生レスリング選手権大会(秋季大会),2025,新人戦 グレコローマン,87kg,1位,https://www.japan-wrestling.jp/wp-content/uploads/2025/12/令和7年度東日本学生レスリング選手権大会（春季大会）入賞者一覧_新FS・GR.pdf
p-7206eb,wre-2025-east-autumn-1127,令和7年度 東日本学生レスリング選手権大会(秋季大会),2025,新人戦 フリースタイル,86kg,3位,https://www.japan-wrestling.jp/wp-content/uploads/2025/12/令和7年度東日本学生レスリング選手権大会（春季大会）入賞者一覧_新FS・GR.pdf
p-7206eb,wre-2026-meiji-cup-0521,令和8年度 明治杯全日本選抜レスリング選手権大会,2026,グレコローマン,87kg,3位,https://www.japan-wrestling.jp/wp-content/uploads/2026/05/スタイル別入賞者.pdf
p-388440,wre-2025-east-autumn-1127,令和7年度 東日本学生レスリング選手権大会(秋季大会),2025,新人戦 フリースタイル,57kg,1位,https://www.japan-wrestling.jp/wp-content/uploads/2025/12/令和7年度東日本学生レスリング選手権大会（春季大会）入賞者一覧_新FS・GR.pdf
p-388440,wre-2026-east-spring-0713,令和8年度 東日本学生レスリング選手権大会(春季大会),2026,新人戦 フリースタイル,61kg,2位,https://www.japan-wrestling.jp/wp-content/uploads/2026/07/令和8年度東日本学生レスリング選手権大会（春季大会）入賞者一覧_新FA・FB.pdf
p-388440,wre-2026-intercollegiate-0820,文部科学大臣杯 UNIVAS CUP 令和8年度 全日本学生レスリング選手権大会,2026,フリースタイル,61kg,1位,https://www.japan-wrestling.jp/wp-content/uploads/2026/08/文部科学大臣杯-UNIVAS-CUP-令和８年度全日本学生レスリング選手権大会-入賞者一覧（8位まで）.pdf
p-3ef041,wre-2026-east-spring-0713,令和8年度 東日本学生レスリング選手権大会(春季大会),2026,新人戦 フリースタイル,57kg,1位,https://www.japan-wrestling.jp/wp-content/uploads/2026/07/令和8年度東日本学生レスリング選手権大会（春季大会）入賞者一覧_新FA・FB.pdf
p-3ef041,wre-2026-east-spring-0713,令和8年度 東日本学生レスリング選手権大会(春季大会),2026,新人戦 グレコローマン,60kg,2位,https://www.japan-wrestling.jp/wp-content/uploads/2026/07/令和8年度東日本学生レスリング選手権大会（春季大会）入賞者一覧_WW・新GR.pdf
p-3ef041,wre-2026-intercollegiate-0820,文部科学大臣杯 UNIVAS CUP 令和8年度 全日本学生レスリング選手権大会,2026,フリースタイル,57kg,3位,https://www.japan-wrestling.jp/wp-content/uploads/2026/08/文部科学大臣杯-UNIVAS-CUP-令和８年度全日本学生レスリング選手権大会-入賞者一覧（8位まで）.pdf
p-a77c26,wre-2026-east-spring-0713,令和8年度 東日本学生レスリング選手権大会(春季大会),2026,新人戦 フリースタイル,86kg,1位,https://www.japan-wrestling.jp/wp-content/uploads/2026/07/令和8年度東日本学生レスリング選手権大会（春季大会）入賞者一覧_新FA・FB.pdf
p-a77c26,wre-2026-east-spring-0713,令和8年度 東日本学生レスリング選手権大会(春季大会),2026,新人戦 グレコローマン,87kg,1位,https://www.japan-wrestling.jp/wp-content/uploads/2026/07/令和8年度東日本学生レスリング選手権大会（春季大会）入賞者一覧_WW・新GR.pdf
p-a77c26,wre-2026-intercollegiate-0820,文部科学大臣杯 UNIVAS CUP 令和8年度 全日本学生レスリング選手権大会,2026,グレコローマン,82kg,1位,https://www.japan-wrestling.jp/wp-content/uploads/2026/08/文部科学大臣杯-UNIVAS-CUP-令和８年度全日本学生レスリング選手権大会-GR入賞者一覧（8位まで）.pdf
p-0adc8b,wre-2024-meiji-cup-0523,令和6年度 明治杯全日本選抜レスリング選手権大会,2024,フリースタイル,61kg,3位,https://www.japan-wrestling.jp/wp-content/uploads/2024/12/ichiranFS-1.pdf
p-0adc8b,wre-2025-intercollegiate-0821,文部科学大臣杯 令和7年度 全日本学生レスリング選手権大会,2025,フリースタイル,61kg,2位,https://www.japan-wrestling.jp/wp-content/uploads/2025/08/文部科学大臣杯-UNIVAS-CUP-令和７年度全日本学生レスリング選手権大会-入賞者一覧（8位まで）-FS.pdf
p-0adc8b,wre-2025-tenno-cup-1218,令和7年度 天皇杯全日本レスリング選手権大会,2025,フリースタイル,61kg,3位,https://www.japan-wrestling.jp/wp-content/uploads/2026/01/訂正版_2025-EMPEROR-Cup_RESULT-BOOK.pdf
p-eb12c1,wre-2024-meiji-cup-0523,令和6年度 明治杯全日本選抜レスリング選手権大会,2024,フリースタイル,65kg,2位,https://www.japan-wrestling.jp/wp-content/uploads/2024/12/ichiranFS-1.pdf
p-eb12c1,wre-2025-shakaijin-0712,第72回 全日本社会人レスリング選手権大会,2025,フリースタイル,65kg,3位,https://www.japan-wrestling.jp/wp-content/uploads/2025/07/第72回社会人記録（優勝者一覧・個人賞）.pdf
p-eb12c1,wre-2025-tenno-cup-1218,令和7年度 天皇杯全日本レスリング選手権大会,2025,フリースタイル,61kg,5位,https://www.japan-wrestling.jp/wp-content/uploads/2026/01/訂正版_2025-EMPEROR-Cup_RESULT-BOOK.pdf
p-e46fa2,wre-2024-meiji-cup-0523,令和6年度 明治杯全日本選抜レスリング選手権大会,2024,フリースタイル,74kg,2位,https://www.japan-wrestling.jp/wp-content/uploads/2024/12/ichiranFS-1.pdf
p-e46fa2,wre-2024-tenno-cup-1219,令和6年度 天皇杯全日本レスリング選手権大会,2024,フリースタイル,74kg,5位,https://www.japan-wrestling.jp/wp-content/uploads/2025/04/令和6年度天皇杯_フリースタイル階級別入賞者一覧.pdf
p-e46fa2,wre-2025-tenno-cup-1218,令和7年度 天皇杯全日本レスリング選手権大会,2025,フリースタイル,79kg,5位,https://www.japan-wrestling.jp/wp-content/uploads/2026/01/訂正版_2025-EMPEROR-Cup_RESULT-BOOK.pdf
p-ba486c,wre-2024-meiji-cup-0523,令和6年度 明治杯全日本選抜レスリング選手権大会,2024,グレコローマン,60kg,2位,https://www.japan-wrestling.jp/wp-content/uploads/2024/12/ichiranGR-1.pdf
p-ba486c,wre-2025-tenno-cup-1218,令和7年度 天皇杯全日本レスリング選手権大会,2025,グレコローマン,60kg,5位,https://www.japan-wrestling.jp/wp-content/uploads/2026/01/訂正版_2025-EMPEROR-Cup_RESULT-BOOK.pdf
p-ba486c,wre-2026-meiji-cup-0521,令和8年度 明治杯全日本選抜レスリング選手権大会,2026,グレコローマン,60kg,3位,https://www.japan-wrestling.jp/wp-content/uploads/2026/05/スタイル別入賞者.pdf
p-38d7be,wre-2024-meiji-cup-0523,令和6年度 明治杯全日本選抜レスリング選手権大会,2024,グレコローマン,67kg,2位,https://www.japan-wrestling.jp/wp-content/uploads/2024/12/ichiranGR-1.pdf
p-38d7be,wre-2024-tenno-cup-1219,令和6年度 天皇杯全日本レスリング選手権大会,2024,グレコローマン,67kg,3位,https://www.japan-wrestling.jp/wp-content/uploads/2025/04/令和6年度天皇杯_グレコローマン階級別入賞者一覧.pdf
p-38d7be,wre-2025-tenno-cup-1218,令和7年度 天皇杯全日本レスリング選手権大会,2025,グレコローマン,72kg,2位,https://www.japan-wrestling.jp/wp-content/uploads/2026/01/訂正版_2025-EMPEROR-Cup_RESULT-BOOK.pdf
p-6b0843,wre-2024-meiji-cup-0523,令和6年度 明治杯全日本選抜レスリング選手権大会,2024,グレコローマン,77kg,2位,https://www.japan-wrestling.jp/wp-content/uploads/2024/12/ichiranGR-1.pdf
p-6b0843,wre-2024-tenno-cup-1219,令和6年度 天皇杯全日本レスリング選手権大会,2024,グレコローマン,77kg,3位,https://www.japan-wrestling.jp/wp-content/uploads/2025/04/令和6年度天皇杯_グレコローマン階級別入賞者一覧.pdf
p-6b0843,wre-2025-shakaijin-0712,第72回 全日本社会人レスリング選手権大会,2025,グレコローマン,77kg,2位,https://www.japan-wrestling.jp/wp-content/uploads/2025/07/第72回社会人記録（優勝者一覧・個人賞）.pdf
p-d84c5f,wre-2024-meiji-cup-0523,令和6年度 明治杯全日本選抜レスリング選手権大会,2024,女子,50kg,2位,https://www.japan-wrestling.jp/wp-content/uploads/2024/12/ichiranWW.pdf
p-d84c5f,wre-2024-tenno-cup-1219,令和6年度 天皇杯全日本レスリング選手権大会,2024,女子,50kg,2位,https://www.japan-wrestling.jp/wp-content/uploads/2025/04/令和6年度天皇杯_女子階級別入賞者一覧.pdf
p-d84c5f,wre-2026-meiji-cup-0521,令和8年度 明治杯全日本選抜レスリング選手権大会,2026,女子,50kg,3位,https://www.japan-wrestling.jp/wp-content/uploads/2026/05/スタイル別入賞者.pdf
p-5a7d49,wre-2024-meiji-cup-0523,令和6年度 明治杯全日本選抜レスリング選手権大会,2024,女子,55kg,2位,https://www.japan-wrestling.jp/wp-content/uploads/2024/12/ichiranWW.pdf
p-5a7d49,wre-2025-tenno-cup-1218,令和7年度 天皇杯全日本レスリング選手権大会,2025,女子,53kg,2位,https://www.japan-wrestling.jp/wp-content/uploads/2026/01/訂正版_2025-EMPEROR-Cup_RESULT-BOOK.pdf
p-5a7d49,wre-2026-meiji-cup-0521,令和8年度 明治杯全日本選抜レスリング選手権大会,2026,女子,53kg,3位,https://www.japan-wrestling.jp/wp-content/uploads/2026/05/スタイル別入賞者.pdf
p-795692,wre-2024-tenno-cup-1219,令和6年度 天皇杯全日本レスリング選手権大会,2024,フリースタイル,74kg,8位,https://www.japan-wrestling.jp/wp-content/uploads/2025/04/令和6年度天皇杯_フリースタイル階級別入賞者一覧.pdf
p-795692,wre-2025-east-autumn-1127,令和7年度 東日本学生レスリング選手権大会(秋季大会),2025,フリースタイル,74kg,2位,https://www.japan-wrestling.jp/wp-content/uploads/2025/12/令和7年度東日本学生レスリング選手権大会（春季大会）入賞者一覧_選FS・GR.pdf
p-795692,wre-2025-east-spring-0709,令和7年度 東日本学生レスリング選手権大会(春季大会),2025,フリースタイル,74kg,2位,https://www.japan-wrestling.jp/wp-content/uploads/2025/07/令和7年度東日本学生レスリング選手権大会（春季大会）入賞者一覧_選手権F・G.pdf
p-ea5368,wre-2024-tenno-cup-1219,令和6年度 天皇杯全日本レスリング選手権大会,2024,グレコローマン,77kg,3位,https://www.japan-wrestling.jp/wp-content/uploads/2025/04/令和6年度天皇杯_グレコローマン階級別入賞者一覧.pdf
p-ea5368,wre-2025-tenno-cup-1218,令和7年度 天皇杯全日本レスリング選手権大会,2025,グレコローマン,77kg,5位,https://www.japan-wrestling.jp/wp-content/uploads/2026/01/訂正版_2025-EMPEROR-Cup_RESULT-BOOK.pdf
p-ea5368,wre-2025-university-greco-1018,文部科学大臣杯 令和7年度 全日本大学レスリンググレコローマンレスリング選手権大会,2025,グレコローマン,77kg,2位,https://www.japan-wrestling.jp/wp-content/uploads/2025/10/文部科学大臣杯-令和7年度全日本大学グレコローマンスタイル選手権大会-入賞者一覧（8位まで）.pdf
p-dada04,wre-2024-tenno-cup-1219,令和6年度 天皇杯全日本レスリング選手権大会,2024,グレコローマン,77kg,5位,https://www.japan-wrestling.jp/wp-content/uploads/2025/04/令和6年度天皇杯_グレコローマン階級別入賞者一覧.pdf
p-dada04,wre-2025-tenno-cup-1218,令和7年度 天皇杯全日本レスリング選手権大会,2025,グレコローマン,77kg,2位,https://www.japan-wrestling.jp/wp-content/uploads/2026/01/訂正版_2025-EMPEROR-Cup_RESULT-BOOK.pdf
p-dada04,wre-2026-meiji-cup-0521,令和8年度 明治杯全日本選抜レスリング選手権大会,2026,グレコローマン,77kg,2位,https://www.japan-wrestling.jp/wp-content/uploads/2026/05/スタイル別入賞者.pdf
p-513f6f,wre-2024-tenno-cup-1219,令和6年度 天皇杯全日本レスリング選手権大会,2024,グレコローマン,87kg,3位,https://www.japan-wrestling.jp/wp-content/uploads/2025/04/令和6年度天皇杯_グレコローマン階級別入賞者一覧.pdf
p-513f6f,wre-2025-university-greco-1018,文部科学大臣杯 令和7年度 全日本大学レスリンググレコローマンレスリング選手権大会,2025,グレコローマン,87kg,2位,https://www.japan-wrestling.jp/wp-content/uploads/2025/10/文部科学大臣杯-令和7年度全日本大学グレコローマンスタイル選手権大会-入賞者一覧（8位まで）.pdf
p-513f6f,wre-2026-intercollegiate-0820,文部科学大臣杯 UNIVAS CUP 令和8年度 全日本学生レスリング選手権大会,2026,グレコローマン,82kg,5位,https://www.japan-wrestling.jp/wp-content/uploads/2026/08/文部科学大臣杯-UNIVAS-CUP-令和８年度全日本学生レスリング選手権大会-GR入賞者一覧（8位まで）.pdf
p-d091b6,wre-2024-tenno-cup-1219,令和6年度 天皇杯全日本レスリング選手権大会,2024,女子,50kg,5位,https://www.japan-wrestling.jp/wp-content/uploads/2025/04/令和6年度天皇杯_女子階級別入賞者一覧.pdf
p-d091b6,wre-2025-east-spring-0709,令和7年度 東日本学生レスリング選手権大会(春季大会),2025,新人戦 女子,50kg,2位,https://www.japan-wrestling.jp/wp-content/uploads/2025/07/令和7年度東日本学生レスリング選手権大会（春季大会）入賞者一覧_WW・新GR.pdf
p-d091b6,wre-2025-intercollegiate-0821,文部科学大臣杯 令和7年度 全日本学生レスリング選手権大会,2025,女子,50kg,2位,https://www.japan-wrestling.jp/wp-content/uploads/2025/08/文部科学大臣杯-UNIVAS-CUP-令和７年度全日本学生レスリング選手権大会-入賞者一覧（8位まで）_WW.pdf
p-005b75,wre-2024-tenno-cup-1219,令和6年度 天皇杯全日本レスリング選手権大会,2024,女子,57kg,3位,https://www.japan-wrestling.jp/wp-content/uploads/2025/04/令和6年度天皇杯_女子階級別入賞者一覧.pdf
p-005b75,wre-2025-shakaijin-0712,第72回 全日本社会人レスリング選手権大会,2025,女子,59kg,2位,https://www.japan-wrestling.jp/wp-content/uploads/2025/07/第72回社会人記録（優勝者一覧・個人賞）.pdf
p-005b75,wre-2025-tenno-cup-1218,令和7年度 天皇杯全日本レスリング選手権大会,2025,女子,59kg,2位,https://www.japan-wrestling.jp/wp-content/uploads/2026/01/訂正版_2025-EMPEROR-Cup_RESULT-BOOK.pdf
p-fd8742,wre-2024-tenno-cup-1219,令和6年度 天皇杯全日本レスリング選手権大会,2024,女子,65kg,2位,https://www.japan-wrestling.jp/wp-content/uploads/2025/04/令和6年度天皇杯_女子階級別入賞者一覧.pdf
p-fd8742,wre-2025-tenno-cup-1218,令和7年度 天皇杯全日本レスリング選手権大会,2025,女子,68kg,3位,https://www.japan-wrestling.jp/wp-content/uploads/2026/01/訂正版_2025-EMPEROR-Cup_RESULT-BOOK.pdf
p-fd8742,wre-2026-meiji-cup-0521,令和8年度 明治杯全日本選抜レスリング選手権大会,2026,女子,65kg,3位,https://www.japan-wrestling.jp/wp-content/uploads/2026/05/スタイル別入賞者.pdf
p-8c702b,wre-2024-tenno-cup-1219,令和6年度 天皇杯全日本レスリング選手権大会,2024,女子,76kg,3位,https://www.japan-wrestling.jp/wp-content/uploads/2025/04/令和6年度天皇杯_女子階級別入賞者一覧.pdf
p-8c702b,wre-2025-shakaijin-0712,第72回 全日本社会人レスリング選手権大会,2025,女子,76kg,2位,https://www.japan-wrestling.jp/wp-content/uploads/2025/07/第72回社会人記録（優勝者一覧・個人賞）.pdf
p-8c702b,wre-2025-tenno-cup-1218,令和7年度 天皇杯全日本レスリング選手権大会,2025,女子,76kg,7位,https://www.japan-wrestling.jp/wp-content/uploads/2026/01/訂正版_2025-EMPEROR-Cup_RESULT-BOOK.pdf
p-500913,wre-2025-east-autumn-1127,令和7年度 東日本学生レスリング選手権大会(秋季大会),2025,新人戦 グレコローマン,60kg,2位,https://www.japan-wrestling.jp/wp-content/uploads/2025/12/令和7年度東日本学生レスリング選手権大会（春季大会）入賞者一覧_新FS・GR.pdf
p-500913,wre-2025-east-spring-0709,令和7年度 東日本学生レスリング選手権大会(春季大会),2025,新人戦 グレコローマン,60kg,3位,https://www.japan-wrestling.jp/wp-content/uploads/2025/07/令和7年度東日本学生レスリング選手権大会（春季大会）入賞者一覧_WW・新GR.pdf
p-500913,wre-2026-east-spring-0713,令和8年度 東日本学生レスリング選手権大会(春季大会),2026,グレコローマン,63kg,3位,https://www.japan-wrestling.jp/wp-content/uploads/2026/07/令和8年度東日本学生レスリング選手権大会（春季大会）入賞者一覧_選FS・GR.pdf
p-bcc9cb,wre-2025-east-spring-0709,令和7年度 東日本学生レスリング選手権大会(春季大会),2025,新人戦 グレコローマン,63kg,2位,https://www.japan-wrestling.jp/wp-content/uploads/2025/07/令和7年度東日本学生レスリング選手権大会（春季大会）入賞者一覧_WW・新GR.pdf
p-bcc9cb,wre-2025-east-spring-0709,令和7年度 東日本学生レスリング選手権大会(春季大会),2025,新人戦 フリースタイル,65kg,3位,https://www.japan-wrestling.jp/wp-content/uploads/2025/07/令和7年度東日本学生レスリング選手権大会（春季大会）入賞者一覧_新FA・FB.pdf
p-bcc9cb,wre-2026-east-spring-0713,令和8年度 東日本学生レスリング選手権大会(春季大会),2026,グレコローマン,67kg,3位,https://www.japan-wrestling.jp/wp-content/uploads/2026/07/令和8年度東日本学生レスリング選手権大会（春季大会）入賞者一覧_選FS・GR.pdf
p-81a7bf,wre-2025-east-autumn-1127,令和7年度 東日本学生レスリング選手権大会(秋季大会),2025,新人戦 フリースタイル,92kg,3位,https://www.japan-wrestling.jp/wp-content/uploads/2025/12/令和7年度東日本学生レスリング選手権大会（春季大会）入賞者一覧_新FS・GR.pdf
p-81a7bf,wre-2025-east-spring-0709,令和7年度 東日本学生レスリング選手権大会(春季大会),2025,新人戦 グレコローマン,87kg,3位,https://www.japan-wrestling.jp/wp-content/uploads/2025/07/令和7年度東日本学生レスリング選手権大会（春季大会）入賞者一覧_WW・新GR.pdf
p-81a7bf,wre-2026-east-spring-0713,令和8年度 東日本学生レスリング選手権大会(春季大会),2026,フリースタイル,92kg,2位,https://www.japan-wrestling.jp/wp-content/uploads/2026/07/令和8年度東日本学生レスリング選手権大会（春季大会）入賞者一覧_選FS・GR.pdf
p-210f3d,wre-2025-east-spring-0709,令和7年度 東日本学生レスリング選手権大会(春季大会),2025,新人戦 女子,50kg,3位,https://www.japan-wrestling.jp/wp-content/uploads/2025/07/令和7年度東日本学生レスリング選手権大会（春季大会）入賞者一覧_WW・新GR.pdf
p-210f3d,wre-2025-intercollegiate-0821,文部科学大臣杯 令和7年度 全日本学生レスリング選手権大会,2025,女子,50kg,5位,https://www.japan-wrestling.jp/wp-content/uploads/2025/08/文部科学大臣杯-UNIVAS-CUP-令和７年度全日本学生レスリング選手権大会-入賞者一覧（8位まで）_WW.pdf
p-210f3d,wre-2026-east-spring-0713,令和8年度 東日本学生レスリング選手権大会(春季大会),2026,新人戦 女子,50kg,2位,https://www.japan-wrestling.jp/wp-content/uploads/2026/07/令和8年度東日本学生レスリング選手権大会（春季大会）入賞者一覧_WW・新GR.pdf
p-c06818,wre-2025-east-spring-0709,令和7年度 東日本学生レスリング選手権大会(春季大会),2025,新人戦 女子,55kg,2位,https://www.japan-wrestling.jp/wp-content/uploads/2025/07/令和7年度東日本学生レスリング選手権大会（春季大会）入賞者一覧_WW・新GR.pdf
p-c06818,wre-2025-intercollegiate-0821,文部科学大臣杯 令和7年度 全日本学生レスリング選手権大会,2025,女子,53kg,5位,https://www.japan-wrestling.jp/wp-content/uploads/2025/08/文部科学大臣杯-UNIVAS-CUP-令和７年度全日本学生レスリング選手権大会-入賞者一覧（8位まで）_WW.pdf
p-c06818,wre-2026-east-spring-0713,令和8年度 東日本学生レスリング選手権大会(春季大会),2026,新人戦 女子,55kg,3位,https://www.japan-wrestling.jp/wp-content/uploads/2026/07/令和8年度東日本学生レスリング選手権大会（春季大会）入賞者一覧_WW・新GR.pdf
p-45aebc,wre-2025-east-spring-0709,令和7年度 東日本学生レスリング選手権大会(春季大会),2025,新人戦 女子,57kg,2位,https://www.japan-wrestling.jp/wp-content/uploads/2025/07/令和7年度東日本学生レスリング選手権大会（春季大会）入賞者一覧_WW・新GR.pdf
p-45aebc,wre-2025-intercollegiate-0821,文部科学大臣杯 令和7年度 全日本学生レスリング選手権大会,2025,女子,57kg,5位,https://www.japan-wrestling.jp/wp-content/uploads/2025/08/文部科学大臣杯-UNIVAS-CUP-令和７年度全日本学生レスリング選手権大会-入賞者一覧（8位まで）_WW.pdf
p-45aebc,wre-2026-east-spring-0713,令和8年度 東日本学生レスリング選手権大会(春季大会),2026,新人戦 女子,65kg,3位,https://www.japan-wrestling.jp/wp-content/uploads/2026/07/令和8年度東日本学生レスリング選手権大会（春季大会）入賞者一覧_WW・新GR.pdf
p-095f65,wre-2025-east-spring-0709,令和7年度 東日本学生レスリング選手権大会(春季大会),2025,グレコローマン,60kg,2位,https://www.japan-wrestling.jp/wp-content/uploads/2025/07/令和7年度東日本学生レスリング選手権大会（春季大会）入賞者一覧_選手権F・G.pdf
p-095f65,wre-2025-intercollegiate-0821,文部科学大臣杯 令和7年度 全日本学生レスリング選手権大会,2025,グレコローマン,60kg,5位,https://www.japan-wrestling.jp/wp-content/uploads/2025/08/文部科学大臣杯-UNIVAS-CUP-令和７年度全日本学生レスリング選手権大会-入賞者一覧（8位まで）_GR.pdf
p-095f65,wre-2025-university-greco-1018,文部科学大臣杯 令和7年度 全日本大学レスリンググレコローマンレスリング選手権大会,2025,グレコローマン,60kg,5位,https://www.japan-wrestling.jp/wp-content/uploads/2025/10/文部科学大臣杯-令和7年度全日本大学グレコローマンスタイル選手権大会-入賞者一覧（8位まで）.pdf
p-256aa8,wre-2025-east-spring-0709,令和7年度 東日本学生レスリング選手権大会(春季大会),2025,グレコローマン,67kg,2位,https://www.japan-wrestling.jp/wp-content/uploads/2025/07/令和7年度東日本学生レスリング選手権大会（春季大会）入賞者一覧_選手権F・G.pdf
p-256aa8,wre-2025-intercollegiate-0821,文部科学大臣杯 令和7年度 全日本学生レスリング選手権大会,2025,グレコローマン,63kg,3位,https://www.japan-wrestling.jp/wp-content/uploads/2025/08/文部科学大臣杯-UNIVAS-CUP-令和７年度全日本学生レスリング選手権大会-入賞者一覧（8位まで）_GR.pdf
p-256aa8,wre-2025-tenno-cup-1218,令和7年度 天皇杯全日本レスリング選手権大会,2025,グレコローマン,63kg,7位,https://www.japan-wrestling.jp/wp-content/uploads/2026/01/訂正版_2025-EMPEROR-Cup_RESULT-BOOK.pdf
p-aad3ce,wre-2025-east-spring-0709,令和7年度 東日本学生レスリング選手権大会(春季大会),2025,グレコローマン,82kg,2位,https://www.japan-wrestling.jp/wp-content/uploads/2025/07/令和7年度東日本学生レスリング選手権大会（春季大会）入賞者一覧_選手権F・G.pdf
p-aad3ce,wre-2025-intercollegiate-0821,文部科学大臣杯 令和7年度 全日本学生レスリング選手権大会,2025,フリースタイル,86kg,5位,https://www.japan-wrestling.jp/wp-content/uploads/2025/08/文部科学大臣杯-UNIVAS-CUP-令和７年度全日本学生レスリング選手権大会-入賞者一覧（8位まで）-FS.pdf
p-aad3ce,wre-2025-intercollegiate-0821,文部科学大臣杯 令和7年度 全日本学生レスリング選手権大会,2025,グレコローマン,82kg,5位,https://www.japan-wrestling.jp/wp-content/uploads/2025/08/文部科学大臣杯-UNIVAS-CUP-令和７年度全日本学生レスリング選手権大会-入賞者一覧（8位まで）_GR.pdf
p-a6005b,wre-2025-east-autumn-1127,令和7年度 東日本学生レスリング選手権大会(秋季大会),2025,グレコローマン,82kg,2位,https://www.japan-wrestling.jp/wp-content/uploads/2025/12/令和7年度東日本学生レスリング選手権大会（春季大会）入賞者一覧_選FS・GR.pdf
p-a6005b,wre-2025-east-spring-0709,令和7年度 東日本学生レスリング選手権大会(春季大会),2025,グレコローマン,87kg,2位,https://www.japan-wrestling.jp/wp-content/uploads/2025/07/令和7年度東日本学生レスリング選手権大会（春季大会）入賞者一覧_選手権F・G.pdf
p-a6005b,wre-2025-university-greco-1018,文部科学大臣杯 令和7年度 全日本大学レスリンググレコローマンレスリング選手権大会,2025,グレコローマン,87kg,5位,https://www.japan-wrestling.jp/wp-content/uploads/2025/10/文部科学大臣杯-令和7年度全日本大学グレコローマンスタイル選手権大会-入賞者一覧（8位まで）.pdf
p-76e5a0,wre-2025-east-autumn-1127,令和7年度 東日本学生レスリング選手権大会(秋季大会),2025,フリースタイル,86kg,3位,https://www.japan-wrestling.jp/wp-content/uploads/2025/12/令和7年度東日本学生レスリング選手権大会（春季大会）入賞者一覧_選FS・GR.pdf
p-76e5a0,wre-2025-east-spring-0709,令和7年度 東日本学生レスリング選手権大会(春季大会),2025,フリースタイル,92kg,2位,https://www.japan-wrestling.jp/wp-content/uploads/2025/07/令和7年度東日本学生レスリング選手権大会（春季大会）入賞者一覧_選手権F・G.pdf
p-76e5a0,wre-2026-intercollegiate-0820,文部科学大臣杯 UNIVAS CUP 令和8年度 全日本学生レスリング選手権大会,2026,フリースタイル,92kg,2位,https://www.japan-wrestling.jp/wp-content/uploads/2026/08/文部科学大臣杯-UNIVAS-CUP-令和８年度全日本学生レスリング選手権大会-入賞者一覧（8位まで）.pdf
p-d7390c,wre-2025-intercollegiate-0821,文部科学大臣杯 令和7年度 全日本学生レスリング選手権大会,2025,フリースタイル,61kg,5位,https://www.japan-wrestling.jp/wp-content/uploads/2025/08/文部科学大臣杯-UNIVAS-CUP-令和７年度全日本学生レスリング選手権大会-入賞者一覧（8位まで）-FS.pdf
p-d7390c,wre-2026-east-spring-0713,令和8年度 東日本学生レスリング選手権大会(春季大会),2026,フリースタイル,61kg,2位,https://www.japan-wrestling.jp/wp-content/uploads/2026/07/令和8年度東日本学生レスリング選手権大会（春季大会）入賞者一覧_選FS・GR.pdf
p-d7390c,wre-2026-intercollegiate-0820,文部科学大臣杯 UNIVAS CUP 令和8年度 全日本学生レスリング選手権大会,2026,フリースタイル,61kg,3位,https://www.japan-wrestling.jp/wp-content/uploads/2026/08/文部科学大臣杯-UNIVAS-CUP-令和８年度全日本学生レスリング選手権大会-入賞者一覧（8位まで）.pdf
p-ea57e3,wre-2025-intercollegiate-0821,文部科学大臣杯 令和7年度 全日本学生レスリング選手権大会,2025,フリースタイル,74kg,3位,https://www.japan-wrestling.jp/wp-content/uploads/2025/08/文部科学大臣杯-UNIVAS-CUP-令和７年度全日本学生レスリング選手権大会-入賞者一覧（8位まで）-FS.pdf
p-ea57e3,wre-2025-tenno-cup-1218,令和7年度 天皇杯全日本レスリング選手権大会,2025,フリースタイル,74kg,5位,https://www.japan-wrestling.jp/wp-content/uploads/2026/01/訂正版_2025-EMPEROR-Cup_RESULT-BOOK.pdf
p-ea57e3,wre-2026-intercollegiate-0820,文部科学大臣杯 UNIVAS CUP 令和8年度 全日本学生レスリング選手権大会,2026,フリースタイル,74kg,2位,https://www.japan-wrestling.jp/wp-content/uploads/2026/08/文部科学大臣杯-UNIVAS-CUP-令和８年度全日本学生レスリング選手権大会-入賞者一覧（8位まで）.pdf
p-3e34e6,wre-2025-east-autumn-1127,令和7年度 東日本学生レスリング選手権大会(秋季大会),2025,新人戦 グレコローマン,77kg,2位,https://www.japan-wrestling.jp/wp-content/uploads/2025/12/令和7年度東日本学生レスリング選手権大会（春季大会）入賞者一覧_新FS・GR.pdf
p-3e34e6,wre-2025-intercollegiate-0821,文部科学大臣杯 令和7年度 全日本学生レスリング選手権大会,2025,フリースタイル,79kg,5位,https://www.japan-wrestling.jp/wp-content/uploads/2025/08/文部科学大臣杯-UNIVAS-CUP-令和７年度全日本学生レスリング選手権大会-入賞者一覧（8位まで）-FS.pdf
p-3e34e6,wre-2025-intercollegiate-0821,文部科学大臣杯 令和7年度 全日本学生レスリング選手権大会,2025,グレコローマン,77kg,5位,https://www.japan-wrestling.jp/wp-content/uploads/2025/08/文部科学大臣杯-UNIVAS-CUP-令和７年度全日本学生レスリング選手権大会-入賞者一覧（8位まで）_GR.pdf
p-cce0d7,wre-2025-east-autumn-1127,令和7年度 東日本学生レスリング選手権大会(秋季大会),2025,新人戦 グレコローマン,55kg,2位,https://www.japan-wrestling.jp/wp-content/uploads/2025/12/令和7年度東日本学生レスリング選手権大会（春季大会）入賞者一覧_新FS・GR.pdf
p-cce0d7,wre-2025-intercollegiate-0821,文部科学大臣杯 令和7年度 全日本学生レスリング選手権大会,2025,グレコローマン,55kg,5位,https://www.japan-wrestling.jp/wp-content/uploads/2025/08/文部科学大臣杯-UNIVAS-CUP-令和７年度全日本学生レスリング選手権大会-入賞者一覧（8位まで）_GR.pdf
p-cce0d7,wre-2026-east-spring-0713,令和8年度 東日本学生レスリング選手権大会(春季大会),2026,新人戦 グレコローマン,55kg,3位,https://www.japan-wrestling.jp/wp-content/uploads/2026/07/令和8年度東日本学生レスリング選手権大会（春季大会）入賞者一覧_WW・新GR.pdf
p-aa017b,wre-2025-intercollegiate-0821,文部科学大臣杯 令和7年度 全日本学生レスリング選手権大会,2025,グレコローマン,87kg,2位,https://www.japan-wrestling.jp/wp-content/uploads/2025/08/文部科学大臣杯-UNIVAS-CUP-令和７年度全日本学生レスリング選手権大会-入賞者一覧（8位まで）_GR.pdf
p-aa017b,wre-2025-tenno-cup-1218,令和7年度 天皇杯全日本レスリング選手権大会,2025,グレコローマン,87kg,5位,https://www.japan-wrestling.jp/wp-content/uploads/2026/01/訂正版_2025-EMPEROR-Cup_RESULT-BOOK.pdf
p-aa017b,wre-2025-university-championship-1108,第51回内閣総理大臣杯 令和7年度全日本大学レスリング選手権大会,2025,フリースタイル,92kg,8位,https://www.japan-wrestling.jp/wp-content/uploads/2025/11/2025.内閣_入賞者一覧（再修正版）.pdf
p-e36bb2,wre-2025-intercollegiate-0821,文部科学大臣杯 令和7年度 全日本学生レスリング選手権大会,2025,女子,57kg,2位,https://www.japan-wrestling.jp/wp-content/uploads/2025/08/文部科学大臣杯-UNIVAS-CUP-令和７年度全日本学生レスリング選手権大会-入賞者一覧（8位まで）_WW.pdf
p-e36bb2,wre-2026-intercollegiate-0820,文部科学大臣杯 UNIVAS CUP 令和8年度 全日本学生レスリング選手権大会,2026,女子,57kg,3位,https://www.japan-wrestling.jp/wp-content/uploads/2026/08/文部科学大臣杯-UNIVAS-CUP-令和８年度全日本学生レスリング選手権大会-WW入賞者一覧（8位まで）.pdf
p-e36bb2,wre-2026-meiji-cup-0521,令和8年度 明治杯全日本選抜レスリング選手権大会,2026,女子,59kg,3位,https://www.japan-wrestling.jp/wp-content/uploads/2026/05/スタイル別入賞者.pdf
p-d6b445,wre-2025-intercollegiate-0821,文部科学大臣杯 令和7年度 全日本学生レスリング選手権大会,2025,女子,59kg,5位,https://www.japan-wrestling.jp/wp-content/uploads/2025/08/文部科学大臣杯-UNIVAS-CUP-令和７年度全日本学生レスリング選手権大会-入賞者一覧（8位まで）_WW.pdf
p-d6b445,wre-2026-east-spring-0713,令和8年度 東日本学生レスリング選手権大会(春季大会),2026,新人戦 女子,62kg,2位,https://www.japan-wrestling.jp/wp-content/uploads/2026/07/令和8年度東日本学生レスリング選手権大会（春季大会）入賞者一覧_WW・新GR.pdf
p-d6b445,wre-2026-intercollegiate-0820,文部科学大臣杯 UNIVAS CUP 令和8年度 全日本学生レスリング選手権大会,2026,女子,62kg,5位,https://www.japan-wrestling.jp/wp-content/uploads/2026/08/文部科学大臣杯-UNIVAS-CUP-令和８年度全日本学生レスリング選手権大会-WW入賞者一覧（8位まで）.pdf
p-18d1bf,wre-2025-east-autumn-1127,令和7年度 東日本学生レスリング選手権大会(秋季大会),2025,新人戦 フリースタイル,61kg,2位,https://www.japan-wrestling.jp/wp-content/uploads/2025/12/令和7年度東日本学生レスリング選手権大会（春季大会）入賞者一覧_新FS・GR.pdf
p-18d1bf,wre-2025-university-greco-1018,文部科学大臣杯 令和7年度 全日本大学レスリンググレコローマンレスリング選手権大会,2025,グレコローマン,63kg,3位,https://www.japan-wrestling.jp/wp-content/uploads/2025/10/文部科学大臣杯-令和7年度全日本大学グレコローマンスタイル選手権大会-入賞者一覧（8位まで）.pdf
p-18d1bf,wre-2026-east-spring-0713,令和8年度 東日本学生レスリング選手権大会(春季大会),2026,新人戦 フリースタイル,65kg,2位,https://www.japan-wrestling.jp/wp-content/uploads/2026/07/令和8年度東日本学生レスリング選手権大会（春季大会）入賞者一覧_新FA・FB.pdf
p-235ca4,wre-2025-east-autumn-1127,令和7年度 東日本学生レスリング選手権大会(秋季大会),2025,新人戦 フリースタイル,57kg,2位,https://www.japan-wrestling.jp/wp-content/uploads/2025/12/令和7年度東日本学生レスリング選手権大会（春季大会）入賞者一覧_新FS・GR.pdf
p-235ca4,wre-2025-university-championship-1108,第51回内閣総理大臣杯 令和7年度全日本大学レスリング選手権大会,2025,フリースタイル,57kg,7位,https://www.japan-wrestling.jp/wp-content/uploads/2025/11/2025.内閣_入賞者一覧（再修正版）.pdf
p-235ca4,wre-2026-east-spring-0713,令和8年度 東日本学生レスリング選手権大会(春季大会),2026,新人戦 グレコローマン,60kg,3位,https://www.japan-wrestling.jp/wp-content/uploads/2026/07/令和8年度東日本学生レスリング選手権大会（春季大会）入賞者一覧_WW・新GR.pdf
p-cc3801,wre-2025-east-autumn-1127,令和7年度 東日本学生レスリング選手権大会(秋季大会),2025,新人戦 フリースタイル,86kg,2位,https://www.japan-wrestling.jp/wp-content/uploads/2025/12/令和7年度東日本学生レスリング選手権大会（春季大会）入賞者一覧_新FS・GR.pdf
p-cc3801,wre-2025-university-championship-1108,第51回内閣総理大臣杯 令和7年度全日本大学レスリング選手権大会,2025,フリースタイル,74kg,3位,https://www.japan-wrestling.jp/wp-content/uploads/2025/11/2025.内閣_入賞者一覧（再修正版）.pdf
p-cc3801,wre-2026-intercollegiate-0820,文部科学大臣杯 UNIVAS CUP 令和8年度 全日本学生レスリング選手権大会,2026,フリースタイル,74kg,5位,https://www.japan-wrestling.jp/wp-content/uploads/2026/08/文部科学大臣杯-UNIVAS-CUP-令和８年度全日本学生レスリング選手権大会-入賞者一覧（8位まで）.pdf
p-1fd595,wre-2025-east-autumn-1127,令和7年度 東日本学生レスリング選手権大会(秋季大会),2025,新人戦 フリースタイル,97kg,2位,https://www.japan-wrestling.jp/wp-content/uploads/2025/12/令和7年度東日本学生レスリング選手権大会（春季大会）入賞者一覧_新FS・GR.pdf
p-1fd595,wre-2025-university-championship-1108,第51回内閣総理大臣杯 令和7年度全日本大学レスリング選手権大会,2025,フリースタイル,97kg,5位,https://www.japan-wrestling.jp/wp-content/uploads/2025/11/2025.内閣_入賞者一覧（再修正版）.pdf
p-1fd595,wre-2026-east-spring-0713,令和8年度 東日本学生レスリング選手権大会(春季大会),2026,新人戦 フリースタイル,97kg,3位,https://www.japan-wrestling.jp/wp-content/uploads/2026/07/令和8年度東日本学生レスリング選手権大会（春季大会）入賞者一覧_新FA・FB.pdf
p-eddb91,wre-2025-tenno-cup-1218,令和7年度 天皇杯全日本レスリング選手権大会,2025,フリースタイル,125kg,3位,https://www.japan-wrestling.jp/wp-content/uploads/2026/01/訂正版_2025-EMPEROR-Cup_RESULT-BOOK.pdf
p-eddb91,wre-2025-university-championship-1108,第51回内閣総理大臣杯 令和7年度全日本大学レスリング選手権大会,2025,フリースタイル,125kg,3位,https://www.japan-wrestling.jp/wp-content/uploads/2025/11/2025.内閣_入賞者一覧（再修正版）.pdf
p-eddb91,wre-2026-meiji-cup-0521,令和8年度 明治杯全日本選抜レスリング選手権大会,2026,フリースタイル,125kg,2位,https://www.japan-wrestling.jp/wp-content/uploads/2026/05/スタイル別入賞者.pdf
p-b7e7df,wre-2025-east-autumn-1127,令和7年度 東日本学生レスリング選手権大会(秋季大会),2025,新人戦 グレコローマン,55kg,3位,https://www.japan-wrestling.jp/wp-content/uploads/2025/12/令和7年度東日本学生レスリング選手権大会（春季大会）入賞者一覧_新FS・GR.pdf
p-b7e7df,wre-2026-east-spring-0713,令和8年度 東日本学生レスリング選手権大会(春季大会),2026,グレコローマン,55kg,2位,https://www.japan-wrestling.jp/wp-content/uploads/2026/07/令和8年度東日本学生レスリング選手権大会（春季大会）入賞者一覧_選FS・GR.pdf
p-b7e7df,wre-2026-intercollegiate-0820,文部科学大臣杯 UNIVAS CUP 令和8年度 全日本学生レスリング選手権大会,2026,グレコローマン,55kg,5位,https://www.japan-wrestling.jp/wp-content/uploads/2026/08/文部科学大臣杯-UNIVAS-CUP-令和８年度全日本学生レスリング選手権大会-GR入賞者一覧（8位まで）.pdf
p-95961f,wre-2026-east-spring-0713,令和8年度 東日本学生レスリング選手権大会(春季大会),2026,新人戦 グレコローマン,87kg,2位,https://www.japan-wrestling.jp/wp-content/uploads/2026/07/令和8年度東日本学生レスリング選手権大会（春季大会）入賞者一覧_WW・新GR.pdf
p-95961f,wre-2026-intercollegiate-0820,文部科学大臣杯 UNIVAS CUP 令和8年度 全日本学生レスリング選手権大会,2026,フリースタイル,86kg,5位,https://www.japan-wrestling.jp/wp-content/uploads/2026/08/文部科学大臣杯-UNIVAS-CUP-令和８年度全日本学生レスリング選手権大会-入賞者一覧（8位まで）.pdf
p-95961f,wre-2026-intercollegiate-0820,文部科学大臣杯 UNIVAS CUP 令和8年度 全日本学生レスリング選手権大会,2026,グレコローマン,87kg,2位,https://www.japan-wrestling.jp/wp-content/uploads/2026/08/文部科学大臣杯-UNIVAS-CUP-令和８年度全日本学生レスリング選手権大会-GR入賞者一覧（8位まで）.pdf
p-b2e669,wre-2024-meiji-cup-0523,令和6年度 明治杯全日本選抜レスリング選手権大会,2024,フリースタイル,70kg,3位,https://www.japan-wrestling.jp/wp-content/uploads/2024/12/ichiranFS-1.pdf
p-b2e669,wre-2024-tenno-cup-1219,令和6年度 天皇杯全日本レスリング選手権大会,2024,フリースタイル,70kg,5位,https://www.japan-wrestling.jp/wp-content/uploads/2025/04/令和6年度天皇杯_フリースタイル階級別入賞者一覧.pdf
p-b2e669,wre-2025-tenno-cup-1218,令和7年度 天皇杯全日本レスリング選手権大会,2025,フリースタイル,70kg,5位,https://www.japan-wrestling.jp/wp-content/uploads/2026/01/訂正版_2025-EMPEROR-Cup_RESULT-BOOK.pdf
p-17ac51,wre-2024-meiji-cup-0523,令和6年度 明治杯全日本選抜レスリング選手権大会,2024,グレコローマン,60kg,3位,https://www.japan-wrestling.jp/wp-content/uploads/2024/12/ichiranGR-1.pdf
p-17ac51,wre-2024-tenno-cup-1219,令和6年度 天皇杯全日本レスリング選手権大会,2024,グレコローマン,60kg,5位,https://www.japan-wrestling.jp/wp-content/uploads/2025/04/令和6年度天皇杯_グレコローマン階級別入賞者一覧.pdf
p-17ac51,wre-2025-tenno-cup-1218,令和7年度 天皇杯全日本レスリング選手権大会,2025,グレコローマン,60kg,8位,https://www.japan-wrestling.jp/wp-content/uploads/2026/01/訂正版_2025-EMPEROR-Cup_RESULT-BOOK.pdf
p-f5df0d,wre-2024-meiji-cup-0523,令和6年度 明治杯全日本選抜レスリング選手権大会,2024,グレコローマン,72kg,3位,https://www.japan-wrestling.jp/wp-content/uploads/2024/12/ichiranGR-1.pdf
p-f5df0d,wre-2024-tenno-cup-1219,令和6年度 天皇杯全日本レスリング選手権大会,2024,グレコローマン,72kg,8位,https://www.japan-wrestling.jp/wp-content/uploads/2025/04/令和6年度天皇杯_グレコローマン階級別入賞者一覧.pdf
p-f5df0d,wre-2026-meiji-cup-0521,令和8年度 明治杯全日本選抜レスリング選手権大会,2026,グレコローマン,72kg,3位,https://www.japan-wrestling.jp/wp-content/uploads/2026/05/スタイル別入賞者.pdf
p-6d2e89,wre-2024-meiji-cup-0523,令和6年度 明治杯全日本選抜レスリング選手権大会,2024,グレコローマン,77kg,3位,https://www.japan-wrestling.jp/wp-content/uploads/2024/12/ichiranGR-1.pdf
p-6d2e89,wre-2025-shakaijin-0712,第72回 全日本社会人レスリング選手権大会,2025,グレコローマン,82kg,3位,https://www.japan-wrestling.jp/wp-content/uploads/2025/07/第72回社会人記録（優勝者一覧・個人賞）.pdf
p-6d2e89,wre-2025-tenno-cup-1218,令和7年度 天皇杯全日本レスリング選手権大会,2025,グレコローマン,77kg,3位,https://www.japan-wrestling.jp/wp-content/uploads/2026/01/訂正版_2025-EMPEROR-Cup_RESULT-BOOK.pdf
p-236be3,wre-2024-tenno-cup-1219,令和6年度 天皇杯全日本レスリング選手権大会,2024,フリースタイル,74kg,7位,https://www.japan-wrestling.jp/wp-content/uploads/2025/04/令和6年度天皇杯_フリースタイル階級別入賞者一覧.pdf
p-236be3,wre-2025-shakaijin-0712,第72回 全日本社会人レスリング選手権大会,2025,フリースタイル,74kg,3位,https://www.japan-wrestling.jp/wp-content/uploads/2025/07/第72回社会人記録（優勝者一覧・個人賞）.pdf
p-236be3,wre-2025-tenno-cup-1218,令和7年度 天皇杯全日本レスリング選手権大会,2025,フリースタイル,74kg,8位,https://www.japan-wrestling.jp/wp-content/uploads/2026/01/訂正版_2025-EMPEROR-Cup_RESULT-BOOK.pdf
p-e4e1a8,wre-2024-tenno-cup-1219,令和6年度 天皇杯全日本レスリング選手権大会,2024,フリースタイル,97kg,3位,https://www.japan-wrestling.jp/wp-content/uploads/2025/04/令和6年度天皇杯_フリースタイル階級別入賞者一覧.pdf
p-e4e1a8,wre-2024-tenno-cup-1219,令和6年度 天皇杯全日本レスリング選手権大会,2024,グレコローマン,97kg,8位,https://www.japan-wrestling.jp/wp-content/uploads/2025/04/令和6年度天皇杯_グレコローマン階級別入賞者一覧.pdf
p-e4e1a8,wre-2026-intercollegiate-0820,文部科学大臣杯 UNIVAS CUP 令和8年度 全日本学生レスリング選手権大会,2026,フリースタイル,79kg,3位,https://www.japan-wrestling.jp/wp-content/uploads/2026/08/文部科学大臣杯-UNIVAS-CUP-令和８年度全日本学生レスリング選手権大会-入賞者一覧（8位まで）.pdf
p-b05647,wre-2024-tenno-cup-1219,令和6年度 天皇杯全日本レスリング選手権大会,2024,グレコローマン,60kg,3位,https://www.japan-wrestling.jp/wp-content/uploads/2025/04/令和6年度天皇杯_グレコローマン階級別入賞者一覧.pdf
p-b05647,wre-2025-tenno-cup-1218,令和7年度 天皇杯全日本レスリング選手権大会,2025,グレコローマン,60kg,3位,https://www.japan-wrestling.jp/wp-content/uploads/2026/01/訂正版_2025-EMPEROR-Cup_RESULT-BOOK.pdf
p-b05647,wre-2026-meiji-cup-0521,令和8年度 明治杯全日本選抜レスリング選手権大会,2026,グレコローマン,60kg,3位,https://www.japan-wrestling.jp/wp-content/uploads/2026/05/スタイル別入賞者.pdf
p-30e290,wre-2024-tenno-cup-1219,令和6年度 天皇杯全日本レスリング選手権大会,2024,グレコローマン,63kg,5位,https://www.japan-wrestling.jp/wp-content/uploads/2025/04/令和6年度天皇杯_グレコローマン階級別入賞者一覧.pdf
p-30e290,wre-2025-shakaijin-0712,第72回 全日本社会人レスリング選手権大会,2025,グレコローマン,63kg,3位,https://www.japan-wrestling.jp/wp-content/uploads/2025/07/第72回社会人記録（優勝者一覧・個人賞）.pdf
p-30e290,wre-2025-tenno-cup-1218,令和7年度 天皇杯全日本レスリング選手権大会,2025,グレコローマン,63kg,3位,https://www.japan-wrestling.jp/wp-content/uploads/2026/01/訂正版_2025-EMPEROR-Cup_RESULT-BOOK.pdf
p-7f1624,wre-2024-tenno-cup-1219,令和6年度 天皇杯全日本レスリング選手権大会,2024,グレコローマン,72kg,3位,https://www.japan-wrestling.jp/wp-content/uploads/2025/04/令和6年度天皇杯_グレコローマン階級別入賞者一覧.pdf
p-7f1624,wre-2025-shakaijin-0712,第72回 全日本社会人レスリング選手権大会,2025,グレコローマン,72kg,3位,https://www.japan-wrestling.jp/wp-content/uploads/2025/07/第72回社会人記録（優勝者一覧・個人賞）.pdf
p-7f1624,wre-2025-tenno-cup-1218,令和7年度 天皇杯全日本レスリング選手権大会,2025,グレコローマン,72kg,5位,https://www.japan-wrestling.jp/wp-content/uploads/2026/01/訂正版_2025-EMPEROR-Cup_RESULT-BOOK.pdf
p-fdedf7,wre-2024-tenno-cup-1219,令和6年度 天皇杯全日本レスリング選手権大会,2024,グレコローマン,82kg,3位,https://www.japan-wrestling.jp/wp-content/uploads/2025/04/令和6年度天皇杯_グレコローマン階級別入賞者一覧.pdf
p-fdedf7,wre-2025-tenno-cup-1218,令和7年度 天皇杯全日本レスリング選手権大会,2025,グレコローマン,82kg,3位,https://www.japan-wrestling.jp/wp-content/uploads/2026/01/訂正版_2025-EMPEROR-Cup_RESULT-BOOK.pdf
p-fdedf7,wre-2026-meiji-cup-0521,令和8年度 明治杯全日本選抜レスリング選手権大会,2026,グレコローマン,82kg,3位,https://www.japan-wrestling.jp/wp-content/uploads/2026/05/スタイル別入賞者.pdf
p-22c49d,wre-2024-tenno-cup-1219,令和6年度 天皇杯全日本レスリング選手権大会,2024,グレコローマン,130kg,3位,https://www.japan-wrestling.jp/wp-content/uploads/2025/04/令和6年度天皇杯_グレコローマン階級別入賞者一覧.pdf
p-22c49d,wre-2025-intercollegiate-0821,文部科学大臣杯 令和7年度 全日本学生レスリング選手権大会,2025,グレコローマン,130kg,3位,https://www.japan-wrestling.jp/wp-content/uploads/2025/08/文部科学大臣杯-UNIVAS-CUP-令和７年度全日本学生レスリング選手権大会-入賞者一覧（8位まで）_GR.pdf
p-22c49d,wre-2025-tenno-cup-1218,令和7年度 天皇杯全日本レスリング選手権大会,2025,グレコローマン,130kg,5位,https://www.japan-wrestling.jp/wp-content/uploads/2026/01/訂正版_2025-EMPEROR-Cup_RESULT-BOOK.pdf
p-44095d,wre-2024-tenno-cup-1219,令和6年度 天皇杯全日本レスリング選手権大会,2024,女子,53kg,5位,https://www.japan-wrestling.jp/wp-content/uploads/2025/04/令和6年度天皇杯_女子階級別入賞者一覧.pdf
p-44095d,wre-2025-intercollegiate-0821,文部科学大臣杯 令和7年度 全日本学生レスリング選手権大会,2025,女子,50kg,3位,https://www.japan-wrestling.jp/wp-content/uploads/2025/08/文部科学大臣杯-UNIVAS-CUP-令和７年度全日本学生レスリング選手権大会-入賞者一覧（8位まで）_WW.pdf
p-44095d,wre-2025-tenno-cup-1218,令和7年度 天皇杯全日本レスリング選手権大会,2025,女子,50kg,8位,https://www.japan-wrestling.jp/wp-content/uploads/2026/01/訂正版_2025-EMPEROR-Cup_RESULT-BOOK.pdf
p-200023,wre-2024-tenno-cup-1219,令和6年度 天皇杯全日本レスリング選手権大会,2024,女子,55kg,3位,https://www.japan-wrestling.jp/wp-content/uploads/2025/04/令和6年度天皇杯_女子階級別入賞者一覧.pdf
p-200023,wre-2025-intercollegiate-0821,文部科学大臣杯 令和7年度 全日本学生レスリング選手権大会,2025,女子,55kg,5位,https://www.japan-wrestling.jp/wp-content/uploads/2025/08/文部科学大臣杯-UNIVAS-CUP-令和７年度全日本学生レスリング選手権大会-入賞者一覧（8位まで）_WW.pdf
p-200023,wre-2025-shakaijin-0712,第72回 全日本社会人レスリング選手権大会,2025,女子,55kg,3位,https://www.japan-wrestling.jp/wp-content/uploads/2025/07/第72回社会人記録（優勝者一覧・個人賞）.pdf
p-82d41f,wre-2024-tenno-cup-1219,令和6年度 天皇杯全日本レスリング選手権大会,2024,女子,57kg,5位,https://www.japan-wrestling.jp/wp-content/uploads/2025/04/令和6年度天皇杯_女子階級別入賞者一覧.pdf
p-82d41f,wre-2025-intercollegiate-0821,文部科学大臣杯 令和7年度 全日本学生レスリング選手権大会,2025,女子,57kg,3位,https://www.japan-wrestling.jp/wp-content/uploads/2025/08/文部科学大臣杯-UNIVAS-CUP-令和７年度全日本学生レスリング選手権大会-入賞者一覧（8位まで）_WW.pdf
p-82d41f,wre-2025-shakaijin-0712,第72回 全日本社会人レスリング選手権大会,2025,女子,59kg,3位,https://www.japan-wrestling.jp/wp-content/uploads/2025/07/第72回社会人記録（優勝者一覧・個人賞）.pdf
p-ca301b,wre-2025-east-spring-0709,令和7年度 東日本学生レスリング選手権大会(春季大会),2025,新人戦 グレコローマン,63kg,3位,https://www.japan-wrestling.jp/wp-content/uploads/2025/07/令和7年度東日本学生レスリング選手権大会（春季大会）入賞者一覧_WW・新GR.pdf
p-ca301b,wre-2025-east-spring-0709,令和7年度 東日本学生レスリング選手権大会(春季大会),2025,新人戦 フリースタイル,61kg,3位,https://www.japan-wrestling.jp/wp-content/uploads/2025/07/令和7年度東日本学生レスリング選手権大会（春季大会）入賞者一覧_新FA・FB.pdf
p-ca301b,wre-2025-university-greco-1018,文部科学大臣杯 令和7年度 全日本大学レスリンググレコローマンレスリング選手権大会,2025,グレコローマン,60kg,3位,https://www.japan-wrestling.jp/wp-content/uploads/2025/10/文部科学大臣杯-令和7年度全日本大学グレコローマンスタイル選手権大会-入賞者一覧（8位まで）.pdf
p-6ad5c2,wre-2025-east-spring-0709,令和7年度 東日本学生レスリング選手権大会(春季大会),2025,新人戦 グレコローマン,77kg,3位,https://www.japan-wrestling.jp/wp-content/uploads/2025/07/令和7年度東日本学生レスリング選手権大会（春季大会）入賞者一覧_WW・新GR.pdf
p-6ad5c2,wre-2025-east-spring-0709,令和7年度 東日本学生レスリング選手権大会(春季大会),2025,新人戦 フリースタイル,79kg,3位,https://www.japan-wrestling.jp/wp-content/uploads/2025/07/令和7年度東日本学生レスリング選手権大会（春季大会）入賞者一覧_新FA・FB.pdf
p-6ad5c2,wre-2026-intercollegiate-0820,文部科学大臣杯 UNIVAS CUP 令和8年度 全日本学生レスリング選手権大会,2026,フリースタイル,79kg,5位,https://www.japan-wrestling.jp/wp-content/uploads/2026/08/文部科学大臣杯-UNIVAS-CUP-令和８年度全日本学生レスリング選手権大会-入賞者一覧（8位まで）.pdf
p-898570,wre-2025-east-autumn-1127,令和7年度 東日本学生レスリング選手権大会(秋季大会),2025,新人戦 グレコローマン,87kg,3位,https://www.japan-wrestling.jp/wp-content/uploads/2025/12/令和7年度東日本学生レスリング選手権大会（春季大会）入賞者一覧_新FS・GR.pdf
p-898570,wre-2025-east-spring-0709,令和7年度 東日本学生レスリング選手権大会(春季大会),2025,新人戦 グレコローマン,87kg,3位,https://www.japan-wrestling.jp/wp-content/uploads/2025/07/令和7年度東日本学生レスリング選手権大会（春季大会）入賞者一覧_WW・新GR.pdf
p-898570,wre-2026-east-spring-0713,令和8年度 東日本学生レスリング選手権大会(春季大会),2026,新人戦 フリースタイル,86kg,3位,https://www.japan-wrestling.jp/wp-content/uploads/2026/07/令和8年度東日本学生レスリング選手権大会（春季大会）入賞者一覧_新FA・FB.pdf
p-919ac9,wre-2025-east-spring-0709,令和7年度 東日本学生レスリング選手権大会(春季大会),2025,新人戦 女子,53kg,3位,https://www.japan-wrestling.jp/wp-content/uploads/2025/07/令和7年度東日本学生レスリング選手権大会（春季大会）入賞者一覧_WW・新GR.pdf
p-919ac9,wre-2025-tenno-cup-1218,令和7年度 天皇杯全日本レスリング選手権大会,2025,女子,55kg,5位,https://www.japan-wrestling.jp/wp-content/uploads/2026/01/訂正版_2025-EMPEROR-Cup_RESULT-BOOK.pdf
p-919ac9,wre-2026-intercollegiate-0820,文部科学大臣杯 UNIVAS CUP 令和8年度 全日本学生レスリング選手権大会,2026,女子,55kg,5位,https://www.japan-wrestling.jp/wp-content/uploads/2026/08/文部科学大臣杯-UNIVAS-CUP-令和８年度全日本学生レスリング選手権大会-WW入賞者一覧（8位まで）.pdf
p-fe39ac,wre-2025-east-spring-0709,令和7年度 東日本学生レスリング選手権大会(春季大会),2025,新人戦 女子,62kg,3位,https://www.japan-wrestling.jp/wp-content/uploads/2025/07/令和7年度東日本学生レスリング選手権大会（春季大会）入賞者一覧_WW・新GR.pdf
p-fe39ac,wre-2025-intercollegiate-0821,文部科学大臣杯 令和7年度 全日本学生レスリング選手権大会,2025,女子,62kg,5位,https://www.japan-wrestling.jp/wp-content/uploads/2025/08/文部科学大臣杯-UNIVAS-CUP-令和７年度全日本学生レスリング選手権大会-入賞者一覧（8位まで）_WW.pdf
p-fe39ac,wre-2025-shakaijin-0712,第72回 全日本社会人レスリング選手権大会,2025,女子,62kg,3位,https://www.japan-wrestling.jp/wp-content/uploads/2025/07/第72回社会人記録（優勝者一覧・個人賞）.pdf
p-dd720c,wre-2025-east-autumn-1127,令和7年度 東日本学生レスリング選手権大会(秋季大会),2025,新人戦 フリースタイル,61kg,3位,https://www.japan-wrestling.jp/wp-content/uploads/2025/12/令和7年度東日本学生レスリング選手権大会（春季大会）入賞者一覧_新FS・GR.pdf
p-dd720c,wre-2025-east-spring-0709,令和7年度 東日本学生レスリング選手権大会(春季大会),2025,新人戦 フリースタイル,57kg,3位,https://www.japan-wrestling.jp/wp-content/uploads/2025/07/令和7年度東日本学生レスリング選手権大会（春季大会）入賞者一覧_新FA・FB.pdf
p-dd720c,wre-2025-university-championship-1108,第51回内閣総理大臣杯 令和7年度全日本大学レスリング選手権大会,2025,フリースタイル,61kg,5位,https://www.japan-wrestling.jp/wp-content/uploads/2025/11/2025.内閣_入賞者一覧（再修正版）.pdf
p-74c75d,wre-2025-intercollegiate-0821,文部科学大臣杯 令和7年度 全日本学生レスリング選手権大会,2025,フリースタイル,57kg,5位,https://www.japan-wrestling.jp/wp-content/uploads/2025/08/文部科学大臣杯-UNIVAS-CUP-令和７年度全日本学生レスリング選手権大会-入賞者一覧（8位まで）-FS.pdf
p-74c75d,wre-2026-east-spring-0713,令和8年度 東日本学生レスリング選手権大会(春季大会),2026,フリースタイル,57kg,3位,https://www.japan-wrestling.jp/wp-content/uploads/2026/07/令和8年度東日本学生レスリング選手権大会（春季大会）入賞者一覧_選FS・GR.pdf
p-74c75d,wre-2026-intercollegiate-0820,文部科学大臣杯 UNIVAS CUP 令和8年度 全日本学生レスリング選手権大会,2026,フリースタイル,57kg,5位,https://www.japan-wrestling.jp/wp-content/uploads/2026/08/文部科学大臣杯-UNIVAS-CUP-令和８年度全日本学生レスリング選手権大会-入賞者一覧（8位まで）.pdf
p-439891,wre-2025-intercollegiate-0821,文部科学大臣杯 令和7年度 全日本学生レスリング選手権大会,2025,フリースタイル,70kg,5位,https://www.japan-wrestling.jp/wp-content/uploads/2025/08/文部科学大臣杯-UNIVAS-CUP-令和７年度全日本学生レスリング選手権大会-入賞者一覧（8位まで）-FS.pdf
p-439891,wre-2025-intercollegiate-0821,文部科学大臣杯 令和7年度 全日本学生レスリング選手権大会,2025,グレコローマン,67kg,5位,https://www.japan-wrestling.jp/wp-content/uploads/2025/08/文部科学大臣杯-UNIVAS-CUP-令和７年度全日本学生レスリング選手権大会-入賞者一覧（8位まで）_GR.pdf
p-439891,wre-2026-east-spring-0713,令和8年度 東日本学生レスリング選手権大会(春季大会),2026,フリースタイル,65kg,3位,https://www.japan-wrestling.jp/wp-content/uploads/2026/07/令和8年度東日本学生レスリング選手権大会（春季大会）入賞者一覧_選FS・GR.pdf
p-19fa76,wre-2025-east-autumn-1127,令和7年度 東日本学生レスリング選手権大会(秋季大会),2025,フリースタイル,74kg,3位,https://www.japan-wrestling.jp/wp-content/uploads/2025/12/令和7年度東日本学生レスリング選手権大会（春季大会）入賞者一覧_選FS・GR.pdf
p-19fa76,wre-2025-intercollegiate-0821,文部科学大臣杯 令和7年度 全日本学生レスリング選手権大会,2025,フリースタイル,74kg,3位,https://www.japan-wrestling.jp/wp-content/uploads/2025/08/文部科学大臣杯-UNIVAS-CUP-令和７年度全日本学生レスリング選手権大会-入賞者一覧（8位まで）-FS.pdf
p-19fa76,wre-2026-east-spring-0713,令和8年度 東日本学生レスリング選手権大会(春季大会),2026,フリースタイル,79kg,3位,https://www.japan-wrestling.jp/wp-content/uploads/2026/07/令和8年度東日本学生レスリング選手権大会（春季大会）入賞者一覧_選FS・GR.pdf
p-3909b7,wre-2025-intercollegiate-0821,文部科学大臣杯 令和7年度 全日本学生レスリング選手権大会,2025,フリースタイル,86kg,3位,https://www.japan-wrestling.jp/wp-content/uploads/2025/08/文部科学大臣杯-UNIVAS-CUP-令和７年度全日本学生レスリング選手権大会-入賞者一覧（8位まで）-FS.pdf
p-3909b7,wre-2025-tenno-cup-1218,令和7年度 天皇杯全日本レスリング選手権大会,2025,フリースタイル,92kg,8位,https://www.japan-wrestling.jp/wp-content/uploads/2026/01/訂正版_2025-EMPEROR-Cup_RESULT-BOOK.pdf
p-3909b7,wre-2025-university-championship-1108,第51回内閣総理大臣杯 令和7年度全日本大学レスリング選手権大会,2025,フリースタイル,92kg,3位,https://www.japan-wrestling.jp/wp-content/uploads/2025/11/2025.内閣_入賞者一覧（再修正版）.pdf
p-ee5c2c,wre-2025-intercollegiate-0821,文部科学大臣杯 令和7年度 全日本学生レスリング選手権大会,2025,フリースタイル,97kg,3位,https://www.japan-wrestling.jp/wp-content/uploads/2025/08/文部科学大臣杯-UNIVAS-CUP-令和７年度全日本学生レスリング選手権大会-入賞者一覧（8位まで）-FS.pdf
p-ee5c2c,wre-2025-intercollegiate-0821,文部科学大臣杯 令和7年度 全日本学生レスリング選手権大会,2025,グレコローマン,97kg,5位,https://www.japan-wrestling.jp/wp-content/uploads/2025/08/文部科学大臣杯-UNIVAS-CUP-令和７年度全日本学生レスリング選手権大会-入賞者一覧（8位まで）_GR.pdf
p-ee5c2c,wre-2025-university-championship-1108,第51回内閣総理大臣杯 令和7年度全日本大学レスリング選手権大会,2025,フリースタイル,125kg,8位,https://www.japan-wrestling.jp/wp-content/uploads/2025/11/2025.内閣_入賞者一覧（再修正版）.pdf
p-3d76fd,wre-2025-intercollegiate-0821,文部科学大臣杯 令和7年度 全日本学生レスリング選手権大会,2025,グレコローマン,67kg,5位,https://www.japan-wrestling.jp/wp-content/uploads/2025/08/文部科学大臣杯-UNIVAS-CUP-令和７年度全日本学生レスリング選手権大会-入賞者一覧（8位まで）_GR.pdf
p-3d76fd,wre-2026-east-spring-0713,令和8年度 東日本学生レスリング選手権大会(春季大会),2026,グレコローマン,67kg,3位,https://www.japan-wrestling.jp/wp-content/uploads/2026/07/令和8年度東日本学生レスリング選手権大会（春季大会）入賞者一覧_選FS・GR.pdf
p-3d76fd,wre-2026-intercollegiate-0820,文部科学大臣杯 UNIVAS CUP 令和8年度 全日本学生レスリング選手権大会,2026,グレコローマン,67kg,5位,https://www.japan-wrestling.jp/wp-content/uploads/2026/08/文部科学大臣杯-UNIVAS-CUP-令和８年度全日本学生レスリング選手権大会-GR入賞者一覧（8位まで）.pdf
p-4de151,wre-2025-intercollegiate-0821,文部科学大臣杯 令和7年度 全日本学生レスリング選手権大会,2025,グレコローマン,77kg,3位,https://www.japan-wrestling.jp/wp-content/uploads/2025/08/文部科学大臣杯-UNIVAS-CUP-令和７年度全日本学生レスリング選手権大会-入賞者一覧（8位まで）_GR.pdf
p-4de151,wre-2025-tenno-cup-1218,令和7年度 天皇杯全日本レスリング選手権大会,2025,グレコローマン,77kg,8位,https://www.japan-wrestling.jp/wp-content/uploads/2026/01/訂正版_2025-EMPEROR-Cup_RESULT-BOOK.pdf
p-4de151,wre-2025-university-greco-1018,文部科学大臣杯 令和7年度 全日本大学レスリンググレコローマンレスリング選手権大会,2025,グレコローマン,77kg,8位,https://www.japan-wrestling.jp/wp-content/uploads/2025/10/文部科学大臣杯-令和7年度全日本大学グレコローマンスタイル選手権大会-入賞者一覧（8位まで）.pdf
p-5fb9d4,wre-2025-east-autumn-1127,令和7年度 東日本学生レスリング選手権大会(秋季大会),2025,新人戦 フリースタイル,79kg,3位,https://www.japan-wrestling.jp/wp-content/uploads/2025/12/令和7年度東日本学生レスリング選手権大会（春季大会）入賞者一覧_新FS・GR.pdf
p-5fb9d4,wre-2025-intercollegiate-0821,文部科学大臣杯 令和7年度 全日本学生レスリング選手権大会,2025,グレコローマン,77kg,5位,https://www.japan-wrestling.jp/wp-content/uploads/2025/08/文部科学大臣杯-UNIVAS-CUP-令和７年度全日本学生レスリング選手権大会-入賞者一覧（8位まで）_GR.pdf
p-5fb9d4,wre-2025-university-championship-1108,第51回内閣総理大臣杯 令和7年度全日本大学レスリング選手権大会,2025,フリースタイル,86kg,8位,https://www.japan-wrestling.jp/wp-content/uploads/2025/11/2025.内閣_入賞者一覧（再修正版）.pdf
p-1727fe,wre-2025-east-autumn-1127,令和7年度 東日本学生レスリング選手権大会(秋季大会),2025,グレコローマン,77kg,3位,https://www.japan-wrestling.jp/wp-content/uploads/2025/12/令和7年度東日本学生レスリング選手権大会（春季大会）入賞者一覧_選FS・GR.pdf
p-1727fe,wre-2025-intercollegiate-0821,文部科学大臣杯 令和7年度 全日本学生レスリング選手権大会,2025,グレコローマン,77kg,5位,https://www.japan-wrestling.jp/wp-content/uploads/2025/08/文部科学大臣杯-UNIVAS-CUP-令和７年度全日本学生レスリング選手権大会-入賞者一覧（8位まで）_GR.pdf
p-1727fe,wre-2025-university-greco-1018,文部科学大臣杯 令和7年度 全日本大学レスリンググレコローマンレスリング選手権大会,2025,グレコローマン,77kg,7位,https://www.japan-wrestling.jp/wp-content/uploads/2025/10/文部科学大臣杯-令和7年度全日本大学グレコローマンスタイル選手権大会-入賞者一覧（8位まで）.pdf
p-262e6c,wre-2025-intercollegiate-0821,文部科学大臣杯 令和7年度 全日本学生レスリング選手権大会,2025,女子,55kg,3位,https://www.japan-wrestling.jp/wp-content/uploads/2025/08/文部科学大臣杯-UNIVAS-CUP-令和７年度全日本学生レスリング選手権大会-入賞者一覧（8位まで）_WW.pdf
p-262e6c,wre-2025-tenno-cup-1218,令和7年度 天皇杯全日本レスリング選手権大会,2025,女子,55kg,8位,https://www.japan-wrestling.jp/wp-content/uploads/2026/01/訂正版_2025-EMPEROR-Cup_RESULT-BOOK.pdf
p-262e6c,wre-2026-intercollegiate-0820,文部科学大臣杯 UNIVAS CUP 令和8年度 全日本学生レスリング選手権大会,2026,女子,55kg,3位,https://www.japan-wrestling.jp/wp-content/uploads/2026/08/文部科学大臣杯-UNIVAS-CUP-令和８年度全日本学生レスリング選手権大会-WW入賞者一覧（8位まで）.pdf
p-d19533,wre-2025-intercollegiate-0821,文部科学大臣杯 令和7年度 全日本学生レスリング選手権大会,2025,女子,59kg,3位,https://www.japan-wrestling.jp/wp-content/uploads/2025/08/文部科学大臣杯-UNIVAS-CUP-令和７年度全日本学生レスリング選手権大会-入賞者一覧（8位まで）_WW.pdf
p-d19533,wre-2026-east-spring-0713,令和8年度 東日本学生レスリング選手権大会(春季大会),2026,新人戦 女子,59kg,3位,https://www.japan-wrestling.jp/wp-content/uploads/2026/07/令和8年度東日本学生レスリング選手権大会（春季大会）入賞者一覧_WW・新GR.pdf
p-d19533,wre-2026-intercollegiate-0820,文部科学大臣杯 UNIVAS CUP 令和8年度 全日本学生レスリング選手権大会,2026,女子,59kg,3位,https://www.japan-wrestling.jp/wp-content/uploads/2026/08/文部科学大臣杯-UNIVAS-CUP-令和８年度全日本学生レスリング選手権大会-WW入賞者一覧（8位まで）.pdf
p-b5ed9d,wre-2025-tenno-cup-1218,令和7年度 天皇杯全日本レスリング選手権大会,2025,グレコローマン,130kg,5位,https://www.japan-wrestling.jp/wp-content/uploads/2026/01/訂正版_2025-EMPEROR-Cup_RESULT-BOOK.pdf
p-b5ed9d,wre-2025-university-greco-1018,文部科学大臣杯 令和7年度 全日本大学レスリンググレコローマンレスリング選手権大会,2025,グレコローマン,130kg,3位,https://www.japan-wrestling.jp/wp-content/uploads/2025/10/文部科学大臣杯-令和7年度全日本大学グレコローマンスタイル選手権大会-入賞者一覧（8位まで）.pdf
p-b5ed9d,wre-2026-meiji-cup-0521,令和8年度 明治杯全日本選抜レスリング選手権大会,2026,グレコローマン,130kg,3位,https://www.japan-wrestling.jp/wp-content/uploads/2026/05/スタイル別入賞者.pdf
p-f284eb,wre-2025-east-autumn-1127,令和7年度 東日本学生レスリング選手権大会(秋季大会),2025,新人戦 フリースタイル,57kg,3位,https://www.japan-wrestling.jp/wp-content/uploads/2025/12/令和7年度東日本学生レスリング選手権大会（春季大会）入賞者一覧_新FS・GR.pdf
p-f284eb,wre-2025-university-championship-1108,第51回内閣総理大臣杯 令和7年度全日本大学レスリング選手権大会,2025,フリースタイル,57kg,5位,https://www.japan-wrestling.jp/wp-content/uploads/2025/11/2025.内閣_入賞者一覧（再修正版）.pdf
p-f284eb,wre-2026-intercollegiate-0820,文部科学大臣杯 UNIVAS CUP 令和8年度 全日本学生レスリング選手権大会,2026,フリースタイル,57kg,5位,https://www.japan-wrestling.jp/wp-content/uploads/2026/08/文部科学大臣杯-UNIVAS-CUP-令和８年度全日本学生レスリング選手権大会-入賞者一覧（8位まで）.pdf
p-b84bd5,wre-2025-intercollegiate-0821,文部科学大臣杯 令和7年度 全日本学生レスリング選手権大会,2025,グレコローマン,60kg,5位,https://www.japan-wrestling.jp/wp-content/uploads/2025/08/文部科学大臣杯-UNIVAS-CUP-令和７年度全日本学生レスリング選手権大会-入賞者一覧（8位まで）_GR.pdf
p-b84bd5,wre-2025-university-greco-1018,文部科学大臣杯 令和7年度 全日本大学レスリンググレコローマンレスリング選手権大会,2025,グレコローマン,60kg,8位,https://www.japan-wrestling.jp/wp-content/uploads/2025/10/文部科学大臣杯-令和7年度全日本大学グレコローマンスタイル選手権大会-入賞者一覧（8位まで）.pdf
p-b84bd5,wre-2026-intercollegiate-0820,文部科学大臣杯 UNIVAS CUP 令和8年度 全日本学生レスリング選手権大会,2026,グレコローマン,60kg,5位,https://www.japan-wrestling.jp/wp-content/uploads/2026/08/文部科学大臣杯-UNIVAS-CUP-令和８年度全日本学生レスリング選手権大会-GR入賞者一覧（8位まで）.pdf
p-d63398,wre-2025-intercollegiate-0821,文部科学大臣杯 令和7年度 全日本学生レスリング選手権大会,2025,グレコローマン,63kg,5位,https://www.japan-wrestling.jp/wp-content/uploads/2025/08/文部科学大臣杯-UNIVAS-CUP-令和７年度全日本学生レスリング選手権大会-入賞者一覧（8位まで）_GR.pdf
p-d63398,wre-2026-intercollegiate-0820,文部科学大臣杯 UNIVAS CUP 令和8年度 全日本学生レスリング選手権大会,2026,フリースタイル,61kg,5位,https://www.japan-wrestling.jp/wp-content/uploads/2026/08/文部科学大臣杯-UNIVAS-CUP-令和８年度全日本学生レスリング選手権大会-入賞者一覧（8位まで）.pdf
p-d63398,wre-2026-intercollegiate-0820,文部科学大臣杯 UNIVAS CUP 令和8年度 全日本学生レスリング選手権大会,2026,グレコローマン,60kg,5位,https://www.japan-wrestling.jp/wp-content/uploads/2026/08/文部科学大臣杯-UNIVAS-CUP-令和８年度全日本学生レスリング選手権大会-GR入賞者一覧（8位まで）.pdf
p-64cde7,wre-2025-intercollegiate-0821,文部科学大臣杯 令和7年度 全日本学生レスリング選手権大会,2025,グレコローマン,87kg,5位,https://www.japan-wrestling.jp/wp-content/uploads/2025/08/文部科学大臣杯-UNIVAS-CUP-令和７年度全日本学生レスリング選手権大会-入賞者一覧（8位まで）_GR.pdf
p-64cde7,wre-2025-university-championship-1108,第51回内閣総理大臣杯 令和7年度全日本大学レスリング選手権大会,2025,フリースタイル,92kg,5位,https://www.japan-wrestling.jp/wp-content/uploads/2025/11/2025.内閣_入賞者一覧（再修正版）.pdf
p-64cde7,wre-2026-intercollegiate-0820,文部科学大臣杯 UNIVAS CUP 令和8年度 全日本学生レスリング選手権大会,2026,グレコローマン,87kg,5位,https://www.japan-wrestling.jp/wp-content/uploads/2026/08/文部科学大臣杯-UNIVAS-CUP-令和８年度全日本学生レスリング選手権大会-GR入賞者一覧（8位まで）.pdf
p-5ce9fb,wre-2025-university-championship-1108,第51回内閣総理大臣杯 令和7年度全日本大学レスリング選手権大会,2025,フリースタイル,65kg,7位,https://www.japan-wrestling.jp/wp-content/uploads/2025/11/2025.内閣_入賞者一覧（再修正版）.pdf
p-5ce9fb,wre-2025-university-greco-1018,文部科学大臣杯 令和7年度 全日本大学レスリンググレコローマンレスリング選手権大会,2025,グレコローマン,67kg,7位,https://www.japan-wrestling.jp/wp-content/uploads/2025/10/文部科学大臣杯-令和7年度全日本大学グレコローマンスタイル選手権大会-入賞者一覧（8位まで）.pdf
p-5ce9fb,wre-2026-intercollegiate-0820,文部科学大臣杯 UNIVAS CUP 令和8年度 全日本学生レスリング選手権大会,2026,グレコローマン,67kg,5位,https://www.japan-wrestling.jp/wp-content/uploads/2026/08/文部科学大臣杯-UNIVAS-CUP-令和８年度全日本学生レスリング選手権大会-GR入賞者一覧（8位まで）.pdf
p-a17a3c,wre-2024-meiji-cup-0523,令和6年度 明治杯全日本選抜レスリング選手権大会,2024,グレコローマン,60kg,3位,https://www.japan-wrestling.jp/wp-content/uploads/2024/12/ichiranGR-1.pdf
p-a17a3c,wre-2025-university-greco-1018,文部科学大臣杯 令和7年度 全日本大学レスリンググレコローマンレスリング選手権大会,2025,グレコローマン,60kg,1位,https://www.japan-wrestling.jp/wp-content/uploads/2025/10/文部科学大臣杯-令和7年度全日本大学グレコローマンスタイル選手権大会-入賞者一覧（8位まで）.pdf
p-2c53f7,wre-2024-meiji-cup-0523,令和6年度 明治杯全日本選抜レスリング選手権大会,2024,グレコローマン,63kg,2位,https://www.japan-wrestling.jp/wp-content/uploads/2024/12/ichiranGR-1.pdf
p-2c53f7,wre-2024-tenno-cup-1219,令和6年度 天皇杯全日本レスリング選手権大会,2024,グレコローマン,63kg,1位,https://www.japan-wrestling.jp/wp-content/uploads/2025/04/令和6年度天皇杯_グレコローマン階級別入賞者一覧.pdf
p-3791a5,wre-2024-meiji-cup-0523,令和6年度 明治杯全日本選抜レスリング選手権大会,2024,グレコローマン,72kg,1位,https://www.japan-wrestling.jp/wp-content/uploads/2024/12/ichiranGR-1.pdf
p-3791a5,wre-2025-tenno-cup-1218,令和7年度 天皇杯全日本レスリング選手権大会,2025,グレコローマン,67kg,3位,https://www.japan-wrestling.jp/wp-content/uploads/2026/01/訂正版_2025-EMPEROR-Cup_RESULT-BOOK.pdf
p-efe9ea,wre-2024-meiji-cup-0523,令和6年度 明治杯全日本選抜レスリング選手権大会,2024,女子,50kg,1位,https://www.japan-wrestling.jp/wp-content/uploads/2024/12/ichiranWW.pdf
p-efe9ea,wre-2024-tenno-cup-1219,令和6年度 天皇杯全日本レスリング選手権大会,2024,女子,50kg,1位,https://www.japan-wrestling.jp/wp-content/uploads/2025/04/令和6年度天皇杯_女子階級別入賞者一覧.pdf
p-1cb67e,wre-2024-tenno-cup-1219,令和6年度 天皇杯全日本レスリング選手権大会,2024,グレコローマン,55kg,1位,https://www.japan-wrestling.jp/wp-content/uploads/2025/04/令和6年度天皇杯_グレコローマン階級別入賞者一覧.pdf
p-1cb67e,wre-2025-tenno-cup-1218,令和7年度 天皇杯全日本レスリング選手権大会,2025,グレコローマン,55kg,3位,https://www.japan-wrestling.jp/wp-content/uploads/2026/01/訂正版_2025-EMPEROR-Cup_RESULT-BOOK.pdf
p-d2e059,wre-2024-tenno-cup-1219,令和6年度 天皇杯全日本レスリング選手権大会,2024,グレコローマン,67kg,7位,https://www.japan-wrestling.jp/wp-content/uploads/2025/04/令和6年度天皇杯_グレコローマン階級別入賞者一覧.pdf
p-d2e059,wre-2025-shakaijin-0712,第72回 全日本社会人レスリング選手権大会,2025,グレコローマン,72kg,1位,https://www.japan-wrestling.jp/wp-content/uploads/2025/07/第72回社会人記録（優勝者一覧・個人賞）.pdf
p-8714a9,wre-2024-tenno-cup-1219,令和6年度 天皇杯全日本レスリング選手権大会,2024,グレコローマン,87kg,1位,https://www.japan-wrestling.jp/wp-content/uploads/2025/04/令和6年度天皇杯_グレコローマン階級別入賞者一覧.pdf
p-8714a9,wre-2026-meiji-cup-0521,令和8年度 明治杯全日本選抜レスリング選手権大会,2026,グレコローマン,87kg,2位,https://www.japan-wrestling.jp/wp-content/uploads/2026/05/スタイル別入賞者.pdf
p-c23819,wre-2024-tenno-cup-1219,令和6年度 天皇杯全日本レスリング選手権大会,2024,女子,50kg,7位,https://www.japan-wrestling.jp/wp-content/uploads/2025/04/令和6年度天皇杯_女子階級別入賞者一覧.pdf
p-c23819,wre-2025-shakaijin-0712,第72回 全日本社会人レスリング選手権大会,2025,女子,50kg,1位,https://www.japan-wrestling.jp/wp-content/uploads/2025/07/第72回社会人記録（優勝者一覧・個人賞）.pdf
p-5785e6,wre-2025-east-spring-0709,令和7年度 東日本学生レスリング選手権大会(春季大会),2025,新人戦 グレコローマン,67kg,1位,https://www.japan-wrestling.jp/wp-content/uploads/2025/07/令和7年度東日本学生レスリング選手権大会（春季大会）入賞者一覧_WW・新GR.pdf
p-5785e6,wre-2025-intercollegiate-0821,文部科学大臣杯 令和7年度 全日本学生レスリング選手権大会,2025,グレコローマン,67kg,5位,https://www.japan-wrestling.jp/wp-content/uploads/2025/08/文部科学大臣杯-UNIVAS-CUP-令和７年度全日本学生レスリング選手権大会-入賞者一覧（8位まで）_GR.pdf
p-06220c,wre-2025-east-spring-0709,令和7年度 東日本学生レスリング選手権大会(春季大会),2025,新人戦 グレコローマン,97kg,1位,https://www.japan-wrestling.jp/wp-content/uploads/2025/07/令和7年度東日本学生レスリング選手権大会（春季大会）入賞者一覧_WW・新GR.pdf
p-06220c,wre-2025-east-spring-0709,令和7年度 東日本学生レスリング選手権大会(春季大会),2025,新人戦 フリースタイル,97kg,2位,https://www.japan-wrestling.jp/wp-content/uploads/2025/07/令和7年度東日本学生レスリング選手権大会（春季大会）入賞者一覧_新FA・FB.pdf
p-49f6c3,wre-2025-east-autumn-1127,令和7年度 東日本学生レスリング選手権大会(秋季大会),2025,新人戦 フリースタイル,70kg,1位,https://www.japan-wrestling.jp/wp-content/uploads/2025/12/令和7年度東日本学生レスリング選手権大会（春季大会）入賞者一覧_新FS・GR.pdf
p-49f6c3,wre-2025-east-spring-0709,令和7年度 東日本学生レスリング選手権大会(春季大会),2025,新人戦 フリースタイル,61kg,1位,https://www.japan-wrestling.jp/wp-content/uploads/2025/07/令和7年度東日本学生レスリング選手権大会（春季大会）入賞者一覧_新FA・FB.pdf
p-ef419b,wre-2025-east-autumn-1127,令和7年度 東日本学生レスリング選手権大会(秋季大会),2025,新人戦 フリースタイル,61kg,1位,https://www.japan-wrestling.jp/wp-content/uploads/2025/12/令和7年度東日本学生レスリング選手権大会（春季大会）入賞者一覧_新FS・GR.pdf
p-ef419b,wre-2025-east-spring-0709,令和7年度 東日本学生レスリング選手権大会(春季大会),2025,新人戦 フリースタイル,61kg,3位,https://www.japan-wrestling.jp/wp-content/uploads/2025/07/令和7年度東日本学生レスリング選手権大会（春季大会）入賞者一覧_新FA・FB.pdf
p-1a0ace,wre-2025-east-autumn-1127,令和7年度 東日本学生レスリング選手権大会(秋季大会),2025,新人戦 フリースタイル,79kg,1位,https://www.japan-wrestling.jp/wp-content/uploads/2025/12/令和7年度東日本学生レスリング選手権大会（春季大会）入賞者一覧_新FS・GR.pdf
p-1a0ace,wre-2025-east-spring-0709,令和7年度 東日本学生レスリング選手権大会(春季大会),2025,新人戦 フリースタイル,79kg,2位,https://www.japan-wrestling.jp/wp-content/uploads/2025/07/令和7年度東日本学生レスリング選手権大会（春季大会）入賞者一覧_新FA・FB.pdf
p-54b6c0,wre-2025-east-autumn-1127,令和7年度 東日本学生レスリング選手権大会(秋季大会),2025,フリースタイル,57kg,1位,https://www.japan-wrestling.jp/wp-content/uploads/2025/12/令和7年度東日本学生レスリング選手権大会（春季大会）入賞者一覧_選FS・GR.pdf
p-54b6c0,wre-2025-east-spring-0709,令和7年度 東日本学生レスリング選手権大会(春季大会),2025,フリースタイル,57kg,3位,https://www.japan-wrestling.jp/wp-content/uploads/2025/07/令和7年度東日本学生レスリング選手権大会（春季大会）入賞者一覧_選手権F・G.pdf
p-442a08,wre-2025-shakaijin-0712,第72回 全日本社会人レスリング選手権大会,2025,フリースタイル,70kg,1位,https://www.japan-wrestling.jp/wp-content/uploads/2025/07/第72回社会人記録（優勝者一覧・個人賞）.pdf
p-442a08,wre-2025-tenno-cup-1218,令和7年度 天皇杯全日本レスリング選手権大会,2025,フリースタイル,65kg,5位,https://www.japan-wrestling.jp/wp-content/uploads/2026/01/訂正版_2025-EMPEROR-Cup_RESULT-BOOK.pdf
p-2acbba,wre-2025-shakaijin-0712,第72回 全日本社会人レスリング選手権大会,2025,フリースタイル,79kg,1位,https://www.japan-wrestling.jp/wp-content/uploads/2025/07/第72回社会人記録（優勝者一覧・個人賞）.pdf
p-2acbba,wre-2025-shakaijin-0712,第72回 全日本社会人レスリング選手権大会,2025,グレコローマン,82kg,1位,https://www.japan-wrestling.jp/wp-content/uploads/2025/07/第72回社会人記録（優勝者一覧・個人賞）.pdf
p-de37ce,wre-2025-shakaijin-0712,第72回 全日本社会人レスリング選手権大会,2025,フリースタイル,79kg,3位,https://www.japan-wrestling.jp/wp-content/uploads/2025/07/第72回社会人記録（優勝者一覧・個人賞）.pdf
p-de37ce,wre-2025-shakaijin-0712,第72回 全日本社会人レスリング選手権大会,2025,グレコローマン,77kg,1位,https://www.japan-wrestling.jp/wp-content/uploads/2025/07/第72回社会人記録（優勝者一覧・個人賞）.pdf
p-b15848,wre-2025-east-autumn-1127,令和7年度 東日本学生レスリング選手権大会(秋季大会),2025,グレコローマン,63kg,1位,https://www.japan-wrestling.jp/wp-content/uploads/2025/12/令和7年度東日本学生レスリング選手権大会（春季大会）入賞者一覧_選FS・GR.pdf
p-b15848,wre-2025-intercollegiate-0821,文部科学大臣杯 令和7年度 全日本学生レスリング選手権大会,2025,フリースタイル,61kg,3位,https://www.japan-wrestling.jp/wp-content/uploads/2025/08/文部科学大臣杯-UNIVAS-CUP-令和７年度全日本学生レスリング選手権大会-入賞者一覧（8位まで）-FS.pdf
p-326318,wre-2025-intercollegiate-0821,文部科学大臣杯 令和7年度 全日本学生レスリング選手権大会,2025,フリースタイル,92kg,2位,https://www.japan-wrestling.jp/wp-content/uploads/2025/08/文部科学大臣杯-UNIVAS-CUP-令和７年度全日本学生レスリング選手権大会-入賞者一覧（8位まで）-FS.pdf
p-326318,wre-2025-intercollegiate-0821,文部科学大臣杯 令和7年度 全日本学生レスリング選手権大会,2025,グレコローマン,97kg,1位,https://www.japan-wrestling.jp/wp-content/uploads/2025/08/文部科学大臣杯-UNIVAS-CUP-令和７年度全日本学生レスリング選手権大会-入賞者一覧（8位まで）_GR.pdf
p-f12401,wre-2025-intercollegiate-0821,文部科学大臣杯 令和7年度 全日本学生レスリング選手権大会,2025,グレコローマン,130kg,1位,https://www.japan-wrestling.jp/wp-content/uploads/2025/08/文部科学大臣杯-UNIVAS-CUP-令和７年度全日本学生レスリング選手権大会-入賞者一覧（8位まで）_GR.pdf
p-f12401,wre-2026-east-spring-0713,令和8年度 東日本学生レスリング選手権大会(春季大会),2026,フリースタイル,125kg,1位,https://www.japan-wrestling.jp/wp-content/uploads/2026/07/令和8年度東日本学生レスリング選手権大会（春季大会）入賞者一覧_選FS・GR.pdf
p-8f2254,wre-2025-intercollegiate-0821,文部科学大臣杯 令和7年度 全日本学生レスリング選手権大会,2025,女子,62kg,3位,https://www.japan-wrestling.jp/wp-content/uploads/2025/08/文部科学大臣杯-UNIVAS-CUP-令和７年度全日本学生レスリング選手権大会-入賞者一覧（8位まで）_WW.pdf
p-8f2254,wre-2026-meiji-cup-0521,令和8年度 明治杯全日本選抜レスリング選手権大会,2026,女子,59kg,1位,https://www.japan-wrestling.jp/wp-content/uploads/2026/05/スタイル別入賞者.pdf
p-2dbc62,wre-2025-east-autumn-1127,令和7年度 東日本学生レスリング選手権大会(秋季大会),2025,新人戦 フリースタイル,65kg,1位,https://www.japan-wrestling.jp/wp-content/uploads/2025/12/令和7年度東日本学生レスリング選手権大会（春季大会）入賞者一覧_新FS・GR.pdf
p-2dbc62,wre-2025-university-championship-1108,第51回内閣総理大臣杯 令和7年度全日本大学レスリング選手権大会,2025,フリースタイル,61kg,3位,https://www.japan-wrestling.jp/wp-content/uploads/2025/11/2025.内閣_入賞者一覧（再修正版）.pdf
p-954c3e,wre-2025-east-autumn-1127,令和7年度 東日本学生レスリング選手権大会(秋季大会),2025,フリースタイル,65kg,3位,https://www.japan-wrestling.jp/wp-content/uploads/2025/12/令和7年度東日本学生レスリング選手権大会（春季大会）入賞者一覧_選FS・GR.pdf
p-954c3e,wre-2026-east-spring-0713,令和8年度 東日本学生レスリング選手権大会(春季大会),2026,フリースタイル,65kg,1位,https://www.japan-wrestling.jp/wp-content/uploads/2026/07/令和8年度東日本学生レスリング選手権大会（春季大会）入賞者一覧_選FS・GR.pdf
p-baf60f,wre-2025-east-autumn-1127,令和7年度 東日本学生レスリング選手権大会(秋季大会),2025,新人戦 グレコローマン,67kg,1位,https://www.japan-wrestling.jp/wp-content/uploads/2025/12/令和7年度東日本学生レスリング選手権大会（春季大会）入賞者一覧_新FS・GR.pdf
p-baf60f,wre-2025-tenno-cup-1218,令和7年度 天皇杯全日本レスリング選手権大会,2025,グレコローマン,67kg,7位,https://www.japan-wrestling.jp/wp-content/uploads/2026/01/訂正版_2025-EMPEROR-Cup_RESULT-BOOK.pdf
p-20c0c3,wre-2025-east-autumn-1127,令和7年度 東日本学生レスリング選手権大会(秋季大会),2025,新人戦 フリースタイル,61kg,1位,https://www.japan-wrestling.jp/wp-content/uploads/2025/12/令和7年度東日本学生レスリング選手権大会（春季大会）入賞者一覧_新FS・GR.pdf
p-20c0c3,wre-2026-east-spring-0713,令和8年度 東日本学生レスリング選手権大会(春季大会),2026,フリースタイル,61kg,3位,https://www.japan-wrestling.jp/wp-content/uploads/2026/07/令和8年度東日本学生レスリング選手権大会（春季大会）入賞者一覧_選FS・GR.pdf
p-9c1734,wre-2025-east-autumn-1127,令和7年度 東日本学生レスリング選手権大会(秋季大会),2025,新人戦 フリースタイル,65kg,2位,https://www.japan-wrestling.jp/wp-content/uploads/2025/12/令和7年度東日本学生レスリング選手権大会（春季大会）入賞者一覧_新FS・GR.pdf
p-9c1734,wre-2026-east-spring-0713,令和8年度 東日本学生レスリング選手権大会(春季大会),2026,新人戦 フリースタイル,65kg,1位,https://www.japan-wrestling.jp/wp-content/uploads/2026/07/令和8年度東日本学生レスリング選手権大会（春季大会）入賞者一覧_新FA・FB.pdf
p-8ff27d,wre-2025-east-autumn-1127,令和7年度 東日本学生レスリング選手権大会(秋季大会),2025,新人戦 フリースタイル,74kg,1位,https://www.japan-wrestling.jp/wp-content/uploads/2025/12/令和7年度東日本学生レスリング選手権大会（春季大会）入賞者一覧_新FS・GR.pdf
p-8ff27d,wre-2026-intercollegiate-0820,文部科学大臣杯 UNIVAS CUP 令和8年度 全日本学生レスリング選手権大会,2026,フリースタイル,70kg,1位,https://www.japan-wrestling.jp/wp-content/uploads/2026/08/文部科学大臣杯-UNIVAS-CUP-令和８年度全日本学生レスリング選手権大会-入賞者一覧（8位まで）.pdf
p-60f770,wre-2025-tenno-cup-1218,令和7年度 天皇杯全日本レスリング選手権大会,2025,フリースタイル,65kg,1位,https://www.japan-wrestling.jp/wp-content/uploads/2026/01/訂正版_2025-EMPEROR-Cup_RESULT-BOOK.pdf
p-60f770,wre-2026-meiji-cup-0521,令和8年度 明治杯全日本選抜レスリング選手権大会,2026,フリースタイル,65kg,1位,https://www.japan-wrestling.jp/wp-content/uploads/2026/05/スタイル別入賞者.pdf
p-924849,wre-2025-tenno-cup-1218,令和7年度 天皇杯全日本レスリング選手権大会,2025,グレコローマン,82kg,1位,https://www.japan-wrestling.jp/wp-content/uploads/2026/01/訂正版_2025-EMPEROR-Cup_RESULT-BOOK.pdf
p-924849,wre-2026-meiji-cup-0521,令和8年度 明治杯全日本選抜レスリング選手権大会,2026,グレコローマン,82kg,1位,https://www.japan-wrestling.jp/wp-content/uploads/2026/05/スタイル別入賞者.pdf
p-92138e,wre-2025-tenno-cup-1218,令和7年度 天皇杯全日本レスリング選手権大会,2025,グレコローマン,77kg,1位,https://www.japan-wrestling.jp/wp-content/uploads/2026/01/訂正版_2025-EMPEROR-Cup_RESULT-BOOK.pdf
p-92138e,wre-2026-meiji-cup-0521,令和8年度 明治杯全日本選抜レスリング選手権大会,2026,グレコローマン,77kg,1位,https://www.japan-wrestling.jp/wp-content/uploads/2026/05/スタイル別入賞者.pdf
p-d10c07,wre-2025-tenno-cup-1218,令和7年度 天皇杯全日本レスリング選手権大会,2025,グレコローマン,72kg,3位,https://www.japan-wrestling.jp/wp-content/uploads/2026/01/訂正版_2025-EMPEROR-Cup_RESULT-BOOK.pdf
p-d10c07,wre-2026-meiji-cup-0521,令和8年度 明治杯全日本選抜レスリング選手権大会,2026,グレコローマン,72kg,1位,https://www.japan-wrestling.jp/wp-content/uploads/2026/05/スタイル別入賞者.pdf
p-c413b4,wre-2025-tenno-cup-1218,令和7年度 天皇杯全日本レスリング選手権大会,2025,グレコローマン,67kg,2位,https://www.japan-wrestling.jp/wp-content/uploads/2026/01/訂正版_2025-EMPEROR-Cup_RESULT-BOOK.pdf
p-c413b4,wre-2026-meiji-cup-0521,令和8年度 明治杯全日本選抜レスリング選手権大会,2026,グレコローマン,67kg,1位,https://www.japan-wrestling.jp/wp-content/uploads/2026/05/スタイル別入賞者.pdf
p-8000e6,wre-2025-tenno-cup-1218,令和7年度 天皇杯全日本レスリング選手権大会,2025,女子,76kg,2位,https://www.japan-wrestling.jp/wp-content/uploads/2026/01/訂正版_2025-EMPEROR-Cup_RESULT-BOOK.pdf
p-8000e6,wre-2026-meiji-cup-0521,令和8年度 明治杯全日本選抜レスリング選手権大会,2026,女子,76kg,1位,https://www.japan-wrestling.jp/wp-content/uploads/2026/05/スタイル別入賞者.pdf
p-2c952a,wre-2025-tenno-cup-1218,令和7年度 天皇杯全日本レスリング選手権大会,2025,女子,57kg,1位,https://www.japan-wrestling.jp/wp-content/uploads/2026/01/訂正版_2025-EMPEROR-Cup_RESULT-BOOK.pdf
p-2c952a,wre-2026-meiji-cup-0521,令和8年度 明治杯全日本選抜レスリング選手権大会,2026,女子,57kg,1位,https://www.japan-wrestling.jp/wp-content/uploads/2026/05/スタイル別入賞者.pdf
p-41c691,wre-2025-tenno-cup-1218,令和7年度 天皇杯全日本レスリング選手権大会,2025,女子,55kg,1位,https://www.japan-wrestling.jp/wp-content/uploads/2026/01/訂正版_2025-EMPEROR-Cup_RESULT-BOOK.pdf
p-41c691,wre-2026-intercollegiate-0820,文部科学大臣杯 UNIVAS CUP 令和8年度 全日本学生レスリング選手権大会,2026,女子,55kg,1位,https://www.japan-wrestling.jp/wp-content/uploads/2026/08/文部科学大臣杯-UNIVAS-CUP-令和８年度全日本学生レスリング選手権大会-WW入賞者一覧（8位まで）.pdf
p-378a7a,wre-2026-east-spring-0713,令和8年度 東日本学生レスリング選手権大会(春季大会),2026,新人戦 グレコローマン,55kg,1位,https://www.japan-wrestling.jp/wp-content/uploads/2026/07/令和8年度東日本学生レスリング選手権大会（春季大会）入賞者一覧_WW・新GR.pdf
p-378a7a,wre-2026-meiji-cup-0521,令和8年度 明治杯全日本選抜レスリング選手権大会,2026,グレコローマン,55kg,3位,https://www.japan-wrestling.jp/wp-content/uploads/2026/05/スタイル別入賞者.pdf
p-73819f,wre-2026-east-spring-0713,令和8年度 東日本学生レスリング選手権大会(春季大会),2026,新人戦 フリースタイル,61kg,1位,https://www.japan-wrestling.jp/wp-content/uploads/2026/07/令和8年度東日本学生レスリング選手権大会（春季大会）入賞者一覧_新FA・FB.pdf
p-73819f,wre-2026-east-spring-0713,令和8年度 東日本学生レスリング選手権大会(春季大会),2026,新人戦 グレコローマン,63kg,3位,https://www.japan-wrestling.jp/wp-content/uploads/2026/07/令和8年度東日本学生レスリング選手権大会（春季大会）入賞者一覧_WW・新GR.pdf
p-cc870c,wre-2026-east-spring-0713,令和8年度 東日本学生レスリング選手権大会(春季大会),2026,新人戦 フリースタイル,79kg,1位,https://www.japan-wrestling.jp/wp-content/uploads/2026/07/令和8年度東日本学生レスリング選手権大会（春季大会）入賞者一覧_新FA・FB.pdf
p-cc870c,wre-2026-east-spring-0713,令和8年度 東日本学生レスリング選手権大会(春季大会),2026,新人戦 グレコローマン,82kg,3位,https://www.japan-wrestling.jp/wp-content/uploads/2026/07/令和8年度東日本学生レスリング選手権大会（春季大会）入賞者一覧_WW・新GR.pdf
p-0c5d6b,wre-2026-east-spring-0713,令和8年度 東日本学生レスリング選手権大会(春季大会),2026,新人戦 女子,50kg,1位,https://www.japan-wrestling.jp/wp-content/uploads/2026/07/令和8年度東日本学生レスリング選手権大会（春季大会）入賞者一覧_WW・新GR.pdf
p-0c5d6b,wre-2026-intercollegiate-0820,文部科学大臣杯 UNIVAS CUP 令和8年度 全日本学生レスリング選手権大会,2026,女子,50kg,3位,https://www.japan-wrestling.jp/wp-content/uploads/2026/08/文部科学大臣杯-UNIVAS-CUP-令和８年度全日本学生レスリング選手権大会-WW入賞者一覧（8位まで）.pdf
p-d96e22,wre-2026-east-spring-0713,令和8年度 東日本学生レスリング選手権大会(春季大会),2026,新人戦 女子,59kg,1位,https://www.japan-wrestling.jp/wp-content/uploads/2026/07/令和8年度東日本学生レスリング選手権大会（春季大会）入賞者一覧_WW・新GR.pdf
p-d96e22,wre-2026-intercollegiate-0820,文部科学大臣杯 UNIVAS CUP 令和8年度 全日本学生レスリング選手権大会,2026,女子,62kg,5位,https://www.japan-wrestling.jp/wp-content/uploads/2026/08/文部科学大臣杯-UNIVAS-CUP-令和８年度全日本学生レスリング選手権大会-WW入賞者一覧（8位まで）.pdf
p-4b9091,wre-2026-east-spring-0713,令和8年度 東日本学生レスリング選手権大会(春季大会),2026,新人戦 女子,62kg,1位,https://www.japan-wrestling.jp/wp-content/uploads/2026/07/令和8年度東日本学生レスリング選手権大会（春季大会）入賞者一覧_WW・新GR.pdf
p-4b9091,wre-2026-intercollegiate-0820,文部科学大臣杯 UNIVAS CUP 令和8年度 全日本学生レスリング選手権大会,2026,女子,62kg,5位,https://www.japan-wrestling.jp/wp-content/uploads/2026/08/文部科学大臣杯-UNIVAS-CUP-令和８年度全日本学生レスリング選手権大会-WW入賞者一覧（8位まで）.pdf
p-bb69e7,wre-2026-east-spring-0713,令和8年度 東日本学生レスリング選手権大会(春季大会),2026,新人戦 女子,65kg,1位,https://www.japan-wrestling.jp/wp-content/uploads/2026/07/令和8年度東日本学生レスリング選手権大会（春季大会）入賞者一覧_WW・新GR.pdf
p-bb69e7,wre-2026-intercollegiate-0820,文部科学大臣杯 UNIVAS CUP 令和8年度 全日本学生レスリング選手権大会,2026,女子,65kg,5位,https://www.japan-wrestling.jp/wp-content/uploads/2026/08/文部科学大臣杯-UNIVAS-CUP-令和８年度全日本学生レスリング選手権大会-WW入賞者一覧（8位まで）.pdf
p-4a1396,wre-2026-east-spring-0713,令和8年度 東日本学生レスリング選手権大会(春季大会),2026,グレコローマン,55kg,1位,https://www.japan-wrestling.jp/wp-content/uploads/2026/07/令和8年度東日本学生レスリング選手権大会（春季大会）入賞者一覧_選FS・GR.pdf
p-4a1396,wre-2026-intercollegiate-0820,文部科学大臣杯 UNIVAS CUP 令和8年度 全日本学生レスリング選手権大会,2026,グレコローマン,55kg,1位,https://www.japan-wrestling.jp/wp-content/uploads/2026/08/文部科学大臣杯-UNIVAS-CUP-令和８年度全日本学生レスリング選手権大会-GR入賞者一覧（8位まで）.pdf
p-9c31c2,wre-2024-meiji-cup-0523,令和6年度 明治杯全日本選抜レスリング選手権大会,2024,フリースタイル,79kg,2位,https://www.japan-wrestling.jp/wp-content/uploads/2024/12/ichiranFS-1.pdf
p-9c31c2,wre-2024-tenno-cup-1219,令和6年度 天皇杯全日本レスリング選手権大会,2024,フリースタイル,79kg,2位,https://www.japan-wrestling.jp/wp-content/uploads/2025/04/令和6年度天皇杯_フリースタイル階級別入賞者一覧.pdf
p-2d2061,wre-2024-meiji-cup-0523,令和6年度 明治杯全日本選抜レスリング選手権大会,2024,グレコローマン,55kg,2位,https://www.japan-wrestling.jp/wp-content/uploads/2024/12/ichiranGR-1.pdf
p-2d2061,wre-2024-tenno-cup-1219,令和6年度 天皇杯全日本レスリング選手権大会,2024,グレコローマン,55kg,5位,https://www.japan-wrestling.jp/wp-content/uploads/2025/04/令和6年度天皇杯_グレコローマン階級別入賞者一覧.pdf
p-6a924a,wre-2024-meiji-cup-0523,令和6年度 明治杯全日本選抜レスリング選手権大会,2024,グレコローマン,72kg,2位,https://www.japan-wrestling.jp/wp-content/uploads/2024/12/ichiranGR-1.pdf
p-6a924a,wre-2024-tenno-cup-1219,令和6年度 天皇杯全日本レスリング選手権大会,2024,グレコローマン,72kg,5位,https://www.japan-wrestling.jp/wp-content/uploads/2025/04/令和6年度天皇杯_グレコローマン階級別入賞者一覧.pdf
p-aea284,wre-2024-meiji-cup-0523,令和6年度 明治杯全日本選抜レスリング選手権大会,2024,グレコローマン,82kg,2位,https://www.japan-wrestling.jp/wp-content/uploads/2024/12/ichiranGR-1.pdf
p-aea284,wre-2024-tenno-cup-1219,令和6年度 天皇杯全日本レスリング選手権大会,2024,グレコローマン,82kg,2位,https://www.japan-wrestling.jp/wp-content/uploads/2025/04/令和6年度天皇杯_グレコローマン階級別入賞者一覧.pdf
p-410a1c,wre-2024-meiji-cup-0523,令和6年度 明治杯全日本選抜レスリング選手権大会,2024,グレコローマン,97kg,2位,https://www.japan-wrestling.jp/wp-content/uploads/2024/12/ichiranGR-1.pdf
p-410a1c,wre-2024-tenno-cup-1219,令和6年度 天皇杯全日本レスリング選手権大会,2024,グレコローマン,97kg,3位,https://www.japan-wrestling.jp/wp-content/uploads/2025/04/令和6年度天皇杯_グレコローマン階級別入賞者一覧.pdf
p-a2b4bb,wre-2024-meiji-cup-0523,令和6年度 明治杯全日本選抜レスリング選手権大会,2024,グレコローマン,130kg,2位,https://www.japan-wrestling.jp/wp-content/uploads/2024/12/ichiranGR-1.pdf
p-a2b4bb,wre-2024-tenno-cup-1219,令和6年度 天皇杯全日本レスリング選手権大会,2024,グレコローマン,130kg,5位,https://www.japan-wrestling.jp/wp-content/uploads/2025/04/令和6年度天皇杯_グレコローマン階級別入賞者一覧.pdf
p-15c7e8,wre-2024-meiji-cup-0523,令和6年度 明治杯全日本選抜レスリング選手権大会,2024,女子,53kg,2位,https://www.japan-wrestling.jp/wp-content/uploads/2024/12/ichiranWW.pdf
p-15c7e8,wre-2025-tenno-cup-1218,令和7年度 天皇杯全日本レスリング選手権大会,2025,女子,50kg,5位,https://www.japan-wrestling.jp/wp-content/uploads/2026/01/訂正版_2025-EMPEROR-Cup_RESULT-BOOK.pdf
p-dcdc79,wre-2024-meiji-cup-0523,令和6年度 明治杯全日本選抜レスリング選手権大会,2024,女子,65kg,2位,https://www.japan-wrestling.jp/wp-content/uploads/2024/12/ichiranWW.pdf
p-dcdc79,wre-2024-tenno-cup-1219,令和6年度 天皇杯全日本レスリング選手権大会,2024,女子,62kg,7位,https://www.japan-wrestling.jp/wp-content/uploads/2025/04/令和6年度天皇杯_女子階級別入賞者一覧.pdf
p-1ece35,wre-2024-meiji-cup-0523,令和6年度 明治杯全日本選抜レスリング選手権大会,2024,女子,68kg,2位,https://www.japan-wrestling.jp/wp-content/uploads/2024/12/ichiranWW.pdf
p-1ece35,wre-2025-tenno-cup-1218,令和7年度 天皇杯全日本レスリング選手権大会,2025,女子,65kg,5位,https://www.japan-wrestling.jp/wp-content/uploads/2026/01/訂正版_2025-EMPEROR-Cup_RESULT-BOOK.pdf
p-a34a3e,wre-2024-tenno-cup-1219,令和6年度 天皇杯全日本レスリング選手権大会,2024,フリースタイル,74kg,3位,https://www.japan-wrestling.jp/wp-content/uploads/2025/04/令和6年度天皇杯_フリースタイル階級別入賞者一覧.pdf
p-a34a3e,wre-2025-shakaijin-0712,第72回 全日本社会人レスリング選手権大会,2025,フリースタイル,74kg,2位,https://www.japan-wrestling.jp/wp-content/uploads/2025/07/第72回社会人記録（優勝者一覧・個人賞）.pdf
p-237390,wre-2024-tenno-cup-1219,令和6年度 天皇杯全日本レスリング選手権大会,2024,グレコローマン,55kg,3位,https://www.japan-wrestling.jp/wp-content/uploads/2025/04/令和6年度天皇杯_グレコローマン階級別入賞者一覧.pdf
p-237390,wre-2025-tenno-cup-1218,令和7年度 天皇杯全日本レスリング選手権大会,2025,グレコローマン,55kg,2位,https://www.japan-wrestling.jp/wp-content/uploads/2026/01/訂正版_2025-EMPEROR-Cup_RESULT-BOOK.pdf
p-4a26a6,wre-2024-tenno-cup-1219,令和6年度 天皇杯全日本レスリング選手権大会,2024,グレコローマン,60kg,2位,https://www.japan-wrestling.jp/wp-content/uploads/2025/04/令和6年度天皇杯_グレコローマン階級別入賞者一覧.pdf
p-4a26a6,wre-2025-tenno-cup-1218,令和7年度 天皇杯全日本レスリング選手権大会,2025,グレコローマン,60kg,2位,https://www.japan-wrestling.jp/wp-content/uploads/2026/01/訂正版_2025-EMPEROR-Cup_RESULT-BOOK.pdf
p-fc04d1,wre-2024-tenno-cup-1219,令和6年度 天皇杯全日本レスリング選手権大会,2024,グレコローマン,130kg,2位,https://www.japan-wrestling.jp/wp-content/uploads/2025/04/令和6年度天皇杯_グレコローマン階級別入賞者一覧.pdf
p-fc04d1,wre-2025-tenno-cup-1218,令和7年度 天皇杯全日本レスリング選手権大会,2025,グレコローマン,130kg,2位,https://www.japan-wrestling.jp/wp-content/uploads/2026/01/訂正版_2025-EMPEROR-Cup_RESULT-BOOK.pdf
p-9fd04b,wre-2025-east-spring-0709,令和7年度 東日本学生レスリング選手権大会(春季大会),2025,新人戦 グレコローマン,72kg,3位,https://www.japan-wrestling.jp/wp-content/uploads/2025/07/令和7年度東日本学生レスリング選手権大会（春季大会）入賞者一覧_WW・新GR.pdf
p-9fd04b,wre-2026-east-spring-0713,令和8年度 東日本学生レスリング選手権大会(春季大会),2026,グレコローマン,72kg,2位,https://www.japan-wrestling.jp/wp-content/uploads/2026/07/令和8年度東日本学生レスリング選手権大会（春季大会）入賞者一覧_選FS・GR.pdf
p-1daae2,wre-2025-east-spring-0709,令和7年度 東日本学生レスリング選手権大会(春季大会),2025,新人戦 女子,59kg,2位,https://www.japan-wrestling.jp/wp-content/uploads/2025/07/令和7年度東日本学生レスリング選手権大会（春季大会）入賞者一覧_WW・新GR.pdf
p-1daae2,wre-2025-intercollegiate-0821,文部科学大臣杯 令和7年度 全日本学生レスリング選手権大会,2025,女子,59kg,5位,https://www.japan-wrestling.jp/wp-content/uploads/2025/08/文部科学大臣杯-UNIVAS-CUP-令和７年度全日本学生レスリング選手権大会-入賞者一覧（8位まで）_WW.pdf
p-d013e1,wre-2025-east-spring-0709,令和7年度 東日本学生レスリング選手権大会(春季大会),2025,新人戦 女子,62kg,2位,https://www.japan-wrestling.jp/wp-content/uploads/2025/07/令和7年度東日本学生レスリング選手権大会（春季大会）入賞者一覧_WW・新GR.pdf
p-d013e1,wre-2025-intercollegiate-0821,文部科学大臣杯 令和7年度 全日本学生レスリング選手権大会,2025,女子,62kg,3位,https://www.japan-wrestling.jp/wp-content/uploads/2025/08/文部科学大臣杯-UNIVAS-CUP-令和７年度全日本学生レスリング選手権大会-入賞者一覧（8位まで）_WW.pdf
p-a6e82d,wre-2025-east-spring-0709,令和7年度 東日本学生レスリング選手権大会(春季大会),2025,グレコローマン,55kg,2位,https://www.japan-wrestling.jp/wp-content/uploads/2025/07/令和7年度東日本学生レスリング選手権大会（春季大会）入賞者一覧_選手権F・G.pdf
p-a6e82d,wre-2025-intercollegiate-0821,文部科学大臣杯 令和7年度 全日本学生レスリング選手権大会,2025,グレコローマン,55kg,5位,https://www.japan-wrestling.jp/wp-content/uploads/2025/08/文部科学大臣杯-UNIVAS-CUP-令和７年度全日本学生レスリング選手権大会-入賞者一覧（8位まで）_GR.pdf
p-9bd6da,wre-2025-east-autumn-1127,令和7年度 東日本学生レスリング選手権大会(秋季大会),2025,グレコローマン,63kg,3位,https://www.japan-wrestling.jp/wp-content/uploads/2025/12/令和7年度東日本学生レスリング選手権大会（春季大会）入賞者一覧_選FS・GR.pdf
p-9bd6da,wre-2025-east-spring-0709,令和7年度 東日本学生レスリング選手権大会(春季大会),2025,グレコローマン,63kg,2位,https://www.japan-wrestling.jp/wp-content/uploads/2025/07/令和7年度東日本学生レスリング選手権大会（春季大会）入賞者一覧_選手権F・G.pdf
p-059938,wre-2025-east-autumn-1127,令和7年度 東日本学生レスリング選手権大会(秋季大会),2025,グレコローマン,72kg,3位,https://www.japan-wrestling.jp/wp-content/uploads/2025/12/令和7年度東日本学生レスリング選手権大会（春季大会）入賞者一覧_選FS・GR.pdf
p-059938,wre-2025-east-spring-0709,令和7年度 東日本学生レスリング選手権大会(春季大会),2025,グレコローマン,72kg,2位,https://www.japan-wrestling.jp/wp-content/uploads/2025/07/令和7年度東日本学生レスリング選手権大会（春季大会）入賞者一覧_選手権F・G.pdf
p-0fad05,wre-2025-east-spring-0709,令和7年度 東日本学生レスリング選手権大会(春季大会),2025,フリースタイル,70kg,3位,https://www.japan-wrestling.jp/wp-content/uploads/2025/07/令和7年度東日本学生レスリング選手権大会（春季大会）入賞者一覧_選手権F・G.pdf
p-0fad05,wre-2025-university-championship-1108,第51回内閣総理大臣杯 令和7年度全日本大学レスリング選手権大会,2025,フリースタイル,70kg,2位,https://www.japan-wrestling.jp/wp-content/uploads/2025/11/2025.内閣_入賞者一覧（再修正版）.pdf
p-1becc0,wre-2025-east-spring-0709,令和7年度 東日本学生レスリング選手権大会(春季大会),2025,フリースタイル,79kg,2位,https://www.japan-wrestling.jp/wp-content/uploads/2025/07/令和7年度東日本学生レスリング選手権大会（春季大会）入賞者一覧_選手権F・G.pdf
p-1becc0,wre-2025-intercollegiate-0821,文部科学大臣杯 令和7年度 全日本学生レスリング選手権大会,2025,フリースタイル,79kg,5位,https://www.japan-wrestling.jp/wp-content/uploads/2025/08/文部科学大臣杯-UNIVAS-CUP-令和７年度全日本学生レスリング選手権大会-入賞者一覧（8位まで）-FS.pdf
p-4232f4,wre-2025-shakaijin-0712,第72回 全日本社会人レスリング選手権大会,2025,グレコローマン,67kg,2位,https://www.japan-wrestling.jp/wp-content/uploads/2025/07/第72回社会人記録（優勝者一覧・個人賞）.pdf
p-4232f4,wre-2026-meiji-cup-0521,令和8年度 明治杯全日本選抜レスリング選手権大会,2026,グレコローマン,72kg,3位,https://www.japan-wrestling.jp/wp-content/uploads/2026/05/スタイル別入賞者.pdf
p-9a8312,wre-2025-shakaijin-0712,第72回 全日本社会人レスリング選手権大会,2025,グレコローマン,87kg,2位,https://www.japan-wrestling.jp/wp-content/uploads/2025/07/第72回社会人記録（優勝者一覧・個人賞）.pdf
p-9a8312,wre-2025-tenno-cup-1218,令和7年度 天皇杯全日本レスリング選手権大会,2025,グレコローマン,87kg,5位,https://www.japan-wrestling.jp/wp-content/uploads/2026/01/訂正版_2025-EMPEROR-Cup_RESULT-BOOK.pdf
p-8f5ba4,wre-2025-intercollegiate-0821,文部科学大臣杯 令和7年度 全日本学生レスリング選手権大会,2025,女子,50kg,5位,https://www.japan-wrestling.jp/wp-content/uploads/2025/08/文部科学大臣杯-UNIVAS-CUP-令和７年度全日本学生レスリング選手権大会-入賞者一覧（8位まで）_WW.pdf
p-8f5ba4,wre-2025-shakaijin-0712,第72回 全日本社会人レスリング選手権大会,2025,女子,50kg,2位,https://www.japan-wrestling.jp/wp-content/uploads/2025/07/第72回社会人記録（優勝者一覧・個人賞）.pdf
p-7b5a0a,wre-2025-intercollegiate-0821,文部科学大臣杯 令和7年度 全日本学生レスリング選手権大会,2025,女子,59kg,5位,https://www.japan-wrestling.jp/wp-content/uploads/2025/08/文部科学大臣杯-UNIVAS-CUP-令和７年度全日本学生レスリング選手権大会-入賞者一覧（8位まで）_WW.pdf
p-7b5a0a,wre-2025-shakaijin-0712,第72回 全日本社会人レスリング選手権大会,2025,女子,62kg,2位,https://www.japan-wrestling.jp/wp-content/uploads/2025/07/第72回社会人記録（優勝者一覧・個人賞）.pdf
p-103029,wre-2025-east-autumn-1127,令和7年度 東日本学生レスリング選手権大会(秋季大会),2025,フリースタイル,70kg,2位,https://www.japan-wrestling.jp/wp-content/uploads/2025/12/令和7年度東日本学生レスリング選手権大会（春季大会）入賞者一覧_選FS・GR.pdf
p-103029,wre-2025-intercollegiate-0821,文部科学大臣杯 令和7年度 全日本学生レスリング選手権大会,2025,フリースタイル,65kg,5位,https://www.japan-wrestling.jp/wp-content/uploads/2025/08/文部科学大臣杯-UNIVAS-CUP-令和７年度全日本学生レスリング選手権大会-入賞者一覧（8位まで）-FS.pdf
p-521c38,wre-2025-intercollegiate-0821,文部科学大臣杯 令和7年度 全日本学生レスリング選手権大会,2025,グレコローマン,63kg,2位,https://www.japan-wrestling.jp/wp-content/uploads/2025/08/文部科学大臣杯-UNIVAS-CUP-令和７年度全日本学生レスリング選手権大会-入賞者一覧（8位まで）_GR.pdf
p-521c38,wre-2025-tenno-cup-1218,令和7年度 天皇杯全日本レスリング選手権大会,2025,グレコローマン,63kg,5位,https://www.japan-wrestling.jp/wp-content/uploads/2026/01/訂正版_2025-EMPEROR-Cup_RESULT-BOOK.pdf
p-47c2e4,wre-2025-intercollegiate-0821,文部科学大臣杯 令和7年度 全日本学生レスリング選手権大会,2025,グレコローマン,82kg,2位,https://www.japan-wrestling.jp/wp-content/uploads/2025/08/文部科学大臣杯-UNIVAS-CUP-令和７年度全日本学生レスリング選手権大会-入賞者一覧（8位まで）_GR.pdf
p-47c2e4,wre-2026-intercollegiate-0820,文部科学大臣杯 UNIVAS CUP 令和8年度 全日本学生レスリング選手権大会,2026,グレコローマン,82kg,3位,https://www.japan-wrestling.jp/wp-content/uploads/2026/08/文部科学大臣杯-UNIVAS-CUP-令和８年度全日本学生レスリング選手権大会-GR入賞者一覧（8位まで）.pdf
p-520514,wre-2025-intercollegiate-0821,文部科学大臣杯 令和7年度 全日本学生レスリング選手権大会,2025,女子,65kg,2位,https://www.japan-wrestling.jp/wp-content/uploads/2025/08/文部科学大臣杯-UNIVAS-CUP-令和７年度全日本学生レスリング選手権大会-入賞者一覧（8位まで）_WW.pdf
p-520514,wre-2026-east-spring-0713,令和8年度 東日本学生レスリング選手権大会(春季大会),2026,新人戦 女子,65kg,2位,https://www.japan-wrestling.jp/wp-content/uploads/2026/07/令和8年度東日本学生レスリング選手権大会（春季大会）入賞者一覧_WW・新GR.pdf
p-3e5058,wre-2025-university-greco-1018,文部科学大臣杯 令和7年度 全日本大学レスリンググレコローマンレスリング選手権大会,2025,グレコローマン,55kg,2位,https://www.japan-wrestling.jp/wp-content/uploads/2025/10/文部科学大臣杯-令和7年度全日本大学グレコローマンスタイル選手権大会-入賞者一覧（8位まで）.pdf
p-3e5058,wre-2026-east-spring-0713,令和8年度 東日本学生レスリング選手権大会(春季大会),2026,フリースタイル,57kg,2位,https://www.japan-wrestling.jp/wp-content/uploads/2026/07/令和8年度東日本学生レスリング選手権大会（春季大会）入賞者一覧_選FS・GR.pdf
p-676bac,wre-2025-east-autumn-1127,令和7年度 東日本学生レスリング選手権大会(秋季大会),2025,新人戦 グレコローマン,63kg,2位,https://www.japan-wrestling.jp/wp-content/uploads/2025/12/令和7年度東日本学生レスリング選手権大会（春季大会）入賞者一覧_新FS・GR.pdf
p-676bac,wre-2025-university-championship-1108,第51回内閣総理大臣杯 令和7年度全日本大学レスリング選手権大会,2025,フリースタイル,61kg,3位,https://www.japan-wrestling.jp/wp-content/uploads/2025/11/2025.内閣_入賞者一覧（再修正版）.pdf
p-bd237b,wre-2025-university-championship-1108,第51回内閣総理大臣杯 令和7年度全日本大学レスリング選手権大会,2025,フリースタイル,65kg,2位,https://www.japan-wrestling.jp/wp-content/uploads/2025/11/2025.内閣_入賞者一覧（再修正版）.pdf
p-bd237b,wre-2026-meiji-cup-0521,令和8年度 明治杯全日本選抜レスリング選手権大会,2026,フリースタイル,70kg,3位,https://www.japan-wrestling.jp/wp-content/uploads/2026/05/スタイル別入賞者.pdf
p-552a51,wre-2025-university-championship-1108,第51回内閣総理大臣杯 令和7年度全日本大学レスリング選手権大会,2025,フリースタイル,74kg,7位,https://www.japan-wrestling.jp/wp-content/uploads/2025/11/2025.内閣_入賞者一覧（再修正版）.pdf
p-552a51,wre-2026-east-spring-0713,令和8年度 東日本学生レスリング選手権大会(春季大会),2026,フリースタイル,74kg,2位,https://www.japan-wrestling.jp/wp-content/uploads/2026/07/令和8年度東日本学生レスリング選手権大会（春季大会）入賞者一覧_選FS・GR.pdf
p-e05cc2,wre-2025-east-autumn-1127,令和7年度 東日本学生レスリング選手権大会(秋季大会),2025,グレコローマン,63kg,2位,https://www.japan-wrestling.jp/wp-content/uploads/2025/12/令和7年度東日本学生レスリング選手権大会（春季大会）入賞者一覧_選FS・GR.pdf
p-e05cc2,wre-2026-east-spring-0713,令和8年度 東日本学生レスリング選手権大会(春季大会),2026,グレコローマン,63kg,3位,https://www.japan-wrestling.jp/wp-content/uploads/2026/07/令和8年度東日本学生レスリング選手権大会（春季大会）入賞者一覧_選FS・GR.pdf
p-b49699,wre-2025-east-autumn-1127,令和7年度 東日本学生レスリング選手権大会(秋季大会),2025,フリースタイル,79kg,2位,https://www.japan-wrestling.jp/wp-content/uploads/2025/12/令和7年度東日本学生レスリング選手権大会（春季大会）入賞者一覧_選FS・GR.pdf
p-b49699,wre-2026-east-spring-0713,令和8年度 東日本学生レスリング選手権大会(春季大会),2026,フリースタイル,79kg,2位,https://www.japan-wrestling.jp/wp-content/uploads/2026/07/令和8年度東日本学生レスリング選手権大会（春季大会）入賞者一覧_選FS・GR.pdf
p-668645,wre-2025-east-autumn-1127,令和7年度 東日本学生レスリング選手権大会(秋季大会),2025,フリースタイル,97kg,3位,https://www.japan-wrestling.jp/wp-content/uploads/2025/12/令和7年度東日本学生レスリング選手権大会（春季大会）入賞者一覧_選FS・GR.pdf
p-668645,wre-2026-east-spring-0713,令和8年度 東日本学生レスリング選手権大会(春季大会),2026,フリースタイル,97kg,2位,https://www.japan-wrestling.jp/wp-content/uploads/2026/07/令和8年度東日本学生レスリング選手権大会（春季大会）入賞者一覧_選FS・GR.pdf
p-560dbc,wre-2025-east-autumn-1127,令和7年度 東日本学生レスリング選手権大会(秋季大会),2025,新人戦 グレコローマン,72kg,2位,https://www.japan-wrestling.jp/wp-content/uploads/2025/12/令和7年度東日本学生レスリング選手権大会（春季大会）入賞者一覧_新FS・GR.pdf
p-560dbc,wre-2026-intercollegiate-0820,文部科学大臣杯 UNIVAS CUP 令和8年度 全日本学生レスリング選手権大会,2026,グレコローマン,77kg,5位,https://www.japan-wrestling.jp/wp-content/uploads/2026/08/文部科学大臣杯-UNIVAS-CUP-令和８年度全日本学生レスリング選手権大会-GR入賞者一覧（8位まで）.pdf
p-73c908,wre-2025-east-autumn-1127,令和7年度 東日本学生レスリング選手権大会(秋季大会),2025,新人戦 フリースタイル,70kg,2位,https://www.japan-wrestling.jp/wp-content/uploads/2025/12/令和7年度東日本学生レスリング選手権大会（春季大会）入賞者一覧_新FS・GR.pdf
p-73c908,wre-2026-east-spring-0713,令和8年度 東日本学生レスリング選手権大会(春季大会),2026,新人戦 フリースタイル,70kg,2位,https://www.japan-wrestling.jp/wp-content/uploads/2026/07/令和8年度東日本学生レスリング選手権大会（春季大会）入賞者一覧_新FA・FB.pdf
p-c4b10e,wre-2025-tenno-cup-1218,令和7年度 天皇杯全日本レスリング選手権大会,2025,女子,62kg,2位,https://www.japan-wrestling.jp/wp-content/uploads/2026/01/訂正版_2025-EMPEROR-Cup_RESULT-BOOK.pdf
p-c4b10e,wre-2026-meiji-cup-0521,令和8年度 明治杯全日本選抜レスリング選手権大会,2026,女子,62kg,3位,https://www.japan-wrestling.jp/wp-content/uploads/2026/05/スタイル別入賞者.pdf
p-410df6,wre-2026-east-spring-0713,令和8年度 東日本学生レスリング選手権大会(春季大会),2026,新人戦 フリースタイル,92kg,2位,https://www.japan-wrestling.jp/wp-content/uploads/2026/07/令和8年度東日本学生レスリング選手権大会（春季大会）入賞者一覧_新FA・FB.pdf
p-410df6,wre-2026-east-spring-0713,令和8年度 東日本学生レスリング選手権大会(春季大会),2026,新人戦 グレコローマン,97kg,3位,https://www.japan-wrestling.jp/wp-content/uploads/2026/07/令和8年度東日本学生レスリング選手権大会（春季大会）入賞者一覧_WW・新GR.pdf
p-a76f6d,wre-2026-east-spring-0713,令和8年度 東日本学生レスリング選手権大会(春季大会),2026,グレコローマン,60kg,2位,https://www.japan-wrestling.jp/wp-content/uploads/2026/07/令和8年度東日本学生レスリング選手権大会（春季大会）入賞者一覧_選FS・GR.pdf
p-a76f6d,wre-2026-intercollegiate-0820,文部科学大臣杯 UNIVAS CUP 令和8年度 全日本学生レスリング選手権大会,2026,グレコローマン,60kg,3位,https://www.japan-wrestling.jp/wp-content/uploads/2026/08/文部科学大臣杯-UNIVAS-CUP-令和８年度全日本学生レスリング選手権大会-GR入賞者一覧（8位まで）.pdf
p-a00016,wre-2024-meiji-cup-0523,令和6年度 明治杯全日本選抜レスリング選手権大会,2024,フリースタイル,79kg,3位,https://www.japan-wrestling.jp/wp-content/uploads/2024/12/ichiranFS-1.pdf
p-a00016,wre-2024-tenno-cup-1219,令和6年度 天皇杯全日本レスリング選手権大会,2024,フリースタイル,79kg,3位,https://www.japan-wrestling.jp/wp-content/uploads/2025/04/令和6年度天皇杯_フリースタイル階級別入賞者一覧.pdf
p-dea86f,wre-2024-meiji-cup-0523,令和6年度 明治杯全日本選抜レスリング選手権大会,2024,フリースタイル,92kg,3位,https://www.japan-wrestling.jp/wp-content/uploads/2024/12/ichiranFS-1.pdf
p-dea86f,wre-2024-tenno-cup-1219,令和6年度 天皇杯全日本レスリング選手権大会,2024,フリースタイル,92kg,3位,https://www.japan-wrestling.jp/wp-content/uploads/2025/04/令和6年度天皇杯_フリースタイル階級別入賞者一覧.pdf
p-76f656,wre-2024-meiji-cup-0523,令和6年度 明治杯全日本選抜レスリング選手権大会,2024,グレコローマン,82kg,3位,https://www.japan-wrestling.jp/wp-content/uploads/2024/12/ichiranGR-1.pdf
p-76f656,wre-2024-tenno-cup-1219,令和6年度 天皇杯全日本レスリング選手権大会,2024,グレコローマン,82kg,5位,https://www.japan-wrestling.jp/wp-content/uploads/2025/04/令和6年度天皇杯_グレコローマン階級別入賞者一覧.pdf
p-888b5e,wre-2024-meiji-cup-0523,令和6年度 明治杯全日本選抜レスリング選手権大会,2024,グレコローマン,97kg,3位,https://www.japan-wrestling.jp/wp-content/uploads/2024/12/ichiranGR-1.pdf
p-888b5e,wre-2024-tenno-cup-1219,令和6年度 天皇杯全日本レスリング選手権大会,2024,グレコローマン,97kg,7位,https://www.japan-wrestling.jp/wp-content/uploads/2025/04/令和6年度天皇杯_グレコローマン階級別入賞者一覧.pdf
p-75ca41,wre-2024-meiji-cup-0523,令和6年度 明治杯全日本選抜レスリング選手権大会,2024,女子,50kg,3位,https://www.japan-wrestling.jp/wp-content/uploads/2024/12/ichiranWW.pdf
p-75ca41,wre-2024-tenno-cup-1219,令和6年度 天皇杯全日本レスリング選手権大会,2024,女子,50kg,3位,https://www.japan-wrestling.jp/wp-content/uploads/2025/04/令和6年度天皇杯_女子階級別入賞者一覧.pdf
p-a87b3b,wre-2024-meiji-cup-0523,令和6年度 明治杯全日本選抜レスリング選手権大会,2024,女子,57kg,3位,https://www.japan-wrestling.jp/wp-content/uploads/2024/12/ichiranWW.pdf
p-a87b3b,wre-2024-tenno-cup-1219,令和6年度 天皇杯全日本レスリング選手権大会,2024,女子,57kg,3位,https://www.japan-wrestling.jp/wp-content/uploads/2025/04/令和6年度天皇杯_女子階級別入賞者一覧.pdf
p-ea899d,wre-2024-meiji-cup-0523,令和6年度 明治杯全日本選抜レスリング選手権大会,2024,女子,59kg,3位,https://www.japan-wrestling.jp/wp-content/uploads/2024/12/ichiranWW.pdf
p-ea899d,wre-2024-tenno-cup-1219,令和6年度 天皇杯全日本レスリング選手権大会,2024,女子,59kg,3位,https://www.japan-wrestling.jp/wp-content/uploads/2025/04/令和6年度天皇杯_女子階級別入賞者一覧.pdf
p-2cd2d8,wre-2024-meiji-cup-0523,令和6年度 明治杯全日本選抜レスリング選手権大会,2024,女子,62kg,3位,https://www.japan-wrestling.jp/wp-content/uploads/2024/12/ichiranWW.pdf
p-2cd2d8,wre-2024-tenno-cup-1219,令和6年度 天皇杯全日本レスリング選手権大会,2024,女子,62kg,8位,https://www.japan-wrestling.jp/wp-content/uploads/2025/04/令和6年度天皇杯_女子階級別入賞者一覧.pdf
p-52c61c,wre-2024-meiji-cup-0523,令和6年度 明治杯全日本選抜レスリング選手権大会,2024,女子,72kg,3位,https://www.japan-wrestling.jp/wp-content/uploads/2024/12/ichiranWW.pdf
p-52c61c,wre-2024-tenno-cup-1219,令和6年度 天皇杯全日本レスリング選手権大会,2024,女子,68kg,5位,https://www.japan-wrestling.jp/wp-content/uploads/2025/04/令和6年度天皇杯_女子階級別入賞者一覧.pdf
p-72e259,wre-2024-meiji-cup-0523,令和6年度 明治杯全日本選抜レスリング選手権大会,2024,女子,72kg,3位,https://www.japan-wrestling.jp/wp-content/uploads/2024/12/ichiranWW.pdf
p-72e259,wre-2024-tenno-cup-1219,令和6年度 天皇杯全日本レスリング選手権大会,2024,女子,72kg,3位,https://www.japan-wrestling.jp/wp-content/uploads/2025/04/令和6年度天皇杯_女子階級別入賞者一覧.pdf
p-0d48b5,wre-2024-meiji-cup-0523,令和6年度 明治杯全日本選抜レスリング選手権大会,2024,女子,76kg,3位,https://www.japan-wrestling.jp/wp-content/uploads/2024/12/ichiranWW.pdf
p-0d48b5,wre-2024-tenno-cup-1219,令和6年度 天皇杯全日本レスリング選手権大会,2024,女子,76kg,5位,https://www.japan-wrestling.jp/wp-content/uploads/2025/04/令和6年度天皇杯_女子階級別入賞者一覧.pdf
p-2a0fba,wre-2024-tenno-cup-1219,令和6年度 天皇杯全日本レスリング選手権大会,2024,フリースタイル,97kg,3位,https://www.japan-wrestling.jp/wp-content/uploads/2025/04/令和6年度天皇杯_フリースタイル階級別入賞者一覧.pdf
p-2a0fba,wre-2025-intercollegiate-0821,文部科学大臣杯 令和7年度 全日本学生レスリング選手権大会,2025,フリースタイル,92kg,5位,https://www.japan-wrestling.jp/wp-content/uploads/2025/08/文部科学大臣杯-UNIVAS-CUP-令和７年度全日本学生レスリング選手権大会-入賞者一覧（8位まで）-FS.pdf
p-91fd31,wre-2024-tenno-cup-1219,令和6年度 天皇杯全日本レスリング選手権大会,2024,フリースタイル,125kg,3位,https://www.japan-wrestling.jp/wp-content/uploads/2025/04/令和6年度天皇杯_フリースタイル階級別入賞者一覧.pdf
p-91fd31,wre-2025-shakaijin-0712,第72回 全日本社会人レスリング選手権大会,2025,フリースタイル,125kg,3位,https://www.japan-wrestling.jp/wp-content/uploads/2025/07/第72回社会人記録（優勝者一覧・個人賞）.pdf
p-6f8a63,wre-2024-tenno-cup-1219,令和6年度 天皇杯全日本レスリング選手権大会,2024,グレコローマン,97kg,3位,https://www.japan-wrestling.jp/wp-content/uploads/2025/04/令和6年度天皇杯_グレコローマン階級別入賞者一覧.pdf
p-6f8a63,wre-2025-tenno-cup-1218,令和7年度 天皇杯全日本レスリング選手権大会,2025,グレコローマン,97kg,3位,https://www.japan-wrestling.jp/wp-content/uploads/2026/01/訂正版_2025-EMPEROR-Cup_RESULT-BOOK.pdf
p-76010f,wre-2024-tenno-cup-1219,令和6年度 天皇杯全日本レスリング選手権大会,2024,グレコローマン,97kg,5位,https://www.japan-wrestling.jp/wp-content/uploads/2025/04/令和6年度天皇杯_グレコローマン階級別入賞者一覧.pdf
p-76010f,wre-2025-university-greco-1018,文部科学大臣杯 令和7年度 全日本大学レスリンググレコローマンレスリング選手権大会,2025,グレコローマン,97kg,3位,https://www.japan-wrestling.jp/wp-content/uploads/2025/10/文部科学大臣杯-令和7年度全日本大学グレコローマンスタイル選手権大会-入賞者一覧（8位まで）.pdf
p-2989bf,wre-2024-tenno-cup-1219,令和6年度 天皇杯全日本レスリング選手権大会,2024,女子,53kg,7位,https://www.japan-wrestling.jp/wp-content/uploads/2025/04/令和6年度天皇杯_女子階級別入賞者一覧.pdf
p-2989bf,wre-2025-tenno-cup-1218,令和7年度 天皇杯全日本レスリング選手権大会,2025,女子,50kg,3位,https://www.japan-wrestling.jp/wp-content/uploads/2026/01/訂正版_2025-EMPEROR-Cup_RESULT-BOOK.pdf
p-25e115,wre-2025-east-autumn-1127,令和7年度 東日本学生レスリング選手権大会(秋季大会),2025,新人戦 グレコローマン,67kg,3位,https://www.japan-wrestling.jp/wp-content/uploads/2025/12/令和7年度東日本学生レスリング選手権大会（春季大会）入賞者一覧_新FS・GR.pdf
p-25e115,wre-2025-east-spring-0709,令和7年度 東日本学生レスリング選手権大会(春季大会),2025,新人戦 グレコローマン,67kg,3位,https://www.japan-wrestling.jp/wp-content/uploads/2025/07/令和7年度東日本学生レスリング選手権大会（春季大会）入賞者一覧_WW・新GR.pdf
p-cc00c6,wre-2025-east-autumn-1127,令和7年度 東日本学生レスリング選手権大会(秋季大会),2025,新人戦 グレコローマン,72kg,3位,https://www.japan-wrestling.jp/wp-content/uploads/2025/12/令和7年度東日本学生レスリング選手権大会（春季大会）入賞者一覧_新FS・GR.pdf
p-cc00c6,wre-2025-east-spring-0709,令和7年度 東日本学生レスリング選手権大会(春季大会),2025,新人戦 グレコローマン,72kg,3位,https://www.japan-wrestling.jp/wp-content/uploads/2025/07/令和7年度東日本学生レスリング選手権大会（春季大会）入賞者一覧_WW・新GR.pdf
p-decbe1,wre-2025-east-spring-0709,令和7年度 東日本学生レスリング選手権大会(春季大会),2025,新人戦 グレコローマン,82kg,3位,https://www.japan-wrestling.jp/wp-content/uploads/2025/07/令和7年度東日本学生レスリング選手権大会（春季大会）入賞者一覧_WW・新GR.pdf
p-decbe1,wre-2026-east-spring-0713,令和8年度 東日本学生レスリング選手権大会(春季大会),2026,グレコローマン,77kg,3位,https://www.japan-wrestling.jp/wp-content/uploads/2026/07/令和8年度東日本学生レスリング選手権大会（春季大会）入賞者一覧_選FS・GR.pdf
p-b22285,wre-2025-east-spring-0709,令和7年度 東日本学生レスリング選手権大会(春季大会),2025,新人戦 女子,50kg,3位,https://www.japan-wrestling.jp/wp-content/uploads/2025/07/令和7年度東日本学生レスリング選手権大会（春季大会）入賞者一覧_WW・新GR.pdf
p-b22285,wre-2026-east-spring-0713,令和8年度 東日本学生レスリング選手権大会(春季大会),2026,新人戦 女子,50kg,3位,https://www.japan-wrestling.jp/wp-content/uploads/2026/07/令和8年度東日本学生レスリング選手権大会（春季大会）入賞者一覧_WW・新GR.pdf
p-7014e2,wre-2025-east-spring-0709,令和7年度 東日本学生レスリング選手権大会(春季大会),2025,新人戦 女子,53kg,3位,https://www.japan-wrestling.jp/wp-content/uploads/2025/07/令和7年度東日本学生レスリング選手権大会（春季大会）入賞者一覧_WW・新GR.pdf
p-7014e2,wre-2026-east-spring-0713,令和8年度 東日本学生レスリング選手権大会(春季大会),2026,新人戦 女子,53kg,3位,https://www.japan-wrestling.jp/wp-content/uploads/2026/07/令和8年度東日本学生レスリング選手権大会（春季大会）入賞者一覧_WW・新GR.pdf
p-cf0e3d,wre-2025-east-spring-0709,令和7年度 東日本学生レスリング選手権大会(春季大会),2025,新人戦 女子,55kg,3位,https://www.japan-wrestling.jp/wp-content/uploads/2025/07/令和7年度東日本学生レスリング選手権大会（春季大会）入賞者一覧_WW・新GR.pdf
p-cf0e3d,wre-2025-shakaijin-0712,第72回 全日本社会人レスリング選手権大会,2025,女子,55kg,3位,https://www.japan-wrestling.jp/wp-content/uploads/2025/07/第72回社会人記録（優勝者一覧・個人賞）.pdf
p-468316,wre-2025-east-spring-0709,令和7年度 東日本学生レスリング選手権大会(春季大会),2025,新人戦 フリースタイル,70kg,3位,https://www.japan-wrestling.jp/wp-content/uploads/2025/07/令和7年度東日本学生レスリング選手権大会（春季大会）入賞者一覧_新FA・FB.pdf
p-468316,wre-2025-university-greco-1018,文部科学大臣杯 令和7年度 全日本大学レスリンググレコローマンレスリング選手権大会,2025,グレコローマン,67kg,8位,https://www.japan-wrestling.jp/wp-content/uploads/2025/10/文部科学大臣杯-令和7年度全日本大学グレコローマンスタイル選手権大会-入賞者一覧（8位まで）.pdf
p-b811db,wre-2025-east-spring-0709,令和7年度 東日本学生レスリング選手権大会(春季大会),2025,新人戦 フリースタイル,79kg,3位,https://www.japan-wrestling.jp/wp-content/uploads/2025/07/令和7年度東日本学生レスリング選手権大会（春季大会）入賞者一覧_新FA・FB.pdf
p-b811db,wre-2025-university-championship-1108,第51回内閣総理大臣杯 令和7年度全日本大学レスリング選手権大会,2025,フリースタイル,79kg,5位,https://www.japan-wrestling.jp/wp-content/uploads/2025/11/2025.内閣_入賞者一覧（再修正版）.pdf
p-c6307e,wre-2025-east-spring-0709,令和7年度 東日本学生レスリング選手権大会(春季大会),2025,新人戦 フリースタイル,86kg,3位,https://www.japan-wrestling.jp/wp-content/uploads/2025/07/令和7年度東日本学生レスリング選手権大会（春季大会）入賞者一覧_新FA・FB.pdf
p-c6307e,wre-2025-university-championship-1108,第51回内閣総理大臣杯 令和7年度全日本大学レスリング選手権大会,2025,フリースタイル,92kg,5位,https://www.japan-wrestling.jp/wp-content/uploads/2025/11/2025.内閣_入賞者一覧（再修正版）.pdf
p-5a9636,wre-2025-east-autumn-1127,令和7年度 東日本学生レスリング選手権大会(秋季大会),2025,新人戦 グレコローマン,82kg,3位,https://www.japan-wrestling.jp/wp-content/uploads/2025/12/令和7年度東日本学生レスリング選手権大会（春季大会）入賞者一覧_新FS・GR.pdf
p-5a9636,wre-2025-east-spring-0709,令和7年度 東日本学生レスリング選手権大会(春季大会),2025,新人戦 フリースタイル,92kg,3位,https://www.japan-wrestling.jp/wp-content/uploads/2025/07/令和7年度東日本学生レスリング選手権大会（春季大会）入賞者一覧_新FA・FB.pdf
p-fc3b0b,wre-2025-east-autumn-1127,令和7年度 東日本学生レスリング選手権大会(秋季大会),2025,新人戦 フリースタイル,70kg,3位,https://www.japan-wrestling.jp/wp-content/uploads/2025/12/令和7年度東日本学生レスリング選手権大会（春季大会）入賞者一覧_新FS・GR.pdf
p-fc3b0b,wre-2025-east-spring-0709,令和7年度 東日本学生レスリング選手権大会(春季大会),2025,新人戦 フリースタイル,70kg,3位,https://www.japan-wrestling.jp/wp-content/uploads/2025/07/令和7年度東日本学生レスリング選手権大会（春季大会）入賞者一覧_新FA・FB.pdf
p-a2f449,wre-2025-east-spring-0709,令和7年度 東日本学生レスリング選手権大会(春季大会),2025,フリースタイル,61kg,3位,https://www.japan-wrestling.jp/wp-content/uploads/2025/07/令和7年度東日本学生レスリング選手権大会（春季大会）入賞者一覧_選手権F・G.pdf
p-a2f449,wre-2025-intercollegiate-0821,文部科学大臣杯 令和7年度 全日本学生レスリング選手権大会,2025,フリースタイル,65kg,5位,https://www.japan-wrestling.jp/wp-content/uploads/2025/08/文部科学大臣杯-UNIVAS-CUP-令和７年度全日本学生レスリング選手権大会-入賞者一覧（8位まで）-FS.pdf
p-43e5b0,wre-2025-east-spring-0709,令和7年度 東日本学生レスリング選手権大会(春季大会),2025,フリースタイル,65kg,3位,https://www.japan-wrestling.jp/wp-content/uploads/2025/07/令和7年度東日本学生レスリング選手権大会（春季大会）入賞者一覧_選手権F・G.pdf
p-43e5b0,wre-2025-university-championship-1108,第51回内閣総理大臣杯 令和7年度全日本大学レスリング選手権大会,2025,フリースタイル,65kg,8位,https://www.japan-wrestling.jp/wp-content/uploads/2025/11/2025.内閣_入賞者一覧（再修正版）.pdf
p-d16b68,wre-2025-east-spring-0709,令和7年度 東日本学生レスリング選手権大会(春季大会),2025,フリースタイル,79kg,3位,https://www.japan-wrestling.jp/wp-content/uploads/2025/07/令和7年度東日本学生レスリング選手権大会（春季大会）入賞者一覧_選手権F・G.pdf
p-d16b68,wre-2025-university-championship-1108,第51回内閣総理大臣杯 令和7年度全日本大学レスリング選手権大会,2025,フリースタイル,86kg,5位,https://www.japan-wrestling.jp/wp-content/uploads/2025/11/2025.内閣_入賞者一覧（再修正版）.pdf
p-f4b729,wre-2025-east-autumn-1127,令和7年度 東日本学生レスリング選手権大会(秋季大会),2025,フリースタイル,92kg,3位,https://www.japan-wrestling.jp/wp-content/uploads/2025/12/令和7年度東日本学生レスリング選手権大会（春季大会）入賞者一覧_選FS・GR.pdf
p-f4b729,wre-2025-east-spring-0709,令和7年度 東日本学生レスリング選手権大会(春季大会),2025,フリースタイル,86kg,3位,https://www.japan-wrestling.jp/wp-content/uploads/2025/07/令和7年度東日本学生レスリング選手権大会（春季大会）入賞者一覧_選手権F・G.pdf
p-0822b6,wre-2025-east-spring-0709,令和7年度 東日本学生レスリング選手権大会(春季大会),2025,フリースタイル,125kg,3位,https://www.japan-wrestling.jp/wp-content/uploads/2025/07/令和7年度東日本学生レスリング選手権大会（春季大会）入賞者一覧_選手権F・G.pdf
p-0822b6,wre-2026-east-spring-0713,令和8年度 東日本学生レスリング選手権大会(春季大会),2026,グレコローマン,97kg,3位,https://www.japan-wrestling.jp/wp-content/uploads/2026/07/令和8年度東日本学生レスリング選手権大会（春季大会）入賞者一覧_選FS・GR.pdf
p-d72303,wre-2025-shakaijin-0712,第72回 全日本社会人レスリング選手権大会,2025,女子,50kg,3位,https://www.japan-wrestling.jp/wp-content/uploads/2025/07/第72回社会人記録（優勝者一覧・個人賞）.pdf
p-d72303,wre-2026-intercollegiate-0820,文部科学大臣杯 UNIVAS CUP 令和8年度 全日本学生レスリング選手権大会,2026,女子,50kg,5位,https://www.japan-wrestling.jp/wp-content/uploads/2026/08/文部科学大臣杯-UNIVAS-CUP-令和８年度全日本学生レスリング選手権大会-WW入賞者一覧（8位まで）.pdf
p-29f756,wre-2025-intercollegiate-0821,文部科学大臣杯 令和7年度 全日本学生レスリング選手権大会,2025,女子,57kg,5位,https://www.japan-wrestling.jp/wp-content/uploads/2025/08/文部科学大臣杯-UNIVAS-CUP-令和７年度全日本学生レスリング選手権大会-入賞者一覧（8位まで）_WW.pdf
p-29f756,wre-2025-shakaijin-0712,第72回 全日本社会人レスリング選手権大会,2025,女子,57kg,3位,https://www.japan-wrestling.jp/wp-content/uploads/2025/07/第72回社会人記録（優勝者一覧・個人賞）.pdf
p-ffbd33,wre-2025-shakaijin-0712,第72回 全日本社会人レスリング選手権大会,2025,女子,76kg,3位,https://www.japan-wrestling.jp/wp-content/uploads/2025/07/第72回社会人記録（優勝者一覧・個人賞）.pdf
p-ffbd33,wre-2025-tenno-cup-1218,令和7年度 天皇杯全日本レスリング選手権大会,2025,女子,76kg,5位,https://www.japan-wrestling.jp/wp-content/uploads/2026/01/訂正版_2025-EMPEROR-Cup_RESULT-BOOK.pdf
p-f4bcbf,wre-2025-east-autumn-1127,令和7年度 東日本学生レスリング選手権大会(秋季大会),2025,フリースタイル,70kg,3位,https://www.japan-wrestling.jp/wp-content/uploads/2025/12/令和7年度東日本学生レスリング選手権大会（春季大会）入賞者一覧_選FS・GR.pdf
p-f4bcbf,wre-2025-intercollegiate-0821,文部科学大臣杯 令和7年度 全日本学生レスリング選手権大会,2025,フリースタイル,65kg,5位,https://www.japan-wrestling.jp/wp-content/uploads/2025/08/文部科学大臣杯-UNIVAS-CUP-令和７年度全日本学生レスリング選手権大会-入賞者一覧（8位まで）-FS.pdf
p-c74253,wre-2025-intercollegiate-0821,文部科学大臣杯 令和7年度 全日本学生レスリング選手権大会,2025,フリースタイル,70kg,3位,https://www.japan-wrestling.jp/wp-content/uploads/2025/08/文部科学大臣杯-UNIVAS-CUP-令和７年度全日本学生レスリング選手権大会-入賞者一覧（8位まで）-FS.pdf
p-c74253,wre-2025-university-greco-1018,文部科学大臣杯 令和7年度 全日本大学レスリンググレコローマンレスリング選手権大会,2025,グレコローマン,72kg,8位,https://www.japan-wrestling.jp/wp-content/uploads/2025/10/文部科学大臣杯-令和7年度全日本大学グレコローマンスタイル選手権大会-入賞者一覧（8位まで）.pdf
p-51f722,wre-2025-east-autumn-1127,令和7年度 東日本学生レスリング選手権大会(秋季大会),2025,フリースタイル,74kg,3位,https://www.japan-wrestling.jp/wp-content/uploads/2025/12/令和7年度東日本学生レスリング選手権大会（春季大会）入賞者一覧_選FS・GR.pdf
p-51f722,wre-2025-intercollegiate-0821,文部科学大臣杯 令和7年度 全日本学生レスリング選手権大会,2025,フリースタイル,74kg,5位,https://www.japan-wrestling.jp/wp-content/uploads/2025/08/文部科学大臣杯-UNIVAS-CUP-令和７年度全日本学生レスリング選手権大会-入賞者一覧（8位まで）-FS.pdf
p-326575,wre-2025-intercollegiate-0821,文部科学大臣杯 令和7年度 全日本学生レスリング選手権大会,2025,フリースタイル,86kg,5位,https://www.japan-wrestling.jp/wp-content/uploads/2025/08/文部科学大臣杯-UNIVAS-CUP-令和７年度全日本学生レスリング選手権大会-入賞者一覧（8位まで）-FS.pdf
p-326575,wre-2026-east-spring-0713,令和8年度 東日本学生レスリング選手権大会(春季大会),2026,フリースタイル,92kg,3位,https://www.japan-wrestling.jp/wp-content/uploads/2026/07/令和8年度東日本学生レスリング選手権大会（春季大会）入賞者一覧_選FS・GR.pdf
p-97bb9c,wre-2025-intercollegiate-0821,文部科学大臣杯 令和7年度 全日本学生レスリング選手権大会,2025,フリースタイル,97kg,3位,https://www.japan-wrestling.jp/wp-content/uploads/2025/08/文部科学大臣杯-UNIVAS-CUP-令和７年度全日本学生レスリング選手権大会-入賞者一覧（8位まで）-FS.pdf
p-97bb9c,wre-2025-tenno-cup-1218,令和7年度 天皇杯全日本レスリング選手権大会,2025,フリースタイル,97kg,6位,https://www.japan-wrestling.jp/wp-content/uploads/2026/01/訂正版_2025-EMPEROR-Cup_RESULT-BOOK.pdf
p-771327,wre-2025-intercollegiate-0821,文部科学大臣杯 令和7年度 全日本学生レスリング選手権大会,2025,グレコローマン,55kg,3位,https://www.japan-wrestling.jp/wp-content/uploads/2025/08/文部科学大臣杯-UNIVAS-CUP-令和７年度全日本学生レスリング選手権大会-入賞者一覧（8位まで）_GR.pdf
p-771327,wre-2025-tenno-cup-1218,令和7年度 天皇杯全日本レスリング選手権大会,2025,グレコローマン,55kg,8位,https://www.japan-wrestling.jp/wp-content/uploads/2026/01/訂正版_2025-EMPEROR-Cup_RESULT-BOOK.pdf
p-adb817,wre-2025-intercollegiate-0821,文部科学大臣杯 令和7年度 全日本学生レスリング選手権大会,2025,グレコローマン,60kg,3位,https://www.japan-wrestling.jp/wp-content/uploads/2025/08/文部科学大臣杯-UNIVAS-CUP-令和７年度全日本学生レスリング選手権大会-入賞者一覧（8位まで）_GR.pdf
p-adb817,wre-2025-university-greco-1018,文部科学大臣杯 令和7年度 全日本大学レスリンググレコローマンレスリング選手権大会,2025,グレコローマン,60kg,5位,https://www.japan-wrestling.jp/wp-content/uploads/2025/10/文部科学大臣杯-令和7年度全日本大学グレコローマンスタイル選手権大会-入賞者一覧（8位まで）.pdf
p-7f0707,wre-2025-intercollegiate-0821,文部科学大臣杯 令和7年度 全日本学生レスリング選手権大会,2025,グレコローマン,77kg,5位,https://www.japan-wrestling.jp/wp-content/uploads/2025/08/文部科学大臣杯-UNIVAS-CUP-令和７年度全日本学生レスリング選手権大会-入賞者一覧（8位まで）_GR.pdf
p-7f0707,wre-2026-intercollegiate-0820,文部科学大臣杯 UNIVAS CUP 令和8年度 全日本学生レスリング選手権大会,2026,グレコローマン,82kg,3位,https://www.japan-wrestling.jp/wp-content/uploads/2026/08/文部科学大臣杯-UNIVAS-CUP-令和８年度全日本学生レスリング選手権大会-GR入賞者一覧（8位まで）.pdf
p-4fd6d8,wre-2025-intercollegiate-0821,文部科学大臣杯 令和7年度 全日本学生レスリング選手権大会,2025,女子,50kg,3位,https://www.japan-wrestling.jp/wp-content/uploads/2025/08/文部科学大臣杯-UNIVAS-CUP-令和７年度全日本学生レスリング選手権大会-入賞者一覧（8位まで）_WW.pdf
p-4fd6d8,wre-2026-east-spring-0713,令和8年度 東日本学生レスリング選手権大会(春季大会),2026,新人戦 女子,50kg,3位,https://www.japan-wrestling.jp/wp-content/uploads/2026/07/令和8年度東日本学生レスリング選手権大会（春季大会）入賞者一覧_WW・新GR.pdf
p-d887b2,wre-2025-east-autumn-1127,令和7年度 東日本学生レスリング選手権大会(秋季大会),2025,グレコローマン,63kg,3位,https://www.japan-wrestling.jp/wp-content/uploads/2025/12/令和7年度東日本学生レスリング選手権大会（春季大会）入賞者一覧_選FS・GR.pdf
p-d887b2,wre-2025-university-greco-1018,文部科学大臣杯 令和7年度 全日本大学レスリンググレコローマンレスリング選手権大会,2025,グレコローマン,63kg,5位,https://www.japan-wrestling.jp/wp-content/uploads/2025/10/文部科学大臣杯-令和7年度全日本大学グレコローマンスタイル選手権大会-入賞者一覧（8位まで）.pdf
p-124677,wre-2025-tenno-cup-1218,令和7年度 天皇杯全日本レスリング選手権大会,2025,グレコローマン,97kg,3位,https://www.japan-wrestling.jp/wp-content/uploads/2026/01/訂正版_2025-EMPEROR-Cup_RESULT-BOOK.pdf
p-124677,wre-2025-university-greco-1018,文部科学大臣杯 令和7年度 全日本大学レスリンググレコローマンレスリング選手権大会,2025,グレコローマン,97kg,3位,https://www.japan-wrestling.jp/wp-content/uploads/2025/10/文部科学大臣杯-令和7年度全日本大学グレコローマンスタイル選手権大会-入賞者一覧（8位まで）.pdf
p-662b48,wre-2025-east-autumn-1127,令和7年度 東日本学生レスリング選手権大会(秋季大会),2025,グレコローマン,97kg,3位,https://www.japan-wrestling.jp/wp-content/uploads/2025/12/令和7年度東日本学生レスリング選手権大会（春季大会）入賞者一覧_選FS・GR.pdf
p-662b48,wre-2025-university-greco-1018,文部科学大臣杯 令和7年度 全日本大学レスリンググレコローマンレスリング選手権大会,2025,グレコローマン,97kg,5位,https://www.japan-wrestling.jp/wp-content/uploads/2025/10/文部科学大臣杯-令和7年度全日本大学グレコローマンスタイル選手権大会-入賞者一覧（8位まで）.pdf
p-3fe10b,wre-2025-tenno-cup-1218,令和7年度 天皇杯全日本レスリング選手権大会,2025,フリースタイル,86kg,8位,https://www.japan-wrestling.jp/wp-content/uploads/2026/01/訂正版_2025-EMPEROR-Cup_RESULT-BOOK.pdf
p-3fe10b,wre-2025-university-championship-1108,第51回内閣総理大臣杯 令和7年度全日本大学レスリング選手権大会,2025,フリースタイル,86kg,3位,https://www.japan-wrestling.jp/wp-content/uploads/2025/11/2025.内閣_入賞者一覧（再修正版）.pdf
p-19285f,wre-2025-east-autumn-1127,令和7年度 東日本学生レスリング選手権大会(秋季大会),2025,新人戦 グレコローマン,55kg,3位,https://www.japan-wrestling.jp/wp-content/uploads/2025/12/令和7年度東日本学生レスリング選手権大会（春季大会）入賞者一覧_新FS・GR.pdf
p-19285f,wre-2026-east-spring-0713,令和8年度 東日本学生レスリング選手権大会(春季大会),2026,新人戦 グレコローマン,55kg,3位,https://www.japan-wrestling.jp/wp-content/uploads/2026/07/令和8年度東日本学生レスリング選手権大会（春季大会）入賞者一覧_WW・新GR.pdf
p-d37b40,wre-2025-east-autumn-1127,令和7年度 東日本学生レスリング選手権大会(秋季大会),2025,新人戦 グレコローマン,77kg,3位,https://www.japan-wrestling.jp/wp-content/uploads/2025/12/令和7年度東日本学生レスリング選手権大会（春季大会）入賞者一覧_新FS・GR.pdf
p-d37b40,wre-2026-intercollegiate-0820,文部科学大臣杯 UNIVAS CUP 令和8年度 全日本学生レスリング選手権大会,2026,グレコローマン,77kg,3位,https://www.japan-wrestling.jp/wp-content/uploads/2026/08/文部科学大臣杯-UNIVAS-CUP-令和８年度全日本学生レスリング選手権大会-GR入賞者一覧（8位まで）.pdf
p-2f6080,wre-2025-east-autumn-1127,令和7年度 東日本学生レスリング選手権大会(秋季大会),2025,新人戦 グレコローマン,97kg,3位,https://www.japan-wrestling.jp/wp-content/uploads/2025/12/令和7年度東日本学生レスリング選手権大会（春季大会）入賞者一覧_新FS・GR.pdf
p-2f6080,wre-2026-east-spring-0713,令和8年度 東日本学生レスリング選手権大会(春季大会),2026,グレコローマン,97kg,3位,https://www.japan-wrestling.jp/wp-content/uploads/2026/07/令和8年度東日本学生レスリング選手権大会（春季大会）入賞者一覧_選FS・GR.pdf
p-698848,wre-2025-east-autumn-1127,令和7年度 東日本学生レスリング選手権大会(秋季大会),2025,新人戦 フリースタイル,61kg,3位,https://www.japan-wrestling.jp/wp-content/uploads/2025/12/令和7年度東日本学生レスリング選手権大会（春季大会）入賞者一覧_新FS・GR.pdf
p-698848,wre-2026-east-spring-0713,令和8年度 東日本学生レスリング選手権大会(春季大会),2026,新人戦 フリースタイル,61kg,3位,https://www.japan-wrestling.jp/wp-content/uploads/2026/07/令和8年度東日本学生レスリング選手権大会（春季大会）入賞者一覧_新FA・FB.pdf
p-5bf79e,wre-2025-tenno-cup-1218,令和7年度 天皇杯全日本レスリング選手権大会,2025,グレコローマン,55kg,3位,https://www.japan-wrestling.jp/wp-content/uploads/2026/01/訂正版_2025-EMPEROR-Cup_RESULT-BOOK.pdf
p-5bf79e,wre-2026-meiji-cup-0521,令和8年度 明治杯全日本選抜レスリング選手権大会,2026,グレコローマン,55kg,3位,https://www.japan-wrestling.jp/wp-content/uploads/2026/05/スタイル別入賞者.pdf
p-8dac45,wre-2025-tenno-cup-1218,令和7年度 天皇杯全日本レスリング選手権大会,2025,女子,72kg,3位,https://www.japan-wrestling.jp/wp-content/uploads/2026/01/訂正版_2025-EMPEROR-Cup_RESULT-BOOK.pdf
p-8dac45,wre-2026-intercollegiate-0820,文部科学大臣杯 UNIVAS CUP 令和8年度 全日本学生レスリング選手権大会,2026,女子,72kg,3位,https://www.japan-wrestling.jp/wp-content/uploads/2026/08/文部科学大臣杯-UNIVAS-CUP-令和８年度全日本学生レスリング選手権大会-WW入賞者一覧（8位まで）.pdf
p-332d9e,wre-2025-tenno-cup-1218,令和7年度 天皇杯全日本レスリング選手権大会,2025,女子,53kg,3位,https://www.japan-wrestling.jp/wp-content/uploads/2026/01/訂正版_2025-EMPEROR-Cup_RESULT-BOOK.pdf
p-332d9e,wre-2026-meiji-cup-0521,令和8年度 明治杯全日本選抜レスリング選手権大会,2026,女子,53kg,3位,https://www.japan-wrestling.jp/wp-content/uploads/2026/05/スタイル別入賞者.pdf
p-33103f,wre-2026-intercollegiate-0820,文部科学大臣杯 UNIVAS CUP 令和8年度 全日本学生レスリング選手権大会,2026,女子,62kg,3位,https://www.japan-wrestling.jp/wp-content/uploads/2026/08/文部科学大臣杯-UNIVAS-CUP-令和８年度全日本学生レスリング選手権大会-WW入賞者一覧（8位まで）.pdf
p-33103f,wre-2026-meiji-cup-0521,令和8年度 明治杯全日本選抜レスリング選手権大会,2026,女子,59kg,3位,https://www.japan-wrestling.jp/wp-content/uploads/2026/05/スタイル別入賞者.pdf
p-627c38,wre-2026-east-spring-0713,令和8年度 東日本学生レスリング選手権大会(春季大会),2026,新人戦 フリースタイル,70kg,3位,https://www.japan-wrestling.jp/wp-content/uploads/2026/07/令和8年度東日本学生レスリング選手権大会（春季大会）入賞者一覧_新FA・FB.pdf
p-627c38,wre-2026-intercollegiate-0820,文部科学大臣杯 UNIVAS CUP 令和8年度 全日本学生レスリング選手権大会,2026,グレコローマン,67kg,3位,https://www.japan-wrestling.jp/wp-content/uploads/2026/08/文部科学大臣杯-UNIVAS-CUP-令和８年度全日本学生レスリング選手権大会-GR入賞者一覧（8位まで）.pdf
p-f2ac4d,wre-2026-east-spring-0713,令和8年度 東日本学生レスリング選手権大会(春季大会),2026,新人戦 フリースタイル,92kg,3位,https://www.japan-wrestling.jp/wp-content/uploads/2026/07/令和8年度東日本学生レスリング選手権大会（春季大会）入賞者一覧_新FA・FB.pdf
p-f2ac4d,wre-2026-intercollegiate-0820,文部科学大臣杯 UNIVAS CUP 令和8年度 全日本学生レスリング選手権大会,2026,フリースタイル,92kg,5位,https://www.japan-wrestling.jp/wp-content/uploads/2026/08/文部科学大臣杯-UNIVAS-CUP-令和８年度全日本学生レスリング選手権大会-入賞者一覧（8位まで）.pdf
p-d770b9,wre-2026-east-spring-0713,令和8年度 東日本学生レスリング選手権大会(春季大会),2026,新人戦 フリースタイル,97kg,3位,https://www.japan-wrestling.jp/wp-content/uploads/2026/07/令和8年度東日本学生レスリング選手権大会（春季大会）入賞者一覧_新FA・FB.pdf
p-d770b9,wre-2026-intercollegiate-0820,文部科学大臣杯 UNIVAS CUP 令和8年度 全日本学生レスリング選手権大会,2026,フリースタイル,97kg,5位,https://www.japan-wrestling.jp/wp-content/uploads/2026/08/文部科学大臣杯-UNIVAS-CUP-令和８年度全日本学生レスリング選手権大会-入賞者一覧（8位まで）.pdf
p-d62f2d,wre-2026-east-spring-0713,令和8年度 東日本学生レスリング選手権大会(春季大会),2026,新人戦 フリースタイル,125kg,3位,https://www.japan-wrestling.jp/wp-content/uploads/2026/07/令和8年度東日本学生レスリング選手権大会（春季大会）入賞者一覧_新FA・FB.pdf
p-d62f2d,wre-2026-east-spring-0713,令和8年度 東日本学生レスリング選手権大会(春季大会),2026,新人戦 グレコローマン,130kg,3位,https://www.japan-wrestling.jp/wp-content/uploads/2026/07/令和8年度東日本学生レスリング選手権大会（春季大会）入賞者一覧_WW・新GR.pdf
p-6638e2,wre-2026-east-spring-0713,令和8年度 東日本学生レスリング選手権大会(春季大会),2026,新人戦 グレコローマン,130kg,3位,https://www.japan-wrestling.jp/wp-content/uploads/2026/07/令和8年度東日本学生レスリング選手権大会（春季大会）入賞者一覧_WW・新GR.pdf
p-6638e2,wre-2026-intercollegiate-0820,文部科学大臣杯 UNIVAS CUP 令和8年度 全日本学生レスリング選手権大会,2026,フリースタイル,125kg,5位,https://www.japan-wrestling.jp/wp-content/uploads/2026/08/文部科学大臣杯-UNIVAS-CUP-令和８年度全日本学生レスリング選手権大会-入賞者一覧（8位まで）.pdf
p-cd2063,wre-2026-east-spring-0713,令和8年度 東日本学生レスリング選手権大会(春季大会),2026,新人戦 女子,55kg,3位,https://www.japan-wrestling.jp/wp-content/uploads/2026/07/令和8年度東日本学生レスリング選手権大会（春季大会）入賞者一覧_WW・新GR.pdf
p-cd2063,wre-2026-intercollegiate-0820,文部科学大臣杯 UNIVAS CUP 令和8年度 全日本学生レスリング選手権大会,2026,女子,53kg,5位,https://www.japan-wrestling.jp/wp-content/uploads/2026/08/文部科学大臣杯-UNIVAS-CUP-令和８年度全日本学生レスリング選手権大会-WW入賞者一覧（8位まで）.pdf
p-9b0b47,wre-2026-east-spring-0713,令和8年度 東日本学生レスリング選手権大会(春季大会),2026,フリースタイル,74kg,3位,https://www.japan-wrestling.jp/wp-content/uploads/2026/07/令和8年度東日本学生レスリング選手権大会（春季大会）入賞者一覧_選FS・GR.pdf
p-9b0b47,wre-2026-intercollegiate-0820,文部科学大臣杯 UNIVAS CUP 令和8年度 全日本学生レスリング選手権大会,2026,グレコローマン,77kg,5位,https://www.japan-wrestling.jp/wp-content/uploads/2026/08/文部科学大臣杯-UNIVAS-CUP-令和８年度全日本学生レスリング選手権大会-GR入賞者一覧（8位まで）.pdf
p-33ace4,wre-2026-east-spring-0713,令和8年度 東日本学生レスリング選手権大会(春季大会),2026,グレコローマン,55kg,3位,https://www.japan-wrestling.jp/wp-content/uploads/2026/07/令和8年度東日本学生レスリング選手権大会（春季大会）入賞者一覧_選FS・GR.pdf
p-33ace4,wre-2026-intercollegiate-0820,文部科学大臣杯 UNIVAS CUP 令和8年度 全日本学生レスリング選手権大会,2026,グレコローマン,55kg,5位,https://www.japan-wrestling.jp/wp-content/uploads/2026/08/文部科学大臣杯-UNIVAS-CUP-令和８年度全日本学生レスリング選手権大会-GR入賞者一覧（8位まで）.pdf
p-ef2db4,wre-2026-intercollegiate-0820,文部科学大臣杯 UNIVAS CUP 令和8年度 全日本学生レスリング選手権大会,2026,フリースタイル,70kg,3位,https://www.japan-wrestling.jp/wp-content/uploads/2026/08/文部科学大臣杯-UNIVAS-CUP-令和８年度全日本学生レスリング選手権大会-入賞者一覧（8位まで）.pdf
p-ef2db4,wre-2026-intercollegiate-0820,文部科学大臣杯 UNIVAS CUP 令和8年度 全日本学生レスリング選手権大会,2026,グレコローマン,72kg,5位,https://www.japan-wrestling.jp/wp-content/uploads/2026/08/文部科学大臣杯-UNIVAS-CUP-令和８年度全日本学生レスリング選手権大会-GR入賞者一覧（8位まで）.pdf
p-7c45e4,wre-2026-intercollegiate-0820,文部科学大臣杯 UNIVAS CUP 令和8年度 全日本学生レスリング選手権大会,2026,フリースタイル,125kg,3位,https://www.japan-wrestling.jp/wp-content/uploads/2026/08/文部科学大臣杯-UNIVAS-CUP-令和８年度全日本学生レスリング選手権大会-入賞者一覧（8位まで）.pdf
p-7c45e4,wre-2026-intercollegiate-0820,文部科学大臣杯 UNIVAS CUP 令和8年度 全日本学生レスリング選手権大会,2026,グレコローマン,130kg,5位,https://www.japan-wrestling.jp/wp-content/uploads/2026/08/文部科学大臣杯-UNIVAS-CUP-令和８年度全日本学生レスリング選手権大会-GR入賞者一覧（8位まで）.pdf
p-db4270,wre-2024-tenno-cup-1219,令和6年度 天皇杯全日本レスリング選手権大会,2024,フリースタイル,65kg,5位,https://www.japan-wrestling.jp/wp-content/uploads/2025/04/令和6年度天皇杯_フリースタイル階級別入賞者一覧.pdf
p-db4270,wre-2026-intercollegiate-0820,文部科学大臣杯 UNIVAS CUP 令和8年度 全日本学生レスリング選手権大会,2026,フリースタイル,65kg,5位,https://www.japan-wrestling.jp/wp-content/uploads/2026/08/文部科学大臣杯-UNIVAS-CUP-令和８年度全日本学生レスリング選手権大会-入賞者一覧（8位まで）.pdf
p-b6e7de,wre-2024-tenno-cup-1219,令和6年度 天皇杯全日本レスリング選手権大会,2024,フリースタイル,70kg,5位,https://www.japan-wrestling.jp/wp-content/uploads/2025/04/令和6年度天皇杯_フリースタイル階級別入賞者一覧.pdf
p-b6e7de,wre-2025-tenno-cup-1218,令和7年度 天皇杯全日本レスリング選手権大会,2025,フリースタイル,74kg,7位,https://www.japan-wrestling.jp/wp-content/uploads/2026/01/訂正版_2025-EMPEROR-Cup_RESULT-BOOK.pdf
p-10d53b,wre-2024-tenno-cup-1219,令和6年度 天皇杯全日本レスリング選手権大会,2024,グレコローマン,67kg,5位,https://www.japan-wrestling.jp/wp-content/uploads/2025/04/令和6年度天皇杯_グレコローマン階級別入賞者一覧.pdf
p-10d53b,wre-2025-tenno-cup-1218,令和7年度 天皇杯全日本レスリング選手権大会,2025,グレコローマン,67kg,8位,https://www.japan-wrestling.jp/wp-content/uploads/2026/01/訂正版_2025-EMPEROR-Cup_RESULT-BOOK.pdf
p-25df2b,wre-2025-intercollegiate-0821,文部科学大臣杯 令和7年度 全日本学生レスリング選手権大会,2025,フリースタイル,61kg,5位,https://www.japan-wrestling.jp/wp-content/uploads/2025/08/文部科学大臣杯-UNIVAS-CUP-令和７年度全日本学生レスリング選手権大会-入賞者一覧（8位まで）-FS.pdf
p-25df2b,wre-2026-intercollegiate-0820,文部科学大臣杯 UNIVAS CUP 令和8年度 全日本学生レスリング選手権大会,2026,グレコローマン,63kg,5位,https://www.japan-wrestling.jp/wp-content/uploads/2026/08/文部科学大臣杯-UNIVAS-CUP-令和８年度全日本学生レスリング選手権大会-GR入賞者一覧（8位まで）.pdf
p-2a3692,wre-2025-intercollegiate-0821,文部科学大臣杯 令和7年度 全日本学生レスリング選手権大会,2025,フリースタイル,74kg,5位,https://www.japan-wrestling.jp/wp-content/uploads/2025/08/文部科学大臣杯-UNIVAS-CUP-令和７年度全日本学生レスリング選手権大会-入賞者一覧（8位まで）-FS.pdf
p-2a3692,wre-2025-university-greco-1018,文部科学大臣杯 令和7年度 全日本大学レスリンググレコローマンレスリング選手権大会,2025,グレコローマン,72kg,7位,https://www.japan-wrestling.jp/wp-content/uploads/2025/10/文部科学大臣杯-令和7年度全日本大学グレコローマンスタイル選手権大会-入賞者一覧（8位まで）.pdf
p-591ec6,wre-2025-intercollegiate-0821,文部科学大臣杯 令和7年度 全日本学生レスリング選手権大会,2025,グレコローマン,55kg,5位,https://www.japan-wrestling.jp/wp-content/uploads/2025/08/文部科学大臣杯-UNIVAS-CUP-令和７年度全日本学生レスリング選手権大会-入賞者一覧（8位まで）_GR.pdf
p-591ec6,wre-2025-tenno-cup-1218,令和7年度 天皇杯全日本レスリング選手権大会,2025,グレコローマン,55kg,7位,https://www.japan-wrestling.jp/wp-content/uploads/2026/01/訂正版_2025-EMPEROR-Cup_RESULT-BOOK.pdf
p-d1c71f,wre-2025-intercollegiate-0821,文部科学大臣杯 令和7年度 全日本学生レスリング選手権大会,2025,グレコローマン,55kg,5位,https://www.japan-wrestling.jp/wp-content/uploads/2025/08/文部科学大臣杯-UNIVAS-CUP-令和７年度全日本学生レスリング選手権大会-入賞者一覧（8位まで）_GR.pdf
p-d1c71f,wre-2025-university-greco-1018,文部科学大臣杯 令和7年度 全日本大学レスリンググレコローマンレスリング選手権大会,2025,グレコローマン,55kg,5位,https://www.japan-wrestling.jp/wp-content/uploads/2025/10/文部科学大臣杯-令和7年度全日本大学グレコローマンスタイル選手権大会-入賞者一覧（8位まで）.pdf
p-077679,wre-2025-intercollegiate-0821,文部科学大臣杯 令和7年度 全日本学生レスリング選手権大会,2025,グレコローマン,72kg,5位,https://www.japan-wrestling.jp/wp-content/uploads/2025/08/文部科学大臣杯-UNIVAS-CUP-令和７年度全日本学生レスリング選手権大会-入賞者一覧（8位まで）_GR.pdf
p-077679,wre-2025-university-championship-1108,第51回内閣総理大臣杯 令和7年度全日本大学レスリング選手権大会,2025,フリースタイル,70kg,5位,https://www.japan-wrestling.jp/wp-content/uploads/2025/11/2025.内閣_入賞者一覧（再修正版）.pdf
p-e970fe,wre-2025-intercollegiate-0821,文部科学大臣杯 令和7年度 全日本学生レスリング選手権大会,2025,グレコローマン,87kg,5位,https://www.japan-wrestling.jp/wp-content/uploads/2025/08/文部科学大臣杯-UNIVAS-CUP-令和７年度全日本学生レスリング選手権大会-入賞者一覧（8位まで）_GR.pdf
p-e970fe,wre-2026-intercollegiate-0820,文部科学大臣杯 UNIVAS CUP 令和8年度 全日本学生レスリング選手権大会,2026,グレコローマン,87kg,5位,https://www.japan-wrestling.jp/wp-content/uploads/2026/08/文部科学大臣杯-UNIVAS-CUP-令和８年度全日本学生レスリング選手権大会-GR入賞者一覧（8位まで）.pdf
p-87a07e,wre-2025-intercollegiate-0821,文部科学大臣杯 令和7年度 全日本学生レスリング選手権大会,2025,女子,53kg,5位,https://www.japan-wrestling.jp/wp-content/uploads/2025/08/文部科学大臣杯-UNIVAS-CUP-令和７年度全日本学生レスリング選手権大会-入賞者一覧（8位まで）_WW.pdf
p-87a07e,wre-2026-intercollegiate-0820,文部科学大臣杯 UNIVAS CUP 令和8年度 全日本学生レスリング選手権大会,2026,女子,53kg,5位,https://www.japan-wrestling.jp/wp-content/uploads/2026/08/文部科学大臣杯-UNIVAS-CUP-令和８年度全日本学生レスリング選手権大会-WW入賞者一覧（8位まで）.pdf
p-aba70d,wre-2025-university-championship-1108,第51回内閣総理大臣杯 令和7年度全日本大学レスリング選手権大会,2025,フリースタイル,70kg,8位,https://www.japan-wrestling.jp/wp-content/uploads/2025/11/2025.内閣_入賞者一覧（再修正版）.pdf
p-aba70d,wre-2025-university-greco-1018,文部科学大臣杯 令和7年度 全日本大学レスリンググレコローマンレスリング選手権大会,2025,グレコローマン,72kg,5位,https://www.japan-wrestling.jp/wp-content/uploads/2025/10/文部科学大臣杯-令和7年度全日本大学グレコローマンスタイル選手権大会-入賞者一覧（8位まで）.pdf
p-b34bfa,wre-2025-university-greco-1018,文部科学大臣杯 令和7年度 全日本大学レスリンググレコローマンレスリング選手権大会,2025,グレコローマン,130kg,8位,https://www.japan-wrestling.jp/wp-content/uploads/2025/10/文部科学大臣杯-令和7年度全日本大学グレコローマンスタイル選手権大会-入賞者一覧（8位まで）.pdf
p-b34bfa,wre-2026-intercollegiate-0820,文部科学大臣杯 UNIVAS CUP 令和8年度 全日本学生レスリング選手権大会,2026,フリースタイル,125kg,5位,https://www.japan-wrestling.jp/wp-content/uploads/2026/08/文部科学大臣杯-UNIVAS-CUP-令和８年度全日本学生レスリング選手権大会-入賞者一覧（8位まで）.pdf
p-8b0268,wre-2025-university-championship-1108,第51回内閣総理大臣杯 令和7年度全日本大学レスリング選手権大会,2025,フリースタイル,125kg,7位,https://www.japan-wrestling.jp/wp-content/uploads/2025/11/2025.内閣_入賞者一覧（再修正版）.pdf
p-8b0268,wre-2026-intercollegiate-0820,文部科学大臣杯 UNIVAS CUP 令和8年度 全日本学生レスリング選手権大会,2026,グレコローマン,130kg,5位,https://www.japan-wrestling.jp/wp-content/uploads/2026/08/文部科学大臣杯-UNIVAS-CUP-令和８年度全日本学生レスリング選手権大会-GR入賞者一覧（8位まで）.pdf
p-c828fc,wre-2025-tenno-cup-1218,令和7年度 天皇杯全日本レスリング選手権大会,2025,女子,53kg,5位,https://www.japan-wrestling.jp/wp-content/uploads/2026/01/訂正版_2025-EMPEROR-Cup_RESULT-BOOK.pdf
p-c828fc,wre-2026-intercollegiate-0820,文部科学大臣杯 UNIVAS CUP 令和8年度 全日本学生レスリング選手権大会,2026,女子,53kg,5位,https://www.japan-wrestling.jp/wp-content/uploads/2026/08/文部科学大臣杯-UNIVAS-CUP-令和８年度全日本学生レスリング選手権大会-WW入賞者一覧（8位まで）.pdf
p-af0a48,wre-2026-intercollegiate-0820,文部科学大臣杯 UNIVAS CUP 令和8年度 全日本学生レスリング選手権大会,2026,フリースタイル,125kg,5位,https://www.japan-wrestling.jp/wp-content/uploads/2026/08/文部科学大臣杯-UNIVAS-CUP-令和８年度全日本学生レスリング選手権大会-入賞者一覧（8位まで）.pdf
p-af0a48,wre-2026-intercollegiate-0820,文部科学大臣杯 UNIVAS CUP 令和8年度 全日本学生レスリング選手権大会,2026,グレコローマン,130kg,5位,https://www.japan-wrestling.jp/wp-content/uploads/2026/08/文部科学大臣杯-UNIVAS-CUP-令和８年度全日本学生レスリング選手権大会-GR入賞者一覧（8位まで）.pdf
p-10ce99,wre-2024-tenno-cup-1219,令和6年度 天皇杯全日本レスリング選手権大会,2024,グレコローマン,72kg,7位,https://www.japan-wrestling.jp/wp-content/uploads/2025/04/令和6年度天皇杯_グレコローマン階級別入賞者一覧.pdf
p-10ce99,wre-2025-university-championship-1108,第51回内閣総理大臣杯 令和7年度全日本大学レスリング選手権大会,2025,フリースタイル,86kg,7位,https://www.japan-wrestling.jp/wp-content/uploads/2025/11/2025.内閣_入賞者一覧（再修正版）.pdf
p-51b5b7,wre-2024-tenno-cup-1219,令和6年度 天皇杯全日本レスリング選手権大会,2024,フリースタイル,97kg,8位,https://www.japan-wrestling.jp/wp-content/uploads/2025/04/令和6年度天皇杯_フリースタイル階級別入賞者一覧.pdf
p-51b5b7,wre-2025-tenno-cup-1218,令和7年度 天皇杯全日本レスリング選手権大会,2025,グレコローマン,97kg,8位,https://www.japan-wrestling.jp/wp-content/uploads/2026/01/訂正版_2025-EMPEROR-Cup_RESULT-BOOK.pdf
p-eef048,wre-2024-meiji-cup-0523,令和6年度 明治杯全日本選抜レスリング選手権大会,2024,フリースタイル,61kg,1位,https://www.japan-wrestling.jp/wp-content/uploads/2024/12/ichiranFS-1.pdf
p-efe642,wre-2024-meiji-cup-0523,令和6年度 明治杯全日本選抜レスリング選手権大会,2024,グレコローマン,77kg,1位,https://www.japan-wrestling.jp/wp-content/uploads/2024/12/ichiranGR-1.pdf
p-6dcd60,wre-2024-meiji-cup-0523,令和6年度 明治杯全日本選抜レスリング選手権大会,2024,グレコローマン,97kg,1位,https://www.japan-wrestling.jp/wp-content/uploads/2024/12/ichiranGR-1.pdf
p-8e231f,wre-2024-tenno-cup-1219,令和6年度 天皇杯全日本レスリング選手権大会,2024,フリースタイル,57kg,1位,https://www.japan-wrestling.jp/wp-content/uploads/2025/04/令和6年度天皇杯_フリースタイル階級別入賞者一覧.pdf
p-1245f7,wre-2024-tenno-cup-1219,令和6年度 天皇杯全日本レスリング選手権大会,2024,フリースタイル,74kg,1位,https://www.japan-wrestling.jp/wp-content/uploads/2025/04/令和6年度天皇杯_フリースタイル階級別入賞者一覧.pdf
p-776ebd,wre-2025-east-spring-0709,令和7年度 東日本学生レスリング選手権大会(春季大会),2025,新人戦 女子,57kg,1位,https://www.japan-wrestling.jp/wp-content/uploads/2025/07/令和7年度東日本学生レスリング選手権大会（春季大会）入賞者一覧_WW・新GR.pdf
p-705b32,wre-2025-east-spring-0709,令和7年度 東日本学生レスリング選手権大会(春季大会),2025,新人戦 フリースタイル,70kg,1位,https://www.japan-wrestling.jp/wp-content/uploads/2025/07/令和7年度東日本学生レスリング選手権大会（春季大会）入賞者一覧_新FA・FB.pdf
p-772c3e,wre-2025-east-spring-0709,令和7年度 東日本学生レスリング選手権大会(春季大会),2025,新人戦 フリースタイル,79kg,1位,https://www.japan-wrestling.jp/wp-content/uploads/2025/07/令和7年度東日本学生レスリング選手権大会（春季大会）入賞者一覧_新FA・FB.pdf
p-657971,wre-2025-east-spring-0709,令和7年度 東日本学生レスリング選手権大会(春季大会),2025,グレコローマン,55kg,1位,https://www.japan-wrestling.jp/wp-content/uploads/2025/07/令和7年度東日本学生レスリング選手権大会（春季大会）入賞者一覧_選手権F・G.pdf
p-766e99,wre-2025-east-spring-0709,令和7年度 東日本学生レスリング選手権大会(春季大会),2025,フリースタイル,57kg,1位,https://www.japan-wrestling.jp/wp-content/uploads/2025/07/令和7年度東日本学生レスリング選手権大会（春季大会）入賞者一覧_選手権F・G.pdf
p-cfba44,wre-2025-shakaijin-0712,第72回 全日本社会人レスリング選手権大会,2025,フリースタイル,92kg,1位,https://www.japan-wrestling.jp/wp-content/uploads/2025/07/第72回社会人記録（優勝者一覧・個人賞）.pdf
p-050a07,wre-2025-shakaijin-0712,第72回 全日本社会人レスリング選手権大会,2025,グレコローマン,60kg,1位,https://www.japan-wrestling.jp/wp-content/uploads/2025/07/第72回社会人記録（優勝者一覧・個人賞）.pdf
p-acf8a2,wre-2025-east-autumn-1127,令和7年度 東日本学生レスリング選手権大会(秋季大会),2025,新人戦 フリースタイル,79kg,1位,https://www.japan-wrestling.jp/wp-content/uploads/2025/12/令和7年度東日本学生レスリング選手権大会（春季大会）入賞者一覧_新FS・GR.pdf
p-ce7f6e,wre-2025-tenno-cup-1218,令和7年度 天皇杯全日本レスリング選手権大会,2025,女子,50kg,1位,https://www.japan-wrestling.jp/wp-content/uploads/2026/01/訂正版_2025-EMPEROR-Cup_RESULT-BOOK.pdf
p-185e28,wre-2026-meiji-cup-0521,令和8年度 明治杯全日本選抜レスリング選手権大会,2026,フリースタイル,61kg,1位,https://www.japan-wrestling.jp/wp-content/uploads/2026/05/スタイル別入賞者.pdf
p-db3b3b,wre-2026-meiji-cup-0521,令和8年度 明治杯全日本選抜レスリング選手権大会,2026,グレコローマン,55kg,1位,https://www.japan-wrestling.jp/wp-content/uploads/2026/05/スタイル別入賞者.pdf
p-6daf30,wre-2026-meiji-cup-0521,令和8年度 明治杯全日本選抜レスリング選手権大会,2026,グレコローマン,63kg,1位,https://www.japan-wrestling.jp/wp-content/uploads/2026/05/スタイル別入賞者.pdf
p-8f8118,wre-2026-meiji-cup-0521,令和8年度 明治杯全日本選抜レスリング選手権大会,2026,フリースタイル,86kg,1位,https://www.japan-wrestling.jp/wp-content/uploads/2026/05/スタイル別入賞者.pdf
p-d4a4c7,wre-2026-meiji-cup-0521,令和8年度 明治杯全日本選抜レスリング選手権大会,2026,女子,50kg,1位,https://www.japan-wrestling.jp/wp-content/uploads/2026/05/スタイル別入賞者.pdf
p-57c3ad,wre-2026-east-spring-0713,令和8年度 東日本学生レスリング選手権大会(春季大会),2026,新人戦 フリースタイル,70kg,1位,https://www.japan-wrestling.jp/wp-content/uploads/2026/07/令和8年度東日本学生レスリング選手権大会（春季大会）入賞者一覧_新FA・FB.pdf
p-393c08,wre-2026-east-spring-0713,令和8年度 東日本学生レスリング選手権大会(春季大会),2026,新人戦 グレコローマン,67kg,1位,https://www.japan-wrestling.jp/wp-content/uploads/2026/07/令和8年度東日本学生レスリング選手権大会（春季大会）入賞者一覧_WW・新GR.pdf
p-685880,wre-2026-east-spring-0713,令和8年度 東日本学生レスリング選手権大会(春季大会),2026,新人戦 グレコローマン,77kg,1位,https://www.japan-wrestling.jp/wp-content/uploads/2026/07/令和8年度東日本学生レスリング選手権大会（春季大会）入賞者一覧_WW・新GR.pdf
p-d0067f,wre-2026-east-spring-0713,令和8年度 東日本学生レスリング選手権大会(春季大会),2026,フリースタイル,70kg,1位,https://www.japan-wrestling.jp/wp-content/uploads/2026/07/令和8年度東日本学生レスリング選手権大会（春季大会）入賞者一覧_選FS・GR.pdf
p-0662fc,wre-2026-intercollegiate-0820,文部科学大臣杯 UNIVAS CUP 令和8年度 全日本学生レスリング選手権大会,2026,グレコローマン,77kg,1位,https://www.japan-wrestling.jp/wp-content/uploads/2026/08/文部科学大臣杯-UNIVAS-CUP-令和８年度全日本学生レスリング選手権大会-GR入賞者一覧（8位まで）.pdf
p-327f63,wre-2026-intercollegiate-0820,文部科学大臣杯 UNIVAS CUP 令和8年度 全日本学生レスリング選手権大会,2026,女子,72kg,1位,https://www.japan-wrestling.jp/wp-content/uploads/2026/08/文部科学大臣杯-UNIVAS-CUP-令和８年度全日本学生レスリング選手権大会-WW入賞者一覧（8位まで）.pdf
p-5d920a,wre-2024-meiji-cup-0523,令和6年度 明治杯全日本選抜レスリング選手権大会,2024,フリースタイル,125kg,2位,https://www.japan-wrestling.jp/wp-content/uploads/2024/12/ichiranFS-1.pdf
p-579101,wre-2024-tenno-cup-1219,令和6年度 天皇杯全日本レスリング選手権大会,2024,フリースタイル,61kg,2位,https://www.japan-wrestling.jp/wp-content/uploads/2025/04/令和6年度天皇杯_フリースタイル階級別入賞者一覧.pdf
p-cb4738,wre-2024-tenno-cup-1219,令和6年度 天皇杯全日本レスリング選手権大会,2024,フリースタイル,74kg,2位,https://www.japan-wrestling.jp/wp-content/uploads/2025/04/令和6年度天皇杯_フリースタイル階級別入賞者一覧.pdf
p-34b44d,wre-2024-tenno-cup-1219,令和6年度 天皇杯全日本レスリング選手権大会,2024,フリースタイル,97kg,2位,https://www.japan-wrestling.jp/wp-content/uploads/2025/04/令和6年度天皇杯_フリースタイル階級別入賞者一覧.pdf
p-b880b5,wre-2024-tenno-cup-1219,令和6年度 天皇杯全日本レスリング選手権大会,2024,グレコローマン,72kg,2位,https://www.japan-wrestling.jp/wp-content/uploads/2025/04/令和6年度天皇杯_グレコローマン階級別入賞者一覧.pdf
p-9abf14,wre-2024-tenno-cup-1219,令和6年度 天皇杯全日本レスリング選手権大会,2024,グレコローマン,77kg,2位,https://www.japan-wrestling.jp/wp-content/uploads/2025/04/令和6年度天皇杯_グレコローマン階級別入賞者一覧.pdf
p-2a763a,wre-2024-tenno-cup-1219,令和6年度 天皇杯全日本レスリング選手権大会,2024,女子,72kg,2位,https://www.japan-wrestling.jp/wp-content/uploads/2025/04/令和6年度天皇杯_女子階級別入賞者一覧.pdf
p-dbf809,wre-2025-east-spring-0709,令和7年度 東日本学生レスリング選手権大会(春季大会),2025,新人戦 グレコローマン,77kg,2位,https://www.japan-wrestling.jp/wp-content/uploads/2025/07/令和7年度東日本学生レスリング選手権大会（春季大会）入賞者一覧_WW・新GR.pdf
p-2b9c88,wre-2025-east-spring-0709,令和7年度 東日本学生レスリング選手権大会(春季大会),2025,新人戦 フリースタイル,61kg,2位,https://www.japan-wrestling.jp/wp-content/uploads/2025/07/令和7年度東日本学生レスリング選手権大会（春季大会）入賞者一覧_新FA・FB.pdf
p-734590,wre-2025-east-spring-0709,令和7年度 東日本学生レスリング選手権大会(春季大会),2025,新人戦 フリースタイル,70kg,2位,https://www.japan-wrestling.jp/wp-content/uploads/2025/07/令和7年度東日本学生レスリング選手権大会（春季大会）入賞者一覧_新FA・FB.pdf
p-6e7db2,wre-2025-east-spring-0709,令和7年度 東日本学生レスリング選手権大会(春季大会),2025,新人戦 フリースタイル,70kg,2位,https://www.japan-wrestling.jp/wp-content/uploads/2025/07/令和7年度東日本学生レスリング選手権大会（春季大会）入賞者一覧_新FA・FB.pdf
p-143d80,wre-2025-east-spring-0709,令和7年度 東日本学生レスリング選手権大会(春季大会),2025,フリースタイル,125kg,2位,https://www.japan-wrestling.jp/wp-content/uploads/2025/07/令和7年度東日本学生レスリング選手権大会（春季大会）入賞者一覧_選手権F・G.pdf
p-d737f8,wre-2025-shakaijin-0712,第72回 全日本社会人レスリング選手権大会,2025,フリースタイル,57kg,2位,https://www.japan-wrestling.jp/wp-content/uploads/2025/07/第72回社会人記録（優勝者一覧・個人賞）.pdf
p-22b3e1,wre-2025-shakaijin-0712,第72回 全日本社会人レスリング選手権大会,2025,フリースタイル,61kg,2位,https://www.japan-wrestling.jp/wp-content/uploads/2025/07/第72回社会人記録（優勝者一覧・個人賞）.pdf
p-575e47,wre-2025-shakaijin-0712,第72回 全日本社会人レスリング選手権大会,2025,フリースタイル,92kg,2位,https://www.japan-wrestling.jp/wp-content/uploads/2025/07/第72回社会人記録（優勝者一覧・個人賞）.pdf
p-3b5e8f,wre-2025-shakaijin-0712,第72回 全日本社会人レスリング選手権大会,2025,グレコローマン,55kg,2位,https://www.japan-wrestling.jp/wp-content/uploads/2025/07/第72回社会人記録（優勝者一覧・個人賞）.pdf
p-d45828,wre-2025-shakaijin-0712,第72回 全日本社会人レスリング選手権大会,2025,グレコローマン,60kg,2位,https://www.japan-wrestling.jp/wp-content/uploads/2025/07/第72回社会人記録（優勝者一覧・個人賞）.pdf
p-482f52,wre-2025-shakaijin-0712,第72回 全日本社会人レスリング選手権大会,2025,グレコローマン,72kg,2位,https://www.japan-wrestling.jp/wp-content/uploads/2025/07/第72回社会人記録（優勝者一覧・個人賞）.pdf
p-7750bb,wre-2025-shakaijin-0712,第72回 全日本社会人レスリング選手権大会,2025,グレコローマン,97kg,2位,https://www.japan-wrestling.jp/wp-content/uploads/2025/07/第72回社会人記録（優勝者一覧・個人賞）.pdf
p-a72c3f,wre-2025-shakaijin-0712,第72回 全日本社会人レスリング選手権大会,2025,女子,57kg,2位,https://www.japan-wrestling.jp/wp-content/uploads/2025/07/第72回社会人記録（優勝者一覧・個人賞）.pdf
p-1c826d,wre-2025-university-greco-1018,文部科学大臣杯 令和7年度 全日本大学レスリンググレコローマンレスリング選手権大会,2025,グレコローマン,63kg,2位,https://www.japan-wrestling.jp/wp-content/uploads/2025/10/文部科学大臣杯-令和7年度全日本大学グレコローマンスタイル選手権大会-入賞者一覧（8位まで）.pdf
p-a731c1,wre-2025-university-championship-1108,第51回内閣総理大臣杯 令和7年度全日本大学レスリング選手権大会,2025,フリースタイル,74kg,2位,https://www.japan-wrestling.jp/wp-content/uploads/2025/11/2025.内閣_入賞者一覧（再修正版）.pdf
p-e0d13b,wre-2025-university-championship-1108,第51回内閣総理大臣杯 令和7年度全日本大学レスリング選手権大会,2025,フリースタイル,125kg,2位,https://www.japan-wrestling.jp/wp-content/uploads/2025/11/2025.内閣_入賞者一覧（再修正版）.pdf
p-c6930a,wre-2025-east-autumn-1127,令和7年度 東日本学生レスリング選手権大会(秋季大会),2025,グレコローマン,55kg,2位,https://www.japan-wrestling.jp/wp-content/uploads/2025/12/令和7年度東日本学生レスリング選手権大会（春季大会）入賞者一覧_選FS・GR.pdf
p-6a7034,wre-2025-east-autumn-1127,令和7年度 東日本学生レスリング選手権大会(秋季大会),2025,グレコローマン,72kg,2位,https://www.japan-wrestling.jp/wp-content/uploads/2025/12/令和7年度東日本学生レスリング選手権大会（春季大会）入賞者一覧_選FS・GR.pdf
p-3fb5f8,wre-2025-east-autumn-1127,令和7年度 東日本学生レスリング選手権大会(秋季大会),2025,グレコローマン,97kg,2位,https://www.japan-wrestling.jp/wp-content/uploads/2025/12/令和7年度東日本学生レスリング選手権大会（春季大会）入賞者一覧_選FS・GR.pdf
p-77c0ed,wre-2025-east-autumn-1127,令和7年度 東日本学生レスリング選手権大会(秋季大会),2025,フリースタイル,57kg,2位,https://www.japan-wrestling.jp/wp-content/uploads/2025/12/令和7年度東日本学生レスリング選手権大会（春季大会）入賞者一覧_選FS・GR.pdf
p-c88ef5,wre-2025-east-autumn-1127,令和7年度 東日本学生レスリング選手権大会(秋季大会),2025,フリースタイル,65kg,2位,https://www.japan-wrestling.jp/wp-content/uploads/2025/12/令和7年度東日本学生レスリング選手権大会（春季大会）入賞者一覧_選FS・GR.pdf
p-3d0d3d,wre-2025-east-autumn-1127,令和7年度 東日本学生レスリング選手権大会(秋季大会),2025,フリースタイル,92kg,2位,https://www.japan-wrestling.jp/wp-content/uploads/2025/12/令和7年度東日本学生レスリング選手権大会（春季大会）入賞者一覧_選FS・GR.pdf
p-cacc0b,wre-2025-east-autumn-1127,令和7年度 東日本学生レスリング選手権大会(秋季大会),2025,新人戦 フリースタイル,79kg,2位,https://www.japan-wrestling.jp/wp-content/uploads/2025/12/令和7年度東日本学生レスリング選手権大会（春季大会）入賞者一覧_新FS・GR.pdf
p-0be2e6,wre-2025-east-autumn-1127,令和7年度 東日本学生レスリング選手権大会(秋季大会),2025,新人戦 フリースタイル,92kg,2位,https://www.japan-wrestling.jp/wp-content/uploads/2025/12/令和7年度東日本学生レスリング選手権大会（春季大会）入賞者一覧_新FS・GR.pdf
p-8d9143,wre-2025-east-autumn-1127,令和7年度 東日本学生レスリング選手権大会(秋季大会),2025,新人戦 フリースタイル,79kg,2位,https://www.japan-wrestling.jp/wp-content/uploads/2025/12/令和7年度東日本学生レスリング選手権大会（春季大会）入賞者一覧_新FS・GR.pdf
p-4616be,wre-2025-tenno-cup-1218,令和7年度 天皇杯全日本レスリング選手権大会,2025,フリースタイル,57kg,2位,https://www.japan-wrestling.jp/wp-content/uploads/2026/01/訂正版_2025-EMPEROR-Cup_RESULT-BOOK.pdf
p-f6cdb3,wre-2025-tenno-cup-1218,令和7年度 天皇杯全日本レスリング選手権大会,2025,女子,57kg,2位,https://www.japan-wrestling.jp/wp-content/uploads/2026/01/訂正版_2025-EMPEROR-Cup_RESULT-BOOK.pdf
p-499e8f,wre-2026-meiji-cup-0521,令和8年度 明治杯全日本選抜レスリング選手権大会,2026,フリースタイル,97kg,2位,https://www.japan-wrestling.jp/wp-content/uploads/2026/05/スタイル別入賞者.pdf
p-6d29aa,wre-2026-east-spring-0713,令和8年度 東日本学生レスリング選手権大会(春季大会),2026,新人戦 フリースタイル,70kg,2位,https://www.japan-wrestling.jp/wp-content/uploads/2026/07/令和8年度東日本学生レスリング選手権大会（春季大会）入賞者一覧_新FA・FB.pdf
p-403eba,wre-2026-east-spring-0713,令和8年度 東日本学生レスリング選手権大会(春季大会),2026,新人戦 フリースタイル,61kg,2位,https://www.japan-wrestling.jp/wp-content/uploads/2026/07/令和8年度東日本学生レスリング選手権大会（春季大会）入賞者一覧_新FA・FB.pdf
p-e15c01,wre-2026-east-spring-0713,令和8年度 東日本学生レスリング選手権大会(春季大会),2026,新人戦 フリースタイル,79kg,2位,https://www.japan-wrestling.jp/wp-content/uploads/2026/07/令和8年度東日本学生レスリング選手権大会（春季大会）入賞者一覧_新FA・FB.pdf
p-8e99b6,wre-2026-east-spring-0713,令和8年度 東日本学生レスリング選手権大会(春季大会),2026,新人戦 グレコローマン,55kg,2位,https://www.japan-wrestling.jp/wp-content/uploads/2026/07/令和8年度東日本学生レスリング選手権大会（春季大会）入賞者一覧_WW・新GR.pdf
p-4f2ef4,wre-2026-east-spring-0713,令和8年度 東日本学生レスリング選手権大会(春季大会),2026,新人戦 グレコローマン,63kg,2位,https://www.japan-wrestling.jp/wp-content/uploads/2026/07/令和8年度東日本学生レスリング選手権大会（春季大会）入賞者一覧_WW・新GR.pdf
p-d103f5,wre-2026-east-spring-0713,令和8年度 東日本学生レスリング選手権大会(春季大会),2026,新人戦 グレコローマン,67kg,2位,https://www.japan-wrestling.jp/wp-content/uploads/2026/07/令和8年度東日本学生レスリング選手権大会（春季大会）入賞者一覧_WW・新GR.pdf
p-fcdf0a,wre-2026-east-spring-0713,令和8年度 東日本学生レスリング選手権大会(春季大会),2026,新人戦 グレコローマン,72kg,2位,https://www.japan-wrestling.jp/wp-content/uploads/2026/07/令和8年度東日本学生レスリング選手権大会（春季大会）入賞者一覧_WW・新GR.pdf
p-dba5dc,wre-2026-east-spring-0713,令和8年度 東日本学生レスリング選手権大会(春季大会),2026,新人戦 グレコローマン,77kg,2位,https://www.japan-wrestling.jp/wp-content/uploads/2026/07/令和8年度東日本学生レスリング選手権大会（春季大会）入賞者一覧_WW・新GR.pdf
p-7f1267,wre-2026-east-spring-0713,令和8年度 東日本学生レスリング選手権大会(春季大会),2026,新人戦 女子,53kg,2位,https://www.japan-wrestling.jp/wp-content/uploads/2026/07/令和8年度東日本学生レスリング選手権大会（春季大会）入賞者一覧_WW・新GR.pdf
p-511632,wre-2026-east-spring-0713,令和8年度 東日本学生レスリング選手権大会(春季大会),2026,フリースタイル,86kg,2位,https://www.japan-wrestling.jp/wp-content/uploads/2026/07/令和8年度東日本学生レスリング選手権大会（春季大会）入賞者一覧_選FS・GR.pdf
p-ffcb73,wre-2026-intercollegiate-0820,文部科学大臣杯 UNIVAS CUP 令和8年度 全日本学生レスリング選手権大会,2026,女子,59kg,2位,https://www.japan-wrestling.jp/wp-content/uploads/2026/08/文部科学大臣杯-UNIVAS-CUP-令和８年度全日本学生レスリング選手権大会-WW入賞者一覧（8位まで）.pdf
p-8f5d7b,wre-2026-intercollegiate-0820,文部科学大臣杯 UNIVAS CUP 令和8年度 全日本学生レスリング選手権大会,2026,女子,62kg,2位,https://www.japan-wrestling.jp/wp-content/uploads/2026/08/文部科学大臣杯-UNIVAS-CUP-令和８年度全日本学生レスリング選手権大会-WW入賞者一覧（8位まで）.pdf
p-d0d1cc,wre-2026-intercollegiate-0820,文部科学大臣杯 UNIVAS CUP 令和8年度 全日本学生レスリング選手権大会,2026,女子,65kg,2位,https://www.japan-wrestling.jp/wp-content/uploads/2026/08/文部科学大臣杯-UNIVAS-CUP-令和８年度全日本学生レスリング選手権大会-WW入賞者一覧（8位まで）.pdf
p-1c0e5f,wre-2024-meiji-cup-0523,令和6年度 明治杯全日本選抜レスリング選手権大会,2024,フリースタイル,74kg,3位,https://www.japan-wrestling.jp/wp-content/uploads/2024/12/ichiranFS-1.pdf
p-e11d36,wre-2024-meiji-cup-0523,令和6年度 明治杯全日本選抜レスリング選手権大会,2024,フリースタイル,74kg,3位,https://www.japan-wrestling.jp/wp-content/uploads/2024/12/ichiranFS-1.pdf
p-acb98d,wre-2024-meiji-cup-0523,令和6年度 明治杯全日本選抜レスリング選手権大会,2024,フリースタイル,86kg,3位,https://www.japan-wrestling.jp/wp-content/uploads/2024/12/ichiranFS-1.pdf
p-144bbe,wre-2024-meiji-cup-0523,令和6年度 明治杯全日本選抜レスリング選手権大会,2024,フリースタイル,97kg,3位,https://www.japan-wrestling.jp/wp-content/uploads/2024/12/ichiranFS-1.pdf
p-c5aff7,wre-2024-meiji-cup-0523,令和6年度 明治杯全日本選抜レスリング選手権大会,2024,グレコローマン,63kg,3位,https://www.japan-wrestling.jp/wp-content/uploads/2024/12/ichiranGR-1.pdf
p-b535bb,wre-2024-meiji-cup-0523,令和6年度 明治杯全日本選抜レスリング選手権大会,2024,グレコローマン,67kg,3位,https://www.japan-wrestling.jp/wp-content/uploads/2024/12/ichiranGR-1.pdf
p-323236,wre-2024-meiji-cup-0523,令和6年度 明治杯全日本選抜レスリング選手権大会,2024,グレコローマン,72kg,3位,https://www.japan-wrestling.jp/wp-content/uploads/2024/12/ichiranGR-1.pdf
p-a08516,wre-2024-meiji-cup-0523,令和6年度 明治杯全日本選抜レスリング選手権大会,2024,グレコローマン,77kg,3位,https://www.japan-wrestling.jp/wp-content/uploads/2024/12/ichiranGR-1.pdf
p-13f83d,wre-2024-meiji-cup-0523,令和6年度 明治杯全日本選抜レスリング選手権大会,2024,グレコローマン,87kg,3位,https://www.japan-wrestling.jp/wp-content/uploads/2024/12/ichiranGR-1.pdf
p-245fdc,wre-2024-meiji-cup-0523,令和6年度 明治杯全日本選抜レスリング選手権大会,2024,グレコローマン,97kg,3位,https://www.japan-wrestling.jp/wp-content/uploads/2024/12/ichiranGR-1.pdf
p-563fc1,wre-2024-meiji-cup-0523,令和6年度 明治杯全日本選抜レスリング選手権大会,2024,グレコローマン,130kg,3位,https://www.japan-wrestling.jp/wp-content/uploads/2024/12/ichiranGR-1.pdf
p-8d0257,wre-2024-meiji-cup-0523,令和6年度 明治杯全日本選抜レスリング選手権大会,2024,女子,53kg,3位,https://www.japan-wrestling.jp/wp-content/uploads/2024/12/ichiranWW.pdf
p-687a26,wre-2024-meiji-cup-0523,令和6年度 明治杯全日本選抜レスリング選手権大会,2024,女子,62kg,3位,https://www.japan-wrestling.jp/wp-content/uploads/2024/12/ichiranWW.pdf
p-fef99d,wre-2024-meiji-cup-0523,令和6年度 明治杯全日本選抜レスリング選手権大会,2024,女子,68kg,3位,https://www.japan-wrestling.jp/wp-content/uploads/2024/12/ichiranWW.pdf
p-c5888f,wre-2024-tenno-cup-1219,令和6年度 天皇杯全日本レスリング選手権大会,2024,フリースタイル,65kg,3位,https://www.japan-wrestling.jp/wp-content/uploads/2025/04/令和6年度天皇杯_フリースタイル階級別入賞者一覧.pdf
p-f504ff,wre-2024-tenno-cup-1219,令和6年度 天皇杯全日本レスリング選手権大会,2024,フリースタイル,74kg,3位,https://www.japan-wrestling.jp/wp-content/uploads/2025/04/令和6年度天皇杯_フリースタイル階級別入賞者一覧.pdf
p-3ab088,wre-2024-tenno-cup-1219,令和6年度 天皇杯全日本レスリング選手権大会,2024,グレコローマン,55kg,3位,https://www.japan-wrestling.jp/wp-content/uploads/2025/04/令和6年度天皇杯_グレコローマン階級別入賞者一覧.pdf
p-e493a9,wre-2024-tenno-cup-1219,令和6年度 天皇杯全日本レスリング選手権大会,2024,グレコローマン,87kg,3位,https://www.japan-wrestling.jp/wp-content/uploads/2025/04/令和6年度天皇杯_グレコローマン階級別入賞者一覧.pdf
p-861d36,wre-2024-tenno-cup-1219,令和6年度 天皇杯全日本レスリング選手権大会,2024,女子,50kg,3位,https://www.japan-wrestling.jp/wp-content/uploads/2025/04/令和6年度天皇杯_女子階級別入賞者一覧.pdf
p-45b2f8,wre-2024-tenno-cup-1219,令和6年度 天皇杯全日本レスリング選手権大会,2024,女子,65kg,3位,https://www.japan-wrestling.jp/wp-content/uploads/2025/04/令和6年度天皇杯_女子階級別入賞者一覧.pdf
p-034101,wre-2024-tenno-cup-1219,令和6年度 天皇杯全日本レスリング選手権大会,2024,女子,68kg,3位,https://www.japan-wrestling.jp/wp-content/uploads/2025/04/令和6年度天皇杯_女子階級別入賞者一覧.pdf
p-b3cb2f,wre-2024-tenno-cup-1219,令和6年度 天皇杯全日本レスリング選手権大会,2024,女子,76kg,3位,https://www.japan-wrestling.jp/wp-content/uploads/2025/04/令和6年度天皇杯_女子階級別入賞者一覧.pdf
p-c6a161,wre-2025-east-spring-0709,令和7年度 東日本学生レスリング選手権大会(春季大会),2025,新人戦 グレコローマン,55kg,3位,https://www.japan-wrestling.jp/wp-content/uploads/2025/07/令和7年度東日本学生レスリング選手権大会（春季大会）入賞者一覧_WW・新GR.pdf
p-772036,wre-2025-east-spring-0709,令和7年度 東日本学生レスリング選手権大会(春季大会),2025,新人戦 グレコローマン,55kg,3位,https://www.japan-wrestling.jp/wp-content/uploads/2025/07/令和7年度東日本学生レスリング選手権大会（春季大会）入賞者一覧_WW・新GR.pdf
p-4bef70,wre-2025-east-spring-0709,令和7年度 東日本学生レスリング選手権大会(春季大会),2025,新人戦 グレコローマン,82kg,3位,https://www.japan-wrestling.jp/wp-content/uploads/2025/07/令和7年度東日本学生レスリング選手権大会（春季大会）入賞者一覧_WW・新GR.pdf
p-d9919b,wre-2025-east-spring-0709,令和7年度 東日本学生レスリング選手権大会(春季大会),2025,新人戦 女子,55kg,3位,https://www.japan-wrestling.jp/wp-content/uploads/2025/07/令和7年度東日本学生レスリング選手権大会（春季大会）入賞者一覧_WW・新GR.pdf
p-a05679,wre-2025-east-spring-0709,令和7年度 東日本学生レスリング選手権大会(春季大会),2025,新人戦 女子,57kg,3位,https://www.japan-wrestling.jp/wp-content/uploads/2025/07/令和7年度東日本学生レスリング選手権大会（春季大会）入賞者一覧_WW・新GR.pdf
p-4b7c99,wre-2025-east-spring-0709,令和7年度 東日本学生レスリング選手権大会(春季大会),2025,新人戦 フリースタイル,61kg,3位,https://www.japan-wrestling.jp/wp-content/uploads/2025/07/令和7年度東日本学生レスリング選手権大会（春季大会）入賞者一覧_新FA・FB.pdf
p-a4db64,wre-2025-east-spring-0709,令和7年度 東日本学生レスリング選手権大会(春季大会),2025,新人戦 フリースタイル,70kg,3位,https://www.japan-wrestling.jp/wp-content/uploads/2025/07/令和7年度東日本学生レスリング選手権大会（春季大会）入賞者一覧_新FA・FB.pdf
p-9f7388,wre-2025-east-spring-0709,令和7年度 東日本学生レスリング選手権大会(春季大会),2025,新人戦 フリースタイル,61kg,3位,https://www.japan-wrestling.jp/wp-content/uploads/2025/07/令和7年度東日本学生レスリング選手権大会（春季大会）入賞者一覧_新FA・FB.pdf
p-deb86a,wre-2025-east-spring-0709,令和7年度 東日本学生レスリング選手権大会(春季大会),2025,新人戦 フリースタイル,70kg,3位,https://www.japan-wrestling.jp/wp-content/uploads/2025/07/令和7年度東日本学生レスリング選手権大会（春季大会）入賞者一覧_新FA・FB.pdf
p-0caaad,wre-2025-east-spring-0709,令和7年度 東日本学生レスリング選手権大会(春季大会),2025,新人戦 フリースタイル,79kg,3位,https://www.japan-wrestling.jp/wp-content/uploads/2025/07/令和7年度東日本学生レスリング選手権大会（春季大会）入賞者一覧_新FA・FB.pdf
p-256929,wre-2025-east-spring-0709,令和7年度 東日本学生レスリング選手権大会(春季大会),2025,グレコローマン,55kg,3位,https://www.japan-wrestling.jp/wp-content/uploads/2025/07/令和7年度東日本学生レスリング選手権大会（春季大会）入賞者一覧_選手権F・G.pdf
p-fa8b21,wre-2025-east-spring-0709,令和7年度 東日本学生レスリング選手権大会(春季大会),2025,グレコローマン,60kg,3位,https://www.japan-wrestling.jp/wp-content/uploads/2025/07/令和7年度東日本学生レスリング選手権大会（春季大会）入賞者一覧_選手権F・G.pdf
p-14888c,wre-2025-east-spring-0709,令和7年度 東日本学生レスリング選手権大会(春季大会),2025,グレコローマン,63kg,3位,https://www.japan-wrestling.jp/wp-content/uploads/2025/07/令和7年度東日本学生レスリング選手権大会（春季大会）入賞者一覧_選手権F・G.pdf
p-753f5d,wre-2025-east-spring-0709,令和7年度 東日本学生レスリング選手権大会(春季大会),2025,グレコローマン,63kg,3位,https://www.japan-wrestling.jp/wp-content/uploads/2025/07/令和7年度東日本学生レスリング選手権大会（春季大会）入賞者一覧_選手権F・G.pdf
p-090305,wre-2025-east-spring-0709,令和7年度 東日本学生レスリング選手権大会(春季大会),2025,グレコローマン,72kg,3位,https://www.japan-wrestling.jp/wp-content/uploads/2025/07/令和7年度東日本学生レスリング選手権大会（春季大会）入賞者一覧_選手権F・G.pdf
p-1cbba1,wre-2025-east-spring-0709,令和7年度 東日本学生レスリング選手権大会(春季大会),2025,グレコローマン,72kg,3位,https://www.japan-wrestling.jp/wp-content/uploads/2025/07/令和7年度東日本学生レスリング選手権大会（春季大会）入賞者一覧_選手権F・G.pdf
p-6403ae,wre-2025-east-spring-0709,令和7年度 東日本学生レスリング選手権大会(春季大会),2025,フリースタイル,57kg,3位,https://www.japan-wrestling.jp/wp-content/uploads/2025/07/令和7年度東日本学生レスリング選手権大会（春季大会）入賞者一覧_選手権F・G.pdf
p-94066d,wre-2025-east-spring-0709,令和7年度 東日本学生レスリング選手権大会(春季大会),2025,フリースタイル,61kg,3位,https://www.japan-wrestling.jp/wp-content/uploads/2025/07/令和7年度東日本学生レスリング選手権大会（春季大会）入賞者一覧_選手権F・G.pdf
p-fb6b8b,wre-2025-east-spring-0709,令和7年度 東日本学生レスリング選手権大会(春季大会),2025,フリースタイル,74kg,3位,https://www.japan-wrestling.jp/wp-content/uploads/2025/07/令和7年度東日本学生レスリング選手権大会（春季大会）入賞者一覧_選手権F・G.pdf
p-98f440,wre-2025-east-spring-0709,令和7年度 東日本学生レスリング選手権大会(春季大会),2025,フリースタイル,79kg,3位,https://www.japan-wrestling.jp/wp-content/uploads/2025/07/令和7年度東日本学生レスリング選手権大会（春季大会）入賞者一覧_選手権F・G.pdf
p-036d11,wre-2025-east-spring-0709,令和7年度 東日本学生レスリング選手権大会(春季大会),2025,フリースタイル,92kg,3位,https://www.japan-wrestling.jp/wp-content/uploads/2025/07/令和7年度東日本学生レスリング選手権大会（春季大会）入賞者一覧_選手権F・G.pdf
p-9a790c,wre-2025-shakaijin-0712,第72回 全日本社会人レスリング選手権大会,2025,フリースタイル,57kg,3位,https://www.japan-wrestling.jp/wp-content/uploads/2025/07/第72回社会人記録（優勝者一覧・個人賞）.pdf
p-ef7ef3,wre-2025-shakaijin-0712,第72回 全日本社会人レスリング選手権大会,2025,フリースタイル,57kg,3位,https://www.japan-wrestling.jp/wp-content/uploads/2025/07/第72回社会人記録（優勝者一覧・個人賞）.pdf
p-0a91ce,wre-2025-shakaijin-0712,第72回 全日本社会人レスリング選手権大会,2025,フリースタイル,61kg,3位,https://www.japan-wrestling.jp/wp-content/uploads/2025/07/第72回社会人記録（優勝者一覧・個人賞）.pdf
p-bdec7e,wre-2025-shakaijin-0712,第72回 全日本社会人レスリング選手権大会,2025,フリースタイル,61kg,3位,https://www.japan-wrestling.jp/wp-content/uploads/2025/07/第72回社会人記録（優勝者一覧・個人賞）.pdf
p-440e9c,wre-2025-shakaijin-0712,第72回 全日本社会人レスリング選手権大会,2025,フリースタイル,65kg,3位,https://www.japan-wrestling.jp/wp-content/uploads/2025/07/第72回社会人記録（優勝者一覧・個人賞）.pdf
p-42d46a,wre-2025-shakaijin-0712,第72回 全日本社会人レスリング選手権大会,2025,フリースタイル,70kg,3位,https://www.japan-wrestling.jp/wp-content/uploads/2025/07/第72回社会人記録（優勝者一覧・個人賞）.pdf
p-fd94ac,wre-2025-shakaijin-0712,第72回 全日本社会人レスリング選手権大会,2025,フリースタイル,74kg,3位,https://www.japan-wrestling.jp/wp-content/uploads/2025/07/第72回社会人記録（優勝者一覧・個人賞）.pdf
p-405c92,wre-2025-shakaijin-0712,第72回 全日本社会人レスリング選手権大会,2025,フリースタイル,86kg,3位,https://www.japan-wrestling.jp/wp-content/uploads/2025/07/第72回社会人記録（優勝者一覧・個人賞）.pdf
p-b961ef,wre-2025-shakaijin-0712,第72回 全日本社会人レスリング選手権大会,2025,フリースタイル,92kg,3位,https://www.japan-wrestling.jp/wp-content/uploads/2025/07/第72回社会人記録（優勝者一覧・個人賞）.pdf
p-0cc357,wre-2025-shakaijin-0712,第72回 全日本社会人レスリング選手権大会,2025,フリースタイル,97kg,3位,https://www.japan-wrestling.jp/wp-content/uploads/2025/07/第72回社会人記録（優勝者一覧・個人賞）.pdf
p-fe87bf,wre-2025-shakaijin-0712,第72回 全日本社会人レスリング選手権大会,2025,グレコローマン,55kg,3位,https://www.japan-wrestling.jp/wp-content/uploads/2025/07/第72回社会人記録（優勝者一覧・個人賞）.pdf
p-8fc4fe,wre-2025-shakaijin-0712,第72回 全日本社会人レスリング選手権大会,2025,グレコローマン,55kg,3位,https://www.japan-wrestling.jp/wp-content/uploads/2025/07/第72回社会人記録（優勝者一覧・個人賞）.pdf
p-6d6e33,wre-2025-shakaijin-0712,第72回 全日本社会人レスリング選手権大会,2025,グレコローマン,60kg,3位,https://www.japan-wrestling.jp/wp-content/uploads/2025/07/第72回社会人記録（優勝者一覧・個人賞）.pdf
p-fd0c35,wre-2025-shakaijin-0712,第72回 全日本社会人レスリング選手権大会,2025,グレコローマン,63kg,3位,https://www.japan-wrestling.jp/wp-content/uploads/2025/07/第72回社会人記録（優勝者一覧・個人賞）.pdf
p-f34fd2,wre-2025-shakaijin-0712,第72回 全日本社会人レスリング選手権大会,2025,グレコローマン,72kg,3位,https://www.japan-wrestling.jp/wp-content/uploads/2025/07/第72回社会人記録（優勝者一覧・個人賞）.pdf
p-2da671,wre-2025-shakaijin-0712,第72回 全日本社会人レスリング選手権大会,2025,グレコローマン,87kg,3位,https://www.japan-wrestling.jp/wp-content/uploads/2025/07/第72回社会人記録（優勝者一覧・個人賞）.pdf
p-4b6854,wre-2025-shakaijin-0712,第72回 全日本社会人レスリング選手権大会,2025,グレコローマン,97kg,3位,https://www.japan-wrestling.jp/wp-content/uploads/2025/07/第72回社会人記録（優勝者一覧・個人賞）.pdf
p-ec78eb,wre-2025-shakaijin-0712,第72回 全日本社会人レスリング選手権大会,2025,グレコローマン,130kg,3位,https://www.japan-wrestling.jp/wp-content/uploads/2025/07/第72回社会人記録（優勝者一覧・個人賞）.pdf
p-207512,wre-2025-shakaijin-0712,第72回 全日本社会人レスリング選手権大会,2025,女子,50kg,3位,https://www.japan-wrestling.jp/wp-content/uploads/2025/07/第72回社会人記録（優勝者一覧・個人賞）.pdf
p-32d74c,wre-2025-intercollegiate-0821,文部科学大臣杯 令和7年度 全日本学生レスリング選手権大会,2025,グレコローマン,67kg,3位,https://www.japan-wrestling.jp/wp-content/uploads/2025/08/文部科学大臣杯-UNIVAS-CUP-令和７年度全日本学生レスリング選手権大会-入賞者一覧（8位まで）_GR.pdf
p-cbec4d,wre-2025-intercollegiate-0821,文部科学大臣杯 令和7年度 全日本学生レスリング選手権大会,2025,グレコローマン,130kg,3位,https://www.japan-wrestling.jp/wp-content/uploads/2025/08/文部科学大臣杯-UNIVAS-CUP-令和７年度全日本学生レスリング選手権大会-入賞者一覧（8位まで）_GR.pdf
p-c7330b,wre-2025-intercollegiate-0821,文部科学大臣杯 令和7年度 全日本学生レスリング選手権大会,2025,女子,68kg,3位,https://www.japan-wrestling.jp/wp-content/uploads/2025/08/文部科学大臣杯-UNIVAS-CUP-令和７年度全日本学生レスリング選手権大会-入賞者一覧（8位まで）_WW.pdf
p-5f9ee7,wre-2025-university-greco-1018,文部科学大臣杯 令和7年度 全日本大学レスリンググレコローマンレスリング選手権大会,2025,グレコローマン,55kg,3位,https://www.japan-wrestling.jp/wp-content/uploads/2025/10/文部科学大臣杯-令和7年度全日本大学グレコローマンスタイル選手権大会-入賞者一覧（8位まで）.pdf
p-85d6d0,wre-2025-university-greco-1018,文部科学大臣杯 令和7年度 全日本大学レスリンググレコローマンレスリング選手権大会,2025,グレコローマン,63kg,3位,https://www.japan-wrestling.jp/wp-content/uploads/2025/10/文部科学大臣杯-令和7年度全日本大学グレコローマンスタイル選手権大会-入賞者一覧（8位まで）.pdf
p-6ea0dc,wre-2025-university-greco-1018,文部科学大臣杯 令和7年度 全日本大学レスリンググレコローマンレスリング選手権大会,2025,グレコローマン,82kg,3位,https://www.japan-wrestling.jp/wp-content/uploads/2025/10/文部科学大臣杯-令和7年度全日本大学グレコローマンスタイル選手権大会-入賞者一覧（8位まで）.pdf
p-dc97f3,wre-2025-east-autumn-1127,令和7年度 東日本学生レスリング選手権大会(秋季大会),2025,グレコローマン,60kg,3位,https://www.japan-wrestling.jp/wp-content/uploads/2025/12/令和7年度東日本学生レスリング選手権大会（春季大会）入賞者一覧_選FS・GR.pdf
p-987101,wre-2025-east-autumn-1127,令和7年度 東日本学生レスリング選手権大会(秋季大会),2025,グレコローマン,60kg,3位,https://www.japan-wrestling.jp/wp-content/uploads/2025/12/令和7年度東日本学生レスリング選手権大会（春季大会）入賞者一覧_選FS・GR.pdf
p-764713,wre-2025-east-autumn-1127,令和7年度 東日本学生レスリング選手権大会(秋季大会),2025,グレコローマン,72kg,3位,https://www.japan-wrestling.jp/wp-content/uploads/2025/12/令和7年度東日本学生レスリング選手権大会（春季大会）入賞者一覧_選FS・GR.pdf
p-9a7483,wre-2025-east-autumn-1127,令和7年度 東日本学生レスリング選手権大会(秋季大会),2025,グレコローマン,77kg,3位,https://www.japan-wrestling.jp/wp-content/uploads/2025/12/令和7年度東日本学生レスリング選手権大会（春季大会）入賞者一覧_選FS・GR.pdf
p-a76422,wre-2025-east-autumn-1127,令和7年度 東日本学生レスリング選手権大会(秋季大会),2025,フリースタイル,61kg,3位,https://www.japan-wrestling.jp/wp-content/uploads/2025/12/令和7年度東日本学生レスリング選手権大会（春季大会）入賞者一覧_選FS・GR.pdf
p-2a7898,wre-2025-east-autumn-1127,令和7年度 東日本学生レスリング選手権大会(秋季大会),2025,フリースタイル,70kg,3位,https://www.japan-wrestling.jp/wp-content/uploads/2025/12/令和7年度東日本学生レスリング選手権大会（春季大会）入賞者一覧_選FS・GR.pdf
p-ad8bf6,wre-2025-east-autumn-1127,令和7年度 東日本学生レスリング選手権大会(秋季大会),2025,フリースタイル,86kg,3位,https://www.japan-wrestling.jp/wp-content/uploads/2025/12/令和7年度東日本学生レスリング選手権大会（春季大会）入賞者一覧_選FS・GR.pdf
p-25b0bb,wre-2025-east-autumn-1127,令和7年度 東日本学生レスリング選手権大会(秋季大会),2025,新人戦 グレコローマン,60kg,3位,https://www.japan-wrestling.jp/wp-content/uploads/2025/12/令和7年度東日本学生レスリング選手権大会（春季大会）入賞者一覧_新FS・GR.pdf
p-ba71a3,wre-2025-east-autumn-1127,令和7年度 東日本学生レスリング選手権大会(秋季大会),2025,新人戦 グレコローマン,63kg,3位,https://www.japan-wrestling.jp/wp-content/uploads/2025/12/令和7年度東日本学生レスリング選手権大会（春季大会）入賞者一覧_新FS・GR.pdf
p-20b6ac,wre-2025-east-autumn-1127,令和7年度 東日本学生レスリング選手権大会(秋季大会),2025,新人戦 グレコローマン,72kg,3位,https://www.japan-wrestling.jp/wp-content/uploads/2025/12/令和7年度東日本学生レスリング選手権大会（春季大会）入賞者一覧_新FS・GR.pdf
p-d1a797,wre-2025-east-autumn-1127,令和7年度 東日本学生レスリング選手権大会(秋季大会),2025,新人戦 グレコローマン,77kg,3位,https://www.japan-wrestling.jp/wp-content/uploads/2025/12/令和7年度東日本学生レスリング選手権大会（春季大会）入賞者一覧_新FS・GR.pdf
p-958018,wre-2025-east-autumn-1127,令和7年度 東日本学生レスリング選手権大会(秋季大会),2025,新人戦 グレコローマン,82kg,3位,https://www.japan-wrestling.jp/wp-content/uploads/2025/12/令和7年度東日本学生レスリング選手権大会（春季大会）入賞者一覧_新FS・GR.pdf
p-2ea018,wre-2025-east-autumn-1127,令和7年度 東日本学生レスリング選手権大会(秋季大会),2025,新人戦 グレコローマン,87kg,3位,https://www.japan-wrestling.jp/wp-content/uploads/2025/12/令和7年度東日本学生レスリング選手権大会（春季大会）入賞者一覧_新FS・GR.pdf
p-025795,wre-2025-east-autumn-1127,令和7年度 東日本学生レスリング選手権大会(秋季大会),2025,新人戦 フリースタイル,65kg,3位,https://www.japan-wrestling.jp/wp-content/uploads/2025/12/令和7年度東日本学生レスリング選手権大会（春季大会）入賞者一覧_新FS・GR.pdf
p-771bfb,wre-2025-east-autumn-1127,令和7年度 東日本学生レスリング選手権大会(秋季大会),2025,新人戦 フリースタイル,65kg,3位,https://www.japan-wrestling.jp/wp-content/uploads/2025/12/令和7年度東日本学生レスリング選手権大会（春季大会）入賞者一覧_新FS・GR.pdf
p-93c54e,wre-2025-east-autumn-1127,令和7年度 東日本学生レスリング選手権大会(秋季大会),2025,新人戦 フリースタイル,70kg,3位,https://www.japan-wrestling.jp/wp-content/uploads/2025/12/令和7年度東日本学生レスリング選手権大会（春季大会）入賞者一覧_新FS・GR.pdf
p-f35796,wre-2025-east-autumn-1127,令和7年度 東日本学生レスリング選手権大会(秋季大会),2025,新人戦 フリースタイル,74kg,3位,https://www.japan-wrestling.jp/wp-content/uploads/2025/12/令和7年度東日本学生レスリング選手権大会（春季大会）入賞者一覧_新FS・GR.pdf
p-ff64c3,wre-2025-east-autumn-1127,令和7年度 東日本学生レスリング選手権大会(秋季大会),2025,新人戦 フリースタイル,74kg,3位,https://www.japan-wrestling.jp/wp-content/uploads/2025/12/令和7年度東日本学生レスリング選手権大会（春季大会）入賞者一覧_新FS・GR.pdf
p-d127a1,wre-2025-east-autumn-1127,令和7年度 東日本学生レスリング選手権大会(秋季大会),2025,新人戦 フリースタイル,79kg,3位,https://www.japan-wrestling.jp/wp-content/uploads/2025/12/令和7年度東日本学生レスリング選手権大会（春季大会）入賞者一覧_新FS・GR.pdf
p-2bf264,wre-2025-east-autumn-1127,令和7年度 東日本学生レスリング選手権大会(秋季大会),2025,新人戦 フリースタイル,92kg,3位,https://www.japan-wrestling.jp/wp-content/uploads/2025/12/令和7年度東日本学生レスリング選手権大会（春季大会）入賞者一覧_新FS・GR.pdf
p-e66275,wre-2025-east-autumn-1127,令和7年度 東日本学生レスリング選手権大会(秋季大会),2025,新人戦 フリースタイル,61kg,3位,https://www.japan-wrestling.jp/wp-content/uploads/2025/12/令和7年度東日本学生レスリング選手権大会（春季大会）入賞者一覧_新FS・GR.pdf
p-a02f59,wre-2025-east-autumn-1127,令和7年度 東日本学生レスリング選手権大会(秋季大会),2025,新人戦 フリースタイル,61kg,3位,https://www.japan-wrestling.jp/wp-content/uploads/2025/12/令和7年度東日本学生レスリング選手権大会（春季大会）入賞者一覧_新FS・GR.pdf
p-389991,wre-2025-east-autumn-1127,令和7年度 東日本学生レスリング選手権大会(秋季大会),2025,新人戦 フリースタイル,70kg,3位,https://www.japan-wrestling.jp/wp-content/uploads/2025/12/令和7年度東日本学生レスリング選手権大会（春季大会）入賞者一覧_新FS・GR.pdf
p-e4b8b2,wre-2025-east-autumn-1127,令和7年度 東日本学生レスリング選手権大会(秋季大会),2025,新人戦 フリースタイル,79kg,3位,https://www.japan-wrestling.jp/wp-content/uploads/2025/12/令和7年度東日本学生レスリング選手権大会（春季大会）入賞者一覧_新FS・GR.pdf
p-b6c440,wre-2025-tenno-cup-1218,令和7年度 天皇杯全日本レスリング選手権大会,2025,フリースタイル,97kg,3位,https://www.japan-wrestling.jp/wp-content/uploads/2026/01/訂正版_2025-EMPEROR-Cup_RESULT-BOOK.pdf
p-b9c6d5,wre-2025-tenno-cup-1218,令和7年度 天皇杯全日本レスリング選手権大会,2025,フリースタイル,61kg,3位,https://www.japan-wrestling.jp/wp-content/uploads/2026/01/訂正版_2025-EMPEROR-Cup_RESULT-BOOK.pdf
p-89eac1,wre-2025-tenno-cup-1218,令和7年度 天皇杯全日本レスリング選手権大会,2025,女子,72kg,3位,https://www.japan-wrestling.jp/wp-content/uploads/2026/01/訂正版_2025-EMPEROR-Cup_RESULT-BOOK.pdf
p-b582af,wre-2025-tenno-cup-1218,令和7年度 天皇杯全日本レスリング選手権大会,2025,女子,65kg,3位,https://www.japan-wrestling.jp/wp-content/uploads/2026/01/訂正版_2025-EMPEROR-Cup_RESULT-BOOK.pdf
p-293f4f,wre-2026-meiji-cup-0521,令和8年度 明治杯全日本選抜レスリング選手権大会,2026,女子,68kg,3位,https://www.japan-wrestling.jp/wp-content/uploads/2026/05/スタイル別入賞者.pdf
p-5c277e,wre-2026-meiji-cup-0521,令和8年度 明治杯全日本選抜レスリング選手権大会,2026,女子,76kg,3位,https://www.japan-wrestling.jp/wp-content/uploads/2026/05/スタイル別入賞者.pdf
p-40f965,wre-2026-meiji-cup-0521,令和8年度 明治杯全日本選抜レスリング選手権大会,2026,女子,62kg,3位,https://www.japan-wrestling.jp/wp-content/uploads/2026/05/スタイル別入賞者.pdf
p-6ff4cf,wre-2026-east-spring-0713,令和8年度 東日本学生レスリング選手権大会(春季大会),2026,新人戦 フリースタイル,57kg,3位,https://www.japan-wrestling.jp/wp-content/uploads/2026/07/令和8年度東日本学生レスリング選手権大会（春季大会）入賞者一覧_新FA・FB.pdf
p-40cd9d,wre-2026-east-spring-0713,令和8年度 東日本学生レスリング選手権大会(春季大会),2026,新人戦 フリースタイル,57kg,3位,https://www.japan-wrestling.jp/wp-content/uploads/2026/07/令和8年度東日本学生レスリング選手権大会（春季大会）入賞者一覧_新FA・FB.pdf
p-e7d237,wre-2026-east-spring-0713,令和8年度 東日本学生レスリング選手権大会(春季大会),2026,新人戦 フリースタイル,61kg,3位,https://www.japan-wrestling.jp/wp-content/uploads/2026/07/令和8年度東日本学生レスリング選手権大会（春季大会）入賞者一覧_新FA・FB.pdf
p-756ae3,wre-2026-east-spring-0713,令和8年度 東日本学生レスリング選手権大会(春季大会),2026,新人戦 フリースタイル,65kg,3位,https://www.japan-wrestling.jp/wp-content/uploads/2026/07/令和8年度東日本学生レスリング選手権大会（春季大会）入賞者一覧_新FA・FB.pdf
p-d44811,wre-2026-east-spring-0713,令和8年度 東日本学生レスリング選手権大会(春季大会),2026,新人戦 フリースタイル,70kg,3位,https://www.japan-wrestling.jp/wp-content/uploads/2026/07/令和8年度東日本学生レスリング選手権大会（春季大会）入賞者一覧_新FA・FB.pdf
p-2271d8,wre-2026-east-spring-0713,令和8年度 東日本学生レスリング選手権大会(春季大会),2026,新人戦 フリースタイル,74kg,3位,https://www.japan-wrestling.jp/wp-content/uploads/2026/07/令和8年度東日本学生レスリング選手権大会（春季大会）入賞者一覧_新FA・FB.pdf
p-08dc1b,wre-2026-east-spring-0713,令和8年度 東日本学生レスリング選手権大会(春季大会),2026,新人戦 フリースタイル,79kg,3位,https://www.japan-wrestling.jp/wp-content/uploads/2026/07/令和8年度東日本学生レスリング選手権大会（春季大会）入賞者一覧_新FA・FB.pdf
p-9c8dfe,wre-2026-east-spring-0713,令和8年度 東日本学生レスリング選手権大会(春季大会),2026,新人戦 フリースタイル,79kg,3位,https://www.japan-wrestling.jp/wp-content/uploads/2026/07/令和8年度東日本学生レスリング選手権大会（春季大会）入賞者一覧_新FA・FB.pdf
p-25d52c,wre-2026-east-spring-0713,令和8年度 東日本学生レスリング選手権大会(春季大会),2026,新人戦 フリースタイル,125kg,3位,https://www.japan-wrestling.jp/wp-content/uploads/2026/07/令和8年度東日本学生レスリング選手権大会（春季大会）入賞者一覧_新FA・FB.pdf
p-096dfc,wre-2026-east-spring-0713,令和8年度 東日本学生レスリング選手権大会(春季大会),2026,新人戦 フリースタイル,61kg,3位,https://www.japan-wrestling.jp/wp-content/uploads/2026/07/令和8年度東日本学生レスリング選手権大会（春季大会）入賞者一覧_新FA・FB.pdf
p-4918ba,wre-2026-east-spring-0713,令和8年度 東日本学生レスリング選手権大会(春季大会),2026,新人戦 フリースタイル,61kg,3位,https://www.japan-wrestling.jp/wp-content/uploads/2026/07/令和8年度東日本学生レスリング選手権大会（春季大会）入賞者一覧_新FA・FB.pdf
p-0bafb3,wre-2026-east-spring-0713,令和8年度 東日本学生レスリング選手権大会(春季大会),2026,新人戦 フリースタイル,70kg,3位,https://www.japan-wrestling.jp/wp-content/uploads/2026/07/令和8年度東日本学生レスリング選手権大会（春季大会）入賞者一覧_新FA・FB.pdf
p-31f97c,wre-2026-east-spring-0713,令和8年度 東日本学生レスリング選手権大会(春季大会),2026,新人戦 フリースタイル,70kg,3位,https://www.japan-wrestling.jp/wp-content/uploads/2026/07/令和8年度東日本学生レスリング選手権大会（春季大会）入賞者一覧_新FA・FB.pdf
p-9c5fdd,wre-2026-east-spring-0713,令和8年度 東日本学生レスリング選手権大会(春季大会),2026,新人戦 フリースタイル,79kg,3位,https://www.japan-wrestling.jp/wp-content/uploads/2026/07/令和8年度東日本学生レスリング選手権大会（春季大会）入賞者一覧_新FA・FB.pdf
p-61dead,wre-2026-east-spring-0713,令和8年度 東日本学生レスリング選手権大会(春季大会),2026,新人戦 フリースタイル,79kg,3位,https://www.japan-wrestling.jp/wp-content/uploads/2026/07/令和8年度東日本学生レスリング選手権大会（春季大会）入賞者一覧_新FA・FB.pdf
p-c1fcfe,wre-2026-east-spring-0713,令和8年度 東日本学生レスリング選手権大会(春季大会),2026,新人戦 グレコローマン,60kg,3位,https://www.japan-wrestling.jp/wp-content/uploads/2026/07/令和8年度東日本学生レスリング選手権大会（春季大会）入賞者一覧_WW・新GR.pdf
p-7f6ed4,wre-2026-east-spring-0713,令和8年度 東日本学生レスリング選手権大会(春季大会),2026,新人戦 グレコローマン,63kg,3位,https://www.japan-wrestling.jp/wp-content/uploads/2026/07/令和8年度東日本学生レスリング選手権大会（春季大会）入賞者一覧_WW・新GR.pdf
p-c90d03,wre-2026-east-spring-0713,令和8年度 東日本学生レスリング選手権大会(春季大会),2026,新人戦 グレコローマン,67kg,3位,https://www.japan-wrestling.jp/wp-content/uploads/2026/07/令和8年度東日本学生レスリング選手権大会（春季大会）入賞者一覧_WW・新GR.pdf
p-364ce2,wre-2026-east-spring-0713,令和8年度 東日本学生レスリング選手権大会(春季大会),2026,新人戦 グレコローマン,67kg,3位,https://www.japan-wrestling.jp/wp-content/uploads/2026/07/令和8年度東日本学生レスリング選手権大会（春季大会）入賞者一覧_WW・新GR.pdf
p-a209b2,wre-2026-east-spring-0713,令和8年度 東日本学生レスリング選手権大会(春季大会),2026,新人戦 グレコローマン,72kg,3位,https://www.japan-wrestling.jp/wp-content/uploads/2026/07/令和8年度東日本学生レスリング選手権大会（春季大会）入賞者一覧_WW・新GR.pdf
p-67d5d0,wre-2026-east-spring-0713,令和8年度 東日本学生レスリング選手権大会(春季大会),2026,新人戦 グレコローマン,77kg,3位,https://www.japan-wrestling.jp/wp-content/uploads/2026/07/令和8年度東日本学生レスリング選手権大会（春季大会）入賞者一覧_WW・新GR.pdf
p-b7db55,wre-2026-east-spring-0713,令和8年度 東日本学生レスリング選手権大会(春季大会),2026,新人戦 グレコローマン,77kg,3位,https://www.japan-wrestling.jp/wp-content/uploads/2026/07/令和8年度東日本学生レスリング選手権大会（春季大会）入賞者一覧_WW・新GR.pdf
p-272662,wre-2026-east-spring-0713,令和8年度 東日本学生レスリング選手権大会(春季大会),2026,新人戦 グレコローマン,82kg,3位,https://www.japan-wrestling.jp/wp-content/uploads/2026/07/令和8年度東日本学生レスリング選手権大会（春季大会）入賞者一覧_WW・新GR.pdf
p-094abb,wre-2026-east-spring-0713,令和8年度 東日本学生レスリング選手権大会(春季大会),2026,新人戦 グレコローマン,87kg,3位,https://www.japan-wrestling.jp/wp-content/uploads/2026/07/令和8年度東日本学生レスリング選手権大会（春季大会）入賞者一覧_WW・新GR.pdf
p-769636,wre-2026-east-spring-0713,令和8年度 東日本学生レスリング選手権大会(春季大会),2026,新人戦 女子,53kg,3位,https://www.japan-wrestling.jp/wp-content/uploads/2026/07/令和8年度東日本学生レスリング選手権大会（春季大会）入賞者一覧_WW・新GR.pdf
p-ed44dd,wre-2026-east-spring-0713,令和8年度 東日本学生レスリング選手権大会(春季大会),2026,新人戦 女子,62kg,3位,https://www.japan-wrestling.jp/wp-content/uploads/2026/07/令和8年度東日本学生レスリング選手権大会（春季大会）入賞者一覧_WW・新GR.pdf
p-9c2a48,wre-2026-east-spring-0713,令和8年度 東日本学生レスリング選手権大会(春季大会),2026,新人戦 女子,68kg,3位,https://www.japan-wrestling.jp/wp-content/uploads/2026/07/令和8年度東日本学生レスリング選手権大会（春季大会）入賞者一覧_WW・新GR.pdf
p-3d408b,wre-2026-east-spring-0713,令和8年度 東日本学生レスリング選手権大会(春季大会),2026,フリースタイル,57kg,3位,https://www.japan-wrestling.jp/wp-content/uploads/2026/07/令和8年度東日本学生レスリング選手権大会（春季大会）入賞者一覧_選FS・GR.pdf
p-0493ad,wre-2026-east-spring-0713,令和8年度 東日本学生レスリング選手権大会(春季大会),2026,フリースタイル,70kg,3位,https://www.japan-wrestling.jp/wp-content/uploads/2026/07/令和8年度東日本学生レスリング選手権大会（春季大会）入賞者一覧_選FS・GR.pdf
p-4e2777,wre-2026-east-spring-0713,令和8年度 東日本学生レスリング選手権大会(春季大会),2026,フリースタイル,74kg,3位,https://www.japan-wrestling.jp/wp-content/uploads/2026/07/令和8年度東日本学生レスリング選手権大会（春季大会）入賞者一覧_選FS・GR.pdf
p-129400,wre-2026-east-spring-0713,令和8年度 東日本学生レスリング選手権大会(春季大会),2026,グレコローマン,72kg,3位,https://www.japan-wrestling.jp/wp-content/uploads/2026/07/令和8年度東日本学生レスリング選手権大会（春季大会）入賞者一覧_選FS・GR.pdf
p-5ee79a,wre-2026-intercollegiate-0820,文部科学大臣杯 UNIVAS CUP 令和8年度 全日本学生レスリング選手権大会,2026,フリースタイル,70kg,3位,https://www.japan-wrestling.jp/wp-content/uploads/2026/08/文部科学大臣杯-UNIVAS-CUP-令和８年度全日本学生レスリング選手権大会-入賞者一覧（8位まで）.pdf
p-a7734a,wre-2026-intercollegiate-0820,文部科学大臣杯 UNIVAS CUP 令和8年度 全日本学生レスリング選手権大会,2026,フリースタイル,79kg,3位,https://www.japan-wrestling.jp/wp-content/uploads/2026/08/文部科学大臣杯-UNIVAS-CUP-令和８年度全日本学生レスリング選手権大会-入賞者一覧（8位まで）.pdf
p-d30c3a,wre-2026-intercollegiate-0820,文部科学大臣杯 UNIVAS CUP 令和8年度 全日本学生レスリング選手権大会,2026,グレコローマン,67kg,3位,https://www.japan-wrestling.jp/wp-content/uploads/2026/08/文部科学大臣杯-UNIVAS-CUP-令和８年度全日本学生レスリング選手権大会-GR入賞者一覧（8位まで）.pdf
p-b1ac1c,wre-2026-intercollegiate-0820,文部科学大臣杯 UNIVAS CUP 令和8年度 全日本学生レスリング選手権大会,2026,女子,50kg,3位,https://www.japan-wrestling.jp/wp-content/uploads/2026/08/文部科学大臣杯-UNIVAS-CUP-令和８年度全日本学生レスリング選手権大会-WW入賞者一覧（8位まで）.pdf
p-cc4bdc,wre-2026-intercollegiate-0820,文部科学大臣杯 UNIVAS CUP 令和8年度 全日本学生レスリング選手権大会,2026,女子,57kg,3位,https://www.japan-wrestling.jp/wp-content/uploads/2026/08/文部科学大臣杯-UNIVAS-CUP-令和８年度全日本学生レスリング選手権大会-WW入賞者一覧（8位まで）.pdf
p-23ca7a,wre-2026-intercollegiate-0820,文部科学大臣杯 UNIVAS CUP 令和8年度 全日本学生レスリング選手権大会,2026,女子,62kg,3位,https://www.japan-wrestling.jp/wp-content/uploads/2026/08/文部科学大臣杯-UNIVAS-CUP-令和８年度全日本学生レスリング選手権大会-WW入賞者一覧（8位まで）.pdf
p-a367e7,wre-2026-intercollegiate-0820,文部科学大臣杯 UNIVAS CUP 令和8年度 全日本学生レスリング選手権大会,2026,女子,65kg,3位,https://www.japan-wrestling.jp/wp-content/uploads/2026/08/文部科学大臣杯-UNIVAS-CUP-令和８年度全日本学生レスリング選手権大会-WW入賞者一覧（8位まで）.pdf
p-fee0c0,wre-2026-intercollegiate-0820,文部科学大臣杯 UNIVAS CUP 令和8年度 全日本学生レスリング選手権大会,2026,女子,72kg,3位,https://www.japan-wrestling.jp/wp-content/uploads/2026/08/文部科学大臣杯-UNIVAS-CUP-令和８年度全日本学生レスリング選手権大会-WW入賞者一覧（8位まで）.pdf
p-d05398,wre-2024-tenno-cup-1219,令和6年度 天皇杯全日本レスリング選手権大会,2024,フリースタイル,61kg,5位,https://www.japan-wrestling.jp/wp-content/uploads/2025/04/令和6年度天皇杯_フリースタイル階級別入賞者一覧.pdf
p-0b163e,wre-2024-tenno-cup-1219,令和6年度 天皇杯全日本レスリング選手権大会,2024,フリースタイル,74kg,5位,https://www.japan-wrestling.jp/wp-content/uploads/2025/04/令和6年度天皇杯_フリースタイル階級別入賞者一覧.pdf
p-195039,wre-2024-tenno-cup-1219,令和6年度 天皇杯全日本レスリング選手権大会,2024,フリースタイル,86kg,5位,https://www.japan-wrestling.jp/wp-content/uploads/2025/04/令和6年度天皇杯_フリースタイル階級別入賞者一覧.pdf
p-64d12b,wre-2024-tenno-cup-1219,令和6年度 天皇杯全日本レスリング選手権大会,2024,フリースタイル,92kg,5位,https://www.japan-wrestling.jp/wp-content/uploads/2025/04/令和6年度天皇杯_フリースタイル階級別入賞者一覧.pdf
p-7c016d,wre-2024-tenno-cup-1219,令和6年度 天皇杯全日本レスリング選手権大会,2024,フリースタイル,97kg,5位,https://www.japan-wrestling.jp/wp-content/uploads/2025/04/令和6年度天皇杯_フリースタイル階級別入賞者一覧.pdf
p-d2a02a,wre-2024-tenno-cup-1219,令和6年度 天皇杯全日本レスリング選手権大会,2024,グレコローマン,55kg,5位,https://www.japan-wrestling.jp/wp-content/uploads/2025/04/令和6年度天皇杯_グレコローマン階級別入賞者一覧.pdf
p-ab2fa7,wre-2024-tenno-cup-1219,令和6年度 天皇杯全日本レスリング選手権大会,2024,グレコローマン,60kg,5位,https://www.japan-wrestling.jp/wp-content/uploads/2025/04/令和6年度天皇杯_グレコローマン階級別入賞者一覧.pdf
p-78db18,wre-2024-tenno-cup-1219,令和6年度 天皇杯全日本レスリング選手権大会,2024,グレコローマン,72kg,5位,https://www.japan-wrestling.jp/wp-content/uploads/2025/04/令和6年度天皇杯_グレコローマン階級別入賞者一覧.pdf
p-f0a124,wre-2024-tenno-cup-1219,令和6年度 天皇杯全日本レスリング選手権大会,2024,グレコローマン,77kg,5位,https://www.japan-wrestling.jp/wp-content/uploads/2025/04/令和6年度天皇杯_グレコローマン階級別入賞者一覧.pdf
p-417fa2,wre-2024-tenno-cup-1219,令和6年度 天皇杯全日本レスリング選手権大会,2024,グレコローマン,87kg,5位,https://www.japan-wrestling.jp/wp-content/uploads/2025/04/令和6年度天皇杯_グレコローマン階級別入賞者一覧.pdf
p-30b2df,wre-2024-tenno-cup-1219,令和6年度 天皇杯全日本レスリング選手権大会,2024,女子,55kg,5位,https://www.japan-wrestling.jp/wp-content/uploads/2025/04/令和6年度天皇杯_女子階級別入賞者一覧.pdf
p-af5ac0,wre-2024-tenno-cup-1219,令和6年度 天皇杯全日本レスリング選手権大会,2024,女子,59kg,5位,https://www.japan-wrestling.jp/wp-content/uploads/2025/04/令和6年度天皇杯_女子階級別入賞者一覧.pdf
p-7a7ca6,wre-2024-tenno-cup-1219,令和6年度 天皇杯全日本レスリング選手権大会,2024,女子,65kg,5位,https://www.japan-wrestling.jp/wp-content/uploads/2025/04/令和6年度天皇杯_女子階級別入賞者一覧.pdf
p-41318f,wre-2024-tenno-cup-1219,令和6年度 天皇杯全日本レスリング選手権大会,2024,女子,72kg,5位,https://www.japan-wrestling.jp/wp-content/uploads/2025/04/令和6年度天皇杯_女子階級別入賞者一覧.pdf
p-d67fd4,wre-2025-intercollegiate-0821,文部科学大臣杯 令和7年度 全日本学生レスリング選手権大会,2025,フリースタイル,57kg,5位,https://www.japan-wrestling.jp/wp-content/uploads/2025/08/文部科学大臣杯-UNIVAS-CUP-令和７年度全日本学生レスリング選手権大会-入賞者一覧（8位まで）-FS.pdf
p-2ae37f,wre-2025-intercollegiate-0821,文部科学大臣杯 令和7年度 全日本学生レスリング選手権大会,2025,フリースタイル,57kg,5位,https://www.japan-wrestling.jp/wp-content/uploads/2025/08/文部科学大臣杯-UNIVAS-CUP-令和７年度全日本学生レスリング選手権大会-入賞者一覧（8位まで）-FS.pdf
p-182be1,wre-2025-intercollegiate-0821,文部科学大臣杯 令和7年度 全日本学生レスリング選手権大会,2025,フリースタイル,65kg,5位,https://www.japan-wrestling.jp/wp-content/uploads/2025/08/文部科学大臣杯-UNIVAS-CUP-令和７年度全日本学生レスリング選手権大会-入賞者一覧（8位まで）-FS.pdf
p-22eedc,wre-2025-intercollegiate-0821,文部科学大臣杯 令和7年度 全日本学生レスリング選手権大会,2025,フリースタイル,70kg,5位,https://www.japan-wrestling.jp/wp-content/uploads/2025/08/文部科学大臣杯-UNIVAS-CUP-令和７年度全日本学生レスリング選手権大会-入賞者一覧（8位まで）-FS.pdf
p-335178,wre-2025-intercollegiate-0821,文部科学大臣杯 令和7年度 全日本学生レスリング選手権大会,2025,フリースタイル,74kg,5位,https://www.japan-wrestling.jp/wp-content/uploads/2025/08/文部科学大臣杯-UNIVAS-CUP-令和７年度全日本学生レスリング選手権大会-入賞者一覧（8位まで）-FS.pdf
p-87d401,wre-2025-intercollegiate-0821,文部科学大臣杯 令和7年度 全日本学生レスリング選手権大会,2025,フリースタイル,79kg,5位,https://www.japan-wrestling.jp/wp-content/uploads/2025/08/文部科学大臣杯-UNIVAS-CUP-令和７年度全日本学生レスリング選手権大会-入賞者一覧（8位まで）-FS.pdf
p-d9a54e,wre-2025-intercollegiate-0821,文部科学大臣杯 令和7年度 全日本学生レスリング選手権大会,2025,フリースタイル,79kg,5位,https://www.japan-wrestling.jp/wp-content/uploads/2025/08/文部科学大臣杯-UNIVAS-CUP-令和７年度全日本学生レスリング選手権大会-入賞者一覧（8位まで）-FS.pdf
p-905da2,wre-2025-intercollegiate-0821,文部科学大臣杯 令和7年度 全日本学生レスリング選手権大会,2025,フリースタイル,97kg,5位,https://www.japan-wrestling.jp/wp-content/uploads/2025/08/文部科学大臣杯-UNIVAS-CUP-令和７年度全日本学生レスリング選手権大会-入賞者一覧（8位まで）-FS.pdf
p-b49d61,wre-2025-intercollegiate-0821,文部科学大臣杯 令和7年度 全日本学生レスリング選手権大会,2025,フリースタイル,97kg,5位,https://www.japan-wrestling.jp/wp-content/uploads/2025/08/文部科学大臣杯-UNIVAS-CUP-令和７年度全日本学生レスリング選手権大会-入賞者一覧（8位まで）-FS.pdf
p-ac21a7,wre-2025-intercollegiate-0821,文部科学大臣杯 令和7年度 全日本学生レスリング選手権大会,2025,フリースタイル,125kg,5位,https://www.japan-wrestling.jp/wp-content/uploads/2025/08/文部科学大臣杯-UNIVAS-CUP-令和７年度全日本学生レスリング選手権大会-入賞者一覧（8位まで）-FS.pdf
p-608e48,wre-2025-intercollegiate-0821,文部科学大臣杯 令和7年度 全日本学生レスリング選手権大会,2025,グレコローマン,60kg,5位,https://www.japan-wrestling.jp/wp-content/uploads/2025/08/文部科学大臣杯-UNIVAS-CUP-令和７年度全日本学生レスリング選手権大会-入賞者一覧（8位まで）_GR.pdf
p-e90720,wre-2025-intercollegiate-0821,文部科学大臣杯 令和7年度 全日本学生レスリング選手権大会,2025,グレコローマン,63kg,5位,https://www.japan-wrestling.jp/wp-content/uploads/2025/08/文部科学大臣杯-UNIVAS-CUP-令和７年度全日本学生レスリング選手権大会-入賞者一覧（8位まで）_GR.pdf
p-07b654,wre-2025-intercollegiate-0821,文部科学大臣杯 令和7年度 全日本学生レスリング選手権大会,2025,グレコローマン,63kg,5位,https://www.japan-wrestling.jp/wp-content/uploads/2025/08/文部科学大臣杯-UNIVAS-CUP-令和７年度全日本学生レスリング選手権大会-入賞者一覧（8位まで）_GR.pdf
p-58a397,wre-2025-intercollegiate-0821,文部科学大臣杯 令和7年度 全日本学生レスリング選手権大会,2025,グレコローマン,82kg,5位,https://www.japan-wrestling.jp/wp-content/uploads/2025/08/文部科学大臣杯-UNIVAS-CUP-令和７年度全日本学生レスリング選手権大会-入賞者一覧（8位まで）_GR.pdf
p-42a80b,wre-2025-intercollegiate-0821,文部科学大臣杯 令和7年度 全日本学生レスリング選手権大会,2025,グレコローマン,82kg,5位,https://www.japan-wrestling.jp/wp-content/uploads/2025/08/文部科学大臣杯-UNIVAS-CUP-令和７年度全日本学生レスリング選手権大会-入賞者一覧（8位まで）_GR.pdf
p-db64a9,wre-2025-intercollegiate-0821,文部科学大臣杯 令和7年度 全日本学生レスリング選手権大会,2025,グレコローマン,87kg,5位,https://www.japan-wrestling.jp/wp-content/uploads/2025/08/文部科学大臣杯-UNIVAS-CUP-令和７年度全日本学生レスリング選手権大会-入賞者一覧（8位まで）_GR.pdf
p-3ea825,wre-2025-intercollegiate-0821,文部科学大臣杯 令和7年度 全日本学生レスリング選手権大会,2025,グレコローマン,97kg,5位,https://www.japan-wrestling.jp/wp-content/uploads/2025/08/文部科学大臣杯-UNIVAS-CUP-令和７年度全日本学生レスリング選手権大会-入賞者一覧（8位まで）_GR.pdf
p-6fd2e2,wre-2025-intercollegiate-0821,文部科学大臣杯 令和7年度 全日本学生レスリング選手権大会,2025,グレコローマン,130kg,5位,https://www.japan-wrestling.jp/wp-content/uploads/2025/08/文部科学大臣杯-UNIVAS-CUP-令和７年度全日本学生レスリング選手権大会-入賞者一覧（8位まで）_GR.pdf
p-6f3a4d,wre-2025-intercollegiate-0821,文部科学大臣杯 令和7年度 全日本学生レスリング選手権大会,2025,グレコローマン,130kg,5位,https://www.japan-wrestling.jp/wp-content/uploads/2025/08/文部科学大臣杯-UNIVAS-CUP-令和７年度全日本学生レスリング選手権大会-入賞者一覧（8位まで）_GR.pdf
p-5132e7,wre-2025-intercollegiate-0821,文部科学大臣杯 令和7年度 全日本学生レスリング選手権大会,2025,女子,50kg,5位,https://www.japan-wrestling.jp/wp-content/uploads/2025/08/文部科学大臣杯-UNIVAS-CUP-令和７年度全日本学生レスリング選手権大会-入賞者一覧（8位まで）_WW.pdf
p-090975,wre-2025-intercollegiate-0821,文部科学大臣杯 令和7年度 全日本学生レスリング選手権大会,2025,女子,53kg,5位,https://www.japan-wrestling.jp/wp-content/uploads/2025/08/文部科学大臣杯-UNIVAS-CUP-令和７年度全日本学生レスリング選手権大会-入賞者一覧（8位まで）_WW.pdf
p-099322,wre-2025-intercollegiate-0821,文部科学大臣杯 令和7年度 全日本学生レスリング選手権大会,2025,女子,55kg,5位,https://www.japan-wrestling.jp/wp-content/uploads/2025/08/文部科学大臣杯-UNIVAS-CUP-令和７年度全日本学生レスリング選手権大会-入賞者一覧（8位まで）_WW.pdf
p-118cb6,wre-2025-intercollegiate-0821,文部科学大臣杯 令和7年度 全日本学生レスリング選手権大会,2025,女子,55kg,5位,https://www.japan-wrestling.jp/wp-content/uploads/2025/08/文部科学大臣杯-UNIVAS-CUP-令和７年度全日本学生レスリング選手権大会-入賞者一覧（8位まで）_WW.pdf
p-85dc00,wre-2025-intercollegiate-0821,文部科学大臣杯 令和7年度 全日本学生レスリング選手権大会,2025,女子,55kg,5位,https://www.japan-wrestling.jp/wp-content/uploads/2025/08/文部科学大臣杯-UNIVAS-CUP-令和７年度全日本学生レスリング選手権大会-入賞者一覧（8位まで）_WW.pdf
p-6768a6,wre-2025-intercollegiate-0821,文部科学大臣杯 令和7年度 全日本学生レスリング選手権大会,2025,女子,59kg,5位,https://www.japan-wrestling.jp/wp-content/uploads/2025/08/文部科学大臣杯-UNIVAS-CUP-令和７年度全日本学生レスリング選手権大会-入賞者一覧（8位まで）_WW.pdf
p-40adc2,wre-2025-university-greco-1018,文部科学大臣杯 令和7年度 全日本大学レスリンググレコローマンレスリング選手権大会,2025,グレコローマン,55kg,5位,https://www.japan-wrestling.jp/wp-content/uploads/2025/10/文部科学大臣杯-令和7年度全日本大学グレコローマンスタイル選手権大会-入賞者一覧（8位まで）.pdf
p-1a18c4,wre-2025-university-greco-1018,文部科学大臣杯 令和7年度 全日本大学レスリンググレコローマンレスリング選手権大会,2025,グレコローマン,63kg,5位,https://www.japan-wrestling.jp/wp-content/uploads/2025/10/文部科学大臣杯-令和7年度全日本大学グレコローマンスタイル選手権大会-入賞者一覧（8位まで）.pdf
p-1e828c,wre-2025-university-greco-1018,文部科学大臣杯 令和7年度 全日本大学レスリンググレコローマンレスリング選手権大会,2025,グレコローマン,67kg,5位,https://www.japan-wrestling.jp/wp-content/uploads/2025/10/文部科学大臣杯-令和7年度全日本大学グレコローマンスタイル選手権大会-入賞者一覧（8位まで）.pdf
p-869f0b,wre-2025-university-greco-1018,文部科学大臣杯 令和7年度 全日本大学レスリンググレコローマンレスリング選手権大会,2025,グレコローマン,72kg,5位,https://www.japan-wrestling.jp/wp-content/uploads/2025/10/文部科学大臣杯-令和7年度全日本大学グレコローマンスタイル選手権大会-入賞者一覧（8位まで）.pdf
p-86404f,wre-2025-university-greco-1018,文部科学大臣杯 令和7年度 全日本大学レスリンググレコローマンレスリング選手権大会,2025,グレコローマン,82kg,5位,https://www.japan-wrestling.jp/wp-content/uploads/2025/10/文部科学大臣杯-令和7年度全日本大学グレコローマンスタイル選手権大会-入賞者一覧（8位まで）.pdf
p-44a449,wre-2025-university-greco-1018,文部科学大臣杯 令和7年度 全日本大学レスリンググレコローマンレスリング選手権大会,2025,グレコローマン,130kg,5位,https://www.japan-wrestling.jp/wp-content/uploads/2025/10/文部科学大臣杯-令和7年度全日本大学グレコローマンスタイル選手権大会-入賞者一覧（8位まで）.pdf
p-dd4867,wre-2025-university-championship-1108,第51回内閣総理大臣杯 令和7年度全日本大学レスリング選手権大会,2025,フリースタイル,57kg,5位,https://www.japan-wrestling.jp/wp-content/uploads/2025/11/2025.内閣_入賞者一覧（再修正版）.pdf
p-5cf044,wre-2025-university-championship-1108,第51回内閣総理大臣杯 令和7年度全日本大学レスリング選手権大会,2025,フリースタイル,70kg,5位,https://www.japan-wrestling.jp/wp-content/uploads/2025/11/2025.内閣_入賞者一覧（再修正版）.pdf
p-407a14,wre-2025-tenno-cup-1218,令和7年度 天皇杯全日本レスリング選手権大会,2025,フリースタイル,125kg,5位,https://www.japan-wrestling.jp/wp-content/uploads/2026/01/訂正版_2025-EMPEROR-Cup_RESULT-BOOK.pdf
p-026ced,wre-2025-tenno-cup-1218,令和7年度 天皇杯全日本レスリング選手権大会,2025,女子,76kg,5位,https://www.japan-wrestling.jp/wp-content/uploads/2026/01/訂正版_2025-EMPEROR-Cup_RESULT-BOOK.pdf
p-24306b,wre-2025-tenno-cup-1218,令和7年度 天皇杯全日本レスリング選手権大会,2025,女子,57kg,5位,https://www.japan-wrestling.jp/wp-content/uploads/2026/01/訂正版_2025-EMPEROR-Cup_RESULT-BOOK.pdf
p-bfcfe2,wre-2026-intercollegiate-0820,文部科学大臣杯 UNIVAS CUP 令和8年度 全日本学生レスリング選手権大会,2026,フリースタイル,61kg,5位,https://www.japan-wrestling.jp/wp-content/uploads/2026/08/文部科学大臣杯-UNIVAS-CUP-令和８年度全日本学生レスリング選手権大会-入賞者一覧（8位まで）.pdf
p-ecb6d1,wre-2026-intercollegiate-0820,文部科学大臣杯 UNIVAS CUP 令和8年度 全日本学生レスリング選手権大会,2026,フリースタイル,61kg,5位,https://www.japan-wrestling.jp/wp-content/uploads/2026/08/文部科学大臣杯-UNIVAS-CUP-令和８年度全日本学生レスリング選手権大会-入賞者一覧（8位まで）.pdf
p-a0ae28,wre-2026-intercollegiate-0820,文部科学大臣杯 UNIVAS CUP 令和8年度 全日本学生レスリング選手権大会,2026,フリースタイル,65kg,5位,https://www.japan-wrestling.jp/wp-content/uploads/2026/08/文部科学大臣杯-UNIVAS-CUP-令和８年度全日本学生レスリング選手権大会-入賞者一覧（8位まで）.pdf
p-48438b,wre-2026-intercollegiate-0820,文部科学大臣杯 UNIVAS CUP 令和8年度 全日本学生レスリング選手権大会,2026,フリースタイル,70kg,5位,https://www.japan-wrestling.jp/wp-content/uploads/2026/08/文部科学大臣杯-UNIVAS-CUP-令和８年度全日本学生レスリング選手権大会-入賞者一覧（8位まで）.pdf
p-962eb1,wre-2026-intercollegiate-0820,文部科学大臣杯 UNIVAS CUP 令和8年度 全日本学生レスリング選手権大会,2026,フリースタイル,79kg,5位,https://www.japan-wrestling.jp/wp-content/uploads/2026/08/文部科学大臣杯-UNIVAS-CUP-令和８年度全日本学生レスリング選手権大会-入賞者一覧（8位まで）.pdf
p-438043,wre-2026-intercollegiate-0820,文部科学大臣杯 UNIVAS CUP 令和8年度 全日本学生レスリング選手権大会,2026,フリースタイル,86kg,5位,https://www.japan-wrestling.jp/wp-content/uploads/2026/08/文部科学大臣杯-UNIVAS-CUP-令和８年度全日本学生レスリング選手権大会-入賞者一覧（8位まで）.pdf
p-9a6d4a,wre-2026-intercollegiate-0820,文部科学大臣杯 UNIVAS CUP 令和8年度 全日本学生レスリング選手権大会,2026,フリースタイル,92kg,5位,https://www.japan-wrestling.jp/wp-content/uploads/2026/08/文部科学大臣杯-UNIVAS-CUP-令和８年度全日本学生レスリング選手権大会-入賞者一覧（8位まで）.pdf
p-9eebcc,wre-2026-intercollegiate-0820,文部科学大臣杯 UNIVAS CUP 令和8年度 全日本学生レスリング選手権大会,2026,グレコローマン,55kg,5位,https://www.japan-wrestling.jp/wp-content/uploads/2026/08/文部科学大臣杯-UNIVAS-CUP-令和８年度全日本学生レスリング選手権大会-GR入賞者一覧（8位まで）.pdf
p-ea3753,wre-2026-intercollegiate-0820,文部科学大臣杯 UNIVAS CUP 令和8年度 全日本学生レスリング選手権大会,2026,グレコローマン,55kg,5位,https://www.japan-wrestling.jp/wp-content/uploads/2026/08/文部科学大臣杯-UNIVAS-CUP-令和８年度全日本学生レスリング選手権大会-GR入賞者一覧（8位まで）.pdf
p-9c6037,wre-2026-intercollegiate-0820,文部科学大臣杯 UNIVAS CUP 令和8年度 全日本学生レスリング選手権大会,2026,グレコローマン,63kg,5位,https://www.japan-wrestling.jp/wp-content/uploads/2026/08/文部科学大臣杯-UNIVAS-CUP-令和８年度全日本学生レスリング選手権大会-GR入賞者一覧（8位まで）.pdf
p-450849,wre-2026-intercollegiate-0820,文部科学大臣杯 UNIVAS CUP 令和8年度 全日本学生レスリング選手権大会,2026,グレコローマン,67kg,5位,https://www.japan-wrestling.jp/wp-content/uploads/2026/08/文部科学大臣杯-UNIVAS-CUP-令和８年度全日本学生レスリング選手権大会-GR入賞者一覧（8位まで）.pdf
p-82cac9,wre-2026-intercollegiate-0820,文部科学大臣杯 UNIVAS CUP 令和8年度 全日本学生レスリング選手権大会,2026,グレコローマン,72kg,5位,https://www.japan-wrestling.jp/wp-content/uploads/2026/08/文部科学大臣杯-UNIVAS-CUP-令和８年度全日本学生レスリング選手権大会-GR入賞者一覧（8位まで）.pdf
p-6f76f1,wre-2026-intercollegiate-0820,文部科学大臣杯 UNIVAS CUP 令和8年度 全日本学生レスリング選手権大会,2026,グレコローマン,77kg,5位,https://www.japan-wrestling.jp/wp-content/uploads/2026/08/文部科学大臣杯-UNIVAS-CUP-令和８年度全日本学生レスリング選手権大会-GR入賞者一覧（8位まで）.pdf
p-dd57be,wre-2026-intercollegiate-0820,文部科学大臣杯 UNIVAS CUP 令和8年度 全日本学生レスリング選手権大会,2026,グレコローマン,82kg,5位,https://www.japan-wrestling.jp/wp-content/uploads/2026/08/文部科学大臣杯-UNIVAS-CUP-令和８年度全日本学生レスリング選手権大会-GR入賞者一覧（8位まで）.pdf
p-78ea2f,wre-2026-intercollegiate-0820,文部科学大臣杯 UNIVAS CUP 令和8年度 全日本学生レスリング選手権大会,2026,グレコローマン,87kg,5位,https://www.japan-wrestling.jp/wp-content/uploads/2026/08/文部科学大臣杯-UNIVAS-CUP-令和８年度全日本学生レスリング選手権大会-GR入賞者一覧（8位まで）.pdf
p-1faf7c,wre-2026-intercollegiate-0820,文部科学大臣杯 UNIVAS CUP 令和8年度 全日本学生レスリング選手権大会,2026,グレコローマン,87kg,5位,https://www.japan-wrestling.jp/wp-content/uploads/2026/08/文部科学大臣杯-UNIVAS-CUP-令和８年度全日本学生レスリング選手権大会-GR入賞者一覧（8位まで）.pdf
p-77f65f,wre-2026-intercollegiate-0820,文部科学大臣杯 UNIVAS CUP 令和8年度 全日本学生レスリング選手権大会,2026,グレコローマン,97kg,5位,https://www.japan-wrestling.jp/wp-content/uploads/2026/08/文部科学大臣杯-UNIVAS-CUP-令和８年度全日本学生レスリング選手権大会-GR入賞者一覧（8位まで）.pdf
p-cdf62e,wre-2026-intercollegiate-0820,文部科学大臣杯 UNIVAS CUP 令和8年度 全日本学生レスリング選手権大会,2026,女子,50kg,5位,https://www.japan-wrestling.jp/wp-content/uploads/2026/08/文部科学大臣杯-UNIVAS-CUP-令和８年度全日本学生レスリング選手権大会-WW入賞者一覧（8位まで）.pdf
p-8f9c57,wre-2026-intercollegiate-0820,文部科学大臣杯 UNIVAS CUP 令和8年度 全日本学生レスリング選手権大会,2026,女子,50kg,5位,https://www.japan-wrestling.jp/wp-content/uploads/2026/08/文部科学大臣杯-UNIVAS-CUP-令和８年度全日本学生レスリング選手権大会-WW入賞者一覧（8位まで）.pdf
p-f09364,wre-2026-intercollegiate-0820,文部科学大臣杯 UNIVAS CUP 令和8年度 全日本学生レスリング選手権大会,2026,女子,50kg,5位,https://www.japan-wrestling.jp/wp-content/uploads/2026/08/文部科学大臣杯-UNIVAS-CUP-令和８年度全日本学生レスリング選手権大会-WW入賞者一覧（8位まで）.pdf
p-d1790d,wre-2026-intercollegiate-0820,文部科学大臣杯 UNIVAS CUP 令和8年度 全日本学生レスリング選手権大会,2026,女子,53kg,5位,https://www.japan-wrestling.jp/wp-content/uploads/2026/08/文部科学大臣杯-UNIVAS-CUP-令和８年度全日本学生レスリング選手権大会-WW入賞者一覧（8位まで）.pdf
p-f229fe,wre-2026-intercollegiate-0820,文部科学大臣杯 UNIVAS CUP 令和8年度 全日本学生レスリング選手権大会,2026,女子,55kg,5位,https://www.japan-wrestling.jp/wp-content/uploads/2026/08/文部科学大臣杯-UNIVAS-CUP-令和８年度全日本学生レスリング選手権大会-WW入賞者一覧（8位まで）.pdf
p-be67ab,wre-2026-intercollegiate-0820,文部科学大臣杯 UNIVAS CUP 令和8年度 全日本学生レスリング選手権大会,2026,女子,55kg,5位,https://www.japan-wrestling.jp/wp-content/uploads/2026/08/文部科学大臣杯-UNIVAS-CUP-令和８年度全日本学生レスリング選手権大会-WW入賞者一覧（8位まで）.pdf
p-8cb7c5,wre-2026-intercollegiate-0820,文部科学大臣杯 UNIVAS CUP 令和8年度 全日本学生レスリング選手権大会,2026,女子,57kg,5位,https://www.japan-wrestling.jp/wp-content/uploads/2026/08/文部科学大臣杯-UNIVAS-CUP-令和８年度全日本学生レスリング選手権大会-WW入賞者一覧（8位まで）.pdf
p-c897f9,wre-2026-intercollegiate-0820,文部科学大臣杯 UNIVAS CUP 令和8年度 全日本学生レスリング選手権大会,2026,女子,59kg,5位,https://www.japan-wrestling.jp/wp-content/uploads/2026/08/文部科学大臣杯-UNIVAS-CUP-令和８年度全日本学生レスリング選手権大会-WW入賞者一覧（8位まで）.pdf
p-f9b137,wre-2026-intercollegiate-0820,文部科学大臣杯 UNIVAS CUP 令和8年度 全日本学生レスリング選手権大会,2026,女子,59kg,5位,https://www.japan-wrestling.jp/wp-content/uploads/2026/08/文部科学大臣杯-UNIVAS-CUP-令和８年度全日本学生レスリング選手権大会-WW入賞者一覧（8位まで）.pdf
p-0c0963,wre-2026-intercollegiate-0820,文部科学大臣杯 UNIVAS CUP 令和8年度 全日本学生レスリング選手権大会,2026,女子,59kg,5位,https://www.japan-wrestling.jp/wp-content/uploads/2026/08/文部科学大臣杯-UNIVAS-CUP-令和８年度全日本学生レスリング選手権大会-WW入賞者一覧（8位まで）.pdf
p-093da2,wre-2026-intercollegiate-0820,文部科学大臣杯 UNIVAS CUP 令和8年度 全日本学生レスリング選手権大会,2026,女子,65kg,5位,https://www.japan-wrestling.jp/wp-content/uploads/2026/08/文部科学大臣杯-UNIVAS-CUP-令和８年度全日本学生レスリング選手権大会-WW入賞者一覧（8位まで）.pdf
p-652e60,wre-2026-intercollegiate-0820,文部科学大臣杯 UNIVAS CUP 令和8年度 全日本学生レスリング選手権大会,2026,女子,68kg,5位,https://www.japan-wrestling.jp/wp-content/uploads/2026/08/文部科学大臣杯-UNIVAS-CUP-令和８年度全日本学生レスリング選手権大会-WW入賞者一覧（8位まで）.pdf
p-32faea,wre-2025-tenno-cup-1218,令和7年度 天皇杯全日本レスリング選手権大会,2025,女子,62kg,6位,https://www.japan-wrestling.jp/wp-content/uploads/2026/01/訂正版_2025-EMPEROR-Cup_RESULT-BOOK.pdf
p-d75fa0,wre-2024-tenno-cup-1219,令和6年度 天皇杯全日本レスリング選手権大会,2024,フリースタイル,86kg,7位,https://www.japan-wrestling.jp/wp-content/uploads/2025/04/令和6年度天皇杯_フリースタイル階級別入賞者一覧.pdf
p-83f363,wre-2024-tenno-cup-1219,令和6年度 天皇杯全日本レスリング選手権大会,2024,フリースタイル,125kg,7位,https://www.japan-wrestling.jp/wp-content/uploads/2025/04/令和6年度天皇杯_フリースタイル階級別入賞者一覧.pdf
p-00a4be,wre-2024-tenno-cup-1219,令和6年度 天皇杯全日本レスリング選手権大会,2024,グレコローマン,60kg,7位,https://www.japan-wrestling.jp/wp-content/uploads/2025/04/令和6年度天皇杯_グレコローマン階級別入賞者一覧.pdf
p-8f33ae,wre-2024-tenno-cup-1219,令和6年度 天皇杯全日本レスリング選手権大会,2024,グレコローマン,63kg,7位,https://www.japan-wrestling.jp/wp-content/uploads/2025/04/令和6年度天皇杯_グレコローマン階級別入賞者一覧.pdf
p-e701b3,wre-2024-tenno-cup-1219,令和6年度 天皇杯全日本レスリング選手権大会,2024,グレコローマン,77kg,7位,https://www.japan-wrestling.jp/wp-content/uploads/2025/04/令和6年度天皇杯_グレコローマン階級別入賞者一覧.pdf
p-8111ca,wre-2024-tenno-cup-1219,令和6年度 天皇杯全日本レスリング選手権大会,2024,グレコローマン,87kg,7位,https://www.japan-wrestling.jp/wp-content/uploads/2025/04/令和6年度天皇杯_グレコローマン階級別入賞者一覧.pdf
p-dceee1,wre-2024-tenno-cup-1219,令和6年度 天皇杯全日本レスリング選手権大会,2024,女子,55kg,7位,https://www.japan-wrestling.jp/wp-content/uploads/2025/04/令和6年度天皇杯_女子階級別入賞者一覧.pdf
p-c3e45a,wre-2024-tenno-cup-1219,令和6年度 天皇杯全日本レスリング選手権大会,2024,女子,59kg,7位,https://www.japan-wrestling.jp/wp-content/uploads/2025/04/令和6年度天皇杯_女子階級別入賞者一覧.pdf
p-361139,wre-2025-university-greco-1018,文部科学大臣杯 令和7年度 全日本大学レスリンググレコローマンレスリング選手権大会,2025,グレコローマン,55kg,7位,https://www.japan-wrestling.jp/wp-content/uploads/2025/10/文部科学大臣杯-令和7年度全日本大学グレコローマンスタイル選手権大会-入賞者一覧（8位まで）.pdf
p-c7ba03,wre-2025-university-greco-1018,文部科学大臣杯 令和7年度 全日本大学レスリンググレコローマンレスリング選手権大会,2025,グレコローマン,63kg,7位,https://www.japan-wrestling.jp/wp-content/uploads/2025/10/文部科学大臣杯-令和7年度全日本大学グレコローマンスタイル選手権大会-入賞者一覧（8位まで）.pdf
p-f363c0,wre-2025-university-greco-1018,文部科学大臣杯 令和7年度 全日本大学レスリンググレコローマンレスリング選手権大会,2025,グレコローマン,87kg,7位,https://www.japan-wrestling.jp/wp-content/uploads/2025/10/文部科学大臣杯-令和7年度全日本大学グレコローマンスタイル選手権大会-入賞者一覧（8位まで）.pdf
p-b8e01f,wre-2025-university-championship-1108,第51回内閣総理大臣杯 令和7年度全日本大学レスリング選手権大会,2025,フリースタイル,61kg,7位,https://www.japan-wrestling.jp/wp-content/uploads/2025/11/2025.内閣_入賞者一覧（再修正版）.pdf
p-ff92b3,wre-2025-university-championship-1108,第51回内閣総理大臣杯 令和7年度全日本大学レスリング選手権大会,2025,フリースタイル,70kg,7位,https://www.japan-wrestling.jp/wp-content/uploads/2025/11/2025.内閣_入賞者一覧（再修正版）.pdf
p-23cff5,wre-2025-university-championship-1108,第51回内閣総理大臣杯 令和7年度全日本大学レスリング選手権大会,2025,フリースタイル,79kg,7位,https://www.japan-wrestling.jp/wp-content/uploads/2025/11/2025.内閣_入賞者一覧（再修正版）.pdf
p-83fdbf,wre-2025-tenno-cup-1218,令和7年度 天皇杯全日本レスリング選手権大会,2025,フリースタイル,97kg,7位,https://www.japan-wrestling.jp/wp-content/uploads/2026/01/訂正版_2025-EMPEROR-Cup_RESULT-BOOK.pdf
p-b0af8f,wre-2025-tenno-cup-1218,令和7年度 天皇杯全日本レスリング選手権大会,2025,女子,59kg,7位,https://www.japan-wrestling.jp/wp-content/uploads/2026/01/訂正版_2025-EMPEROR-Cup_RESULT-BOOK.pdf
p-11a1af,wre-2024-tenno-cup-1219,令和6年度 天皇杯全日本レスリング選手権大会,2024,フリースタイル,57kg,8位,https://www.japan-wrestling.jp/wp-content/uploads/2025/04/令和6年度天皇杯_フリースタイル階級別入賞者一覧.pdf
p-337f58,wre-2024-tenno-cup-1219,令和6年度 天皇杯全日本レスリング選手権大会,2024,フリースタイル,92kg,8位,https://www.japan-wrestling.jp/wp-content/uploads/2025/04/令和6年度天皇杯_フリースタイル階級別入賞者一覧.pdf
p-764d99,wre-2024-tenno-cup-1219,令和6年度 天皇杯全日本レスリング選手権大会,2024,フリースタイル,125kg,8位,https://www.japan-wrestling.jp/wp-content/uploads/2025/04/令和6年度天皇杯_フリースタイル階級別入賞者一覧.pdf
p-7d84cd,wre-2024-tenno-cup-1219,令和6年度 天皇杯全日本レスリング選手権大会,2024,グレコローマン,82kg,8位,https://www.japan-wrestling.jp/wp-content/uploads/2025/04/令和6年度天皇杯_グレコローマン階級別入賞者一覧.pdf
p-db1316,wre-2024-tenno-cup-1219,令和6年度 天皇杯全日本レスリング選手権大会,2024,女子,65kg,8位,https://www.japan-wrestling.jp/wp-content/uploads/2025/04/令和6年度天皇杯_女子階級別入賞者一覧.pdf
p-fc5854,wre-2025-university-greco-1018,文部科学大臣杯 令和7年度 全日本大学レスリンググレコローマンレスリング選手権大会,2025,グレコローマン,55kg,8位,https://www.japan-wrestling.jp/wp-content/uploads/2025/10/文部科学大臣杯-令和7年度全日本大学グレコローマンスタイル選手権大会-入賞者一覧（8位まで）.pdf
p-2f925f,wre-2025-university-greco-1018,文部科学大臣杯 令和7年度 全日本大学レスリンググレコローマンレスリング選手権大会,2025,グレコローマン,63kg,8位,https://www.japan-wrestling.jp/wp-content/uploads/2025/10/文部科学大臣杯-令和7年度全日本大学グレコローマンスタイル選手権大会-入賞者一覧（8位まで）.pdf
p-ed74ff,wre-2025-tenno-cup-1218,令和7年度 天皇杯全日本レスリング選手権大会,2025,女子,76kg,8位,https://www.japan-wrestling.jp/wp-content/uploads/2026/01/訂正版_2025-EMPEROR-Cup_RESULT-BOOK.pdf
p-9adf20,wre-2025-tenno-cup-1218,令和7年度 天皇杯全日本レスリング選手権大会,2025,女子,65kg,8位,https://www.japan-wrestling.jp/wp-content/uploads/2026/01/訂正版_2025-EMPEROR-Cup_RESULT-BOOK.pdf
