大会ID,スタイル,開催年,階級,氏名,所属,出典URL
east-autumn,フリースタイル,2025,57kg,戸田純人,育英大,https://wrestling-spirits.jp/www/wp-content/data/80/ichiran_domestic/east_college_FS.pdf
east-autumn,フリースタイル,2025,61kg,佐々木力人,中大,https://wrestling-spirits.jp/www/wp-content/data/80/ichiran_domestic/east_college_FS.pdf
east-autumn,フリースタイル,2025,65kg,高杉将輔,日体大,https://wrestling-spirits.jp/www/wp-content/data/80/ichiran_domestic/east_college_FS.pdf
east-autumn,フリースタイル,2025,70kg,上村律心,専大,https://wrestling-spirits.jp/www/wp-content/data/80/ichiran_domestic/east_college_FS.pdf
east-autumn,フリースタイル,2025,74kg,加成京介,育英大,https://wrestling-spirits.jp/www/wp-content/data/80/ichiran_domestic/east_college_FS.pdf
east-autumn,フリースタイル,2025,79kg,飯塚康太,神奈川大,https://wrestling-spirits.jp/www/wp-content/data/80/ichiran_domestic/east_college_FS.pdf
east-autumn,フリースタイル,2025,86kg,神谷龍之介,日体大,https://wrestling-spirits.jp/www/wp-content/data/80/ichiran_domestic/east_college_FS.pdf
east-autumn,フリースタイル,2025,92kg,増田大将,山梨学院大,https://wrestling-spirits.jp/www/wp-content/data/80/ichiran_domestic/east_college_FS.pdf
east-autumn,フリースタイル,2025,97kg,能瀬龍樹,国士舘大,https://wrestling-spirits.jp/www/wp-content/data/80/ichiran_domestic/east_college_FS.pdf
east-autumn,フリースタイル,2024,57kg,井出大晟,日体大,https://wrestling-spirits.jp/www/wp-content/data/80/ichiran_domestic/east_college_FS.pdf
east-autumn,フリースタイル,2024,61kg,弓矢健人,日体大,https://wrestling-spirits.jp/www/wp-content/data/80/ichiran_domestic/east_college_FS.pdf
east-autumn,フリースタイル,2024,65kg,須田快晴,山梨学院大,https://wrestling-spirits.jp/www/wp-content/data/80/ichiran_domestic/east_college_FS.pdf
east-autumn,フリースタイル,2024,70kg,冨山悠真,山梨学院大,https://wrestling-spirits.jp/www/wp-content/data/80/ichiran_domestic/east_college_FS.pdf
east-autumn,フリースタイル,2024,74kg,保坂典樹,国士舘大,https://wrestling-spirits.jp/www/wp-content/data/80/ichiran_domestic/east_college_FS.pdf
east-autumn,フリースタイル,2024,79kg,鈴木大樹,山梨学院大,https://wrestling-spirits.jp/www/wp-content/data/80/ichiran_domestic/east_college_FS.pdf
east-autumn,フリースタイル,2024,86kg,五十嵐文彌,山梨学院大,https://wrestling-spirits.jp/www/wp-content/data/80/ichiran_domestic/east_college_FS.pdf
east-autumn,フリースタイル,2024,92kg,三井正信,日大,https://wrestling-spirits.jp/www/wp-content/data/80/ichiran_domestic/east_college_FS.pdf
east-autumn,フリースタイル,2024,97kg,髙橋凜太郎,神奈川大,https://wrestling-spirits.jp/www/wp-content/data/80/ichiran_domestic/east_college_FS.pdf
east-autumn,フリースタイル,2024,125kg,新井裕太,国士舘大,https://wrestling-spirits.jp/www/wp-content/data/80/ichiran_domestic/east_college_FS.pdf
east-autumn,フリースタイル,2023,57kg,丸山 愛斗,神奈川大,https://wrestling-spirits.jp/www/wp-content/data/80/ichiran_domestic/east_college_FS.pdf
east-autumn,フリースタイル,2023,61kg,山口 太一,早大,https://wrestling-spirits.jp/www/wp-content/data/80/ichiran_domestic/east_college_FS.pdf
east-autumn,フリースタイル,2023,65kg,野坂 晃誠,専大,https://wrestling-spirits.jp/www/wp-content/data/80/ichiran_domestic/east_college_FS.pdf
east-autumn,フリースタイル,2023,70kg,宇戸平莞爾,日体大,https://wrestling-spirits.jp/www/wp-content/data/80/ichiran_domestic/east_college_FS.pdf
east-autumn,フリースタイル,2023,74kg,小田桐和真,中大,https://wrestling-spirits.jp/www/wp-content/data/80/ichiran_domestic/east_college_FS.pdf
east-autumn,フリースタイル,2023,79kg,硎屋亮太郎,日大,https://wrestling-spirits.jp/www/wp-content/data/80/ichiran_domestic/east_college_FS.pdf
east-autumn,フリースタイル,2023,86kg,岩井 知史,明大,https://wrestling-spirits.jp/www/wp-content/data/80/ichiran_domestic/east_college_FS.pdf
east-autumn,フリースタイル,2023,92kg,佐藤 大斗,専大,https://wrestling-spirits.jp/www/wp-content/data/80/ichiran_domestic/east_college_FS.pdf
east-autumn,フリースタイル,2023,97kg,渡邉 荘陽,中大,https://wrestling-spirits.jp/www/wp-content/data/80/ichiran_domestic/east_college_FS.pdf
east-autumn,フリースタイル,2023,125kg,新井 裕太,国士舘大,https://wrestling-spirits.jp/www/wp-content/data/80/ichiran_domestic/east_college_FS.pdf
east-autumn,フリースタイル,2022,57kg,塚岡 達也,山梨学院大,https://wrestling-spirits.jp/www/wp-content/data/80/ichiran_domestic/east_college_FS.pdf
east-autumn,フリースタイル,2022,61kg,島谷 侃,早大,https://wrestling-spirits.jp/www/wp-content/data/80/ichiran_domestic/east_college_FS.pdf
east-autumn,フリースタイル,2022,65kg,中村 勇士,日体大,https://wrestling-spirits.jp/www/wp-content/data/80/ichiran_domestic/east_college_FS.pdf
east-autumn,フリースタイル,2022,70kg,平岡 大宙,慶大,https://wrestling-spirits.jp/www/wp-content/data/80/ichiran_domestic/east_college_FS.pdf
east-autumn,フリースタイル,2022,74kg,青柳善の輔,山梨学院大,https://wrestling-spirits.jp/www/wp-content/data/80/ichiran_domestic/east_college_FS.pdf
east-autumn,フリースタイル,2022,79kg,佐藤 匡記,山梨学院大,https://wrestling-spirits.jp/www/wp-content/data/80/ichiran_domestic/east_college_FS.pdf
east-autumn,フリースタイル,2022,86kg,樋口 徹心,日体大,https://wrestling-spirits.jp/www/wp-content/data/80/ichiran_domestic/east_college_FS.pdf
east-autumn,フリースタイル,2022,92kg,持永 空弥,国士舘大,https://wrestling-spirits.jp/www/wp-content/data/80/ichiran_domestic/east_college_FS.pdf
east-autumn,フリースタイル,2022,125kg,三橋 柚汰,日大,https://wrestling-spirits.jp/www/wp-content/data/80/ichiran_domestic/east_college_FS.pdf
east-autumn,フリースタイル,2021,57kg,山根 典哲,拓大,https://wrestling-spirits.jp/www/wp-content/data/80/ichiran_domestic/east_college_FS.pdf
east-autumn,フリースタイル,2021,61kg,山﨑 万里,日体大,https://wrestling-spirits.jp/www/wp-content/data/80/ichiran_domestic/east_college_FS.pdf
east-autumn,フリースタイル,2021,65kg,小柴 亮太,日体大,https://wrestling-spirits.jp/www/wp-content/data/80/ichiran_domestic/east_college_FS.pdf
east-autumn,フリースタイル,2021,70kg,藤田 光星,国士舘大,https://wrestling-spirits.jp/www/wp-content/data/80/ichiran_domestic/east_college_FS.pdf
east-autumn,フリースタイル,2021,74kg,宮城 海,日体大,https://wrestling-spirits.jp/www/wp-content/data/80/ichiran_domestic/east_college_FS.pdf
east-autumn,フリースタイル,2021,79kg,日下 尚,日体大,https://wrestling-spirits.jp/www/wp-content/data/80/ichiran_domestic/east_college_FS.pdf
east-autumn,フリースタイル,2021,86kg,村島 克哉,中大,https://wrestling-spirits.jp/www/wp-content/data/80/ichiran_domestic/east_college_FS.pdf
east-autumn,フリースタイル,2021,92kg,丸山 純樹,日体大,https://wrestling-spirits.jp/www/wp-content/data/80/ichiran_domestic/east_college_FS.pdf
east-autumn,フリースタイル,2021,97kg,伊藤 慧亮,明大,https://wrestling-spirits.jp/www/wp-content/data/80/ichiran_domestic/east_college_FS.pdf
east-autumn,フリースタイル,2021,125kg,ラッサボン・ソークサイ,日大,https://wrestling-spirits.jp/www/wp-content/data/80/ichiran_domestic/east_college_FS.pdf
east-autumn,フリースタイル,2020,57kg,阿部 敏弥,国士舘大,https://wrestling-spirits.jp/www/wp-content/data/80/ichiran_domestic/east_college_FS.pdf
east-autumn,フリースタイル,2020,61kg,日比野 圭汰,神奈川大,https://wrestling-spirits.jp/www/wp-content/data/80/ichiran_domestic/east_college_FS.pdf
east-autumn,フリースタイル,2020,65kg,吉永 信太郎,専大,https://wrestling-spirits.jp/www/wp-content/data/80/ichiran_domestic/east_college_FS.pdf
east-autumn,フリースタイル,2020,70kg,長島 颯己,拓大,https://wrestling-spirits.jp/www/wp-content/data/80/ichiran_domestic/east_college_FS.pdf
east-autumn,フリースタイル,2020,74kg,鈴木 勇斗,大東大,https://wrestling-spirits.jp/www/wp-content/data/80/ichiran_domestic/east_college_FS.pdf
east-autumn,フリースタイル,2020,79kg,丸目 哲郎,専大,https://wrestling-spirits.jp/www/wp-content/data/80/ichiran_domestic/east_college_FS.pdf
east-autumn,フリースタイル,2020,97kg,山本 壮汰,拓大,https://wrestling-spirits.jp/www/wp-content/data/80/ichiran_domestic/east_college_FS.pdf
east-autumn,フリースタイル,2020,125kg,安田 拓斗,国士舘大,https://wrestling-spirits.jp/www/wp-content/data/80/ichiran_domestic/east_college_FS.pdf
east-autumn,フリースタイル,2019,57kg,寺田 有輝,国士舘大,https://wrestling-spirits.jp/www/wp-content/data/80/ichiran_domestic/east_college_FS.pdf
east-autumn,フリースタイル,2019,61kg,藤波 諒太郎,専大,https://wrestling-spirits.jp/www/wp-content/data/80/ichiran_domestic/east_college_FS.pdf
east-autumn,フリースタイル,2019,65kg,佐々木虎次郎,専大,https://wrestling-spirits.jp/www/wp-content/data/80/ichiran_domestic/east_college_FS.pdf
east-autumn,フリースタイル,2019,70kg,本間 賢志,日大,https://wrestling-spirits.jp/www/wp-content/data/80/ichiran_domestic/east_college_FS.pdf
east-autumn,フリースタイル,2019,74kg,辻 大成,拓大,https://wrestling-spirits.jp/www/wp-content/data/80/ichiran_domestic/east_college_FS.pdf
east-autumn,フリースタイル,2019,79kg,梅林 太朗,早大,https://wrestling-spirits.jp/www/wp-content/data/80/ichiran_domestic/east_college_FS.pdf
east-autumn,フリースタイル,2019,86kg,大山 泰吾,慶大,https://wrestling-spirits.jp/www/wp-content/data/80/ichiran_domestic/east_college_FS.pdf
east-autumn,フリースタイル,2019,97kg,横田 裕大,立大,https://wrestling-spirits.jp/www/wp-content/data/80/ichiran_domestic/east_college_FS.pdf
east-autumn,フリースタイル,2019,125kg,石川 瑞樹,日大,https://wrestling-spirits.jp/www/wp-content/data/80/ichiran_domestic/east_college_FS.pdf
east-autumn,フリースタイル,2018,57kg,諏訪間翔太郎,拓大,https://wrestling-spirits.jp/www/wp-content/data/80/ichiran_domestic/east_college_FS.pdf
east-autumn,フリースタイル,2018,61kg,永田 丈治,国士館大,https://wrestling-spirits.jp/www/wp-content/data/80/ichiran_domestic/east_college_FS.pdf
east-autumn,フリースタイル,2018,65kg,中村 剛士,専大,https://wrestling-spirits.jp/www/wp-content/data/80/ichiran_domestic/east_college_FS.pdf
east-autumn,フリースタイル,2018,70kg,山﨑 幹太郎,法大,https://wrestling-spirits.jp/www/wp-content/data/80/ichiran_domestic/east_college_FS.pdf
east-autumn,フリースタイル,2018,74kg,山﨑 弥十朗,早大,https://wrestling-spirits.jp/www/wp-content/data/80/ichiran_domestic/east_college_FS.pdf
east-autumn,フリースタイル,2018,79kg,栗原 大知,国士館大,https://wrestling-spirits.jp/www/wp-content/data/80/ichiran_domestic/east_college_FS.pdf
east-autumn,フリースタイル,2018,86kg,飯村 友基,国士館大,https://wrestling-spirits.jp/www/wp-content/data/80/ichiran_domestic/east_college_FS.pdf
east-autumn,フリースタイル,2018,92kg,柴田 一麿,大東大,https://wrestling-spirits.jp/www/wp-content/data/80/ichiran_domestic/east_college_FS.pdf
east-autumn,フリースタイル,2018,125kg,赤城 玲央,中大,https://wrestling-spirits.jp/www/wp-content/data/80/ichiran_domestic/east_college_FS.pdf
east-autumn,フリースタイル,2017,57kg,岡田 幹大,日体大,https://wrestling-spirits.jp/www/wp-content/data/80/ichiran_domestic/east_college_FS.pdf
east-autumn,フリースタイル,2017,61kg,永本 健太,日体大,https://wrestling-spirits.jp/www/wp-content/data/80/ichiran_domestic/east_college_FS.pdf
east-autumn,フリースタイル,2017,65kg,福田 東記,国士舘大,https://wrestling-spirits.jp/www/wp-content/data/80/ichiran_domestic/east_college_FS.pdf
east-autumn,フリースタイル,2017,70kg,吉井 誠,専大,https://wrestling-spirits.jp/www/wp-content/data/80/ichiran_domestic/east_college_FS.pdf
east-autumn,フリースタイル,2017,74kg,大越 幸之介,日体大,https://wrestling-spirits.jp/www/wp-content/data/80/ichiran_domestic/east_college_FS.pdf
east-autumn,フリースタイル,2017,86kg,古城 涼真,拓大,https://wrestling-spirits.jp/www/wp-content/data/80/ichiran_domestic/east_college_FS.pdf
east-autumn,フリースタイル,2017,97kg,恒石 昌輝,専大,https://wrestling-spirits.jp/www/wp-content/data/80/ichiran_domestic/east_college_FS.pdf
east-autumn,フリースタイル,2017,125kg,宮原 将裕,大東大,https://wrestling-spirits.jp/www/wp-content/data/80/ichiran_domestic/east_college_FS.pdf
east-autumn,フリースタイル,2016,57kg,伊藤 奬,早大,https://wrestling-spirits.jp/www/wp-content/data/80/ichiran_domestic/east_college_FS.pdf
east-autumn,フリースタイル,2016,61kg,前田 来夢,日大,https://wrestling-spirits.jp/www/wp-content/data/80/ichiran_domestic/east_college_FS.pdf
east-autumn,フリースタイル,2016,65kg,工藤 瞬,大東大,https://wrestling-spirits.jp/www/wp-content/data/80/ichiran_domestic/east_college_FS.pdf
east-autumn,フリースタイル,2016,70kg,曽根川 侑,中大,https://wrestling-spirits.jp/www/wp-content/data/80/ichiran_domestic/east_college_FS.pdf
east-autumn,フリースタイル,2016,74kg,宮近 由,神奈川大,https://wrestling-spirits.jp/www/wp-content/data/80/ichiran_domestic/east_college_FS.pdf
east-autumn,フリースタイル,2016,86kg,川畑 光,東洋大,https://wrestling-spirits.jp/www/wp-content/data/80/ichiran_domestic/east_college_FS.pdf
east-autumn,フリースタイル,2016,97kg,大山 博貴,明大,https://wrestling-spirits.jp/www/wp-content/data/80/ichiran_domestic/east_college_FS.pdf
east-autumn,フリースタイル,2016,125kg,山口 太希,東洋大,https://wrestling-spirits.jp/www/wp-content/data/80/ichiran_domestic/east_college_FS.pdf
east-autumn,グレコローマン,2025,55kg,脇康太朗,神奈川大,https://wrestling-spirits.jp/www/wp-content/data/80/ichiran_domestic/east_college_GR.pdf
east-autumn,グレコローマン,2025,60kg,今井悠稀,国士舘大,https://wrestling-spirits.jp/www/wp-content/data/80/ichiran_domestic/east_college_GR.pdf
east-autumn,グレコローマン,2025,63kg,五木田琉,日体大,https://wrestling-spirits.jp/www/wp-content/data/80/ichiran_domestic/east_college_GR.pdf
east-autumn,グレコローマン,2025,72kg,深澤昂空,育英大,https://wrestling-spirits.jp/www/wp-content/data/80/ichiran_domestic/east_college_GR.pdf
east-autumn,グレコローマン,2025,77kg,大石達也,育英大,https://wrestling-spirits.jp/www/wp-content/data/80/ichiran_domestic/east_college_GR.pdf
east-autumn,グレコローマン,2025,82kg,渡邊虎太郎,育英大,https://wrestling-spirits.jp/www/wp-content/data/80/ichiran_domestic/east_college_GR.pdf
east-autumn,グレコローマン,2025,97kg,菊地一瑳,明大,https://wrestling-spirits.jp/www/wp-content/data/80/ichiran_domestic/east_college_GR.pdf
east-autumn,グレコローマン,2024,55kg,丸山愛斗,神奈川大,https://wrestling-spirits.jp/www/wp-content/data/80/ichiran_domestic/east_college_GR.pdf
east-autumn,グレコローマン,2024,60kg,五町由伸,山梨学院大,https://wrestling-spirits.jp/www/wp-content/data/80/ichiran_domestic/east_college_GR.pdf
east-autumn,グレコローマン,2024,63kg,伊藤翔哉,専大,https://wrestling-spirits.jp/www/wp-content/data/80/ichiran_domestic/east_college_GR.pdf
east-autumn,グレコローマン,2024,67kg,田南部魁星,日体大,https://wrestling-spirits.jp/www/wp-content/data/80/ichiran_domestic/east_college_GR.pdf
east-autumn,グレコローマン,2024,72kg,茂野吏玖,国士舘大,https://wrestling-spirits.jp/www/wp-content/data/80/ichiran_domestic/east_college_GR.pdf
east-autumn,グレコローマン,2024,77kg,青柳裕樹,神奈川大,https://wrestling-spirits.jp/www/wp-content/data/80/ichiran_domestic/east_college_GR.pdf
east-autumn,グレコローマン,2024,82kg,大泉宗太郎,国士舘大,https://wrestling-spirits.jp/www/wp-content/data/80/ichiran_domestic/east_college_GR.pdf
east-autumn,グレコローマン,2024,87kg,豊田哲平,青山学院大,https://wrestling-spirits.jp/www/wp-content/data/80/ichiran_domestic/east_college_GR.pdf
east-autumn,グレコローマン,2024,97kg,吉澤 英,育英大,https://wrestling-spirits.jp/www/wp-content/data/80/ichiran_domestic/east_college_GR.pdf
east-autumn,グレコローマン,2023,60kg,森 靖仁,日体大,https://wrestling-spirits.jp/www/wp-content/data/80/ichiran_domestic/east_college_GR.pdf
east-autumn,グレコローマン,2023,63kg,赤荻清志郎,日大,https://wrestling-spirits.jp/www/wp-content/data/80/ichiran_domestic/east_college_GR.pdf
east-autumn,グレコローマン,2023,67kg,田南部魁星,日体大,https://wrestling-spirits.jp/www/wp-content/data/80/ichiran_domestic/east_college_GR.pdf
east-autumn,グレコローマン,2023,72kg,小野 健作,日体大,https://wrestling-spirits.jp/www/wp-content/data/80/ichiran_domestic/east_college_GR.pdf
east-autumn,グレコローマン,2023,77kg,鹿糠 鉄斗,育英大,https://wrestling-spirits.jp/www/wp-content/data/80/ichiran_domestic/east_college_GR.pdf
east-autumn,グレコローマン,2023,82kg,谷崎 大造,山梨学院大,https://wrestling-spirits.jp/www/wp-content/data/80/ichiran_domestic/east_college_GR.pdf
east-autumn,グレコローマン,2023,87kg,吉澤 英,育英大,https://wrestling-spirits.jp/www/wp-content/data/80/ichiran_domestic/east_college_GR.pdf
east-autumn,グレコローマン,2023,97kg,山本 純大,拓大,https://wrestling-spirits.jp/www/wp-content/data/80/ichiran_domestic/east_college_GR.pdf
east-autumn,グレコローマン,2023,130kg,三橋 柚汰,日大,https://wrestling-spirits.jp/www/wp-content/data/80/ichiran_domestic/east_college_GR.pdf
east-autumn,グレコローマン,2022,55kg,庄司 秀,育英大,https://wrestling-spirits.jp/www/wp-content/data/80/ichiran_domestic/east_college_GR.pdf
east-autumn,グレコローマン,2022,63kg,佐々木 航,拓大,https://wrestling-spirits.jp/www/wp-content/data/80/ichiran_domestic/east_college_GR.pdf
east-autumn,グレコローマン,2022,67kg,萩原 大和,拓大,https://wrestling-spirits.jp/www/wp-content/data/80/ichiran_domestic/east_college_GR.pdf
east-autumn,グレコローマン,2022,72kg,三多見 明,拓大,https://wrestling-spirits.jp/www/wp-content/data/80/ichiran_domestic/east_college_GR.pdf
east-autumn,グレコローマン,2022,77kg,小堀 雄大,東洋大,https://wrestling-spirits.jp/www/wp-content/data/80/ichiran_domestic/east_college_GR.pdf
east-autumn,グレコローマン,2022,82kg,宍戸 拓海,日体大,https://wrestling-spirits.jp/www/wp-content/data/80/ichiran_domestic/east_college_GR.pdf
east-autumn,グレコローマン,2022,87kg,島田 京介,神奈川大,https://wrestling-spirits.jp/www/wp-content/data/80/ichiran_domestic/east_college_GR.pdf
east-autumn,グレコローマン,2022,97kg,吉村 海里,国士舘大,https://wrestling-spirits.jp/www/wp-content/data/80/ichiran_domestic/east_college_GR.pdf
east-autumn,グレコローマン,2022,130kg,宮内 勇真,神奈川大,https://wrestling-spirits.jp/www/wp-content/data/80/ichiran_domestic/east_college_GR.pdf
east-autumn,グレコローマン,2021,55kg,庄司 秀,育英大,https://wrestling-spirits.jp/www/wp-content/data/80/ichiran_domestic/east_college_GR.pdf
east-autumn,グレコローマン,2021,60kg,堤 孔一,青山学院大,https://wrestling-spirits.jp/www/wp-content/data/80/ichiran_domestic/east_college_GR.pdf
east-autumn,グレコローマン,2021,63kg,松本 健新,神奈川大,https://wrestling-spirits.jp/www/wp-content/data/80/ichiran_domestic/east_college_GR.pdf
east-autumn,グレコローマン,2021,67kg,伊藤 由信,専大,https://wrestling-spirits.jp/www/wp-content/data/80/ichiran_domestic/east_college_GR.pdf
east-autumn,グレコローマン,2021,72kg,佐々木 航,拓大,https://wrestling-spirits.jp/www/wp-content/data/80/ichiran_domestic/east_college_GR.pdf
east-autumn,グレコローマン,2021,77kg,今村 大地,日大,https://wrestling-spirits.jp/www/wp-content/data/80/ichiran_domestic/east_college_GR.pdf
east-autumn,グレコローマン,2021,82kg,宍戸 拓海,日体大,https://wrestling-spirits.jp/www/wp-content/data/80/ichiran_domestic/east_college_GR.pdf
east-autumn,グレコローマン,2021,87kg,宮本 海渡,日体大,https://wrestling-spirits.jp/www/wp-content/data/80/ichiran_domestic/east_college_GR.pdf
east-autumn,グレコローマン,2021,97kg,吉村 海里,国士舘大,https://wrestling-spirits.jp/www/wp-content/data/80/ichiran_domestic/east_college_GR.pdf
east-autumn,グレコローマン,2021,130kg,谷内 渓祐,国士舘大,https://wrestling-spirits.jp/www/wp-content/data/80/ichiran_domestic/east_college_GR.pdf
east-autumn,グレコローマン,2020,55kg,榊原 凌我,国士舘大,https://wrestling-spirits.jp/www/wp-content/data/80/ichiran_domestic/east_college_GR.pdf
east-autumn,グレコローマン,2020,60kg,金子 功誠,専大,https://wrestling-spirits.jp/www/wp-content/data/80/ichiran_domestic/east_college_GR.pdf
east-autumn,グレコローマン,2020,63kg,池田 龍斗,日体大,https://wrestling-spirits.jp/www/wp-content/data/80/ichiran_domestic/east_college_GR.pdf
east-autumn,グレコローマン,2020,67kg,浅沼 竜,神奈川大,https://wrestling-spirits.jp/www/wp-content/data/80/ichiran_domestic/east_college_GR.pdf
east-autumn,グレコローマン,2020,72kg,宮城 海,日体大,https://wrestling-spirits.jp/www/wp-content/data/80/ichiran_domestic/east_college_GR.pdf
east-autumn,グレコローマン,2020,77kg,佐々木 博久,日体大,https://wrestling-spirits.jp/www/wp-content/data/80/ichiran_domestic/east_college_GR.pdf
east-autumn,グレコローマン,2020,82kg,大渕 大聖,東洋大,https://wrestling-spirits.jp/www/wp-content/data/80/ichiran_domestic/east_college_GR.pdf
east-autumn,グレコローマン,2020,87kg,斎藤 英二,東洋大,https://wrestling-spirits.jp/www/wp-content/data/80/ichiran_domestic/east_college_GR.pdf
east-autumn,グレコローマン,2020,97kg,田岡 和成,神奈川大,https://wrestling-spirits.jp/www/wp-content/data/80/ichiran_domestic/east_college_GR.pdf
east-autumn,グレコローマン,2020,130kg,松岡 太一,日体大,https://wrestling-spirits.jp/www/wp-content/data/80/ichiran_domestic/east_college_GR.pdf
east-autumn,グレコローマン,2019,55kg,菅原 幹太,東洋大,https://wrestling-spirits.jp/www/wp-content/data/80/ichiran_domestic/east_college_GR.pdf
east-autumn,グレコローマン,2019,60kg,星野 工,日体大,https://wrestling-spirits.jp/www/wp-content/data/80/ichiran_domestic/east_college_GR.pdf
east-autumn,グレコローマン,2019,63kg,高森 樹己,拓大,https://wrestling-spirits.jp/www/wp-content/data/80/ichiran_domestic/east_college_GR.pdf
east-autumn,グレコローマン,2019,67kg,辻 開成,法大,https://wrestling-spirits.jp/www/wp-content/data/80/ichiran_domestic/east_college_GR.pdf
east-autumn,グレコローマン,2019,72kg,小林 洸介,拓大,https://wrestling-spirits.jp/www/wp-content/data/80/ichiran_domestic/east_college_GR.pdf
east-autumn,グレコローマン,2019,77kg,岩崎 陣也,大東大,https://wrestling-spirits.jp/www/wp-content/data/80/ichiran_domestic/east_college_GR.pdf
east-autumn,グレコローマン,2019,87kg,生形 航汰,日大,https://wrestling-spirits.jp/www/wp-content/data/80/ichiran_domestic/east_college_GR.pdf
east-autumn,グレコローマン,2019,97kg,山中 彬,中大,https://wrestling-spirits.jp/www/wp-content/data/80/ichiran_domestic/east_college_GR.pdf
east-autumn,グレコローマン,2018,55kg,齋藤 僚太,法大,https://wrestling-spirits.jp/www/wp-content/data/80/ichiran_domestic/east_college_GR.pdf
east-autumn,グレコローマン,2018,60kg,菅原 幹太,東洋大,https://wrestling-spirits.jp/www/wp-content/data/80/ichiran_domestic/east_college_GR.pdf
east-autumn,グレコローマン,2018,63kg,梨木 悠,日体大,https://wrestling-spirits.jp/www/wp-content/data/80/ichiran_domestic/east_college_GR.pdf
east-autumn,グレコローマン,2018,67kg,小池 波也登,神奈川大,https://wrestling-spirits.jp/www/wp-content/data/80/ichiran_domestic/east_college_GR.pdf
east-autumn,グレコローマン,2018,72kg,阿部 結太,青山学院大,https://wrestling-spirits.jp/www/wp-content/data/80/ichiran_domestic/east_college_GR.pdf
east-autumn,グレコローマン,2018,77kg,一郷 雄德,大東大,https://wrestling-spirits.jp/www/wp-content/data/80/ichiran_domestic/east_college_GR.pdf
east-autumn,グレコローマン,2018,82kg,礒田 隆,青山学院大,https://wrestling-spirits.jp/www/wp-content/data/80/ichiran_domestic/east_college_GR.pdf
east-autumn,グレコローマン,2018,87kg,前田 鴻介,国士館大,https://wrestling-spirits.jp/www/wp-content/data/80/ichiran_domestic/east_college_GR.pdf
east-autumn,グレコローマン,2018,97kg,石井 良祐,専大,https://wrestling-spirits.jp/www/wp-content/data/80/ichiran_domestic/east_college_GR.pdf
east-autumn,グレコローマン,2018,130kg,吉澤 瑠依,専大,https://wrestling-spirits.jp/www/wp-content/data/80/ichiran_domestic/east_college_GR.pdf
east-autumn,グレコローマン,2017,59kg,梨木 悠,日体大,https://wrestling-spirits.jp/www/wp-content/data/80/ichiran_domestic/east_college_GR.pdf
east-autumn,グレコローマン,2017,66kg,勝野 亮希,神奈川大,https://wrestling-spirits.jp/www/wp-content/data/80/ichiran_domestic/east_college_GR.pdf
east-autumn,グレコローマン,2017,71kg,島袋 慶生,日体大,https://wrestling-spirits.jp/www/wp-content/data/80/ichiran_domestic/east_college_GR.pdf
east-autumn,グレコローマン,2017,75kg,藤原 稜,日体大,https://wrestling-spirits.jp/www/wp-content/data/80/ichiran_domestic/east_college_GR.pdf
east-autumn,グレコローマン,2017,80kg,小林 康介,神奈川大,https://wrestling-spirits.jp/www/wp-content/data/80/ichiran_domestic/east_college_GR.pdf
east-autumn,グレコローマン,2017,85kg,岩田 直之,大東大,https://wrestling-spirits.jp/www/wp-content/data/80/ichiran_domestic/east_college_GR.pdf
east-autumn,グレコローマン,2017,98kg,中村 隆太,東洋大,https://wrestling-spirits.jp/www/wp-content/data/80/ichiran_domestic/east_college_GR.pdf
east-autumn,グレコローマン,2016,59kg,安中 友茂,日体大,https://wrestling-spirits.jp/www/wp-content/data/80/ichiran_domestic/east_college_GR.pdf
east-autumn,グレコローマン,2016,66kg,斗賀 高太郎,神奈川大,https://wrestling-spirits.jp/www/wp-content/data/80/ichiran_domestic/east_college_GR.pdf
east-autumn,グレコローマン,2016,71kg,寺田 靖也,明大,https://wrestling-spirits.jp/www/wp-content/data/80/ichiran_domestic/east_college_GR.pdf
east-autumn,グレコローマン,2016,75kg,中岡 賢祐,国士舘大,https://wrestling-spirits.jp/www/wp-content/data/80/ichiran_domestic/east_college_GR.pdf
east-autumn,グレコローマン,2016,80kg,伊藤 翔大,東洋大,https://wrestling-spirits.jp/www/wp-content/data/80/ichiran_domestic/east_college_GR.pdf
east-autumn,グレコローマン,2016,85kg,服部 弘慶,拓大,https://wrestling-spirits.jp/www/wp-content/data/80/ichiran_domestic/east_college_GR.pdf
east-autumn,グレコローマン,2016,98kg,間島 辰徳,東洋大,https://wrestling-spirits.jp/www/wp-content/data/80/ichiran_domestic/east_college_GR.pdf
east-autumn,グレコローマン,2016,130kg,日坂 侃生,中大,https://wrestling-spirits.jp/www/wp-content/data/80/ichiran_domestic/east_college_GR.pdf
east-autumn,女子,2020,50kg,宮原 乙葉,育英大,https://wrestling-spirits.jp/www/wp-content/data/80/ichiran_domestic/east_female.pdf
east-autumn,女子,2020,53kg,片岡 梨乃,早大,https://wrestling-spirits.jp/www/wp-content/data/80/ichiran_domestic/east_female.pdf
east-autumn,女子,2020,55kg,田村 生吹,日体大,https://wrestling-spirits.jp/www/wp-content/data/80/ichiran_domestic/east_female.pdf
east-autumn,女子,2020,57kg,向山 凪,育英大,https://wrestling-spirits.jp/www/wp-content/data/80/ichiran_domestic/east_female.pdf
east-autumn,女子,2020,59kg,元木 咲良,育英大,https://wrestling-spirits.jp/www/wp-content/data/80/ichiran_domestic/east_female.pdf
east-autumn,女子,2020,62kg,小玉 彩天奈,早大,https://wrestling-spirits.jp/www/wp-content/data/80/ichiran_domestic/east_female.pdf
east-autumn,女子,2020,65kg,森川 美和,日体大,https://wrestling-spirits.jp/www/wp-content/data/80/ichiran_domestic/east_female.pdf
east-autumn,女子,2020,68kg,河内 沙樹,日体大,https://wrestling-spirits.jp/www/wp-content/data/80/ichiran_domestic/east_female.pdf
east-autumn,女子,2020,72kg,小林 奏音,専大,https://wrestling-spirits.jp/www/wp-content/data/80/ichiran_domestic/east_female.pdf
east-autumn,女子,2020,76kg,鏡 優翔,東洋大,https://wrestling-spirits.jp/www/wp-content/data/80/ichiran_domestic/east_female.pdf
east-spring,フリースタイル,2026,57kg,菊地優太,拓大,https://wrestling-spirits.jp/www/wp-content/data/80/ichiran_domestic/east_college_FS.pdf
east-spring,フリースタイル,2026,61kg,及川丈尊,日体大,https://wrestling-spirits.jp/www/wp-content/data/80/ichiran_domestic/east_college_FS.pdf
east-spring,フリースタイル,2026,65kg,木村太智,中大,https://wrestling-spirits.jp/www/wp-content/data/80/ichiran_domestic/east_college_FS.pdf
east-spring,フリースタイル,2026,70kg,上村朋也,日体大,https://wrestling-spirits.jp/www/wp-content/data/80/ichiran_domestic/east_college_FS.pdf
east-spring,フリースタイル,2026,74kg,加成京介,育英大,https://wrestling-spirits.jp/www/wp-content/data/80/ichiran_domestic/east_college_FS.pdf
east-spring,フリースタイル,2026,79kg,菊田 創,青山学院大,https://wrestling-spirits.jp/www/wp-content/data/80/ichiran_domestic/east_college_FS.pdf
east-spring,フリースタイル,2026,86kg,淺野稜悟,中大,https://wrestling-spirits.jp/www/wp-content/data/80/ichiran_domestic/east_college_FS.pdf
east-spring,フリースタイル,2026,92kg,伊藤大輝,中大,https://wrestling-spirits.jp/www/wp-content/data/80/ichiran_domestic/east_college_FS.pdf
east-spring,フリースタイル,2026,97kg,中西広耀,中大,https://wrestling-spirits.jp/www/wp-content/data/80/ichiran_domestic/east_college_FS.pdf
east-spring,フリースタイル,2026,125kg,バドバヤル・ナムバルダグワ,育英大,https://wrestling-spirits.jp/www/wp-content/data/80/ichiran_domestic/east_college_FS.pdf
east-spring,フリースタイル,2025,57kg,松村祥太郎,専大,https://wrestling-spirits.jp/www/wp-content/data/80/ichiran_domestic/east_college_FS.pdf
east-spring,フリースタイル,2025,61kg,加藤敦史,国士舘大,https://wrestling-spirits.jp/www/wp-content/data/80/ichiran_domestic/east_college_FS.pdf
east-spring,フリースタイル,2025,65kg,上村律心,専大,https://wrestling-spirits.jp/www/wp-content/data/80/ichiran_domestic/east_college_FS.pdf
east-spring,フリースタイル,2025,70kg,本名帝心,育英大,https://wrestling-spirits.jp/www/wp-content/data/80/ichiran_domestic/east_college_FS.pdf
east-spring,フリースタイル,2025,74kg,山路健心,早大,https://wrestling-spirits.jp/www/wp-content/data/80/ichiran_domestic/east_college_FS.pdf
east-spring,フリースタイル,2025,79kg,後藤隼介,神奈川大,https://wrestling-spirits.jp/www/wp-content/data/80/ichiran_domestic/east_college_FS.pdf
east-spring,フリースタイル,2025,86kg,本橋知大,拓大,https://wrestling-spirits.jp/www/wp-content/data/80/ichiran_domestic/east_college_FS.pdf
east-spring,フリースタイル,2025,92kg,伊藤大輝,中大,https://wrestling-spirits.jp/www/wp-content/data/80/ichiran_domestic/east_college_FS.pdf
east-spring,フリースタイル,2025,97kg,植木優斗,東洋大,https://wrestling-spirits.jp/www/wp-content/data/80/ichiran_domestic/east_college_FS.pdf
east-spring,フリースタイル,2025,125kg,濱田豊喜,中大,https://wrestling-spirits.jp/www/wp-content/data/80/ichiran_domestic/east_college_FS.pdf
east-spring,フリースタイル,2024,57kg,日比野晴斗,神奈川大,https://wrestling-spirits.jp/www/wp-content/data/80/ichiran_domestic/east_college_FS.pdf
east-spring,フリースタイル,2024,61kg,加藤敦史,国士舘大,https://wrestling-spirits.jp/www/wp-content/data/80/ichiran_domestic/east_college_FS.pdf
east-spring,フリースタイル,2024,65kg,荻野海志,山梨学院大,https://wrestling-spirits.jp/www/wp-content/data/80/ichiran_domestic/east_college_FS.pdf
east-spring,フリースタイル,2024,70kg,冨山悠真,山梨学院大,https://wrestling-spirits.jp/www/wp-content/data/80/ichiran_domestic/east_college_FS.pdf
east-spring,フリースタイル,2024,74kg,森田魁人,山梨学院大,https://wrestling-spirits.jp/www/wp-content/data/80/ichiran_domestic/east_college_FS.pdf
east-spring,フリースタイル,2024,79kg,小柴伊織,日体大,https://wrestling-spirits.jp/www/wp-content/data/80/ichiran_domestic/east_college_FS.pdf
east-spring,フリースタイル,2024,86kg,神原弘渡,日体大,https://wrestling-spirits.jp/www/wp-content/data/80/ichiran_domestic/east_college_FS.pdf
east-spring,フリースタイル,2024,92kg,髙橋凜太郎,神奈川大,https://wrestling-spirits.jp/www/wp-content/data/80/ichiran_domestic/east_college_FS.pdf
east-spring,フリースタイル,2024,97kg,吉田アラシ,日大,https://wrestling-spirits.jp/www/wp-content/data/80/ichiran_domestic/east_college_FS.pdf
east-spring,フリースタイル,2024,125kg,ソヴィット・アビレイ,山梨学院大,https://wrestling-spirits.jp/www/wp-content/data/80/ichiran_domestic/east_college_FS.pdf
east-spring,フリースタイル,2023,57kg,島谷 真和,日大,https://wrestling-spirits.jp/www/wp-content/data/80/ichiran_domestic/east_college_FS.pdf
east-spring,フリースタイル,2023,61kg,小川 颯太,国士舘大,https://wrestling-spirits.jp/www/wp-content/data/80/ichiran_domestic/east_college_FS.pdf
east-spring,フリースタイル,2023,65kg,須田 快晴,山梨学院大,https://wrestling-spirits.jp/www/wp-content/data/80/ichiran_domestic/east_college_FS.pdf
east-spring,フリースタイル,2023,70kg,有馬 鉄太,拓大,https://wrestling-spirits.jp/www/wp-content/data/80/ichiran_domestic/east_college_FS.pdf
east-spring,フリースタイル,2023,74kg,鈴木 大樹,山梨学院大,https://wrestling-spirits.jp/www/wp-content/data/80/ichiran_domestic/east_college_FS.pdf
east-spring,フリースタイル,2023,79kg,青柳善の輔,山梨学院大,https://wrestling-spirits.jp/www/wp-content/data/80/ichiran_domestic/east_college_FS.pdf
east-spring,フリースタイル,2023,86kg,佐藤 匡記,山梨学院大,https://wrestling-spirits.jp/www/wp-content/data/80/ichiran_domestic/east_college_FS.pdf
east-spring,フリースタイル,2023,92kg,中里 優斗,中大,https://wrestling-spirits.jp/www/wp-content/data/80/ichiran_domestic/east_college_FS.pdf
east-spring,フリースタイル,2023,97kg,品 田陽平,法大,https://wrestling-spirits.jp/www/wp-content/data/80/ichiran_domestic/east_college_FS.pdf
east-spring,フリースタイル,2023,125kg,新井 裕太,国士舘大,https://wrestling-spirits.jp/www/wp-content/data/80/ichiran_domestic/east_college_FS.pdf
east-spring,フリースタイル,2022,57kg,山口 叶汰,神奈川大,https://wrestling-spirits.jp/www/wp-content/data/80/ichiran_domestic/east_college_FS.pdf
east-spring,フリースタイル,2022,61kg,野坂 晃誠,専大,https://wrestling-spirits.jp/www/wp-content/data/80/ichiran_domestic/east_college_FS.pdf
east-spring,フリースタイル,2022,65kg,大橋 寛介,日大,https://wrestling-spirits.jp/www/wp-content/data/80/ichiran_domestic/east_college_FS.pdf
east-spring,フリースタイル,2022,70kg,青柳善の輔,山梨学院大,https://wrestling-spirits.jp/www/wp-content/data/80/ichiran_domestic/east_college_FS.pdf
east-spring,フリースタイル,2022,74kg,太田 晃輝,専大,https://wrestling-spirits.jp/www/wp-content/data/80/ichiran_domestic/east_college_FS.pdf
east-spring,フリースタイル,2022,79kg,奥井 真吉,国士館大,https://wrestling-spirits.jp/www/wp-content/data/80/ichiran_domestic/east_college_FS.pdf
east-spring,フリースタイル,2022,86kg,市川アンディ,神奈川大,https://wrestling-spirits.jp/www/wp-content/data/80/ichiran_domestic/east_college_FS.pdf
east-spring,フリースタイル,2022,92kg,村島 克哉,中大,https://wrestling-spirits.jp/www/wp-content/data/80/ichiran_domestic/east_college_FS.pdf
east-spring,フリースタイル,2022,125kg,山口 浩一,神奈川大,https://wrestling-spirits.jp/www/wp-content/data/80/ichiran_domestic/east_college_FS.pdf
east-spring,フリースタイル,2021,57kg,鴇田 昇大,明大,https://wrestling-spirits.jp/www/wp-content/data/80/ichiran_domestic/east_college_FS.pdf
east-spring,フリースタイル,2021,61kg,中村 勇士,日体大,https://wrestling-spirits.jp/www/wp-content/data/80/ichiran_domestic/east_college_FS.pdf
east-spring,フリースタイル,2021,65kg,堤 泰樹,日体大,https://wrestling-spirits.jp/www/wp-content/data/80/ichiran_domestic/east_college_FS.pdf
east-spring,フリースタイル,2021,70kg,飯田 翔真,山梨学院大,https://wrestling-spirits.jp/www/wp-content/data/80/ichiran_domestic/east_college_FS.pdf
east-spring,フリースタイル,2021,74kg,高森 新世,山梨学院大,https://wrestling-spirits.jp/www/wp-content/data/80/ichiran_domestic/east_college_FS.pdf
east-spring,フリースタイル,2021,79kg,奥井 真吉,国士舘大,https://wrestling-spirits.jp/www/wp-content/data/80/ichiran_domestic/east_college_FS.pdf
east-spring,フリースタイル,2021,86kg,大渕 大聖,東洋大,https://wrestling-spirits.jp/www/wp-content/data/80/ichiran_domestic/east_college_FS.pdf
east-spring,フリースタイル,2021,92kg,大原 和也,育英大,https://wrestling-spirits.jp/www/wp-content/data/80/ichiran_domestic/east_college_FS.pdf
east-spring,フリースタイル,2021,97kg,安齊 勇馬,中大,https://wrestling-spirits.jp/www/wp-content/data/80/ichiran_domestic/east_college_FS.pdf
east-spring,フリースタイル,2021,125kg,武藤 翔吾,中大,https://wrestling-spirits.jp/www/wp-content/data/80/ichiran_domestic/east_college_FS.pdf
east-spring,フリースタイル,2019,57kg,金子 功誠,専大,https://wrestling-spirits.jp/www/wp-content/data/80/ichiran_domestic/east_college_FS.pdf
east-spring,フリースタイル,2019,61kg,矢後 公誠,日大,https://wrestling-spirits.jp/www/wp-content/data/80/ichiran_domestic/east_college_FS.pdf
east-spring,フリースタイル,2019,65kg,逆井 琉偉,日大,https://wrestling-spirits.jp/www/wp-content/data/80/ichiran_domestic/east_college_FS.pdf
east-spring,フリースタイル,2019,70kg,中村 剛士,専大,https://wrestling-spirits.jp/www/wp-content/data/80/ichiran_domestic/east_college_FS.pdf
east-spring,フリースタイル,2019,74kg,三木 雄平,青山学院大,https://wrestling-spirits.jp/www/wp-content/data/80/ichiran_domestic/east_college_FS.pdf
east-spring,フリースタイル,2019,79kg,礒川 利音,国士舘大,https://wrestling-spirits.jp/www/wp-content/data/80/ichiran_domestic/east_college_FS.pdf
east-spring,フリースタイル,2019,86kg,飯村 友基,国士舘大,https://wrestling-spirits.jp/www/wp-content/data/80/ichiran_domestic/east_college_FS.pdf
east-spring,フリースタイル,2019,92kg,横田 裕大,立大,https://wrestling-spirits.jp/www/wp-content/data/80/ichiran_domestic/east_college_FS.pdf
east-spring,フリースタイル,2019,97kg,山中 彬,中大,https://wrestling-spirits.jp/www/wp-content/data/80/ichiran_domestic/east_college_FS.pdf
east-spring,フリースタイル,2019,125kg,木村 陽仁,国士舘大,https://wrestling-spirits.jp/www/wp-content/data/80/ichiran_domestic/east_college_FS.pdf
east-spring,フリースタイル,2018,57kg,寺田 有輝,国士館大,https://wrestling-spirits.jp/www/wp-content/data/80/ichiran_domestic/east_college_FS.pdf
east-spring,フリースタイル,2018,61kg,吉村 拓海,早大,https://wrestling-spirits.jp/www/wp-content/data/80/ichiran_domestic/east_college_FS.pdf
east-spring,フリースタイル,2018,65kg,山﨑 幹太郎,法大,https://wrestling-spirits.jp/www/wp-content/data/80/ichiran_domestic/east_college_FS.pdf
east-spring,フリースタイル,2018,70kg,木村 優太,専大,https://wrestling-spirits.jp/www/wp-content/data/80/ichiran_domestic/east_college_FS.pdf
east-spring,フリースタイル,2018,74kg,本間 賢志,日大,https://wrestling-spirits.jp/www/wp-content/data/80/ichiran_domestic/east_college_FS.pdf
east-spring,フリースタイル,2018,79kg,阿部 侑太,日体大,https://wrestling-spirits.jp/www/wp-content/data/80/ichiran_domestic/east_college_FS.pdf
east-spring,フリースタイル,2018,86kg,錦戸 祐也,日体大,https://wrestling-spirits.jp/www/wp-content/data/80/ichiran_domestic/east_college_FS.pdf
east-spring,フリースタイル,2018,92kg,芝 知樹,立大,https://wrestling-spirits.jp/www/wp-content/data/80/ichiran_domestic/east_college_FS.pdf
east-spring,フリースタイル,2018,97kg,恒石 昌輝,専大,https://wrestling-spirits.jp/www/wp-content/data/80/ichiran_domestic/east_college_FS.pdf
east-spring,フリースタイル,2018,125kg,米川 優人,明大,https://wrestling-spirits.jp/www/wp-content/data/80/ichiran_domestic/east_college_FS.pdf
east-spring,フリースタイル,2017,57kg,伊藤 奨,早大,https://wrestling-spirits.jp/www/wp-content/data/80/ichiran_domestic/east_college_FS.pdf
east-spring,フリースタイル,2017,61kg,寺田 光輝,日体大,https://wrestling-spirits.jp/www/wp-content/data/80/ichiran_domestic/east_college_FS.pdf
east-spring,フリースタイル,2017,65kg,清水 洸希,拓大,https://wrestling-spirits.jp/www/wp-content/data/80/ichiran_domestic/east_college_FS.pdf
east-spring,フリースタイル,2017,70kg,中村 優太,専大,https://wrestling-spirits.jp/www/wp-content/data/80/ichiran_domestic/east_college_FS.pdf
east-spring,フリースタイル,2017,74kg,時田 直人,中大,https://wrestling-spirits.jp/www/wp-content/data/80/ichiran_domestic/east_college_FS.pdf
east-spring,フリースタイル,2017,86kg,川畑 光,東洋大,https://wrestling-spirits.jp/www/wp-content/data/80/ichiran_domestic/east_college_FS.pdf
east-spring,フリースタイル,2017,97kg,加藤 耀汰,国士舘大,https://wrestling-spirits.jp/www/wp-content/data/80/ichiran_domestic/east_college_FS.pdf
east-spring,フリースタイル,2017,125kg,宮原 将裕,大東大,https://wrestling-spirits.jp/www/wp-content/data/80/ichiran_domestic/east_college_FS.pdf
east-spring,グレコローマン,2026,55kg,森岡一護,育英大,https://wrestling-spirits.jp/www/wp-content/data/80/ichiran_domestic/east_college_GR.pdf
east-spring,グレコローマン,2026,60kg,伊藤慶大,育英大,https://wrestling-spirits.jp/www/wp-content/data/80/ichiran_domestic/east_college_GR.pdf
east-spring,グレコローマン,2026,63kg,古市一翔,育英大,https://wrestling-spirits.jp/www/wp-content/data/80/ichiran_domestic/east_college_GR.pdf
east-spring,グレコローマン,2026,67kg,直井夢希,日体大,https://wrestling-spirits.jp/www/wp-content/data/80/ichiran_domestic/east_college_GR.pdf
east-spring,グレコローマン,2026,72kg,有田英慎,育英大,https://wrestling-spirits.jp/www/wp-content/data/80/ichiran_domestic/east_college_GR.pdf
east-spring,グレコローマン,2026,77kg,デンジャフィールド・ルーシアス・アポロ,神奈川大,https://wrestling-spirits.jp/www/wp-content/data/80/ichiran_domestic/east_college_GR.pdf
east-spring,グレコローマン,2026,82kg,山口叶太,中大,https://wrestling-spirits.jp/www/wp-content/data/80/ichiran_domestic/east_college_GR.pdf
east-spring,グレコローマン,2026,87kg,矢作元貴,法大,https://wrestling-spirits.jp/www/wp-content/data/80/ichiran_domestic/east_college_GR.pdf
east-spring,グレコローマン,2026,97kg,中沢遥貴,山梨学院大,https://wrestling-spirits.jp/www/wp-content/data/80/ichiran_domestic/east_college_GR.pdf
east-spring,グレコローマン,2025,55kg,中平晴人,育英大,https://wrestling-spirits.jp/www/wp-content/data/80/ichiran_domestic/east_college_GR.pdf
east-spring,グレコローマン,2025,60kg,今井悠稀,国士舘大,https://wrestling-spirits.jp/www/wp-content/data/80/ichiran_domestic/east_college_GR.pdf
east-spring,グレコローマン,2025,63kg,島崎翔悟,専大,https://wrestling-spirits.jp/www/wp-content/data/80/ichiran_domestic/east_college_GR.pdf
east-spring,グレコローマン,2025,67kg,屶網剣勝,拓大,https://wrestling-spirits.jp/www/wp-content/data/80/ichiran_domestic/east_college_GR.pdf
east-spring,グレコローマン,2025,72kg,深澤昂空,育英大,https://wrestling-spirits.jp/www/wp-content/data/80/ichiran_domestic/east_college_GR.pdf
east-spring,グレコローマン,2025,77kg,デンジャフィールド・ルーシアス・アポロ,神奈川大,https://wrestling-spirits.jp/www/wp-content/data/80/ichiran_domestic/east_college_GR.pdf
east-spring,グレコローマン,2025,82kg,松崎繕弘,拓大,https://wrestling-spirits.jp/www/wp-content/data/80/ichiran_domestic/east_college_GR.pdf
east-spring,グレコローマン,2025,87kg,矢作元貴,法大,https://wrestling-spirits.jp/www/wp-content/data/80/ichiran_domestic/east_college_GR.pdf
east-spring,グレコローマン,2024,55kg,河野隆真,拓大,https://wrestling-spirits.jp/www/wp-content/data/80/ichiran_domestic/east_college_GR.pdf
east-spring,グレコローマン,2024,60kg,増田壮兼,育英大,https://wrestling-spirits.jp/www/wp-content/data/80/ichiran_domestic/east_college_GR.pdf
east-spring,グレコローマン,2024,63kg,徳比嘉未仁,日体大,https://wrestling-spirits.jp/www/wp-content/data/80/ichiran_domestic/east_college_GR.pdf
east-spring,グレコローマン,2024,67kg,三谷剛大,育英大,https://wrestling-spirits.jp/www/wp-content/data/80/ichiran_domestic/east_college_GR.pdf
east-spring,グレコローマン,2024,72kg,本名一晟,育英大,https://wrestling-spirits.jp/www/wp-content/data/80/ichiran_domestic/east_college_GR.pdf
east-spring,グレコローマン,2024,77kg,鈴木大樹,山梨学院大,https://wrestling-spirits.jp/www/wp-content/data/80/ichiran_domestic/east_college_GR.pdf
east-spring,グレコローマン,2024,82kg,高原崇陽,専大,https://wrestling-spirits.jp/www/wp-content/data/80/ichiran_domestic/east_college_GR.pdf
east-spring,グレコローマン,2024,87kg,吉澤 英,育英大,https://wrestling-spirits.jp/www/wp-content/data/80/ichiran_domestic/east_college_GR.pdf
east-spring,グレコローマン,2024,97kg,栗城和弥,日体大,https://wrestling-spirits.jp/www/wp-content/data/80/ichiran_domestic/east_college_GR.pdf
east-spring,グレコローマン,2024,130kg,岩澤 歩,日体大,https://wrestling-spirits.jp/www/wp-content/data/80/ichiran_domestic/east_college_GR.pdf
east-spring,グレコローマン,2023,55kg,増田 壮兼,育英大,https://wrestling-spirits.jp/www/wp-content/data/80/ichiran_domestic/east_college_GR.pdf
east-spring,グレコローマン,2023,60kg,大塚 颯,日体大,https://wrestling-spirits.jp/www/wp-content/data/80/ichiran_domestic/east_college_GR.pdf
east-spring,グレコローマン,2023,63kg,田南部魁星,日体大,https://wrestling-spirits.jp/www/wp-content/data/80/ichiran_domestic/east_college_GR.pdf
east-spring,グレコローマン,2023,67kg,豊田 崚真,拓大,https://wrestling-spirits.jp/www/wp-content/data/80/ichiran_domestic/east_college_GR.pdf
east-spring,グレコローマン,2023,72kg,三多見 明,拓大,https://wrestling-spirits.jp/www/wp-content/data/80/ichiran_domestic/east_college_GR.pdf
east-spring,グレコローマン,2023,77kg,田中 勝大,拓大,https://wrestling-spirits.jp/www/wp-content/data/80/ichiran_domestic/east_college_GR.pdf
east-spring,グレコローマン,2023,82kg,窪田 大羅,中大,https://wrestling-spirits.jp/www/wp-content/data/80/ichiran_domestic/east_college_GR.pdf
east-spring,グレコローマン,2023,87kg,岩井 知史,明大,https://wrestling-spirits.jp/www/wp-content/data/80/ichiran_domestic/east_college_GR.pdf
east-spring,グレコローマン,2023,97kg,加藤 大翔,国士舘大,https://wrestling-spirits.jp/www/wp-content/data/80/ichiran_domestic/east_college_GR.pdf
east-spring,グレコローマン,2023,130kg,宮内 勇真,神奈川大,https://wrestling-spirits.jp/www/wp-content/data/80/ichiran_domestic/east_college_GR.pdf
east-spring,グレコローマン,2022,55kg,齋藤 成龍,神奈川大,https://wrestling-spirits.jp/www/wp-content/data/80/ichiran_domestic/east_college_GR.pdf
east-spring,グレコローマン,2022,60kg,松本 健新,神奈川大,https://wrestling-spirits.jp/www/wp-content/data/80/ichiran_domestic/east_college_GR.pdf
east-spring,グレコローマン,2022,63kg,萩原 大和,拓大,https://wrestling-spirits.jp/www/wp-content/data/80/ichiran_domestic/east_college_GR.pdf
east-spring,グレコローマン,2022,67kg,堤 滋樹,日体大,https://wrestling-spirits.jp/www/wp-content/data/80/ichiran_domestic/east_college_GR.pdf
east-spring,グレコローマン,2022,72kg,中田 翔輝,日体大,https://wrestling-spirits.jp/www/wp-content/data/80/ichiran_domestic/east_college_GR.pdf
east-spring,グレコローマン,2022,77kg,今井 仁聖,神奈川大,https://wrestling-spirits.jp/www/wp-content/data/80/ichiran_domestic/east_college_GR.pdf
east-spring,グレコローマン,2022,82kg,樋口 徹心,日体大,https://wrestling-spirits.jp/www/wp-content/data/80/ichiran_domestic/east_college_GR.pdf
east-spring,グレコローマン,2022,87kg,白井 達也,日体大,https://wrestling-spirits.jp/www/wp-content/data/80/ichiran_domestic/east_college_GR.pdf
east-spring,グレコローマン,2022,97kg,吉村 海里,国士館大,https://wrestling-spirits.jp/www/wp-content/data/80/ichiran_domestic/east_college_GR.pdf
east-spring,グレコローマン,2022,130kg,西村 麻凜,国士館大,https://wrestling-spirits.jp/www/wp-content/data/80/ichiran_domestic/east_college_GR.pdf
east-spring,グレコローマン,2021,55kg,塩崎 泰隆,日体大,https://wrestling-spirits.jp/www/wp-content/data/80/ichiran_domestic/east_college_GR.pdf
east-spring,グレコローマン,2021,60kg,松本 健新,神奈川大,https://wrestling-spirits.jp/www/wp-content/data/80/ichiran_domestic/east_college_GR.pdf
east-spring,グレコローマン,2021,63kg,小柴 亮太,日体大,https://wrestling-spirits.jp/www/wp-content/data/80/ichiran_domestic/east_college_GR.pdf
east-spring,グレコローマン,2021,67kg,池田 龍斗,日体大,https://wrestling-spirits.jp/www/wp-content/data/80/ichiran_domestic/east_college_GR.pdf
east-spring,グレコローマン,2021,72kg,原田 真吾,育英大,https://wrestling-spirits.jp/www/wp-content/data/80/ichiran_domestic/east_college_GR.pdf
east-spring,グレコローマン,2021,77kg,水口 竣介,拓大,https://wrestling-spirits.jp/www/wp-content/data/80/ichiran_domestic/east_college_GR.pdf
east-spring,グレコローマン,2021,82kg,小西 温也,拓大,https://wrestling-spirits.jp/www/wp-content/data/80/ichiran_domestic/east_college_GR.pdf
east-spring,グレコローマン,2021,87kg,島田 京介,神奈川大,https://wrestling-spirits.jp/www/wp-content/data/80/ichiran_domestic/east_college_GR.pdf
east-spring,グレコローマン,2021,97kg,伊藤飛未来,日体大,https://wrestling-spirits.jp/www/wp-content/data/80/ichiran_domestic/east_college_GR.pdf
east-spring,グレコローマン,2021,130kg,西村 麻凜,国士舘大,https://wrestling-spirits.jp/www/wp-content/data/80/ichiran_domestic/east_college_GR.pdf
east-spring,グレコローマン,2019,55kg,星野 工,日体大,https://wrestling-spirits.jp/www/wp-content/data/80/ichiran_domestic/east_college_GR.pdf
east-spring,グレコローマン,2019,60kg,大城 達人,国士舘大,https://wrestling-spirits.jp/www/wp-content/data/80/ichiran_domestic/east_college_GR.pdf
east-spring,グレコローマン,2019,63kg,鈴木 絢大,日体大,https://wrestling-spirits.jp/www/wp-content/data/80/ichiran_domestic/east_college_GR.pdf
east-spring,グレコローマン,2019,67kg,藤島 雄太,拓大,https://wrestling-spirits.jp/www/wp-content/data/80/ichiran_domestic/east_college_GR.pdf
east-spring,グレコローマン,2019,72kg,中村 拓磨,専大,https://wrestling-spirits.jp/www/wp-content/data/80/ichiran_domestic/east_college_GR.pdf
east-spring,グレコローマン,2019,77kg,一郷 雄徳,大東大,https://wrestling-spirits.jp/www/wp-content/data/80/ichiran_domestic/east_college_GR.pdf
east-spring,グレコローマン,2019,82kg,田中 真男,日体大,https://wrestling-spirits.jp/www/wp-content/data/80/ichiran_domestic/east_college_GR.pdf
east-spring,グレコローマン,2019,87kg,生形 航汰,日大,https://wrestling-spirits.jp/www/wp-content/data/80/ichiran_domestic/east_college_GR.pdf
east-spring,グレコローマン,2019,97kg,三浦 庶宏,神奈川大,https://wrestling-spirits.jp/www/wp-content/data/80/ichiran_domestic/east_college_GR.pdf
east-spring,グレコローマン,2019,130kg,若林 慶悟,東洋大,https://wrestling-spirits.jp/www/wp-content/data/80/ichiran_domestic/east_college_GR.pdf
east-spring,グレコローマン,2018,55kg,山口 純平,日体大,https://wrestling-spirits.jp/www/wp-content/data/80/ichiran_domestic/east_college_GR.pdf
east-spring,グレコローマン,2018,63kg,山田 義起,日体大,https://wrestling-spirits.jp/www/wp-content/data/80/ichiran_domestic/east_college_GR.pdf
east-spring,グレコローマン,2018,67kg,藤島 雄太,拓大,https://wrestling-spirits.jp/www/wp-content/data/80/ichiran_domestic/east_college_GR.pdf
east-spring,グレコローマン,2018,72kg,下地 恵永,専大,https://wrestling-spirits.jp/www/wp-content/data/80/ichiran_domestic/east_college_GR.pdf
east-spring,グレコローマン,2018,77kg,加藤 穂高,国士館大,https://wrestling-spirits.jp/www/wp-content/data/80/ichiran_domestic/east_college_GR.pdf
east-spring,グレコローマン,2018,82kg,小林 康介,神奈川大,https://wrestling-spirits.jp/www/wp-content/data/80/ichiran_domestic/east_college_GR.pdf
east-spring,グレコローマン,2018,87kg,松崎 勇人,日体大,https://wrestling-spirits.jp/www/wp-content/data/80/ichiran_domestic/east_college_GR.pdf
east-spring,グレコローマン,2018,97kg,出口 滋文,日体大,https://wrestling-spirits.jp/www/wp-content/data/80/ichiran_domestic/east_college_GR.pdf
east-spring,グレコローマン,2018,130kg,菅野 雅之,日体大,https://wrestling-spirits.jp/www/wp-content/data/80/ichiran_domestic/east_college_GR.pdf
east-spring,グレコローマン,2017,59kg,山口 翔,神奈川大,https://wrestling-spirits.jp/www/wp-content/data/80/ichiran_domestic/east_college_GR.pdf
east-spring,グレコローマン,2017,66kg,神田 航也,大東大,https://wrestling-spirits.jp/www/wp-content/data/80/ichiran_domestic/east_college_GR.pdf
east-spring,グレコローマン,2017,71kg,村上 翔,日体大,https://wrestling-spirits.jp/www/wp-content/data/80/ichiran_domestic/east_college_GR.pdf
east-spring,グレコローマン,2017,75kg,葛谷 拳龍,神奈川大,https://wrestling-spirits.jp/www/wp-content/data/80/ichiran_domestic/east_college_GR.pdf
east-spring,グレコローマン,2017,80kg,小林 拓真,日大,https://wrestling-spirits.jp/www/wp-content/data/80/ichiran_domestic/east_college_GR.pdf
east-spring,グレコローマン,2017,85kg,堤 卓哉,中大,https://wrestling-spirits.jp/www/wp-content/data/80/ichiran_domestic/east_college_GR.pdf
east-spring,グレコローマン,2017,98kg,菅野 雅之,日体大,https://wrestling-spirits.jp/www/wp-content/data/80/ichiran_domestic/east_college_GR.pdf
east-spring,グレコローマン,2017,130kg,間島 辰徳,東洋大,https://wrestling-spirits.jp/www/wp-content/data/80/ichiran_domestic/east_college_GR.pdf
east-spring,女子,2026,50kg,川村百花,法大,https://wrestling-spirits.jp/www/wp-content/data/80/ichiran_domestic/east_female.pdf
east-spring,女子,2026,53kg,小川凜佳,育英大,https://wrestling-spirits.jp/www/wp-content/data/80/ichiran_domestic/east_female.pdf
east-spring,女子,2026,55kg,澤谷ゆな,育英大,https://wrestling-spirits.jp/www/wp-content/data/80/ichiran_domestic/east_female.pdf
east-spring,女子,2026,57kg,山下叶夢,東洋大,https://wrestling-spirits.jp/www/wp-content/data/80/ichiran_domestic/east_female.pdf
east-spring,女子,2026,59kg,小柴ゆり,育英大,https://wrestling-spirits.jp/www/wp-content/data/80/ichiran_domestic/east_female.pdf
east-spring,女子,2026,62kg,筒井 双,法大,https://wrestling-spirits.jp/www/wp-content/data/80/ichiran_domestic/east_female.pdf
east-spring,女子,2026,65kg,相磯ひなた,東洋大,https://wrestling-spirits.jp/www/wp-content/data/80/ichiran_domestic/east_female.pdf
east-spring,女子,2026,68kg,松山 楓,法大,https://wrestling-spirits.jp/www/wp-content/data/80/ichiran_domestic/east_female.pdf
east-spring,女子,2025,50kg,小川凜佳,育英大,https://wrestling-spirits.jp/www/wp-content/data/80/ichiran_domestic/east_female.pdf
east-spring,女子,2025,53kg,原田 渚,育英大,https://wrestling-spirits.jp/www/wp-content/data/80/ichiran_domestic/east_female.pdf
east-spring,女子,2025,55kg,池畑葉菜,育英大,https://wrestling-spirits.jp/www/wp-content/data/80/ichiran_domestic/east_female.pdf
east-spring,女子,2025,57kg,本多香里奈,神奈川大,https://wrestling-spirits.jp/www/wp-content/data/80/ichiran_domestic/east_female.pdf
east-spring,女子,2025,59kg,小野こなみ,日体大,https://wrestling-spirits.jp/www/wp-content/data/80/ichiran_domestic/east_female.pdf
east-spring,女子,2025,62kg,竹元紫凛,育英大,https://wrestling-spirits.jp/www/wp-content/data/80/ichiran_domestic/east_female.pdf
east-spring,女子,2025,65kg,佐々木すず,中大,https://wrestling-spirits.jp/www/wp-content/data/80/ichiran_domestic/east_female.pdf
east-spring,女子,2024,50kg,太田真蓉,東洋大,https://wrestling-spirits.jp/www/wp-content/data/80/ichiran_domestic/east_female.pdf
east-spring,女子,2024,53kg,大野真子,日体大,https://wrestling-spirits.jp/www/wp-content/data/80/ichiran_domestic/east_female.pdf
east-spring,女子,2024,55kg,横瀬亜美,国士舘大,https://wrestling-spirits.jp/www/wp-content/data/80/ichiran_domestic/east_female.pdf
east-spring,女子,2024,57kg,新井一花,育英大,https://wrestling-spirits.jp/www/wp-content/data/80/ichiran_domestic/east_female.pdf
east-spring,女子,2024,59kg,尾西 桜,日体大,https://wrestling-spirits.jp/www/wp-content/data/80/ichiran_domestic/east_female.pdf
east-spring,女子,2024,62kg,伊藤 渚,日体大,https://wrestling-spirits.jp/www/wp-content/data/80/ichiran_domestic/east_female.pdf
east-spring,女子,2024,68kg,石井亜海,育英大,https://wrestling-spirits.jp/www/wp-content/data/80/ichiran_domestic/east_female.pdf
east-spring,女子,2024,72kg,新倉すみれ,神奈川大,https://wrestling-spirits.jp/www/wp-content/data/80/ichiran_domestic/east_female.pdf
east-spring,女子,2024,76kg,駒田真琴,神奈川大,https://wrestling-spirits.jp/www/wp-content/data/80/ichiran_domestic/east_female.pdf
east-spring,女子,2023,50kg,櫻井はなの,育英大,https://wrestling-spirits.jp/www/wp-content/data/80/ichiran_domestic/east_female.pdf
east-spring,女子,2023,53kg,大野真子,日体大,https://wrestling-spirits.jp/www/wp-content/data/80/ichiran_domestic/east_female.pdf
east-spring,女子,2023,55kg,五味音々,育英大,https://wrestling-spirits.jp/www/wp-content/data/80/ichiran_domestic/east_female.pdf
east-spring,女子,2023,57kg,中村成実,法大,https://wrestling-spirits.jp/www/wp-content/data/80/ichiran_domestic/east_female.pdf
east-spring,女子,2023,59kg,山下叶夢,東洋大,https://wrestling-spirits.jp/www/wp-content/data/80/ichiran_domestic/east_female.pdf
east-spring,女子,2023,62kg,佐々木すず,中大,https://wrestling-spirits.jp/www/wp-content/data/80/ichiran_domestic/east_female.pdf
east-spring,女子,2023,65kg,伊藤 渚,日体大,https://wrestling-spirits.jp/www/wp-content/data/80/ichiran_domestic/east_female.pdf
east-spring,女子,2023,68kg,吉武まひろ,日体大,https://wrestling-spirits.jp/www/wp-content/data/80/ichiran_domestic/east_female.pdf
east-spring,女子,2023,72kg,新倉すみれ,神奈川大,https://wrestling-spirits.jp/www/wp-content/data/80/ichiran_domestic/east_female.pdf
east-spring,女子,2022,50kg,櫻井はなの,育英大,https://wrestling-spirits.jp/www/wp-content/data/80/ichiran_domestic/east_female.pdf
east-spring,女子,2022,53kg,片岡梨乃,早大,https://wrestling-spirits.jp/www/wp-content/data/80/ichiran_domestic/east_female.pdf
east-spring,女子,2022,55kg,相原志織,日体大,https://wrestling-spirits.jp/www/wp-content/data/80/ichiran_domestic/east_female.pdf
east-spring,女子,2022,57kg,今井佑海,日大,https://wrestling-spirits.jp/www/wp-content/data/80/ichiran_domestic/east_female.pdf
east-spring,女子,2022,59kg,岡田純奈,日体大,https://wrestling-spirits.jp/www/wp-content/data/80/ichiran_domestic/east_female.pdf
east-spring,女子,2022,62kg,惣崎優音,日体大,https://wrestling-spirits.jp/www/wp-content/data/80/ichiran_domestic/east_female.pdf
east-spring,女子,2022,65kg,平井かえで,育英大,https://wrestling-spirits.jp/www/wp-content/data/80/ichiran_domestic/east_female.pdf
east-spring,女子,2022,72kg,大関永優美,日大,https://wrestling-spirits.jp/www/wp-content/data/80/ichiran_domestic/east_female.pdf
east-spring,女子,2021,50kg,宮原 乙葉,育英大,https://wrestling-spirits.jp/www/wp-content/data/80/ichiran_domestic/east_female.pdf
east-spring,女子,2021,53kg,下野 佑実,育英大,https://wrestling-spirits.jp/www/wp-content/data/80/ichiran_domestic/east_female.pdf
east-spring,女子,2021,55kg,田村 生吹,日体大,https://wrestling-spirits.jp/www/wp-content/data/80/ichiran_domestic/east_female.pdf
east-spring,女子,2021,57kg,櫻井 つぐみ,育英大,https://wrestling-spirits.jp/www/wp-content/data/80/ichiran_domestic/east_female.pdf
east-spring,女子,2021,59kg,元木 咲良,育英大,https://wrestling-spirits.jp/www/wp-content/data/80/ichiran_domestic/east_female.pdf
east-spring,女子,2021,62kg,吉武 まひろ,日体大,https://wrestling-spirits.jp/www/wp-content/data/80/ichiran_domestic/east_female.pdf
east-spring,女子,2021,65kg,森川 美和,日体大,https://wrestling-spirits.jp/www/wp-content/data/80/ichiran_domestic/east_female.pdf
east-spring,女子,2021,68kg,寺本 鈴,山梨学院大,https://wrestling-spirits.jp/www/wp-content/data/80/ichiran_domestic/east_female.pdf
east-spring,女子,2021,72kg,新倉 すみれ,神奈川大,https://wrestling-spirits.jp/www/wp-content/data/80/ichiran_domestic/east_female.pdf
east-spring,女子,2021,76kg,長島 水城,大東大,https://wrestling-spirits.jp/www/wp-content/data/80/ichiran_domestic/east_female.pdf
east-spring,女子,2019,50kg,清水 美海,日大,https://wrestling-spirits.jp/www/wp-content/data/80/ichiran_domestic/east_female.pdf
east-spring,女子,2019,53kg,吉村 涼菜,東洋大,https://wrestling-spirits.jp/www/wp-content/data/80/ichiran_domestic/east_female.pdf
east-spring,女子,2019,55kg,吉柴 未彩輝,大東大,https://wrestling-spirits.jp/www/wp-content/data/80/ichiran_domestic/east_female.pdf
east-spring,女子,2019,57kg,太田 若那,東洋大,https://wrestling-spirits.jp/www/wp-content/data/80/ichiran_domestic/east_female.pdf
east-spring,女子,2019,59kg,田南部 夢叶,日体大,https://wrestling-spirits.jp/www/wp-content/data/80/ichiran_domestic/east_female.pdf
east-spring,女子,2019,62kg,小玉彩 天奈,早大,https://wrestling-spirits.jp/www/wp-content/data/80/ichiran_domestic/east_female.pdf
east-spring,女子,2019,65kg,森川 美和,日体大,https://wrestling-spirits.jp/www/wp-content/data/80/ichiran_domestic/east_female.pdf
east-spring,女子,2019,68kg,宮道 りん,日体大,https://wrestling-spirits.jp/www/wp-content/data/80/ichiran_domestic/east_female.pdf
east-spring,女子,2019,72kg,小林 奏音,専大,https://wrestling-spirits.jp/www/wp-content/data/80/ichiran_domestic/east_female.pdf
east-spring,女子,2018,50kg,澤田 千優,青山学院大,https://wrestling-spirits.jp/www/wp-content/data/80/ichiran_domestic/east_female.pdf
east-spring,女子,2018,53kg,須﨑 優衣,早大,https://wrestling-spirits.jp/www/wp-content/data/80/ichiran_domestic/east_female.pdf
east-spring,女子,2018,55kg,谷山 菜緒,法大,https://wrestling-spirits.jp/www/wp-content/data/80/ichiran_domestic/east_female.pdf
east-spring,女子,2018,57kg,田南部 夢叶,日体大,https://wrestling-spirits.jp/www/wp-content/data/80/ichiran_domestic/east_female.pdf
east-spring,女子,2018,59kg,今 佑海,日大,https://wrestling-spirits.jp/www/wp-content/data/80/ichiran_domestic/east_female.pdf
east-spring,女子,2018,62kg,熊野 ゆづる,日大,https://wrestling-spirits.jp/www/wp-content/data/80/ichiran_domestic/east_female.pdf
east-spring,女子,2018,65kg,河内 沙樹,日体大,https://wrestling-spirits.jp/www/wp-content/data/80/ichiran_domestic/east_female.pdf
east-spring,女子,2018,68kg,森川 美和,日体大,https://wrestling-spirits.jp/www/wp-content/data/80/ichiran_domestic/east_female.pdf
east-spring,女子,2018,72kg,福島 宇美,明大,https://wrestling-spirits.jp/www/wp-content/data/80/ichiran_domestic/east_female.pdf
east-spring,女子,2018,76kg,進藤 芽伊,日体大,https://wrestling-spirits.jp/www/wp-content/data/80/ichiran_domestic/east_female.pdf
east-spring,女子,2017,48kg,岡本 佳子,日体大,https://wrestling-spirits.jp/www/wp-content/data/80/ichiran_domestic/east_female.pdf
east-spring,女子,2017,53kg,石森 美月,法大,https://wrestling-spirits.jp/www/wp-content/data/80/ichiran_domestic/east_female.pdf
east-spring,女子,2017,55kg,小林 奏音,早大,https://wrestling-spirits.jp/www/wp-content/data/80/ichiran_domestic/east_female.pdf
east-spring,女子,2017,58kg,葛谷 美瑠,日体大,https://wrestling-spirits.jp/www/wp-content/data/80/ichiran_domestic/east_female.pdf
east-spring,女子,2017,60kg,飯塚 みなみ,大東大,https://wrestling-spirits.jp/www/wp-content/data/80/ichiran_domestic/east_female.pdf
east-spring,女子,2017,63kg,屋比 久すず,国士舘大,https://wrestling-spirits.jp/www/wp-content/data/80/ichiran_domestic/east_female.pdf
east-spring,女子,2017,69kg,鈴木 芽衣,東洋大,https://wrestling-spirits.jp/www/wp-content/data/80/ichiran_domestic/east_female.pdf
east-spring,女子,2017,75kg,進藤 芽伊,日体大,https://wrestling-spirits.jp/www/wp-content/data/80/ichiran_domestic/east_female.pdf
east-spring,女子,2016,48kg,加賀田 葵夏,青山学院大,https://wrestling-spirits.jp/www/wp-content/data/80/ichiran_domestic/east_female.pdf
east-spring,女子,2016,53kg,宮原 優,東洋大,https://wrestling-spirits.jp/www/wp-content/data/80/ichiran_domestic/east_female.pdf
east-spring,女子,2016,55kg,木村 安里,群馬大,https://wrestling-spirits.jp/www/wp-content/data/80/ichiran_domestic/east_female.pdf
east-spring,女子,2016,58kg,宮田 理菜,法大,https://wrestling-spirits.jp/www/wp-content/data/80/ichiran_domestic/east_female.pdf
east-spring,女子,2016,60kg,矢後 愛佳,日大,https://wrestling-spirits.jp/www/wp-content/data/80/ichiran_domestic/east_female.pdf
east-spring,女子,2016,63kg,河内 美樹,日体大,https://wrestling-spirits.jp/www/wp-content/data/80/ichiran_domestic/east_female.pdf
east-spring,女子,2016,69kg,鈴木 芽衣,東洋大,https://wrestling-spirits.jp/www/wp-content/data/80/ichiran_domestic/east_female.pdf
east-spring,女子,2015,48kg,須崎 麻衣,早大,https://wrestling-spirits.jp/www/wp-content/data/80/ichiran_domestic/east_female.pdf
east-spring,女子,2015,53kg,齋藤 ほのか,法大,https://wrestling-spirits.jp/www/wp-content/data/80/ichiran_domestic/east_female.pdf
east-spring,女子,2015,58kg,倉舘 愛,日大,https://wrestling-spirits.jp/www/wp-content/data/80/ichiran_domestic/east_female.pdf
east-spring,女子,2015,63kg,高橋 海寿々,早大,https://wrestling-spirits.jp/www/wp-content/data/80/ichiran_domestic/east_female.pdf
east-spring,女子,2015,69kg,高橋 寿奈,日大,https://wrestling-spirits.jp/www/wp-content/data/80/ichiran_domestic/east_female.pdf
east-spring,女子,2015,75kg,阿部 梨乃,日大,https://wrestling-spirits.jp/www/wp-content/data/80/ichiran_domestic/east_female.pdf
east-spring,女子,2014,48kg,木村 早耶架,日体大,https://wrestling-spirits.jp/www/wp-content/data/80/ichiran_domestic/east_female.pdf
east-spring,女子,2014,53kg,宮原 優,東洋大,https://wrestling-spirits.jp/www/wp-content/data/80/ichiran_domestic/east_female.pdf
east-spring,女子,2014,58kg,香山 芳美,早大,https://wrestling-spirits.jp/www/wp-content/data/80/ichiran_domestic/east_female.pdf
east-spring,女子,2014,60kg,村田 夏南子,日大,https://wrestling-spirits.jp/www/wp-content/data/80/ichiran_domestic/east_female.pdf
east-spring,女子,2014,63kg,坂野 結衣,日大,https://wrestling-spirits.jp/www/wp-content/data/80/ichiran_domestic/east_female.pdf
east-spring,女子,2014,69kg,橋本 千紘,日大,https://wrestling-spirits.jp/www/wp-content/data/80/ichiran_domestic/east_female.pdf
east-spring,女子,2014,75kg,阿部 梨乃,日大,https://wrestling-spirits.jp/www/wp-content/data/80/ichiran_domestic/east_female.pdf
east-spring,女子,2013,48kg,青野 ひかる,日大,https://wrestling-spirits.jp/www/wp-content/data/80/ichiran_domestic/east_female.pdf
east-spring,女子,2013,51kg,齋藤 ほのか,法大,https://wrestling-spirits.jp/www/wp-content/data/80/ichiran_domestic/east_female.pdf
east-spring,女子,2013,55kg,平野 遥香,日大,https://wrestling-spirits.jp/www/wp-content/data/80/ichiran_domestic/east_female.pdf
east-spring,女子,2013,59kg,木下 茜,法大,https://wrestling-spirits.jp/www/wp-content/data/80/ichiran_domestic/east_female.pdf
east-spring,女子,2013,63kg,上原 榛奈,法大,https://wrestling-spirits.jp/www/wp-content/data/80/ichiran_domestic/east_female.pdf
east-spring,女子,2013,67kg,歌田 圭純,東洋大,https://wrestling-spirits.jp/www/wp-content/data/80/ichiran_domestic/east_female.pdf
east-spring,女子,2013,72kg,橋本 千紘,日大,https://wrestling-spirits.jp/www/wp-content/data/80/ichiran_domestic/east_female.pdf
east-spring,女子,2012,48kg,矢後 佑華,日大,https://wrestling-spirits.jp/www/wp-content/data/80/ichiran_domestic/east_female.pdf
east-spring,女子,2012,51kg,齋藤 ほのか,法大,https://wrestling-spirits.jp/www/wp-content/data/80/ichiran_domestic/east_female.pdf
east-spring,女子,2012,55kg,平野 遥香,日大,https://wrestling-spirits.jp/www/wp-content/data/80/ichiran_domestic/east_female.pdf
east-spring,女子,2012,59kg,上原 榛奈,法大,https://wrestling-spirits.jp/www/wp-content/data/80/ichiran_domestic/east_female.pdf
east-spring,女子,2012,63kg,歌田 圭純,東洋大,https://wrestling-spirits.jp/www/wp-content/data/80/ichiran_domestic/east_female.pdf
east-spring,女子,2012,67kg,橋本 千紘,日大,https://wrestling-spirits.jp/www/wp-content/data/80/ichiran_domestic/east_female.pdf
east-spring,女子,2012,72kg,飯島 千晶,日大,https://wrestling-spirits.jp/www/wp-content/data/80/ichiran_domestic/east_female.pdf
east-spring,女子,2011,48kg,田中 亜里沙,早大,https://wrestling-spirits.jp/www/wp-content/data/80/ichiran_domestic/east_female.pdf
east-spring,女子,2011,51kg,平野 遥香,日大,https://wrestling-spirits.jp/www/wp-content/data/80/ichiran_domestic/east_female.pdf
east-spring,女子,2011,55kg,木下 茜,法大,https://wrestling-spirits.jp/www/wp-content/data/80/ichiran_domestic/east_female.pdf
east-spring,女子,2011,59kg,新井 千明,早大,https://wrestling-spirits.jp/www/wp-content/data/80/ichiran_domestic/east_female.pdf
east-spring,女子,2011,63kg,歌田 圭純,東洋大,https://wrestling-spirits.jp/www/wp-content/data/80/ichiran_domestic/east_female.pdf
east-spring,女子,2011,67kg,橋本 千紘,日大,https://wrestling-spirits.jp/www/wp-content/data/80/ichiran_domestic/east_female.pdf
east-spring,女子,2011,72kg,飯島 千晶,日大,https://wrestling-spirits.jp/www/wp-content/data/80/ichiran_domestic/east_female.pdf
east-spring,女子,2010,48kg,三村 冬子,日大,https://wrestling-spirits.jp/www/wp-content/data/80/ichiran_domestic/east_female.pdf
east-spring,女子,2010,51kg,平野 遥香,日大,https://wrestling-spirits.jp/www/wp-content/data/80/ichiran_domestic/east_female.pdf
east-spring,女子,2010,55kg,堀内 優,日大,https://wrestling-spirits.jp/www/wp-content/data/80/ichiran_domestic/east_female.pdf
east-spring,女子,2010,59kg,平野 翔子,東海大,https://wrestling-spirits.jp/www/wp-content/data/80/ichiran_domestic/east_female.pdf
east-spring,女子,2010,63kg,歌田 圭純,東洋大,https://wrestling-spirits.jp/www/wp-content/data/80/ichiran_domestic/east_female.pdf
intercollegiate,フリースタイル,2025,57kg,弓矢健人,日体大,https://wrestling-spirits.jp/www/wp-content/data/80/ichiran_domestic/intercollege_FF.pdf
intercollegiate,フリースタイル,2025,61kg,向田旭登,専大,https://wrestling-spirits.jp/www/wp-content/data/80/ichiran_domestic/intercollege_FF.pdf
intercollegiate,フリースタイル,2025,65kg,西内悠人,日体大,https://wrestling-spirits.jp/www/wp-content/data/80/ichiran_domestic/intercollege_FF.pdf
intercollegiate,フリースタイル,2025,70kg,本名帝心,育英大,https://wrestling-spirits.jp/www/wp-content/data/80/ichiran_domestic/intercollege_FF.pdf
intercollegiate,フリースタイル,2025,74kg,山下凌弥,日体大,https://wrestling-spirits.jp/www/wp-content/data/80/ichiran_domestic/intercollege_FF.pdf
intercollegiate,フリースタイル,2025,79kg,高原崇陽,専大,https://wrestling-spirits.jp/www/wp-content/data/80/ichiran_domestic/intercollege_FF.pdf
intercollegiate,フリースタイル,2025,86kg,五十嵐文彌,山梨学院大,https://wrestling-spirits.jp/www/wp-content/data/80/ichiran_domestic/intercollege_FF.pdf
intercollegiate,フリースタイル,2025,92kg,増田大将,山梨学院大,https://wrestling-spirits.jp/www/wp-content/data/80/ichiran_domestic/intercollege_FF.pdf
intercollegiate,フリースタイル,2025,97kg,吉田アラシ,日大,https://wrestling-spirits.jp/www/wp-content/data/80/ichiran_domestic/intercollege_FF.pdf
intercollegiate,フリースタイル,2025,125kg,バトバヤル・ナムバルダグワ,育英大,https://wrestling-spirits.jp/www/wp-content/data/80/ichiran_domestic/intercollege_FF.pdf
intercollegiate,フリースタイル,2024,57kg,勝目大翔,山梨学院大,https://wrestling-spirits.jp/www/wp-content/data/80/ichiran_domestic/intercollege_FF.pdf
intercollegiate,フリースタイル,2024,61kg,須田 宝,山梨学院大,https://wrestling-spirits.jp/www/wp-content/data/80/ichiran_domestic/intercollege_FF.pdf
intercollegiate,フリースタイル,2024,65kg,西内悠人,日体大,https://wrestling-spirits.jp/www/wp-content/data/80/ichiran_domestic/intercollege_FF.pdf
intercollegiate,フリースタイル,2024,70kg,森田魁人,山梨学院大,https://wrestling-spirits.jp/www/wp-content/data/80/ichiran_domestic/intercollege_FF.pdf
intercollegiate,フリースタイル,2024,74kg,髙橋海大,日体大,https://wrestling-spirits.jp/www/wp-content/data/80/ichiran_domestic/intercollege_FF.pdf
intercollegiate,フリースタイル,2024,79kg,ガレダギ敬一,早大,https://wrestling-spirits.jp/www/wp-content/data/80/ichiran_domestic/intercollege_FF.pdf
intercollegiate,フリースタイル,2024,86kg,五十嵐文彌,山梨学院大,https://wrestling-spirits.jp/www/wp-content/data/80/ichiran_domestic/intercollege_FF.pdf
intercollegiate,フリースタイル,2024,92kg,三浦哲史,拓大,https://wrestling-spirits.jp/www/wp-content/data/80/ichiran_domestic/intercollege_FF.pdf
intercollegiate,フリースタイル,2024,97kg,吉田アラシ,日大,https://wrestling-spirits.jp/www/wp-content/data/80/ichiran_domestic/intercollege_FF.pdf
intercollegiate,フリースタイル,2024,125kg,バトバヤル・ナムバルダグワ,育英大,https://wrestling-spirits.jp/www/wp-content/data/80/ichiran_domestic/intercollege_FF.pdf
intercollegiate,フリースタイル,2023,57kg,弓矢健人,日体大,https://wrestling-spirits.jp/www/wp-content/data/80/ichiran_domestic/intercollege_FF.pdf
intercollegiate,フリースタイル,2023,61kg,小野正之助,山梨学院大,https://wrestling-spirits.jp/www/wp-content/data/80/ichiran_domestic/intercollege_FF.pdf
intercollegiate,フリースタイル,2023,65kg,清岡幸大郎,日体大,https://wrestling-spirits.jp/www/wp-content/data/80/ichiran_domestic/intercollege_FF.pdf
intercollegiate,フリースタイル,2023,70kg,渡辺慶二,日大,https://wrestling-spirits.jp/www/wp-content/data/80/ichiran_domestic/intercollege_FF.pdf
intercollegiate,フリースタイル,2023,74kg,青柳善の輔,山梨学院大,https://wrestling-spirits.jp/www/wp-content/data/80/ichiran_domestic/intercollege_FF.pdf
intercollegiate,フリースタイル,2023,79kg,山倉孝介,早大,https://wrestling-spirits.jp/www/wp-content/data/80/ichiran_domestic/intercollege_FF.pdf
intercollegiate,フリースタイル,2023,86kg,髙橋 夢大,日体大,https://wrestling-spirits.jp/www/wp-content/data/80/ichiran_domestic/intercollege_FF.pdf
intercollegiate,フリースタイル,2023,92kg,吉田アラシ,日大,https://wrestling-spirits.jp/www/wp-content/data/80/ichiran_domestic/intercollege_FF.pdf
intercollegiate,フリースタイル,2023,97kg,濱田豊喜,中大,https://wrestling-spirits.jp/www/wp-content/data/80/ichiran_domestic/intercollege_FF.pdf
intercollegiate,フリースタイル,2023,125kg,バトバヤル・ナムバルダグワ,育英大,https://wrestling-spirits.jp/www/wp-content/data/80/ichiran_domestic/intercollege_FF.pdf
intercollegiate,フリースタイル,2022,57kg,佐々木風雅,日大,https://wrestling-spirits.jp/www/wp-content/data/80/ichiran_domestic/intercollege_FF.pdf
intercollegiate,フリースタイル,2022,61kg,榊 流斗,山梨学院大,https://wrestling-spirits.jp/www/wp-content/data/80/ichiran_domestic/intercollege_FF.pdf
intercollegiate,フリースタイル,2022,65kg,清岡幸大郎,日体大,https://wrestling-spirits.jp/www/wp-content/data/80/ichiran_domestic/intercollege_FF.pdf
intercollegiate,フリースタイル,2022,70kg,渡辺慶二,日大,https://wrestling-spirits.jp/www/wp-content/data/80/ichiran_domestic/intercollege_FF.pdf
intercollegiate,フリースタイル,2022,74kg,高田 熙,日体大,https://wrestling-spirits.jp/www/wp-content/data/80/ichiran_domestic/intercollege_FF.pdf
intercollegiate,フリースタイル,2022,79kg,山倉孝介,早大,https://wrestling-spirits.jp/www/wp-content/data/80/ichiran_domestic/intercollege_FF.pdf
intercollegiate,フリースタイル,2022,86kg,髙橋 夢大,日体大,https://wrestling-spirits.jp/www/wp-content/data/80/ichiran_domestic/intercollege_FF.pdf
intercollegiate,フリースタイル,2022,92kg,白井 達也,日体大,https://wrestling-spirits.jp/www/wp-content/data/80/ichiran_domestic/intercollege_FF.pdf
intercollegiate,フリースタイル,2022,97kg,伊藤飛未来,日体大,https://wrestling-spirits.jp/www/wp-content/data/80/ichiran_domestic/intercollege_FF.pdf
intercollegiate,フリースタイル,2022,125kg,出頭 海,中大,https://wrestling-spirits.jp/www/wp-content/data/80/ichiran_domestic/intercollege_FF.pdf
intercollegiate,フリースタイル,2021,57kg,弓矢 暖人,日体大,https://wrestling-spirits.jp/www/wp-content/data/80/ichiran_domestic/intercollege_FF.pdf
intercollegiate,フリースタイル,2021,61kg,榊 流斗,山梨学院大,https://wrestling-spirits.jp/www/wp-content/data/80/ichiran_domestic/intercollege_FF.pdf
intercollegiate,フリースタイル,2021,65kg,諏訪間新之亮,国士舘大,https://wrestling-spirits.jp/www/wp-content/data/80/ichiran_domestic/intercollege_FF.pdf
intercollegiate,フリースタイル,2021,70kg,大野 恵太郎,日体大,https://wrestling-spirits.jp/www/wp-content/data/80/ichiran_domestic/intercollege_FF.pdf
intercollegiate,フリースタイル,2021,74kg,深田 雄智,早大,https://wrestling-spirits.jp/www/wp-content/data/80/ichiran_domestic/intercollege_FF.pdf
intercollegiate,フリースタイル,2021,79kg,髙橋 夢大,日体大,https://wrestling-spirits.jp/www/wp-content/data/80/ichiran_domestic/intercollege_FF.pdf
intercollegiate,フリースタイル,2021,86kg,白井 達也,日体大,https://wrestling-spirits.jp/www/wp-content/data/80/ichiran_domestic/intercollege_FF.pdf
intercollegiate,フリースタイル,2021,92kg,三浦 哲史,拓大,https://wrestling-spirits.jp/www/wp-content/data/80/ichiran_domestic/intercollege_FF.pdf
intercollegiate,フリースタイル,2021,97kg,吉田ケイワン,日大,https://wrestling-spirits.jp/www/wp-content/data/80/ichiran_domestic/intercollege_FF.pdf
intercollegiate,フリースタイル,2021,125kg,出頭 海,中大,https://wrestling-spirits.jp/www/wp-content/data/80/ichiran_domestic/intercollege_FF.pdf
intercollegiate,フリースタイル,2019,57kg,新井 陸人,日体大,https://wrestling-spirits.jp/www/wp-content/data/80/ichiran_domestic/intercollege_FF.pdf
intercollegiate,フリースタイル,2019,61kg,早山 竜太郎,拓大,https://wrestling-spirits.jp/www/wp-content/data/80/ichiran_domestic/intercollege_FF.pdf
intercollegiate,フリースタイル,2019,65kg,安楽 龍馬,早大,https://wrestling-spirits.jp/www/wp-content/data/80/ichiran_domestic/intercollege_FF.pdf
intercollegiate,フリースタイル,2019,70kg,諏訪間新之亮,国士舘大,https://wrestling-spirits.jp/www/wp-content/data/80/ichiran_domestic/intercollege_FF.pdf
intercollegiate,フリースタイル,2019,74kg,成國 大志,青山学院大,https://wrestling-spirits.jp/www/wp-content/data/80/ichiran_domestic/intercollege_FF.pdf
intercollegiate,フリースタイル,2019,79kg,吉田 隆起,拓大,https://wrestling-spirits.jp/www/wp-content/data/80/ichiran_domestic/intercollege_FF.pdf
intercollegiate,フリースタイル,2019,86kg,山﨑 弥十朗,早大,https://wrestling-spirits.jp/www/wp-content/data/80/ichiran_domestic/intercollege_FF.pdf
intercollegiate,フリースタイル,2019,92kg,吉田ケイワン,日大,https://wrestling-spirits.jp/www/wp-content/data/80/ichiran_domestic/intercollege_FF.pdf
intercollegiate,フリースタイル,2019,97kg,バグダウレット・アルメンタイ,山梨学院大,https://wrestling-spirits.jp/www/wp-content/data/80/ichiran_domestic/intercollege_FF.pdf
intercollegiate,フリースタイル,2019,125kg,森 右秀,中京学院大,https://wrestling-spirits.jp/www/wp-content/data/80/ichiran_domestic/intercollege_FF.pdf
intercollegiate,フリースタイル,2018,57kg,長谷川 敏裕,日体大,https://wrestling-spirits.jp/www/wp-content/data/80/ichiran_domestic/intercollege_FF.pdf
intercollegiate,フリースタイル,2018,61kg,田縁 真大,日大,https://wrestling-spirits.jp/www/wp-content/data/80/ichiran_domestic/intercollege_FF.pdf
intercollegiate,フリースタイル,2018,65kg,安楽 龍馬,早大,https://wrestling-spirits.jp/www/wp-content/data/80/ichiran_domestic/intercollege_FF.pdf
intercollegiate,フリースタイル,2018,70kg,基山 仁太郎,日体大,https://wrestling-spirits.jp/www/wp-content/data/80/ichiran_domestic/intercollege_FF.pdf
intercollegiate,フリースタイル,2018,74kg,尾形 颯,中大,https://wrestling-spirits.jp/www/wp-content/data/80/ichiran_domestic/intercollege_FF.pdf
intercollegiate,フリースタイル,2018,79kg,石黒 隼士,日大,https://wrestling-spirits.jp/www/wp-content/data/80/ichiran_domestic/intercollege_FF.pdf
intercollegiate,フリースタイル,2018,86kg,山田 修太郎,山梨学院大,https://wrestling-spirits.jp/www/wp-content/data/80/ichiran_domestic/intercollege_FF.pdf
intercollegiate,フリースタイル,2018,92kg,石黒 峻士,日大,https://wrestling-spirits.jp/www/wp-content/data/80/ichiran_domestic/intercollege_FF.pdf
intercollegiate,フリースタイル,2018,97kg,二ノ宮 寛斗,明大,https://wrestling-spirits.jp/www/wp-content/data/80/ichiran_domestic/intercollege_FF.pdf
intercollegiate,フリースタイル,2018,125kg,山本 泰丈,日大,https://wrestling-spirits.jp/www/wp-content/data/80/ichiran_domestic/intercollege_FF.pdf
intercollegiate,フリースタイル,2017,57kg,長谷川 敏裕,日体大,https://wrestling-spirits.jp/www/wp-content/data/80/ichiran_domestic/intercollege_FF.pdf
intercollegiate,フリースタイル,2017,61kg,成国 大志,青山学院大,https://wrestling-spirits.jp/www/wp-content/data/80/ichiran_domestic/intercollege_FF.pdf
intercollegiate,フリースタイル,2017,65kg,米澤 圭,早大,https://wrestling-spirits.jp/www/wp-content/data/80/ichiran_domestic/intercollege_FF.pdf
intercollegiate,フリースタイル,2017,70kg,木下 貴輪,山梨学院大,https://wrestling-spirits.jp/www/wp-content/data/80/ichiran_domestic/intercollege_FF.pdf
intercollegiate,フリースタイル,2017,74kg,奥井 眞生,国士舘大,https://wrestling-spirits.jp/www/wp-content/data/80/ichiran_domestic/intercollege_FF.pdf
intercollegiate,フリースタイル,2017,86kg,白井 勝太,日大,https://wrestling-spirits.jp/www/wp-content/data/80/ichiran_domestic/intercollege_FF.pdf
intercollegiate,フリースタイル,2017,97kg,石黒 峻士,日大,https://wrestling-spirits.jp/www/wp-content/data/80/ichiran_domestic/intercollege_FF.pdf
intercollegiate,フリースタイル,2017,125kg,園田 平,拓大,https://wrestling-spirits.jp/www/wp-content/data/80/ichiran_domestic/intercollege_FF.pdf
intercollegiate,フリースタイル,2016,57kg,藤田 雄大,青山学院大,https://wrestling-spirits.jp/www/wp-content/data/80/ichiran_domestic/intercollege_FF.pdf
intercollegiate,フリースタイル,2016,61kg,成國 大志,青山学院大,https://wrestling-spirits.jp/www/wp-content/data/80/ichiran_domestic/intercollege_FF.pdf
intercollegiate,フリースタイル,2016,65kg,米澤 圭,早大,https://wrestling-spirits.jp/www/wp-content/data/80/ichiran_domestic/intercollege_FF.pdf
intercollegiate,フリースタイル,2016,70kg,藤波 勇飛,山梨学院大,https://wrestling-spirits.jp/www/wp-content/data/80/ichiran_domestic/intercollege_FF.pdf
intercollegiate,フリースタイル,2016,74kg,山崎 弥十朗,早大,https://wrestling-spirits.jp/www/wp-content/data/80/ichiran_domestic/intercollege_FF.pdf
intercollegiate,フリースタイル,2016,86kg,松坂 誠應,日体大,https://wrestling-spirits.jp/www/wp-content/data/80/ichiran_domestic/intercollege_FF.pdf
intercollegiate,フリースタイル,2016,97kg,園田 平,拓大,https://wrestling-spirits.jp/www/wp-content/data/80/ichiran_domestic/intercollege_FF.pdf
intercollegiate,フリースタイル,2016,125kg,アレッグ・ボルチン,山梨学院大,https://wrestling-spirits.jp/www/wp-content/data/80/ichiran_domestic/intercollege_FF.pdf
intercollegiate,フリースタイル,2015,57kg,大城 一晟,国士舘大,https://wrestling-spirits.jp/www/wp-content/data/80/ichiran_domestic/intercollege_FF.pdf
intercollegiate,フリースタイル,2015,61kg,有元 伸悟,近大,https://wrestling-spirits.jp/www/wp-content/data/80/ichiran_domestic/intercollege_FF.pdf
intercollegiate,フリースタイル,2015,65kg,原田 駿,専大,https://wrestling-spirits.jp/www/wp-content/data/80/ichiran_domestic/intercollege_FF.pdf
intercollegiate,フリースタイル,2015,70kg,木下貴輪,山梨学院大,https://wrestling-spirits.jp/www/wp-content/data/80/ichiran_domestic/intercollege_FF.pdf
intercollegiate,フリースタイル,2015,74kg,奥井 眞生,国士舘大,https://wrestling-spirits.jp/www/wp-content/data/80/ichiran_domestic/intercollege_FF.pdf
intercollegiate,フリースタイル,2015,86kg,松坂 誠應,日体大,https://wrestling-spirits.jp/www/wp-content/data/80/ichiran_domestic/intercollege_FF.pdf
intercollegiate,フリースタイル,2015,97kg,山本 康稀,日大,https://wrestling-spirits.jp/www/wp-content/data/80/ichiran_domestic/intercollege_FF.pdf
intercollegiate,フリースタイル,2015,125kg,津田 大健,中京学院大,https://wrestling-spirits.jp/www/wp-content/data/80/ichiran_domestic/intercollege_FF.pdf
intercollegiate,フリースタイル,2014,57kg,中村 倫也,専大,https://wrestling-spirits.jp/www/wp-content/data/80/ichiran_domestic/intercollege_FF.pdf
intercollegiate,フリースタイル,2014,61kg,中野 晶太,日体大,https://wrestling-spirits.jp/www/wp-content/data/80/ichiran_domestic/intercollege_FF.pdf
intercollegiate,フリースタイル,2014,65kg,池田 智,日大,https://wrestling-spirits.jp/www/wp-content/data/80/ichiran_domestic/intercollege_FF.pdf
intercollegiate,フリースタイル,2014,70kg,多胡島 伸佳,早大,https://wrestling-spirits.jp/www/wp-content/data/80/ichiran_domestic/intercollege_FF.pdf
intercollegiate,フリースタイル,2014,74kg,奥井 眞生,国士舘大,https://wrestling-spirits.jp/www/wp-content/data/80/ichiran_domestic/intercollege_FF.pdf
intercollegiate,フリースタイル,2014,86kg,嶋田 大育,国士舘大,https://wrestling-spirits.jp/www/wp-content/data/80/ichiran_domestic/intercollege_FF.pdf
intercollegiate,フリースタイル,2014,97kg,山本 康稀,日大,https://wrestling-spirits.jp/www/wp-content/data/80/ichiran_domestic/intercollege_FF.pdf
intercollegiate,フリースタイル,2014,125kg,アレッグ・ボルチン,山梨学院大,https://wrestling-spirits.jp/www/wp-content/data/80/ichiran_domestic/intercollege_FF.pdf
intercollegiate,フリースタイル,2013,55kg,森下 史崇,日体大,https://wrestling-spirits.jp/www/wp-content/data/80/ichiran_domestic/intercollege_FF.pdf
intercollegiate,フリースタイル,2013,60kg,鴨居 正和,山梨学院大,https://wrestling-spirits.jp/www/wp-content/data/80/ichiran_domestic/intercollege_FF.pdf
intercollegiate,フリースタイル,2013,66kg,保坂 健,早大,https://wrestling-spirits.jp/www/wp-content/data/80/ichiran_domestic/intercollege_FF.pdf
intercollegiate,フリースタイル,2013,74kg,北村 公平,早大,https://wrestling-spirits.jp/www/wp-content/data/80/ichiran_domestic/intercollege_FF.pdf
intercollegiate,フリースタイル,2013,84kg,赤熊 猶弥,拓大,https://wrestling-spirits.jp/www/wp-content/data/80/ichiran_domestic/intercollege_FF.pdf
intercollegiate,フリースタイル,2013,96kg,山本 康稀,日大,https://wrestling-spirits.jp/www/wp-content/data/80/ichiran_domestic/intercollege_FF.pdf
intercollegiate,フリースタイル,2013,120kg,アレッグ・ボルチン,山梨学院大,https://wrestling-spirits.jp/www/wp-content/data/80/ichiran_domestic/intercollege_FF.pdf
intercollegiate,フリースタイル,2012,55kg,森下 史崇,日体大,https://wrestling-spirits.jp/www/wp-content/data/80/ichiran_domestic/intercollege_FF.pdf
intercollegiate,フリースタイル,2012,60kg,五十嵐 琢磨,日体大,https://wrestling-spirits.jp/www/wp-content/data/80/ichiran_domestic/intercollege_FF.pdf
intercollegiate,フリースタイル,2012,66kg,砂川 航祐,日体大,https://wrestling-spirits.jp/www/wp-content/data/80/ichiran_domestic/intercollege_FF.pdf
intercollegiate,フリースタイル,2012,74kg,嶋田 大育,国士舘大,https://wrestling-spirits.jp/www/wp-content/data/80/ichiran_domestic/intercollege_FF.pdf
intercollegiate,フリースタイル,2012,84kg,赤熊 猶弥,拓大,https://wrestling-spirits.jp/www/wp-content/data/80/ichiran_domestic/intercollege_FF.pdf
intercollegiate,フリースタイル,2012,96kg,木下 駿,拓大,https://wrestling-spirits.jp/www/wp-content/data/80/ichiran_domestic/intercollege_FF.pdf
intercollegiate,フリースタイル,2012,120kg,金澤 勝利,山梨学院大,https://wrestling-spirits.jp/www/wp-content/data/80/ichiran_domestic/intercollege_FF.pdf
intercollegiate,フリースタイル,2011,55kg,高安 直人,日体大,https://wrestling-spirits.jp/www/wp-content/data/80/ichiran_domestic/intercollege_FF.pdf
intercollegiate,フリースタイル,2011,60kg,石田 智嗣,早大,https://wrestling-spirits.jp/www/wp-content/data/80/ichiran_domestic/intercollege_FF.pdf
intercollegiate,フリースタイル,2011,66kg,小石原 拓馬,日体大,https://wrestling-spirits.jp/www/wp-content/data/80/ichiran_domestic/intercollege_FF.pdf
intercollegiate,フリースタイル,2011,74kg,高谷 惣亮,拓大,https://wrestling-spirits.jp/www/wp-content/data/80/ichiran_domestic/intercollege_FF.pdf
intercollegiate,フリースタイル,2011,84kg,山口 剛,早大,https://wrestling-spirits.jp/www/wp-content/data/80/ichiran_domestic/intercollege_FF.pdf
intercollegiate,フリースタイル,2011,96kg,大坂 昂,早大,https://wrestling-spirits.jp/www/wp-content/data/80/ichiran_domestic/intercollege_FF.pdf
intercollegiate,フリースタイル,2011,120kg,岡 倫之,日大,https://wrestling-spirits.jp/www/wp-content/data/80/ichiran_domestic/intercollege_FF.pdf
intercollegiate,フリースタイル,2010,55kg,半田 守,専大,https://wrestling-spirits.jp/www/wp-content/data/80/ichiran_domestic/intercollege_FF.pdf
intercollegiate,フリースタイル,2010,60kg,石田 智嗣,早大,https://wrestling-spirits.jp/www/wp-content/data/80/ichiran_domestic/intercollege_FF.pdf
intercollegiate,フリースタイル,2010,66kg,田中 幸太郎,早大,https://wrestling-spirits.jp/www/wp-content/data/80/ichiran_domestic/intercollege_FF.pdf
intercollegiate,フリースタイル,2010,74kg,高谷 惣亮,拓大,https://wrestling-spirits.jp/www/wp-content/data/80/ichiran_domestic/intercollege_FF.pdf
intercollegiate,フリースタイル,2010,84kg,鈴木 聖二,専大,https://wrestling-spirits.jp/www/wp-content/data/80/ichiran_domestic/intercollege_FF.pdf
intercollegiate,フリースタイル,2010,96kg,岡 太一,拓大,https://wrestling-spirits.jp/www/wp-content/data/80/ichiran_domestic/intercollege_FF.pdf
intercollegiate,フリースタイル,2010,120kg,相澤 優人,日大,https://wrestling-spirits.jp/www/wp-content/data/80/ichiran_domestic/intercollege_FF.pdf
intercollegiate,フリースタイル,2009,55kg,藤元 洋平,早大,https://wrestling-spirits.jp/www/wp-content/data/80/ichiran_domestic/intercollege_FF.pdf
intercollegiate,フリースタイル,2009,60kg,小田 裕之,国士舘大,https://wrestling-spirits.jp/www/wp-content/data/80/ichiran_domestic/intercollege_FF.pdf
intercollegiate,フリースタイル,2009,66kg,石田 智嗣,早大,https://wrestling-spirits.jp/www/wp-content/data/80/ichiran_domestic/intercollege_FF.pdf
intercollegiate,フリースタイル,2009,74kg,高谷 惣亮,拓大,https://wrestling-spirits.jp/www/wp-content/data/80/ichiran_domestic/intercollege_FF.pdf
intercollegiate,フリースタイル,2009,84kg,松本 篤史,日体大,https://wrestling-spirits.jp/www/wp-content/data/80/ichiran_domestic/intercollege_FF.pdf
intercollegiate,フリースタイル,2009,96kg,黒川 渉,日体大,https://wrestling-spirits.jp/www/wp-content/data/80/ichiran_domestic/intercollege_FF.pdf
intercollegiate,フリースタイル,2009,120kg,ボリス・ムジコフ,山梨学院大,https://wrestling-spirits.jp/www/wp-content/data/80/ichiran_domestic/intercollege_FF.pdf
intercollegiate,フリースタイル,2008,55kg,守田 泰弘,日体大,https://wrestling-spirits.jp/www/wp-content/data/80/ichiran_domestic/intercollege_FF.pdf
intercollegiate,フリースタイル,2008,60kg,洞口 幸太,日体大,https://wrestling-spirits.jp/www/wp-content/data/80/ichiran_domestic/intercollege_FF.pdf
intercollegiate,フリースタイル,2008,66kg,米満 達弘,拓大,https://wrestling-spirits.jp/www/wp-content/data/80/ichiran_domestic/intercollege_FF.pdf
intercollegiate,フリースタイル,2008,74kg,宮原 崇,明大,https://wrestling-spirits.jp/www/wp-content/data/80/ichiran_domestic/intercollege_FF.pdf
intercollegiate,フリースタイル,2008,84kg,松本 篤史,日体大,https://wrestling-spirits.jp/www/wp-content/data/80/ichiran_domestic/intercollege_FF.pdf
intercollegiate,フリースタイル,2008,96kg,下屋敷 圭貴,日体大,https://wrestling-spirits.jp/www/wp-content/data/80/ichiran_domestic/intercollege_FF.pdf
intercollegiate,フリースタイル,2008,120kg,ボリス・ムジコフ,山梨学院大,https://wrestling-spirits.jp/www/wp-content/data/80/ichiran_domestic/intercollege_FF.pdf
intercollegiate,フリースタイル,2007,55kg,稲葉 泰弘,専大,https://wrestling-spirits.jp/www/wp-content/data/80/ichiran_domestic/intercollege_FF.pdf
intercollegiate,フリースタイル,2007,60kg,高塚 紀行,日大,https://wrestling-spirits.jp/www/wp-content/data/80/ichiran_domestic/intercollege_FF.pdf
intercollegiate,フリースタイル,2007,66kg,米満 達弘,拓大,https://wrestling-spirits.jp/www/wp-content/data/80/ichiran_domestic/intercollege_FF.pdf
intercollegiate,フリースタイル,2007,74kg,工藤 豪己,日大,https://wrestling-spirits.jp/www/wp-content/data/80/ichiran_domestic/intercollege_FF.pdf
intercollegiate,フリースタイル,2007,84kg,門間 順輝,日体大,https://wrestling-spirits.jp/www/wp-content/data/80/ichiran_domestic/intercollege_FF.pdf
intercollegiate,フリースタイル,2007,96kg,斎川 哲克,日体大,https://wrestling-spirits.jp/www/wp-content/data/80/ichiran_domestic/intercollege_FF.pdf
intercollegiate,フリースタイル,2007,120kg,中村 淳志,拓大,https://wrestling-spirits.jp/www/wp-content/data/80/ichiran_domestic/intercollege_FF.pdf
intercollegiate,フリースタイル,2006,55kg,稲葉 泰弘,専大,https://wrestling-spirits.jp/www/wp-content/data/80/ichiran_domestic/intercollege_FF.pdf
intercollegiate,フリースタイル,2006,60kg,湯元 健一,日体大,https://wrestling-spirits.jp/www/wp-content/data/80/ichiran_domestic/intercollege_FF.pdf
intercollegiate,フリースタイル,2006,66kg,佐藤 吏,早大,https://wrestling-spirits.jp/www/wp-content/data/80/ichiran_domestic/intercollege_FF.pdf
intercollegiate,フリースタイル,2006,74kg,工藤 豪己,日大,https://wrestling-spirits.jp/www/wp-content/data/80/ichiran_domestic/intercollege_FF.pdf
intercollegiate,フリースタイル,2006,84kg,磯川 孝生,拓大,https://wrestling-spirits.jp/www/wp-content/data/80/ichiran_domestic/intercollege_FF.pdf
intercollegiate,フリースタイル,2006,96kg,東 誠次,立命館大,https://wrestling-spirits.jp/www/wp-content/data/80/ichiran_domestic/intercollege_FF.pdf
intercollegiate,フリースタイル,2006,120kg,荒木田 進謙,専大,https://wrestling-spirits.jp/www/wp-content/data/80/ichiran_domestic/intercollege_FF.pdf
intercollegiate,フリースタイル,2005,55kg,足立 孝司,山梨学院大,https://wrestling-spirits.jp/www/wp-content/data/80/ichiran_domestic/intercollege_FF.pdf
intercollegiate,フリースタイル,2005,60kg,高塚 紀行,日大,https://wrestling-spirits.jp/www/wp-content/data/80/ichiran_domestic/intercollege_FF.pdf
intercollegiate,フリースタイル,2005,66kg,佐藤 吏,早大,https://wrestling-spirits.jp/www/wp-content/data/80/ichiran_domestic/intercollege_FF.pdf
intercollegiate,フリースタイル,2005,74kg,マキシモ・ブランコ,日大,https://wrestling-spirits.jp/www/wp-content/data/80/ichiran_domestic/intercollege_FF.pdf
intercollegiate,フリースタイル,2005,84kg,松本 真也,日大,https://wrestling-spirits.jp/www/wp-content/data/80/ichiran_domestic/intercollege_FF.pdf
intercollegiate,フリースタイル,2005,96kg,米山 祥嗣,日体大,https://wrestling-spirits.jp/www/wp-content/data/80/ichiran_domestic/intercollege_FF.pdf
intercollegiate,フリースタイル,2005,120kg,北村 克哉,専大,https://wrestling-spirits.jp/www/wp-content/data/80/ichiran_domestic/intercollege_FF.pdf
intercollegiate,フリースタイル,2004,55kg,齊藤 将士,日大,https://wrestling-spirits.jp/www/wp-content/data/80/ichiran_domestic/intercollege_FF.pdf
intercollegiate,フリースタイル,2004,60kg,小島 豪臣,日体大,https://wrestling-spirits.jp/www/wp-content/data/80/ichiran_domestic/intercollege_FF.pdf
intercollegiate,フリースタイル,2004,66kg,佐藤 吏,早大,https://wrestling-spirits.jp/www/wp-content/data/80/ichiran_domestic/intercollege_FF.pdf
intercollegiate,フリースタイル,2004,74kg,加藤 陽輔,日体大,https://wrestling-spirits.jp/www/wp-content/data/80/ichiran_domestic/intercollege_FF.pdf
intercollegiate,フリースタイル,2004,84kg,松本 真也,日大,https://wrestling-spirits.jp/www/wp-content/data/80/ichiran_domestic/intercollege_FF.pdf
intercollegiate,フリースタイル,2004,96kg,坂本 憲蔵,日本文理大,https://wrestling-spirits.jp/www/wp-content/data/80/ichiran_domestic/intercollege_FF.pdf
intercollegiate,フリースタイル,2004,120kg,田中 章仁,専大,https://wrestling-spirits.jp/www/wp-content/data/80/ichiran_domestic/intercollege_FF.pdf
intercollegiate,フリースタイル,2003,55kg,清水 聖志人,日体大,https://wrestling-spirits.jp/www/wp-content/data/80/ichiran_domestic/intercollege_FF.pdf
intercollegiate,フリースタイル,2003,60kg,小島 豪臣,日体大,https://wrestling-spirits.jp/www/wp-content/data/80/ichiran_domestic/intercollege_FF.pdf
intercollegiate,フリースタイル,2003,66kg,吉眞 恒治,立命館大,https://wrestling-spirits.jp/www/wp-content/data/80/ichiran_domestic/intercollege_FF.pdf
intercollegiate,フリースタイル,2003,74kg,長島 和幸,早大,https://wrestling-spirits.jp/www/wp-content/data/80/ichiran_domestic/intercollege_FF.pdf
intercollegiate,フリースタイル,2003,84kg,磯川 孝生,拓大,https://wrestling-spirits.jp/www/wp-content/data/80/ichiran_domestic/intercollege_FF.pdf
intercollegiate,フリースタイル,2003,96kg,森山 政秀,日体大,https://wrestling-spirits.jp/www/wp-content/data/80/ichiran_domestic/intercollege_FF.pdf
intercollegiate,フリースタイル,2003,120kg,田中 章仁,専大,https://wrestling-spirits.jp/www/wp-content/data/80/ichiran_domestic/intercollege_FF.pdf
intercollegiate,フリースタイル,2002,55kg,松永 共広,日体大,https://wrestling-spirits.jp/www/wp-content/data/80/ichiran_domestic/intercollege_FF.pdf
intercollegiate,フリースタイル,2002,60kg,松尾 大士,日体大,https://wrestling-spirits.jp/www/wp-content/data/80/ichiran_domestic/intercollege_FF.pdf
intercollegiate,フリースタイル,2002,66kg,長島 正彦,青山学院大,https://wrestling-spirits.jp/www/wp-content/data/80/ichiran_domestic/intercollege_FF.pdf
intercollegiate,フリースタイル,2002,74kg,長島 和幸,早大,https://wrestling-spirits.jp/www/wp-content/data/80/ichiran_domestic/intercollege_FF.pdf
intercollegiate,フリースタイル,2002,84kg,小幡 邦彦,山梨学院大,https://wrestling-spirits.jp/www/wp-content/data/80/ichiran_domestic/intercollege_FF.pdf
intercollegiate,フリースタイル,2002,96kg,仙波 勝敏,立命館大,https://wrestling-spirits.jp/www/wp-content/data/80/ichiran_domestic/intercollege_FF.pdf
intercollegiate,フリースタイル,2002,120kg,田中 章仁,専大,https://wrestling-spirits.jp/www/wp-content/data/80/ichiran_domestic/intercollege_FF.pdf
intercollegiate,フリースタイル,2001,54kg,松永 共広,日体大,https://wrestling-spirits.jp/www/wp-content/data/80/ichiran_domestic/intercollege_FF.pdf
intercollegiate,フリースタイル,2001,58kg,松尾 大士,日体大,https://wrestling-spirits.jp/www/wp-content/data/80/ichiran_domestic/intercollege_FF.pdf
intercollegiate,フリースタイル,2001,63kg,池松 和彦,日体大,https://wrestling-spirits.jp/www/wp-content/data/80/ichiran_domestic/intercollege_FF.pdf
intercollegiate,フリースタイル,2001,69kg,長島 正彦,青山学院大,https://wrestling-spirits.jp/www/wp-content/data/80/ichiran_domestic/intercollege_FF.pdf
intercollegiate,フリースタイル,2001,76kg,長島 和幸,早大,https://wrestling-spirits.jp/www/wp-content/data/80/ichiran_domestic/intercollege_FF.pdf
intercollegiate,フリースタイル,2001,85kg,小幡 邦彦,山梨学院大,https://wrestling-spirits.jp/www/wp-content/data/80/ichiran_domestic/intercollege_FF.pdf
intercollegiate,フリースタイル,2001,97kg,藤田 尚志,山梨学院大,https://wrestling-spirits.jp/www/wp-content/data/80/ichiran_domestic/intercollege_FF.pdf
intercollegiate,フリースタイル,2001,130kg,伊東 勉,拓大,https://wrestling-spirits.jp/www/wp-content/data/80/ichiran_domestic/intercollege_FF.pdf
intercollegiate,フリースタイル,2000,54kg,高橋 利典,山梨学院大,https://wrestling-spirits.jp/www/wp-content/data/80/ichiran_domestic/intercollege_FF.pdf
intercollegiate,フリースタイル,2000,58kg,松尾 大士,日体大,https://wrestling-spirits.jp/www/wp-content/data/80/ichiran_domestic/intercollege_FF.pdf
intercollegiate,フリースタイル,2000,63kg,池松 和彦,日体大,https://wrestling-spirits.jp/www/wp-content/data/80/ichiran_domestic/intercollege_FF.pdf
intercollegiate,フリースタイル,2000,69kg,筧田 幸宏,国士舘大,https://wrestling-spirits.jp/www/wp-content/data/80/ichiran_domestic/intercollege_FF.pdf
intercollegiate,フリースタイル,2000,76kg,小幡 邦彦,山梨学院大,https://wrestling-spirits.jp/www/wp-content/data/80/ichiran_domestic/intercollege_FF.pdf
intercollegiate,フリースタイル,2000,85kg,藤田 尚志,山梨学院大,https://wrestling-spirits.jp/www/wp-content/data/80/ichiran_domestic/intercollege_FF.pdf
intercollegiate,フリースタイル,2000,97kg,小平 清貴,山梨学院大,https://wrestling-spirits.jp/www/wp-content/data/80/ichiran_domestic/intercollege_FF.pdf
intercollegiate,フリースタイル,2000,130kg,矢野 通,日大,https://wrestling-spirits.jp/www/wp-content/data/80/ichiran_domestic/intercollege_FF.pdf
intercollegiate,フリースタイル,1999,54kg,足立 浩二,山梨学院大,https://wrestling-spirits.jp/www/wp-content/data/80/ichiran_domestic/intercollege_FF.pdf
intercollegiate,フリースタイル,1999,58kg,山本 徳郁,山梨学院大,https://wrestling-spirits.jp/www/wp-content/data/80/ichiran_domestic/intercollege_FF.pdf
intercollegiate,フリースタイル,1999,63kg,栗尾 直樹,日体大,https://wrestling-spirits.jp/www/wp-content/data/80/ichiran_domestic/intercollege_FF.pdf
intercollegiate,フリースタイル,1999,69kg,工藤 祐士,日体大,https://wrestling-spirits.jp/www/wp-content/data/80/ichiran_domestic/intercollege_FF.pdf
intercollegiate,フリースタイル,1999,76kg,小幡 邦彦,山梨学院大,https://wrestling-spirits.jp/www/wp-content/data/80/ichiran_domestic/intercollege_FF.pdf
intercollegiate,フリースタイル,1999,85kg,藤田 尚志,山梨学院大,https://wrestling-spirits.jp/www/wp-content/data/80/ichiran_domestic/intercollege_FF.pdf
intercollegiate,フリースタイル,1999,97kg,小平 清貴,山梨学院大,https://wrestling-spirits.jp/www/wp-content/data/80/ichiran_domestic/intercollege_FF.pdf
intercollegiate,フリースタイル,1999,130kg,鈴木 克彰,拓大,https://wrestling-spirits.jp/www/wp-content/data/80/ichiran_domestic/intercollege_FF.pdf
intercollegiate,フリースタイル,1998,54kg,嶋村 豊一,日体大,https://wrestling-spirits.jp/www/wp-content/data/80/ichiran_domestic/intercollege_FF.pdf
intercollegiate,フリースタイル,1998,58kg,井上 謙二,日大,https://wrestling-spirits.jp/www/wp-content/data/80/ichiran_domestic/intercollege_FF.pdf
intercollegiate,フリースタイル,1998,63kg,栗尾 直樹,日体大,https://wrestling-spirits.jp/www/wp-content/data/80/ichiran_domestic/intercollege_FF.pdf
intercollegiate,フリースタイル,1998,69kg,川鍋 辰徳,日大,https://wrestling-spirits.jp/www/wp-content/data/80/ichiran_domestic/intercollege_FF.pdf
intercollegiate,フリースタイル,1998,76kg,藤田 尚志,山梨学院大,https://wrestling-spirits.jp/www/wp-content/data/80/ichiran_domestic/intercollege_FF.pdf
intercollegiate,フリースタイル,1998,85kg,今村 雄介,日体大,https://wrestling-spirits.jp/www/wp-content/data/80/ichiran_domestic/intercollege_FF.pdf
intercollegiate,フリースタイル,1998,97kg,松本 慎吾,日体大,https://wrestling-spirits.jp/www/wp-content/data/80/ichiran_domestic/intercollege_FF.pdf
intercollegiate,フリースタイル,1998,130kg,吉田 清太郎,国士舘大,https://wrestling-spirits.jp/www/wp-content/data/80/ichiran_domestic/intercollege_FF.pdf
intercollegiate,フリースタイル,1997,54kg,田南部 力,日体大,https://wrestling-spirits.jp/www/wp-content/data/80/ichiran_domestic/intercollege_FF.pdf
intercollegiate,フリースタイル,1997,58kg,山本 英典,日体大,https://wrestling-spirits.jp/www/wp-content/data/80/ichiran_domestic/intercollege_FF.pdf
intercollegiate,フリースタイル,1997,63kg,佐藤 将章,国士舘大,https://wrestling-spirits.jp/www/wp-content/data/80/ichiran_domestic/intercollege_FF.pdf
intercollegiate,フリースタイル,1997,69kg,本名 栄仁,日体大,https://wrestling-spirits.jp/www/wp-content/data/80/ichiran_domestic/intercollege_FF.pdf
intercollegiate,フリースタイル,1997,76kg,中村 征司,山梨学院大,https://wrestling-spirits.jp/www/wp-content/data/80/ichiran_domestic/intercollege_FF.pdf
intercollegiate,フリースタイル,1997,85kg,今村 雄介,日体大,https://wrestling-spirits.jp/www/wp-content/data/80/ichiran_domestic/intercollege_FF.pdf
intercollegiate,フリースタイル,1997,97kg,矢野 倍達,専大,https://wrestling-spirits.jp/www/wp-content/data/80/ichiran_domestic/intercollege_FF.pdf
intercollegiate,フリースタイル,1997,130kg,吉田 清太郎,国士舘大,https://wrestling-spirits.jp/www/wp-content/data/80/ichiran_domestic/intercollege_FF.pdf
intercollegiate,フリースタイル,1996,48kg,田岡 師範,山梨学院大,https://wrestling-spirits.jp/www/wp-content/data/80/ichiran_domestic/intercollege_FF.pdf
intercollegiate,フリースタイル,1996,52kg,戸井田 昌教,国士舘大,https://wrestling-spirits.jp/www/wp-content/data/80/ichiran_domestic/intercollege_FF.pdf
intercollegiate,フリースタイル,1996,57kg,井上 謙二,日大,https://wrestling-spirits.jp/www/wp-content/data/80/ichiran_domestic/intercollege_FF.pdf
intercollegiate,フリースタイル,1996,62kg,谷山 裕治,日体大,https://wrestling-spirits.jp/www/wp-content/data/80/ichiran_domestic/intercollege_FF.pdf
intercollegiate,フリースタイル,1996,68kg,織山 昭仁,日体大,https://wrestling-spirits.jp/www/wp-content/data/80/ichiran_domestic/intercollege_FF.pdf
intercollegiate,フリースタイル,1996,74kg,柴田 寛,東農大,https://wrestling-spirits.jp/www/wp-content/data/80/ichiran_domestic/intercollege_FF.pdf
intercollegiate,フリースタイル,1996,82kg,花田 眞秀,国士舘大,https://wrestling-spirits.jp/www/wp-content/data/80/ichiran_domestic/intercollege_FF.pdf
intercollegiate,フリースタイル,1996,90kg,小菅 裕司,日体大,https://wrestling-spirits.jp/www/wp-content/data/80/ichiran_domestic/intercollege_FF.pdf
intercollegiate,フリースタイル,1996,100kg,篠崎 正二,日体大,https://wrestling-spirits.jp/www/wp-content/data/80/ichiran_domestic/intercollege_FF.pdf
intercollegiate,フリースタイル,1996,130kg,吉田 清太郎,国士舘大,https://wrestling-spirits.jp/www/wp-content/data/80/ichiran_domestic/intercollege_FF.pdf
intercollegiate,フリースタイル,1995,48kg,中村 吉元,日体大,https://wrestling-spirits.jp/www/wp-content/data/80/ichiran_domestic/intercollege_FF.pdf
intercollegiate,フリースタイル,1995,52kg,田村 茂一,日大,https://wrestling-spirits.jp/www/wp-content/data/80/ichiran_domestic/intercollege_FF.pdf
intercollegiate,フリースタイル,1995,57kg,横瀬 二郎,国士舘大,https://wrestling-spirits.jp/www/wp-content/data/80/ichiran_domestic/intercollege_FF.pdf
intercollegiate,フリースタイル,1995,62kg,谷山 裕治,日体大,https://wrestling-spirits.jp/www/wp-content/data/80/ichiran_domestic/intercollege_FF.pdf
intercollegiate,フリースタイル,1995,68kg,織山 昭仁,日体大,https://wrestling-spirits.jp/www/wp-content/data/80/ichiran_domestic/intercollege_FF.pdf
intercollegiate,フリースタイル,1995,74kg,木村 洋介,専大,https://wrestling-spirits.jp/www/wp-content/data/80/ichiran_domestic/intercollege_FF.pdf
intercollegiate,フリースタイル,1995,82kg,川合 達夫,日体大,https://wrestling-spirits.jp/www/wp-content/data/80/ichiran_domestic/intercollege_FF.pdf
intercollegiate,フリースタイル,1995,90kg,ルイス・バレラ,日大,https://wrestling-spirits.jp/www/wp-content/data/80/ichiran_domestic/intercollege_FF.pdf
intercollegiate,フリースタイル,1995,100kg,小菅 裕司,日体大,https://wrestling-spirits.jp/www/wp-content/data/80/ichiran_domestic/intercollege_FF.pdf
intercollegiate,フリースタイル,1995,130kg,滝口 徹,国士舘大,https://wrestling-spirits.jp/www/wp-content/data/80/ichiran_domestic/intercollege_FF.pdf
intercollegiate,フリースタイル,1994,48kg,戸井田 昌教,国士舘大,https://wrestling-spirits.jp/www/wp-content/data/80/ichiran_domestic/intercollege_FF.pdf
intercollegiate,フリースタイル,1994,52kg,佐藤 公一,日体大,https://wrestling-spirits.jp/www/wp-content/data/80/ichiran_domestic/intercollege_FF.pdf
intercollegiate,フリースタイル,1994,57kg,横瀬 二郎,国士舘大,https://wrestling-spirits.jp/www/wp-content/data/80/ichiran_domestic/intercollege_FF.pdf
intercollegiate,フリースタイル,1994,62kg,杉田 健吾,早大,https://wrestling-spirits.jp/www/wp-content/data/80/ichiran_domestic/intercollege_FF.pdf
intercollegiate,フリースタイル,1994,68kg,天谷 満博,早大,https://wrestling-spirits.jp/www/wp-content/data/80/ichiran_domestic/intercollege_FF.pdf
intercollegiate,フリースタイル,1994,74kg,小野瀬 哲也,山梨学院大,https://wrestling-spirits.jp/www/wp-content/data/80/ichiran_domestic/intercollege_FF.pdf
intercollegiate,フリースタイル,1994,82kg,川合 達夫,日体大,https://wrestling-spirits.jp/www/wp-content/data/80/ichiran_domestic/intercollege_FF.pdf
intercollegiate,フリースタイル,1994,90kg,ルイス・バレラ,日大,https://wrestling-spirits.jp/www/wp-content/data/80/ichiran_domestic/intercollege_FF.pdf
intercollegiate,フリースタイル,1994,100kg,吉田 幸司,日体大,https://wrestling-spirits.jp/www/wp-content/data/80/ichiran_domestic/intercollege_FF.pdf
intercollegiate,フリースタイル,1994,130kg,滝口 徹,国士舘大,https://wrestling-spirits.jp/www/wp-content/data/80/ichiran_domestic/intercollege_FF.pdf
intercollegiate,フリースタイル,1993,48kg,山口 譲司,国士舘大,https://wrestling-spirits.jp/www/wp-content/data/80/ichiran_domestic/intercollege_FF.pdf
intercollegiate,フリースタイル,1993,52kg,佐藤 公一,日体大,https://wrestling-spirits.jp/www/wp-content/data/80/ichiran_domestic/intercollege_FF.pdf
intercollegiate,フリースタイル,1993,57kg,星 政宏,日体大,https://wrestling-spirits.jp/www/wp-content/data/80/ichiran_domestic/intercollege_FF.pdf
intercollegiate,フリースタイル,1993,62kg,市口 勇志,日大,https://wrestling-spirits.jp/www/wp-content/data/80/ichiran_domestic/intercollege_FF.pdf
intercollegiate,フリースタイル,1993,68kg,小柴 健二,日体大,https://wrestling-spirits.jp/www/wp-content/data/80/ichiran_domestic/intercollege_FF.pdf
intercollegiate,フリースタイル,1993,74kg,片山 貴光,日体大,https://wrestling-spirits.jp/www/wp-content/data/80/ichiran_domestic/intercollege_FF.pdf
intercollegiate,フリースタイル,1993,82kg,横山 秀和,日体大,https://wrestling-spirits.jp/www/wp-content/data/80/ichiran_domestic/intercollege_FF.pdf
intercollegiate,フリースタイル,1993,90kg,ルイス・バレラ,日大,https://wrestling-spirits.jp/www/wp-content/data/80/ichiran_domestic/intercollege_FF.pdf
intercollegiate,フリースタイル,1993,100kg,茂野 充宏,国士舘大,https://wrestling-spirits.jp/www/wp-content/data/80/ichiran_domestic/intercollege_FF.pdf
intercollegiate,フリースタイル,1993,130kg,中川 誠一,日体大,https://wrestling-spirits.jp/www/wp-content/data/80/ichiran_domestic/intercollege_FF.pdf
intercollegiate,フリースタイル,1992,48kg,佐伯 豊,日大,https://wrestling-spirits.jp/www/wp-content/data/80/ichiran_domestic/intercollege_FF.pdf
intercollegiate,フリースタイル,1992,52kg,窪木 宏,明大,https://wrestling-spirits.jp/www/wp-content/data/80/ichiran_domestic/intercollege_FF.pdf
intercollegiate,フリースタイル,1992,57kg,矢山 裕明,日体大,https://wrestling-spirits.jp/www/wp-content/data/80/ichiran_domestic/intercollege_FF.pdf
intercollegiate,フリースタイル,1992,62kg,中石 義洋,日体大,https://wrestling-spirits.jp/www/wp-content/data/80/ichiran_domestic/intercollege_FF.pdf
intercollegiate,フリースタイル,1992,68kg,小柴 健二,日体大,https://wrestling-spirits.jp/www/wp-content/data/80/ichiran_domestic/intercollege_FF.pdf
intercollegiate,フリースタイル,1992,74kg,荻田 剛志,早大,https://wrestling-spirits.jp/www/wp-content/data/80/ichiran_domestic/intercollege_FF.pdf
intercollegiate,フリースタイル,1992,82kg,横山 秀和,日体大,https://wrestling-spirits.jp/www/wp-content/data/80/ichiran_domestic/intercollege_FF.pdf
intercollegiate,フリースタイル,1992,90kg,岩渕 利則,国士舘大,https://wrestling-spirits.jp/www/wp-content/data/80/ichiran_domestic/intercollege_FF.pdf
intercollegiate,フリースタイル,1992,100kg,藤田 和之,日大,https://wrestling-spirits.jp/www/wp-content/data/80/ichiran_domestic/intercollege_FF.pdf
intercollegiate,フリースタイル,1992,130kg,茂野 充宏,国士舘大,https://wrestling-spirits.jp/www/wp-content/data/80/ichiran_domestic/intercollege_FF.pdf
intercollegiate,フリースタイル,1991,48kg,若松 正,東洋大,https://wrestling-spirits.jp/www/wp-content/data/80/ichiran_domestic/intercollege_FF.pdf
intercollegiate,フリースタイル,1991,52kg,藤村 和人,日大,https://wrestling-spirits.jp/www/wp-content/data/80/ichiran_domestic/intercollege_FF.pdf
intercollegiate,フリースタイル,1991,57kg,入江 格,国士舘大,https://wrestling-spirits.jp/www/wp-content/data/80/ichiran_domestic/intercollege_FF.pdf
intercollegiate,フリースタイル,1991,62kg,中石 義洋,日体大,https://wrestling-spirits.jp/www/wp-content/data/80/ichiran_domestic/intercollege_FF.pdf
intercollegiate,フリースタイル,1991,68kg,太田 拓弥,日体大,https://wrestling-spirits.jp/www/wp-content/data/80/ichiran_domestic/intercollege_FF.pdf
intercollegiate,フリースタイル,1991,74kg,平塚 洋充,日大,https://wrestling-spirits.jp/www/wp-content/data/80/ichiran_domestic/intercollege_FF.pdf
intercollegiate,フリースタイル,1991,82kg,笹原 洋一郎,日体大,https://wrestling-spirits.jp/www/wp-content/data/80/ichiran_domestic/intercollege_FF.pdf
intercollegiate,フリースタイル,1991,90kg,藤田 和之,日大,https://wrestling-spirits.jp/www/wp-content/data/80/ichiran_domestic/intercollege_FF.pdf
intercollegiate,フリースタイル,1991,100kg,小玉 康二,国士舘大,https://wrestling-spirits.jp/www/wp-content/data/80/ichiran_domestic/intercollege_FF.pdf
intercollegiate,フリースタイル,1991,130kg,浜上 稔,日体大,https://wrestling-spirits.jp/www/wp-content/data/80/ichiran_domestic/intercollege_FF.pdf
intercollegiate,フリースタイル,1990,48kg,山下 忍,日体大,https://wrestling-spirits.jp/www/wp-content/data/80/ichiran_domestic/intercollege_FF.pdf
intercollegiate,フリースタイル,1990,52kg,水野 将嘉,早大,https://wrestling-spirits.jp/www/wp-content/data/80/ichiran_domestic/intercollege_FF.pdf
intercollegiate,フリースタイル,1990,57kg,佐藤 貢,日体大,https://wrestling-spirits.jp/www/wp-content/data/80/ichiran_domestic/intercollege_FF.pdf
intercollegiate,フリースタイル,1990,62kg,奥山 恵二,日体大,https://wrestling-spirits.jp/www/wp-content/data/80/ichiran_domestic/intercollege_FF.pdf
intercollegiate,フリースタイル,1990,68kg,太田 拓弥,日体大,https://wrestling-spirits.jp/www/wp-content/data/80/ichiran_domestic/intercollege_FF.pdf
intercollegiate,フリースタイル,1990,74kg,大久保 啓光,国士舘大,https://wrestling-spirits.jp/www/wp-content/data/80/ichiran_domestic/intercollege_FF.pdf
intercollegiate,フリースタイル,1990,82kg,石沢 常光,早大,https://wrestling-spirits.jp/www/wp-content/data/80/ichiran_domestic/intercollege_FF.pdf
intercollegiate,フリースタイル,1990,90kg,藤田 和之,日大,https://wrestling-spirits.jp/www/wp-content/data/80/ichiran_domestic/intercollege_FF.pdf
intercollegiate,フリースタイル,1990,100kg,野々村 孝,山梨学院大,https://wrestling-spirits.jp/www/wp-content/data/80/ichiran_domestic/intercollege_FF.pdf
intercollegiate,フリースタイル,1990,130kg,小幡 弘之,日大,https://wrestling-spirits.jp/www/wp-content/data/80/ichiran_domestic/intercollege_FF.pdf
intercollegiate,フリースタイル,1989,48kg,若松 正,東洋大,https://wrestling-spirits.jp/www/wp-content/data/80/ichiran_domestic/intercollege_FF.pdf
intercollegiate,フリースタイル,1989,52kg,水野 将嘉,早大,https://wrestling-spirits.jp/www/wp-content/data/80/ichiran_domestic/intercollege_FF.pdf
intercollegiate,フリースタイル,1989,57kg,佐々木 一郎,日体大,https://wrestling-spirits.jp/www/wp-content/data/80/ichiran_domestic/intercollege_FF.pdf
intercollegiate,フリースタイル,1989,62kg,奥山 恵二,日体大,https://wrestling-spirits.jp/www/wp-content/data/80/ichiran_domestic/intercollege_FF.pdf
intercollegiate,フリースタイル,1989,68kg,太田 拓弥,日体大,https://wrestling-spirits.jp/www/wp-content/data/80/ichiran_domestic/intercollege_FF.pdf
intercollegiate,フリースタイル,1989,74kg,得本 啓次,日体大,https://wrestling-spirits.jp/www/wp-content/data/80/ichiran_domestic/intercollege_FF.pdf
intercollegiate,フリースタイル,1989,82kg,石沢 常光,早大,https://wrestling-spirits.jp/www/wp-content/data/80/ichiran_domestic/intercollege_FF.pdf
intercollegiate,フリースタイル,1989,90kg,藤田 和之,日大,https://wrestling-spirits.jp/www/wp-content/data/80/ichiran_domestic/intercollege_FF.pdf
intercollegiate,フリースタイル,1989,100kg,間山 泰範,日体大,https://wrestling-spirits.jp/www/wp-content/data/80/ichiran_domestic/intercollege_FF.pdf
intercollegiate,フリースタイル,1989,130kg,鈴木 賢一,大東大,https://wrestling-spirits.jp/www/wp-content/data/80/ichiran_domestic/intercollege_FF.pdf
intercollegiate,フリースタイル,1988,48kg,山下 忍,日体大,https://wrestling-spirits.jp/www/wp-content/data/80/ichiran_domestic/intercollege_FF.pdf
intercollegiate,フリースタイル,1988,52kg,沖山 功,日体大,https://wrestling-spirits.jp/www/wp-content/data/80/ichiran_domestic/intercollege_FF.pdf
intercollegiate,フリースタイル,1988,57kg,佐々木 一郎,日体大,https://wrestling-spirits.jp/www/wp-content/data/80/ichiran_domestic/intercollege_FF.pdf
intercollegiate,フリースタイル,1988,62kg,奥山 恵二,日体大,https://wrestling-spirits.jp/www/wp-content/data/80/ichiran_domestic/intercollege_FF.pdf
intercollegiate,フリースタイル,1988,68kg,安達 巧,日体大,https://wrestling-spirits.jp/www/wp-content/data/80/ichiran_domestic/intercollege_FF.pdf
intercollegiate,フリースタイル,1988,74kg,下玉利 太,日大,https://wrestling-spirits.jp/www/wp-content/data/80/ichiran_domestic/intercollege_FF.pdf
intercollegiate,フリースタイル,1988,82kg,石沢 常光,早大,https://wrestling-spirits.jp/www/wp-content/data/80/ichiran_domestic/intercollege_FF.pdf
intercollegiate,フリースタイル,1988,90kg,浅沼 俊幸,国士舘大,https://wrestling-spirits.jp/www/wp-content/data/80/ichiran_domestic/intercollege_FF.pdf
intercollegiate,フリースタイル,1988,100kg,中西 学,専大,https://wrestling-spirits.jp/www/wp-content/data/80/ichiran_domestic/intercollege_FF.pdf
intercollegiate,フリースタイル,1988,130kg,出口 一也,国士舘大,https://wrestling-spirits.jp/www/wp-content/data/80/ichiran_domestic/intercollege_FF.pdf
intercollegiate,フリースタイル,1987,48kg,山下 忍,日体大,https://wrestling-spirits.jp/www/wp-content/data/80/ichiran_domestic/intercollege_FF.pdf
intercollegiate,フリースタイル,1987,52kg,沖山 功,日体大,https://wrestling-spirits.jp/www/wp-content/data/80/ichiran_domestic/intercollege_FF.pdf
intercollegiate,フリースタイル,1987,57kg,金浜 良,日大,https://wrestling-spirits.jp/www/wp-content/data/80/ichiran_domestic/intercollege_FF.pdf
intercollegiate,フリースタイル,1987,62kg,安達 巧,日体大,https://wrestling-spirits.jp/www/wp-content/data/80/ichiran_domestic/intercollege_FF.pdf
intercollegiate,フリースタイル,1987,68kg,有延 伸一,国士舘大,https://wrestling-spirits.jp/www/wp-content/data/80/ichiran_domestic/intercollege_FF.pdf
intercollegiate,フリースタイル,1987,74kg,角崎 朋博,日体大,https://wrestling-spirits.jp/www/wp-content/data/80/ichiran_domestic/intercollege_FF.pdf
intercollegiate,フリースタイル,1987,82kg,高木 博章,専大,https://wrestling-spirits.jp/www/wp-content/data/80/ichiran_domestic/intercollege_FF.pdf
intercollegiate,フリースタイル,1987,90kg,浅沼 俊幸,国士舘大,https://wrestling-spirits.jp/www/wp-content/data/80/ichiran_domestic/intercollege_FF.pdf
intercollegiate,フリースタイル,1987,100kg,間山 泰範,日体大,https://wrestling-spirits.jp/www/wp-content/data/80/ichiran_domestic/intercollege_FF.pdf
intercollegiate,フリースタイル,1987,130kg,奈良 英則,日大,https://wrestling-spirits.jp/www/wp-content/data/80/ichiran_domestic/intercollege_FF.pdf
intercollegiate,フリースタイル,1986,48kg,喜多 龍昭,日体大,https://wrestling-spirits.jp/www/wp-content/data/80/ichiran_domestic/intercollege_FF.pdf
intercollegiate,フリースタイル,1986,52kg,金浜 良,日大,https://wrestling-spirits.jp/www/wp-content/data/80/ichiran_domestic/intercollege_FF.pdf
intercollegiate,フリースタイル,1986,57kg,森下 敏清,日体大,https://wrestling-spirits.jp/www/wp-content/data/80/ichiran_domestic/intercollege_FF.pdf
intercollegiate,フリースタイル,1986,62kg,安達 巧,日体大,https://wrestling-spirits.jp/www/wp-content/data/80/ichiran_domestic/intercollege_FF.pdf
intercollegiate,フリースタイル,1986,68kg,赤石 光生,日大,https://wrestling-spirits.jp/www/wp-content/data/80/ichiran_domestic/intercollege_FF.pdf
intercollegiate,フリースタイル,1986,74kg,角崎 朋博,日体大,https://wrestling-spirits.jp/www/wp-content/data/80/ichiran_domestic/intercollege_FF.pdf
intercollegiate,フリースタイル,1986,82kg,伊藤 敦,日体大,https://wrestling-spirits.jp/www/wp-content/data/80/ichiran_domestic/intercollege_FF.pdf
intercollegiate,フリースタイル,1986,90kg,鈴木 和芳,専大,https://wrestling-spirits.jp/www/wp-content/data/80/ichiran_domestic/intercollege_FF.pdf
intercollegiate,フリースタイル,1986,100kg,菊地 毅,大東大,https://wrestling-spirits.jp/www/wp-content/data/80/ichiran_domestic/intercollege_FF.pdf
intercollegiate,フリースタイル,1986,130kg,浅井 功,日体大,https://wrestling-spirits.jp/www/wp-content/data/80/ichiran_domestic/intercollege_FF.pdf
intercollegiate,フリースタイル,1985,48kg,沖山 功,日体大,https://wrestling-spirits.jp/www/wp-content/data/80/ichiran_domestic/intercollege_FF.pdf
intercollegiate,フリースタイル,1985,52kg,上島 一敏,国士舘大,https://wrestling-spirits.jp/www/wp-content/data/80/ichiran_domestic/intercollege_FF.pdf
intercollegiate,フリースタイル,1985,57kg,森下 敏清,日体大,https://wrestling-spirits.jp/www/wp-content/data/80/ichiran_domestic/intercollege_FF.pdf
intercollegiate,フリースタイル,1985,62kg,井村 陽三,日体大,https://wrestling-spirits.jp/www/wp-content/data/80/ichiran_domestic/intercollege_FF.pdf
intercollegiate,フリースタイル,1985,68kg,赤石 光生,日大,https://wrestling-spirits.jp/www/wp-content/data/80/ichiran_domestic/intercollege_FF.pdf
intercollegiate,フリースタイル,1985,74kg,平山 宣伸,日体大,https://wrestling-spirits.jp/www/wp-content/data/80/ichiran_domestic/intercollege_FF.pdf
intercollegiate,フリースタイル,1985,82kg,赤石 明雄,国士舘大,https://wrestling-spirits.jp/www/wp-content/data/80/ichiran_domestic/intercollege_FF.pdf
intercollegiate,フリースタイル,1985,90kg,和田 正,専大,https://wrestling-spirits.jp/www/wp-content/data/80/ichiran_domestic/intercollege_FF.pdf
intercollegiate,フリースタイル,1985,100kg,本田 多聞,日大,https://wrestling-spirits.jp/www/wp-content/data/80/ichiran_domestic/intercollege_FF.pdf
intercollegiate,フリースタイル,1985,130kg,本間 和志,専大,https://wrestling-spirits.jp/www/wp-content/data/80/ichiran_domestic/intercollege_FF.pdf
intercollegiate,フリースタイル,1984,48kg,小林 孝至,日大,https://wrestling-spirits.jp/www/wp-content/data/80/ichiran_domestic/intercollege_FF.pdf
intercollegiate,フリースタイル,1984,52kg,上島 一敏,国士舘大,https://wrestling-spirits.jp/www/wp-content/data/80/ichiran_domestic/intercollege_FF.pdf
intercollegiate,フリースタイル,1984,57kg,角地山 豊,日大,https://wrestling-spirits.jp/www/wp-content/data/80/ichiran_domestic/intercollege_FF.pdf
intercollegiate,フリースタイル,1984,62kg,西 真太郎,日体大,https://wrestling-spirits.jp/www/wp-content/data/80/ichiran_domestic/intercollege_FF.pdf
intercollegiate,フリースタイル,1984,68kg,赤石 光生,日大,https://wrestling-spirits.jp/www/wp-content/data/80/ichiran_domestic/intercollege_FF.pdf
intercollegiate,フリースタイル,1984,74kg,平山 宣伸,日体大,https://wrestling-spirits.jp/www/wp-content/data/80/ichiran_domestic/intercollege_FF.pdf
intercollegiate,フリースタイル,1984,82kg,安田 紀久雄,日体大,https://wrestling-spirits.jp/www/wp-content/data/80/ichiran_domestic/intercollege_FF.pdf
intercollegiate,フリースタイル,1984,90kg,水橋 徹,国士舘大,https://wrestling-spirits.jp/www/wp-content/data/80/ichiran_domestic/intercollege_FF.pdf
intercollegiate,フリースタイル,1984,100kg,本田 多聞,日大,https://wrestling-spirits.jp/www/wp-content/data/80/ichiran_domestic/intercollege_FF.pdf
intercollegiate,フリースタイル,1984,100kg以上,猿田 充,国士舘大,https://wrestling-spirits.jp/www/wp-content/data/80/ichiran_domestic/intercollege_FF.pdf
intercollegiate,フリースタイル,1983,48kg,小林 孝至,日大,https://wrestling-spirits.jp/www/wp-content/data/80/ichiran_domestic/intercollege_FF.pdf
intercollegiate,フリースタイル,1983,52kg,佐藤 満,日体大,https://wrestling-spirits.jp/www/wp-content/data/80/ichiran_domestic/intercollege_FF.pdf
intercollegiate,フリースタイル,1983,57kg,井上 智明,国士舘大,https://wrestling-spirits.jp/www/wp-content/data/80/ichiran_domestic/intercollege_FF.pdf
intercollegiate,フリースタイル,1983,62kg,赤石 光生,日大,https://wrestling-spirits.jp/www/wp-content/data/80/ichiran_domestic/intercollege_FF.pdf
intercollegiate,フリースタイル,1983,74kg,安田 紀久雄,日体大,https://wrestling-spirits.jp/www/wp-content/data/80/ichiran_domestic/intercollege_FF.pdf
intercollegiate,フリースタイル,1983,82kg,赤石 明雄,国士舘大,https://wrestling-spirits.jp/www/wp-content/data/80/ichiran_domestic/intercollege_FF.pdf
intercollegiate,フリースタイル,1983,90kg,水橋 徹,国士舘大,https://wrestling-spirits.jp/www/wp-content/data/80/ichiran_domestic/intercollege_FF.pdf
intercollegiate,フリースタイル,1983,100kg,本田 多聞,日大,https://wrestling-spirits.jp/www/wp-content/data/80/ichiran_domestic/intercollege_FF.pdf
intercollegiate,フリースタイル,1983,100kg以上,石森 宏一,大体大,https://wrestling-spirits.jp/www/wp-content/data/80/ichiran_domestic/intercollege_FF.pdf
intercollegiate,フリースタイル,1982,48kg,小林 孝至,日大,https://wrestling-spirits.jp/www/wp-content/data/80/ichiran_domestic/intercollege_FF.pdf
intercollegiate,フリースタイル,1982,52kg,佐藤 満,日体大,https://wrestling-spirits.jp/www/wp-content/data/80/ichiran_domestic/intercollege_FF.pdf
intercollegiate,フリースタイル,1982,57kg,佐藤 新,日体大,https://wrestling-spirits.jp/www/wp-content/data/80/ichiran_domestic/intercollege_FF.pdf
intercollegiate,フリースタイル,1982,62kg,五位塚 悟,大東大,https://wrestling-spirits.jp/www/wp-content/data/80/ichiran_domestic/intercollege_FF.pdf
intercollegiate,フリースタイル,1982,68kg,上村 政和,日大,https://wrestling-spirits.jp/www/wp-content/data/80/ichiran_domestic/intercollege_FF.pdf
intercollegiate,フリースタイル,1982,74kg,岸本 茂範,中大,https://wrestling-spirits.jp/www/wp-content/data/80/ichiran_domestic/intercollege_FF.pdf
intercollegiate,フリースタイル,1982,82kg,西村 公夫,専大,https://wrestling-spirits.jp/www/wp-content/data/80/ichiran_domestic/intercollege_FF.pdf
intercollegiate,フリースタイル,1982,90kg,水橋 徹,国士舘大,https://wrestling-spirits.jp/www/wp-content/data/80/ichiran_domestic/intercollege_FF.pdf
intercollegiate,フリースタイル,1982,100kg,本田 多聞,日大,https://wrestling-spirits.jp/www/wp-content/data/80/ichiran_domestic/intercollege_FF.pdf
intercollegiate,フリースタイル,1982,100kg以上,石森 宏一,大体大,https://wrestling-spirits.jp/www/wp-content/data/80/ichiran_domestic/intercollege_FF.pdf
intercollegiate,フリースタイル,1981,48kg,石川 真一,国士舘大,https://wrestling-spirits.jp/www/wp-content/data/80/ichiran_domestic/intercollege_FF.pdf
intercollegiate,フリースタイル,1981,52kg,佐藤 満,日体大,https://wrestling-spirits.jp/www/wp-content/data/80/ichiran_domestic/intercollege_FF.pdf
intercollegiate,フリースタイル,1981,57kg,上野 宏之,日体大,https://wrestling-spirits.jp/www/wp-content/data/80/ichiran_domestic/intercollege_FF.pdf
intercollegiate,フリースタイル,1981,62kg,五位塚 悟,大東大,https://wrestling-spirits.jp/www/wp-content/data/80/ichiran_domestic/intercollege_FF.pdf
intercollegiate,フリースタイル,1981,68kg,上村 政和,日大,https://wrestling-spirits.jp/www/wp-content/data/80/ichiran_domestic/intercollege_FF.pdf
intercollegiate,フリースタイル,1981,74kg,菊地 隆,大東大,https://wrestling-spirits.jp/www/wp-content/data/80/ichiran_domestic/intercollege_FF.pdf
intercollegiate,フリースタイル,1981,82kg,茂木 修,日体大,https://wrestling-spirits.jp/www/wp-content/data/80/ichiran_domestic/intercollege_FF.pdf
intercollegiate,フリースタイル,1981,90kg,富田 栄作,専大,https://wrestling-spirits.jp/www/wp-content/data/80/ichiran_domestic/intercollege_FF.pdf
intercollegiate,フリースタイル,1981,90kg以上,安藤 正哉,日体大,https://wrestling-spirits.jp/www/wp-content/data/80/ichiran_domestic/intercollege_FF.pdf
intercollegiate,フリースタイル,1980,48kg,石川 真一,国士舘大,https://wrestling-spirits.jp/www/wp-content/data/80/ichiran_domestic/intercollege_FF.pdf
intercollegiate,フリースタイル,1980,52kg,小林 利典,大東大,https://wrestling-spirits.jp/www/wp-content/data/80/ichiran_domestic/intercollege_FF.pdf
intercollegiate,フリースタイル,1980,57kg,横山 勝正,専大,https://wrestling-spirits.jp/www/wp-content/data/80/ichiran_domestic/intercollege_FF.pdf
intercollegiate,フリースタイル,1980,62kg,五位塚 悟,大東大,https://wrestling-spirits.jp/www/wp-content/data/80/ichiran_domestic/intercollege_FF.pdf
intercollegiate,フリースタイル,1980,68kg,大家 岳彦,日体大,https://wrestling-spirits.jp/www/wp-content/data/80/ichiran_domestic/intercollege_FF.pdf
intercollegiate,フリースタイル,1980,74kg,岸本 茂範,中大,https://wrestling-spirits.jp/www/wp-content/data/80/ichiran_domestic/intercollege_FF.pdf
intercollegiate,フリースタイル,1980,82kg,芽原 功,専大,https://wrestling-spirits.jp/www/wp-content/data/80/ichiran_domestic/intercollege_FF.pdf
intercollegiate,フリースタイル,1980,90kg,相沢 伸彦,国士舘大,https://wrestling-spirits.jp/www/wp-content/data/80/ichiran_domestic/intercollege_FF.pdf
intercollegiate,フリースタイル,1980,90kg以上,山本 邦寿,日体大,https://wrestling-spirits.jp/www/wp-content/data/80/ichiran_domestic/intercollege_FF.pdf
intercollegiate,フリースタイル,1979,48kg,石川 利明,日大,https://wrestling-spirits.jp/www/wp-content/data/80/ichiran_domestic/intercollege_FF.pdf
intercollegiate,フリースタイル,1979,52kg,小林 利典,大東大,https://wrestling-spirits.jp/www/wp-content/data/80/ichiran_domestic/intercollege_FF.pdf
intercollegiate,フリースタイル,1979,57kg,横山 勝正,専大,https://wrestling-spirits.jp/www/wp-content/data/80/ichiran_domestic/intercollege_FF.pdf
intercollegiate,フリースタイル,1979,62kg,五位塚 悟,大東大,https://wrestling-spirits.jp/www/wp-content/data/80/ichiran_domestic/intercollege_FF.pdf
intercollegiate,フリースタイル,1979,68kg,加藤,国士舘大,https://wrestling-spirits.jp/www/wp-content/data/80/ichiran_domestic/intercollege_FF.pdf
intercollegiate,フリースタイル,1979,74kg,田谷 久男,東洋大,https://wrestling-spirits.jp/www/wp-content/data/80/ichiran_domestic/intercollege_FF.pdf
intercollegiate,フリースタイル,1979,82kg,芽原 功,専大,https://wrestling-spirits.jp/www/wp-content/data/80/ichiran_domestic/intercollege_FF.pdf
intercollegiate,フリースタイル,1979,90kg,平山 進,日体大,https://wrestling-spirits.jp/www/wp-content/data/80/ichiran_domestic/intercollege_FF.pdf
intercollegiate,フリースタイル,1979,90kg以上,安藤 正哉,日体大,https://wrestling-spirits.jp/www/wp-content/data/80/ichiran_domestic/intercollege_FF.pdf
intercollegiate,フリースタイル,1978,48kg,石川 利明,日大,https://wrestling-spirits.jp/www/wp-content/data/80/ichiran_domestic/intercollege_FF.pdf
intercollegiate,フリースタイル,1978,52kg,朝倉 利夫,国士舘大,https://wrestling-spirits.jp/www/wp-content/data/80/ichiran_domestic/intercollege_FF.pdf
intercollegiate,フリースタイル,1978,57kg,佐藤 和夫,中大,https://wrestling-spirits.jp/www/wp-content/data/80/ichiran_domestic/intercollege_FF.pdf
intercollegiate,フリースタイル,1978,62kg,藤田 良穂,中大,https://wrestling-spirits.jp/www/wp-content/data/80/ichiran_domestic/intercollege_FF.pdf
intercollegiate,フリースタイル,1978,68kg,高橋 恒弘,専大,https://wrestling-spirits.jp/www/wp-content/data/80/ichiran_domestic/intercollege_FF.pdf
intercollegiate,フリースタイル,1978,74kg,山田 真一,国士舘大,https://wrestling-spirits.jp/www/wp-content/data/80/ichiran_domestic/intercollege_FF.pdf
intercollegiate,フリースタイル,1978,82kg,木村 年貴,日体大,https://wrestling-spirits.jp/www/wp-content/data/80/ichiran_domestic/intercollege_FF.pdf
intercollegiate,フリースタイル,1978,90kg,石引 正治,東洋大,https://wrestling-spirits.jp/www/wp-content/data/80/ichiran_domestic/intercollege_FF.pdf
intercollegiate,フリースタイル,1978,90kg以上,大湊 康訓,中大,https://wrestling-spirits.jp/www/wp-content/data/80/ichiran_domestic/intercollege_FF.pdf
intercollegiate,フリースタイル,1977,48kg,石川 利明,日大,https://wrestling-spirits.jp/www/wp-content/data/80/ichiran_domestic/intercollege_FF.pdf
intercollegiate,フリースタイル,1977,52kg,碇 桂輔,国士舘大,https://wrestling-spirits.jp/www/wp-content/data/80/ichiran_domestic/intercollege_FF.pdf
intercollegiate,フリースタイル,1977,57kg,富山 英明,日大,https://wrestling-spirits.jp/www/wp-content/data/80/ichiran_domestic/intercollege_FF.pdf
intercollegiate,フリースタイル,1977,62kg,藤田 良穂,中大,https://wrestling-spirits.jp/www/wp-content/data/80/ichiran_domestic/intercollege_FF.pdf
intercollegiate,フリースタイル,1977,68kg,高橋 恒弘,専大,https://wrestling-spirits.jp/www/wp-content/data/80/ichiran_domestic/intercollege_FF.pdf
intercollegiate,フリースタイル,1977,74kg,海沼 邦彦,八戸工大,https://wrestling-spirits.jp/www/wp-content/data/80/ichiran_domestic/intercollege_FF.pdf
intercollegiate,フリースタイル,1977,82kg,太田 章,早大,https://wrestling-spirits.jp/www/wp-content/data/80/ichiran_domestic/intercollege_FF.pdf
intercollegiate,フリースタイル,1977,90kg,山本 博,日大,https://wrestling-spirits.jp/www/wp-content/data/80/ichiran_domestic/intercollege_FF.pdf
intercollegiate,フリースタイル,1977,90kg以上,谷津 嘉章,日大,https://wrestling-spirits.jp/www/wp-content/data/80/ichiran_domestic/intercollege_FF.pdf
intercollegiate,フリースタイル,1976,48kg,吉田 三修,東洋大,https://wrestling-spirits.jp/www/wp-content/data/80/ichiran_domestic/intercollege_FF.pdf
intercollegiate,フリースタイル,1976,52kg,丸山 末吉,国士舘大,https://wrestling-spirits.jp/www/wp-content/data/80/ichiran_domestic/intercollege_FF.pdf
intercollegiate,フリースタイル,1976,57kg,山路 明,国士舘大,https://wrestling-spirits.jp/www/wp-content/data/80/ichiran_domestic/intercollege_FF.pdf
intercollegiate,フリースタイル,1976,62kg,堀井 健一,国士舘大,https://wrestling-spirits.jp/www/wp-content/data/80/ichiran_domestic/intercollege_FF.pdf
intercollegiate,フリースタイル,1976,68kg,平沼 義範,中大,https://wrestling-spirits.jp/www/wp-content/data/80/ichiran_domestic/intercollege_FF.pdf
intercollegiate,フリースタイル,1976,74kg,小柳 美代志,明大,https://wrestling-spirits.jp/www/wp-content/data/80/ichiran_domestic/intercollege_FF.pdf
intercollegiate,フリースタイル,1976,82kg,長谷川 正治,明大,https://wrestling-spirits.jp/www/wp-content/data/80/ichiran_domestic/intercollege_FF.pdf
intercollegiate,フリースタイル,1976,90kg,清水 一夫,大東大,https://wrestling-spirits.jp/www/wp-content/data/80/ichiran_domestic/intercollege_FF.pdf
intercollegiate,フリースタイル,1976,90kg以上,谷津 嘉章,日大,https://wrestling-spirits.jp/www/wp-content/data/80/ichiran_domestic/intercollege_FF.pdf
intercollegiate,フリースタイル,1975,48kg,藤沢 信雄,大東大,https://wrestling-spirits.jp/www/wp-content/data/80/ichiran_domestic/intercollege_FF.pdf
intercollegiate,フリースタイル,1975,52kg,丸山 末吉,国士舘大,https://wrestling-spirits.jp/www/wp-content/data/80/ichiran_domestic/intercollege_FF.pdf
intercollegiate,フリースタイル,1975,57kg,金子 博,明大,https://wrestling-spirits.jp/www/wp-content/data/80/ichiran_domestic/intercollege_FF.pdf
intercollegiate,フリースタイル,1975,62kg,我如古 和徳,日大,https://wrestling-spirits.jp/www/wp-content/data/80/ichiran_domestic/intercollege_FF.pdf
intercollegiate,フリースタイル,1975,68kg,小泉 清一,国士舘大,https://wrestling-spirits.jp/www/wp-content/data/80/ichiran_domestic/intercollege_FF.pdf
intercollegiate,フリースタイル,1975,74kg,小笠原 寛,八戸工大,https://wrestling-spirits.jp/www/wp-content/data/80/ichiran_domestic/intercollege_FF.pdf
intercollegiate,フリースタイル,1975,82kg,高西 一宏,国士舘大,https://wrestling-spirits.jp/www/wp-content/data/80/ichiran_domestic/intercollege_FF.pdf
intercollegiate,フリースタイル,1975,90kg,清水 一夫,大東大,https://wrestling-spirits.jp/www/wp-content/data/80/ichiran_domestic/intercollege_FF.pdf
intercollegiate,フリースタイル,1975,90kg以上,大湊 康訓,中大,https://wrestling-spirits.jp/www/wp-content/data/80/ichiran_domestic/intercollege_FF.pdf
intercollegiate,フリースタイル,1974,48kg,藤沢 信雄,大東大,https://wrestling-spirits.jp/www/wp-content/data/80/ichiran_domestic/intercollege_FF.pdf
intercollegiate,フリースタイル,1974,52kg,刈場 勇光,専大,https://wrestling-spirits.jp/www/wp-content/data/80/ichiran_domestic/intercollege_FF.pdf
intercollegiate,フリースタイル,1974,57kg,太田 利光,専大,https://wrestling-spirits.jp/www/wp-content/data/80/ichiran_domestic/intercollege_FF.pdf
intercollegiate,フリースタイル,1974,62kg,宮原 章,明大,https://wrestling-spirits.jp/www/wp-content/data/80/ichiran_domestic/intercollege_FF.pdf
intercollegiate,フリースタイル,1974,68kg,小泉 清一,国士舘大,https://wrestling-spirits.jp/www/wp-content/data/80/ichiran_domestic/intercollege_FF.pdf
intercollegiate,フリースタイル,1974,74kg,伊藤 良和,専大,https://wrestling-spirits.jp/www/wp-content/data/80/ichiran_domestic/intercollege_FF.pdf
intercollegiate,フリースタイル,1974,82kg,高西 一宏,国士舘大,https://wrestling-spirits.jp/www/wp-content/data/80/ichiran_domestic/intercollege_FF.pdf
intercollegiate,フリースタイル,1974,90kg,飯野 祐邦,明大,https://wrestling-spirits.jp/www/wp-content/data/80/ichiran_domestic/intercollege_FF.pdf
intercollegiate,フリースタイル,1974,90kg以上,平田 靖之,国士舘大,https://wrestling-spirits.jp/www/wp-content/data/80/ichiran_domestic/intercollege_FF.pdf
intercollegiate,フリースタイル,1973,48kg,藤沢 信雄,大東大,https://wrestling-spirits.jp/www/wp-content/data/80/ichiran_domestic/intercollege_FF.pdf
intercollegiate,フリースタイル,1973,52kg,新島 博正,国士舘大,https://wrestling-spirits.jp/www/wp-content/data/80/ichiran_domestic/intercollege_FF.pdf
intercollegiate,フリースタイル,1973,57kg,佐々木 禎,日体大,https://wrestling-spirits.jp/www/wp-content/data/80/ichiran_domestic/intercollege_FF.pdf
intercollegiate,フリースタイル,1973,62kg,宮原 章,明大,https://wrestling-spirits.jp/www/wp-content/data/80/ichiran_domestic/intercollege_FF.pdf
intercollegiate,フリースタイル,1973,68kg,菅原 弥三郎,国士舘大,https://wrestling-spirits.jp/www/wp-content/data/80/ichiran_domestic/intercollege_FF.pdf
intercollegiate,フリースタイル,1973,74kg,伊藤 良和,専大,https://wrestling-spirits.jp/www/wp-content/data/80/ichiran_domestic/intercollege_FF.pdf
intercollegiate,フリースタイル,1973,82kg,茂木 優,国士舘大,https://wrestling-spirits.jp/www/wp-content/data/80/ichiran_domestic/intercollege_FF.pdf
intercollegiate,フリースタイル,1973,90kg,米山 守,大東大,https://wrestling-spirits.jp/www/wp-content/data/80/ichiran_domestic/intercollege_FF.pdf
intercollegiate,フリースタイル,1973,90kg以上,吉田 光雄,専大,https://wrestling-spirits.jp/www/wp-content/data/80/ichiran_domestic/intercollege_FF.pdf
intercollegiate,フリースタイル,1972,48kg,平田 茂,国士舘大,https://wrestling-spirits.jp/www/wp-content/data/80/ichiran_domestic/intercollege_FF.pdf
intercollegiate,フリースタイル,1972,52kg,伊藤 一雅,早大,https://wrestling-spirits.jp/www/wp-content/data/80/ichiran_domestic/intercollege_FF.pdf
intercollegiate,フリースタイル,1972,57kg,前川 健吉,国士舘大,https://wrestling-spirits.jp/www/wp-content/data/80/ichiran_domestic/intercollege_FF.pdf
intercollegiate,フリースタイル,1972,62kg,宮原 章,明大,https://wrestling-spirits.jp/www/wp-content/data/80/ichiran_domestic/intercollege_FF.pdf
intercollegiate,フリースタイル,1972,68kg,七尾 秀敏,国士舘大,https://wrestling-spirits.jp/www/wp-content/data/80/ichiran_domestic/intercollege_FF.pdf
intercollegiate,フリースタイル,1972,74kg,伊藤 良和,専大,https://wrestling-spirits.jp/www/wp-content/data/80/ichiran_domestic/intercollege_FF.pdf
intercollegiate,フリースタイル,1972,82kg,茂木 優,国士舘大,https://wrestling-spirits.jp/www/wp-content/data/80/ichiran_domestic/intercollege_FF.pdf
intercollegiate,フリースタイル,1972,90kg,飯野 祐邦,明大,https://wrestling-spirits.jp/www/wp-content/data/80/ichiran_domestic/intercollege_FF.pdf
intercollegiate,フリースタイル,1972,90kg以上,熊坂 勇一,明大,https://wrestling-spirits.jp/www/wp-content/data/80/ichiran_domestic/intercollege_FF.pdf
intercollegiate,フリースタイル,1971,48kg,斉藤 喜慶,明大,https://wrestling-spirits.jp/www/wp-content/data/80/ichiran_domestic/intercollege_FF.pdf
intercollegiate,フリースタイル,1971,52kg,渥美 紋範,日大,https://wrestling-spirits.jp/www/wp-content/data/80/ichiran_domestic/intercollege_FF.pdf
intercollegiate,フリースタイル,1971,57kg,荒井 政雄,国士舘大,https://wrestling-spirits.jp/www/wp-content/data/80/ichiran_domestic/intercollege_FF.pdf
intercollegiate,フリースタイル,1971,62kg,宮原 章,明大,https://wrestling-spirits.jp/www/wp-content/data/80/ichiran_domestic/intercollege_FF.pdf
intercollegiate,フリースタイル,1971,68kg,佐藤 勝,慶大,https://wrestling-spirits.jp/www/wp-content/data/80/ichiran_domestic/intercollege_FF.pdf
intercollegiate,フリースタイル,1971,74kg,長谷川 恒夫,早大,https://wrestling-spirits.jp/www/wp-content/data/80/ichiran_domestic/intercollege_FF.pdf
intercollegiate,フリースタイル,1971,82kg,安部 段一,日大,https://wrestling-spirits.jp/www/wp-content/data/80/ichiran_domestic/intercollege_FF.pdf
intercollegiate,フリースタイル,1971,90kg,佐藤 貞雄,大東大,https://wrestling-spirits.jp/www/wp-content/data/80/ichiran_domestic/intercollege_FF.pdf
intercollegiate,フリースタイル,1971,90kg以上,熊坂 勇一,明大,https://wrestling-spirits.jp/www/wp-content/data/80/ichiran_domestic/intercollege_FF.pdf
intercollegiate,フリースタイル,1970,48kg,浅場 和男,東洋大,https://wrestling-spirits.jp/www/wp-content/data/80/ichiran_domestic/intercollege_FF.pdf
intercollegiate,フリースタイル,1970,52kg,加藤 喜代美,専大,https://wrestling-spirits.jp/www/wp-content/data/80/ichiran_domestic/intercollege_FF.pdf
intercollegiate,フリースタイル,1970,57kg,宮 明久,東洋大,https://wrestling-spirits.jp/www/wp-content/data/80/ichiran_domestic/intercollege_FF.pdf
intercollegiate,フリースタイル,1970,62kg,原田 政光,日大,https://wrestling-spirits.jp/www/wp-content/data/80/ichiran_domestic/intercollege_FF.pdf
intercollegiate,フリースタイル,1970,68kg,和田 喜久夫,明大,https://wrestling-spirits.jp/www/wp-content/data/80/ichiran_domestic/intercollege_FF.pdf
intercollegiate,フリースタイル,1970,74kg,長谷川 恒夫,早大,https://wrestling-spirits.jp/www/wp-content/data/80/ichiran_domestic/intercollege_FF.pdf
intercollegiate,フリースタイル,1970,82kg,安部 段一,日大,https://wrestling-spirits.jp/www/wp-content/data/80/ichiran_domestic/intercollege_FF.pdf
intercollegiate,フリースタイル,1970,90kg,谷 公市,国士舘大,https://wrestling-spirits.jp/www/wp-content/data/80/ichiran_domestic/intercollege_FF.pdf
intercollegiate,フリースタイル,1970,90kg以上,磯貝 頼秀,早大,https://wrestling-spirits.jp/www/wp-content/data/80/ichiran_domestic/intercollege_FF.pdf
intercollegiate,フリースタイル,1969,48kg,梅田 昭彦,東洋大,https://wrestling-spirits.jp/www/wp-content/data/80/ichiran_domestic/intercollege_FF.pdf
intercollegiate,フリースタイル,1969,52kg,渡辺 正明,法大,https://wrestling-spirits.jp/www/wp-content/data/80/ichiran_domestic/intercollege_FF.pdf
intercollegiate,フリースタイル,1969,57kg,柳田 英明,明大,https://wrestling-spirits.jp/www/wp-content/data/80/ichiran_domestic/intercollege_FF.pdf
intercollegiate,フリースタイル,1969,62kg,阿部 巨史,専大,https://wrestling-spirits.jp/www/wp-content/data/80/ichiran_domestic/intercollege_FF.pdf
intercollegiate,フリースタイル,1969,68kg,渡辺 正孝,早大,https://wrestling-spirits.jp/www/wp-content/data/80/ichiran_domestic/intercollege_FF.pdf
intercollegiate,フリースタイル,1969,74kg,吉田 敏忠,日大,https://wrestling-spirits.jp/www/wp-content/data/80/ichiran_domestic/intercollege_FF.pdf
intercollegiate,フリースタイル,1969,82kg,野尻 修一,日大,https://wrestling-spirits.jp/www/wp-content/data/80/ichiran_domestic/intercollege_FF.pdf
intercollegiate,フリースタイル,1969,90kg,谷 公市,国士舘大,https://wrestling-spirits.jp/www/wp-content/data/80/ichiran_domestic/intercollege_FF.pdf
intercollegiate,フリースタイル,1969,90kg以上,矢田 静雄,日体大,https://wrestling-spirits.jp/www/wp-content/data/80/ichiran_domestic/intercollege_FF.pdf
intercollegiate,フリースタイル,1968,52kg,内田 史郎,東洋大,https://wrestling-spirits.jp/www/wp-content/data/80/ichiran_domestic/intercollege_FF.pdf
intercollegiate,フリースタイル,1968,57kg,藤田 義郎,専大,https://wrestling-spirits.jp/www/wp-content/data/80/ichiran_domestic/intercollege_FF.pdf
intercollegiate,フリースタイル,1968,63kg,阿部 巨史,専大,https://wrestling-spirits.jp/www/wp-content/data/80/ichiran_domestic/intercollege_FF.pdf
intercollegiate,フリースタイル,1968,70kg,林 富夫,日体大,https://wrestling-spirits.jp/www/wp-content/data/80/ichiran_domestic/intercollege_FF.pdf
intercollegiate,フリースタイル,1968,78kg,吉田 敏忠,日大,https://wrestling-spirits.jp/www/wp-content/data/80/ichiran_domestic/intercollege_FF.pdf
intercollegiate,フリースタイル,1968,87kg,佐藤 嘉信,明大,https://wrestling-spirits.jp/www/wp-content/data/80/ichiran_domestic/intercollege_FF.pdf
intercollegiate,フリースタイル,1968,97kg,正木 照夫,拓大,https://wrestling-spirits.jp/www/wp-content/data/80/ichiran_domestic/intercollege_FF.pdf
intercollegiate,フリースタイル,1967,52kg,鈴木 宜之,日大,https://wrestling-spirits.jp/www/wp-content/data/80/ichiran_domestic/intercollege_FF.pdf
intercollegiate,フリースタイル,1967,57kg,畑ヶ谷 恵一,明大,https://wrestling-spirits.jp/www/wp-content/data/80/ichiran_domestic/intercollege_FF.pdf
intercollegiate,フリースタイル,1967,63kg,阿部 巨史,専大,https://wrestling-spirits.jp/www/wp-content/data/80/ichiran_domestic/intercollege_FF.pdf
intercollegiate,フリースタイル,1967,70kg,河内 政彦,明大,https://wrestling-spirits.jp/www/wp-content/data/80/ichiran_domestic/intercollege_FF.pdf
intercollegiate,フリースタイル,1967,78kg,山縣 盛治,日体大,https://wrestling-spirits.jp/www/wp-content/data/80/ichiran_domestic/intercollege_FF.pdf
intercollegiate,フリースタイル,1967,87kg,鈴木 脇夫,明大,https://wrestling-spirits.jp/www/wp-content/data/80/ichiran_domestic/intercollege_FF.pdf
intercollegiate,フリースタイル,1967,97kg,矢田 静雄,日体大,https://wrestling-spirits.jp/www/wp-content/data/80/ichiran_domestic/intercollege_FF.pdf
intercollegiate,フリースタイル,1966,52kg,中田 茂男,中大,https://wrestling-spirits.jp/www/wp-content/data/80/ichiran_domestic/intercollege_FF.pdf
intercollegiate,フリースタイル,1966,57kg,田中 忠道,法大,https://wrestling-spirits.jp/www/wp-content/data/80/ichiran_domestic/intercollege_FF.pdf
intercollegiate,フリースタイル,1966,63kg,山崎 利之,日大,https://wrestling-spirits.jp/www/wp-content/data/80/ichiran_domestic/intercollege_FF.pdf
intercollegiate,フリースタイル,1966,70kg,飛田 義治,中大,https://wrestling-spirits.jp/www/wp-content/data/80/ichiran_domestic/intercollege_FF.pdf
intercollegiate,フリースタイル,1966,78kg,佐藤 明弘,日体大,https://wrestling-spirits.jp/www/wp-content/data/80/ichiran_domestic/intercollege_FF.pdf
intercollegiate,フリースタイル,1966,87kg,遠西 広恒,法大,https://wrestling-spirits.jp/www/wp-content/data/80/ichiran_domestic/intercollege_FF.pdf
intercollegiate,フリースタイル,1966,97kg,笹川 一夫,日大,https://wrestling-spirits.jp/www/wp-content/data/80/ichiran_domestic/intercollege_FF.pdf
intercollegiate,フリースタイル,1965,52kg,勝村 靖夫,日体大,https://wrestling-spirits.jp/www/wp-content/data/80/ichiran_domestic/intercollege_FF.pdf
intercollegiate,フリースタイル,1965,57kg,福田 富昭,日大,https://wrestling-spirits.jp/www/wp-content/data/80/ichiran_domestic/intercollege_FF.pdf
intercollegiate,フリースタイル,1965,63kg,中村 文昭,中大,https://wrestling-spirits.jp/www/wp-content/data/80/ichiran_domestic/intercollege_FF.pdf
intercollegiate,フリースタイル,1965,70kg,飛田 義治,中大,https://wrestling-spirits.jp/www/wp-content/data/80/ichiran_domestic/intercollege_FF.pdf
intercollegiate,フリースタイル,1965,78kg,渡辺 保夫,明大,https://wrestling-spirits.jp/www/wp-content/data/80/ichiran_domestic/intercollege_FF.pdf
intercollegiate,フリースタイル,1965,87kg,鈴木 脇夫,明大,https://wrestling-spirits.jp/www/wp-content/data/80/ichiran_domestic/intercollege_FF.pdf
intercollegiate,フリースタイル,1965,97kg,遠藤 茂,日大,https://wrestling-spirits.jp/www/wp-content/data/80/ichiran_domestic/intercollege_FF.pdf
intercollegiate,フリースタイル,1964,52kg,吉田 嘉久,法大,https://wrestling-spirits.jp/www/wp-content/data/80/ichiran_domestic/intercollege_FF.pdf
intercollegiate,フリースタイル,1964,57kg,福田 富昭,日大,https://wrestling-spirits.jp/www/wp-content/data/80/ichiran_domestic/intercollege_FF.pdf
intercollegiate,フリースタイル,1964,63kg,森田 武雄,明大,https://wrestling-spirits.jp/www/wp-content/data/80/ichiran_domestic/intercollege_FF.pdf
intercollegiate,フリースタイル,1964,70kg,佐藤 輝雄,中大,https://wrestling-spirits.jp/www/wp-content/data/80/ichiran_domestic/intercollege_FF.pdf
intercollegiate,フリースタイル,1964,78kg,伊藤 勝春,日大,https://wrestling-spirits.jp/www/wp-content/data/80/ichiran_domestic/intercollege_FF.pdf
intercollegiate,フリースタイル,1964,87kg,阿倍 安雄,国士舘大,https://wrestling-spirits.jp/www/wp-content/data/80/ichiran_domestic/intercollege_FF.pdf
intercollegiate,フリースタイル,1964,97kg,平塚 博,法大,https://wrestling-spirits.jp/www/wp-content/data/80/ichiran_domestic/intercollege_FF.pdf
intercollegiate,フリースタイル,1963,52kg,吉田 義勝,日大,https://wrestling-spirits.jp/www/wp-content/data/80/ichiran_domestic/intercollege_FF.pdf
intercollegiate,フリースタイル,1963,57kg,福田 富昭,日大,https://wrestling-spirits.jp/www/wp-content/data/80/ichiran_domestic/intercollege_FF.pdf
intercollegiate,フリースタイル,1963,63kg,森田 武雄,明大,https://wrestling-spirits.jp/www/wp-content/data/80/ichiran_domestic/intercollege_FF.pdf
intercollegiate,フリースタイル,1963,70kg,堀内 岩雄,日大,https://wrestling-spirits.jp/www/wp-content/data/80/ichiran_domestic/intercollege_FF.pdf
intercollegiate,フリースタイル,1963,78kg,渡辺 節義,中大,https://wrestling-spirits.jp/www/wp-content/data/80/ichiran_domestic/intercollege_FF.pdf
intercollegiate,フリースタイル,1963,87kg,佐々木 龍雄,日大,https://wrestling-spirits.jp/www/wp-content/data/80/ichiran_domestic/intercollege_FF.pdf
intercollegiate,フリースタイル,1963,97kg,斎藤 昌典,明大,https://wrestling-spirits.jp/www/wp-content/data/80/ichiran_domestic/intercollege_FF.pdf
intercollegiate,フリースタイル,1962,52kg,古川 鉄男,日大,https://wrestling-spirits.jp/www/wp-content/data/80/ichiran_domestic/intercollege_FF.pdf
intercollegiate,フリースタイル,1962,57kg,斎藤 嘉章,中大,https://wrestling-spirits.jp/www/wp-content/data/80/ichiran_domestic/intercollege_FF.pdf
intercollegiate,フリースタイル,1962,63kg,渡辺 長武,中大,https://wrestling-spirits.jp/www/wp-content/data/80/ichiran_domestic/intercollege_FF.pdf
intercollegiate,フリースタイル,1962,70kg,堀内 岩雄,日大,https://wrestling-spirits.jp/www/wp-content/data/80/ichiran_domestic/intercollege_FF.pdf
intercollegiate,フリースタイル,1962,78kg,風間 貞夫,明大,https://wrestling-spirits.jp/www/wp-content/data/80/ichiran_domestic/intercollege_FF.pdf
intercollegiate,フリースタイル,1962,87kg,浦田 昇,中大,https://wrestling-spirits.jp/www/wp-content/data/80/ichiran_domestic/intercollege_FF.pdf
intercollegiate,フリースタイル,1962,97kg,大塚 勇,法大,https://wrestling-spirits.jp/www/wp-content/data/80/ichiran_domestic/intercollege_FF.pdf
intercollegiate,フリースタイル,1961,52kg,梶川 雅史,明大,https://wrestling-spirits.jp/www/wp-content/data/80/ichiran_domestic/intercollege_FF.pdf
intercollegiate,フリースタイル,1961,57kg,金子 正明,専大,https://wrestling-spirits.jp/www/wp-content/data/80/ichiran_domestic/intercollege_FF.pdf
intercollegiate,フリースタイル,1961,62kg,渡辺 長武,中大,https://wrestling-spirits.jp/www/wp-content/data/80/ichiran_domestic/intercollege_FF.pdf
intercollegiate,フリースタイル,1961,67kg,川口 恭三,中大,https://wrestling-spirits.jp/www/wp-content/data/80/ichiran_domestic/intercollege_FF.pdf
intercollegiate,フリースタイル,1961,73kg,佐々木 洋一,明大,https://wrestling-spirits.jp/www/wp-content/data/80/ichiran_domestic/intercollege_FF.pdf
intercollegiate,フリースタイル,1961,79kg,国井 安雄,早大,https://wrestling-spirits.jp/www/wp-content/data/80/ichiran_domestic/intercollege_FF.pdf
intercollegiate,フリースタイル,1961,87kg,浦田 昇,中大,https://wrestling-spirits.jp/www/wp-content/data/80/ichiran_domestic/intercollege_FF.pdf
intercollegiate,フリースタイル,1960,52kg,今泉 雄策,中大,https://wrestling-spirits.jp/www/wp-content/data/80/ichiran_domestic/intercollege_FF.pdf
intercollegiate,フリースタイル,1960,57kg,池田 進,日大,https://wrestling-spirits.jp/www/wp-content/data/80/ichiran_domestic/intercollege_FF.pdf
intercollegiate,フリースタイル,1960,62kg,渡辺 長武,中大,https://wrestling-spirits.jp/www/wp-content/data/80/ichiran_domestic/intercollege_FF.pdf
intercollegiate,フリースタイル,1960,67kg,川口 恭三,中大,https://wrestling-spirits.jp/www/wp-content/data/80/ichiran_domestic/intercollege_FF.pdf
intercollegiate,フリースタイル,1960,73kg,由井 敬二,日大,https://wrestling-spirits.jp/www/wp-content/data/80/ichiran_domestic/intercollege_FF.pdf
intercollegiate,フリースタイル,1960,79kg,石川 忠男,日大,https://wrestling-spirits.jp/www/wp-content/data/80/ichiran_domestic/intercollege_FF.pdf
intercollegiate,フリースタイル,1960,87kg,二階堂 誠,中大,https://wrestling-spirits.jp/www/wp-content/data/80/ichiran_domestic/intercollege_FF.pdf
intercollegiate,フリースタイル,1959,52kg,松原 正之,日大,https://wrestling-spirits.jp/www/wp-content/data/80/ichiran_domestic/intercollege_FF.pdf
intercollegiate,フリースタイル,1959,57kg,石沢 二郎,明大,https://wrestling-spirits.jp/www/wp-content/data/80/ichiran_domestic/intercollege_FF.pdf
intercollegiate,フリースタイル,1959,62kg,本川 重信,法大,https://wrestling-spirits.jp/www/wp-content/data/80/ichiran_domestic/intercollege_FF.pdf
intercollegiate,フリースタイル,1959,67kg,山本 憲司,法大,https://wrestling-spirits.jp/www/wp-content/data/80/ichiran_domestic/intercollege_FF.pdf
intercollegiate,フリースタイル,1959,73kg,武田 幸彦,中大,https://wrestling-spirits.jp/www/wp-content/data/80/ichiran_domestic/intercollege_FF.pdf
intercollegiate,フリースタイル,1959,79kg,青海 上,明大,https://wrestling-spirits.jp/www/wp-content/data/80/ichiran_domestic/intercollege_FF.pdf
intercollegiate,フリースタイル,1959,87kg,二階堂 誠,中大,https://wrestling-spirits.jp/www/wp-content/data/80/ichiran_domestic/intercollege_FF.pdf
intercollegiate,フリースタイル,1958,52kg,中西 一郎,慶大,https://wrestling-spirits.jp/www/wp-content/data/80/ichiran_domestic/intercollege_FF.pdf
intercollegiate,フリースタイル,1958,57kg,浅井 正,中大,https://wrestling-spirits.jp/www/wp-content/data/80/ichiran_domestic/intercollege_FF.pdf
intercollegiate,フリースタイル,1958,62kg,島村 保行,慶大,https://wrestling-spirits.jp/www/wp-content/data/80/ichiran_domestic/intercollege_FF.pdf
intercollegiate,フリースタイル,1958,67kg,菅野 況,慶大,https://wrestling-spirits.jp/www/wp-content/data/80/ichiran_domestic/intercollege_FF.pdf
intercollegiate,フリースタイル,1958,73kg,武田 幸彦,中大,https://wrestling-spirits.jp/www/wp-content/data/80/ichiran_domestic/intercollege_FF.pdf
intercollegiate,フリースタイル,1958,79kg,北村 光治,中大,https://wrestling-spirits.jp/www/wp-content/data/80/ichiran_domestic/intercollege_FF.pdf
intercollegiate,フリースタイル,1958,87kg,高木 春雄,明大,https://wrestling-spirits.jp/www/wp-content/data/80/ichiran_domestic/intercollege_FF.pdf
intercollegiate,フリースタイル,1957,52kg,今井 清吉,慶大,https://wrestling-spirits.jp/www/wp-content/data/80/ichiran_domestic/intercollege_FF.pdf
intercollegiate,フリースタイル,1957,57kg,榊原 弥吉,中大,https://wrestling-spirits.jp/www/wp-content/data/80/ichiran_domestic/intercollege_FF.pdf
intercollegiate,フリースタイル,1957,62kg,味方 正宏,明大,https://wrestling-spirits.jp/www/wp-content/data/80/ichiran_domestic/intercollege_FF.pdf
intercollegiate,フリースタイル,1957,67kg,阿倍 一男,明大,https://wrestling-spirits.jp/www/wp-content/data/80/ichiran_domestic/intercollege_FF.pdf
intercollegiate,フリースタイル,1957,73kg,岡田 保,慶大,https://wrestling-spirits.jp/www/wp-content/data/80/ichiran_domestic/intercollege_FF.pdf
intercollegiate,フリースタイル,1957,79kg,永井 隆,中大,https://wrestling-spirits.jp/www/wp-content/data/80/ichiran_domestic/intercollege_FF.pdf
intercollegiate,フリースタイル,1957,87kg,高木 春雄,明大,https://wrestling-spirits.jp/www/wp-content/data/80/ichiran_domestic/intercollege_FF.pdf
intercollegiate,フリースタイル,1956,52kg,浅井 正,中大,https://wrestling-spirits.jp/www/wp-content/data/80/ichiran_domestic/intercollege_FF.pdf
intercollegiate,フリースタイル,1956,57kg,高比良 昭男,拓大,https://wrestling-spirits.jp/www/wp-content/data/80/ichiran_domestic/intercollege_FF.pdf
intercollegiate,フリースタイル,1956,62kg,小久保 昌,慶大,https://wrestling-spirits.jp/www/wp-content/data/80/ichiran_domestic/intercollege_FF.pdf
intercollegiate,フリースタイル,1956,67kg,渡辺 和義,明大,https://wrestling-spirits.jp/www/wp-content/data/80/ichiran_domestic/intercollege_FF.pdf
intercollegiate,フリースタイル,1956,73kg,池田 三男,中大,https://wrestling-spirits.jp/www/wp-content/data/80/ichiran_domestic/intercollege_FF.pdf
intercollegiate,フリースタイル,1956,79kg,木沢 茂宏,立大,https://wrestling-spirits.jp/www/wp-content/data/80/ichiran_domestic/intercollege_FF.pdf
intercollegiate,フリースタイル,1956,87kg,高木 春雄,明大,https://wrestling-spirits.jp/www/wp-content/data/80/ichiran_domestic/intercollege_FF.pdf
intercollegiate,フリースタイル,1955,52kg,岩井 善瞭,中大,https://wrestling-spirits.jp/www/wp-content/data/80/ichiran_domestic/intercollege_FF.pdf
intercollegiate,フリースタイル,1955,57kg,飯塚 實,明大,https://wrestling-spirits.jp/www/wp-content/data/80/ichiran_domestic/intercollege_FF.pdf
intercollegiate,フリースタイル,1955,62kg,本橋 元一,中大,https://wrestling-spirits.jp/www/wp-content/data/80/ichiran_domestic/intercollege_FF.pdf
intercollegiate,フリースタイル,1955,67kg,笠原 茂,明大,https://wrestling-spirits.jp/www/wp-content/data/80/ichiran_domestic/intercollege_FF.pdf
intercollegiate,フリースタイル,1955,73kg,池田 三男,中大,https://wrestling-spirits.jp/www/wp-content/data/80/ichiran_domestic/intercollege_FF.pdf
intercollegiate,フリースタイル,1955,79kg,桂本 和男,中大,https://wrestling-spirits.jp/www/wp-content/data/80/ichiran_domestic/intercollege_FF.pdf
intercollegiate,フリースタイル,1955,87kg,関 二郎,中大,https://wrestling-spirits.jp/www/wp-content/data/80/ichiran_domestic/intercollege_FF.pdf
intercollegiate,フリースタイル,1954,52kg,楓 尚代志,明大,https://wrestling-spirits.jp/www/wp-content/data/80/ichiran_domestic/intercollege_FF.pdf
intercollegiate,フリースタイル,1954,57kg,飯塚 實,明大,https://wrestling-spirits.jp/www/wp-content/data/80/ichiran_domestic/intercollege_FF.pdf
intercollegiate,フリースタイル,1954,62kg,本橋 元一,中大,https://wrestling-spirits.jp/www/wp-content/data/80/ichiran_domestic/intercollege_FF.pdf
intercollegiate,フリースタイル,1954,67kg,笠原 茂,明大,https://wrestling-spirits.jp/www/wp-content/data/80/ichiran_domestic/intercollege_FF.pdf
intercollegiate,フリースタイル,1954,73kg,兼子 隆,中大,https://wrestling-spirits.jp/www/wp-content/data/80/ichiran_domestic/intercollege_FF.pdf
intercollegiate,フリースタイル,1954,79kg,桂本 和男,中大,https://wrestling-spirits.jp/www/wp-content/data/80/ichiran_domestic/intercollege_FF.pdf
intercollegiate,フリースタイル,1953,52kg,北野 祐秀,慶大,https://wrestling-spirits.jp/www/wp-content/data/80/ichiran_domestic/intercollege_FF.pdf
intercollegiate,フリースタイル,1953,57kg,飯塚 實,明大,https://wrestling-spirits.jp/www/wp-content/data/80/ichiran_domestic/intercollege_FF.pdf
intercollegiate,フリースタイル,1953,62kg,笹原 正三,中大,https://wrestling-spirits.jp/www/wp-content/data/80/ichiran_domestic/intercollege_FF.pdf
intercollegiate,フリースタイル,1953,67kg,川本 晴紀,慶大,https://wrestling-spirits.jp/www/wp-content/data/80/ichiran_domestic/intercollege_FF.pdf
intercollegiate,フリースタイル,1953,73kg,竹内 寿郎,慶大,https://wrestling-spirits.jp/www/wp-content/data/80/ichiran_domestic/intercollege_FF.pdf
intercollegiate,フリースタイル,1953,79kg,桂本 和男,中大,https://wrestling-spirits.jp/www/wp-content/data/80/ichiran_domestic/intercollege_FF.pdf
intercollegiate,フリースタイル,1952,52kg,橋本 秀顕,明大,https://wrestling-spirits.jp/www/wp-content/data/80/ichiran_domestic/intercollege_FF.pdf
intercollegiate,フリースタイル,1952,57kg,木村 八郎,中大,https://wrestling-spirits.jp/www/wp-content/data/80/ichiran_domestic/intercollege_FF.pdf
intercollegiate,フリースタイル,1952,62kg,浅川 直良,明大,https://wrestling-spirits.jp/www/wp-content/data/80/ichiran_domestic/intercollege_FF.pdf
intercollegiate,フリースタイル,1952,67kg,竹尾 三男,中大,https://wrestling-spirits.jp/www/wp-content/data/80/ichiran_domestic/intercollege_FF.pdf
intercollegiate,フリースタイル,1952,73kg,鈴木 信男,中大,https://wrestling-spirits.jp/www/wp-content/data/80/ichiran_domestic/intercollege_FF.pdf
intercollegiate,フリースタイル,1952,79kg,平野 藤次,中大,https://wrestling-spirits.jp/www/wp-content/data/80/ichiran_domestic/intercollege_FF.pdf
intercollegiate,フリースタイル,1951,52kg,帽田 次郎,早大,https://wrestling-spirits.jp/www/wp-content/data/80/ichiran_domestic/intercollege_FF.pdf
intercollegiate,フリースタイル,1951,57kg,北岡 太一,拓大,https://wrestling-spirits.jp/www/wp-content/data/80/ichiran_domestic/intercollege_FF.pdf
intercollegiate,フリースタイル,1951,62kg,富永 利三郎,明大,https://wrestling-spirits.jp/www/wp-content/data/80/ichiran_domestic/intercollege_FF.pdf
intercollegiate,フリースタイル,1951,67kg,鳥谷 清明,中大,https://wrestling-spirits.jp/www/wp-content/data/80/ichiran_domestic/intercollege_FF.pdf
intercollegiate,フリースタイル,1951,73kg,米陀 嘉信,早大,https://wrestling-spirits.jp/www/wp-content/data/80/ichiran_domestic/intercollege_FF.pdf
intercollegiate,フリースタイル,1951,79kg,三上 信一,早大,https://wrestling-spirits.jp/www/wp-content/data/80/ichiran_domestic/intercollege_FF.pdf
intercollegiate,フリースタイル,1950,52kg,帽田 次郎,早大,https://wrestling-spirits.jp/www/wp-content/data/80/ichiran_domestic/intercollege_FF.pdf
intercollegiate,フリースタイル,1950,57kg,石井 庄八,中大,https://wrestling-spirits.jp/www/wp-content/data/80/ichiran_domestic/intercollege_FF.pdf
intercollegiate,フリースタイル,1950,62kg,永里 高平,早大,https://wrestling-spirits.jp/www/wp-content/data/80/ichiran_domestic/intercollege_FF.pdf
intercollegiate,フリースタイル,1950,67kg,霜鳥 武雄,明大,https://wrestling-spirits.jp/www/wp-content/data/80/ichiran_domestic/intercollege_FF.pdf
intercollegiate,フリースタイル,1950,73kg,矢田 晧通,明大,https://wrestling-spirits.jp/www/wp-content/data/80/ichiran_domestic/intercollege_FF.pdf
intercollegiate,フリースタイル,1950,79kg,伊藤 信夫,明大,https://wrestling-spirits.jp/www/wp-content/data/80/ichiran_domestic/intercollege_FF.pdf
intercollegiate,グレコローマン,2025,55kg,白川剣斗,育英大,https://wrestling-spirits.jp/www/wp-content/data/80/ichiran_domestic/intercollege_GR.pdf
intercollegiate,グレコローマン,2025,60kg,五味虹登,育英大,https://wrestling-spirits.jp/www/wp-content/data/80/ichiran_domestic/intercollege_GR.pdf
intercollegiate,グレコローマン,2025,63kg,島崎翔悟,専大,https://wrestling-spirits.jp/www/wp-content/data/80/ichiran_domestic/intercollege_GR.pdf
intercollegiate,グレコローマン,2025,67kg,長谷川虎次郎,育英大,https://wrestling-spirits.jp/www/wp-content/data/80/ichiran_domestic/intercollege_GR.pdf
intercollegiate,グレコローマン,2025,72kg,本名一晟,育英大,https://wrestling-spirits.jp/www/wp-content/data/80/ichiran_domestic/intercollege_GR.pdf
intercollegiate,グレコローマン,2025,77kg,友寄汰志,日体大,https://wrestling-spirits.jp/www/wp-content/data/80/ichiran_domestic/intercollege_GR.pdf
intercollegiate,グレコローマン,2025,82kg,松崎繕弘,拓大,https://wrestling-spirits.jp/www/wp-content/data/80/ichiran_domestic/intercollege_GR.pdf
intercollegiate,グレコローマン,2025,87kg,磯江大成,日体大,https://wrestling-spirits.jp/www/wp-content/data/80/ichiran_domestic/intercollege_GR.pdf
intercollegiate,グレコローマン,2025,97kg,北脇 香,早大,https://wrestling-spirits.jp/www/wp-content/data/80/ichiran_domestic/intercollege_GR.pdf
intercollegiate,グレコローマン,2025,130kg,バトバヤル・ナムバルダグワ,育英大,https://wrestling-spirits.jp/www/wp-content/data/80/ichiran_domestic/intercollege_GR.pdf
intercollegiate,グレコローマン,2024,55kg,山際航平,日体大,https://wrestling-spirits.jp/www/wp-content/data/80/ichiran_domestic/intercollege_GR.pdf
intercollegiate,グレコローマン,2024,60kg,五味虹登,育英大,https://wrestling-spirits.jp/www/wp-content/data/80/ichiran_domestic/intercollege_GR.pdf
intercollegiate,グレコローマン,2024,63kg,澤田幸明,拓大,https://wrestling-spirits.jp/www/wp-content/data/80/ichiran_domestic/intercollege_GR.pdf
intercollegiate,グレコローマン,2024,67kg,丸山千恵蔵,日体大,https://wrestling-spirits.jp/www/wp-content/data/80/ichiran_domestic/intercollege_GR.pdf
intercollegiate,グレコローマン,2024,72kg,本名一晟,育英大,https://wrestling-spirits.jp/www/wp-content/data/80/ichiran_domestic/intercollege_GR.pdf
intercollegiate,グレコローマン,2024,77kg,友寄汰志,日体大,https://wrestling-spirits.jp/www/wp-content/data/80/ichiran_domestic/intercollege_GR.pdf
intercollegiate,グレコローマン,2024,82kg,掛川零恩,早大,https://wrestling-spirits.jp/www/wp-content/data/80/ichiran_domestic/intercollege_GR.pdf
intercollegiate,グレコローマン,2024,87kg,磯江大成,日体大,https://wrestling-spirits.jp/www/wp-content/data/80/ichiran_domestic/intercollege_GR.pdf
intercollegiate,グレコローマン,2024,97kg,中原 陸,大東大,https://wrestling-spirits.jp/www/wp-content/data/80/ichiran_domestic/intercollege_GR.pdf
intercollegiate,グレコローマン,2024,130kg,アビレイ・ソビィット,山梨学院大,https://wrestling-spirits.jp/www/wp-content/data/80/ichiran_domestic/intercollege_GR.pdf
intercollegiate,グレコローマン,2023,55kg,荒木 瑞生,九州共立大,https://wrestling-spirits.jp/www/wp-content/data/80/ichiran_domestic/intercollege_GR.pdf
intercollegiate,グレコローマン,2023,60kg,竹下航生,拓大,https://wrestling-spirits.jp/www/wp-content/data/80/ichiran_domestic/intercollege_GR.pdf
intercollegiate,グレコローマン,2023,63kg,丸山千恵蔵,日体大,https://wrestling-spirits.jp/www/wp-content/data/80/ichiran_domestic/intercollege_GR.pdf
intercollegiate,グレコローマン,2023,67kg,長野壮志,九州共立大,https://wrestling-spirits.jp/www/wp-content/data/80/ichiran_domestic/intercollege_GR.pdf
intercollegiate,グレコローマン,2023,72kg,三多見明,拓大,https://wrestling-spirits.jp/www/wp-content/data/80/ichiran_domestic/intercollege_GR.pdf
intercollegiate,グレコローマン,2023,77kg,山田 脩,日体大,https://wrestling-spirits.jp/www/wp-content/data/80/ichiran_domestic/intercollege_GR.pdf
intercollegiate,グレコローマン,2023,82kg,玉岡颯斗,早大,https://wrestling-spirits.jp/www/wp-content/data/80/ichiran_domestic/intercollege_GR.pdf
intercollegiate,グレコローマン,2023,87kg,髙橋夢大,日体大,https://wrestling-spirits.jp/www/wp-content/data/80/ichiran_domestic/intercollege_GR.pdf
intercollegiate,グレコローマン,2023,97kg,吉田アラシ,日大,https://wrestling-spirits.jp/www/wp-content/data/80/ichiran_domestic/intercollege_GR.pdf
intercollegiate,グレコローマン,2023,130kg,山田康瑛,山梨学院大,https://wrestling-spirits.jp/www/wp-content/data/80/ichiran_domestic/intercollege_GR.pdf
intercollegiate,グレコローマン,2022,55kg,山際航平,日体大,https://wrestling-spirits.jp/www/wp-content/data/80/ichiran_domestic/intercollege_GR.pdf
intercollegiate,グレコローマン,2022,60kg,松井 謙,日体大,https://wrestling-spirits.jp/www/wp-content/data/80/ichiran_domestic/intercollege_GR.pdf
intercollegiate,グレコローマン,2022,63kg,澤田幸明,拓大,https://wrestling-spirits.jp/www/wp-content/data/80/ichiran_domestic/intercollege_GR.pdf
intercollegiate,グレコローマン,2022,67kg,曽我部京太郎,日体大,https://wrestling-spirits.jp/www/wp-content/data/80/ichiran_domestic/intercollege_GR.pdf
intercollegiate,グレコローマン,2022,72kg,春日井湧雅,日体大,https://wrestling-spirits.jp/www/wp-content/data/80/ichiran_domestic/intercollege_GR.pdf
intercollegiate,グレコローマン,2022,77kg,日下 尚,日体大,https://wrestling-spirits.jp/www/wp-content/data/80/ichiran_domestic/intercollege_GR.pdf
intercollegiate,グレコローマン,2022,82kg,樋口 徹心,日体大,https://wrestling-spirits.jp/www/wp-content/data/80/ichiran_domestic/intercollege_GR.pdf
intercollegiate,グレコローマン,2022,87kg,白井達也,日体大,https://wrestling-spirits.jp/www/wp-content/data/80/ichiran_domestic/intercollege_GR.pdf
intercollegiate,グレコローマン,2022,97kg,伊藤飛未来,日体大,https://wrestling-spirits.jp/www/wp-content/data/80/ichiran_domestic/intercollege_GR.pdf
intercollegiate,グレコローマン,2022,130kg,奥村 総太,拓大,https://wrestling-spirits.jp/www/wp-content/data/80/ichiran_domestic/intercollege_GR.pdf
intercollegiate,グレコローマン,2021,55kg,荒木 瑞生,九州共立大,https://wrestling-spirits.jp/www/wp-content/data/80/ichiran_domestic/intercollege_GR.pdf
intercollegiate,グレコローマン,2021,60kg,稲葉 海人,日体大,https://wrestling-spirits.jp/www/wp-content/data/80/ichiran_domestic/intercollege_GR.pdf
intercollegiate,グレコローマン,2021,63kg,池田 龍斗,日体大,https://wrestling-spirits.jp/www/wp-content/data/80/ichiran_domestic/intercollege_GR.pdf
intercollegiate,グレコローマン,2021,67kg,曽我部京太郎,日体大,https://wrestling-spirits.jp/www/wp-content/data/80/ichiran_domestic/intercollege_GR.pdf
intercollegiate,グレコローマン,2021,72kg,矢部 晴翔,日体大,https://wrestling-spirits.jp/www/wp-content/data/80/ichiran_domestic/intercollege_GR.pdf
intercollegiate,グレコローマン,2021,77kg,日下 尚,日体大,https://wrestling-spirits.jp/www/wp-content/data/80/ichiran_domestic/intercollege_GR.pdf
intercollegiate,グレコローマン,2021,82kg,樋口 徹心,日体大,https://wrestling-spirits.jp/www/wp-content/data/80/ichiran_domestic/intercollege_GR.pdf
intercollegiate,グレコローマン,2021,87kg,奈須川 良太,神奈川大,https://wrestling-spirits.jp/www/wp-content/data/80/ichiran_domestic/intercollege_GR.pdf
intercollegiate,グレコローマン,2021,97kg,仲里 優力,日体大,https://wrestling-spirits.jp/www/wp-content/data/80/ichiran_domestic/intercollege_GR.pdf
intercollegiate,グレコローマン,2021,130kg,奥村 総太,拓大,https://wrestling-spirits.jp/www/wp-content/data/80/ichiran_domestic/intercollege_GR.pdf
intercollegiate,グレコローマン,2019,55kg,松井 謙,日体大,https://wrestling-spirits.jp/www/wp-content/data/80/ichiran_domestic/intercollege_GR.pdf
intercollegiate,グレコローマン,2019,60kg,鈴木絢大,日体大,https://wrestling-spirits.jp/www/wp-content/data/80/ichiran_domestic/intercollege_GR.pdf
intercollegiate,グレコローマン,2019,63kg,山田義起,日体大,https://wrestling-spirits.jp/www/wp-content/data/80/ichiran_domestic/intercollege_GR.pdf
intercollegiate,グレコローマン,2019,67kg,宇井大和,早大,https://wrestling-spirits.jp/www/wp-content/data/80/ichiran_domestic/intercollege_GR.pdf
intercollegiate,グレコローマン,2019,72kg,北條良真,神奈川大,https://wrestling-spirits.jp/www/wp-content/data/80/ichiran_domestic/intercollege_GR.pdf
intercollegiate,グレコローマン,2019,77kg,下山田周,日体大,https://wrestling-spirits.jp/www/wp-content/data/80/ichiran_domestic/intercollege_GR.pdf
intercollegiate,グレコローマン,2019,82kg,藤井 達哉,青山学院大,https://wrestling-spirits.jp/www/wp-content/data/80/ichiran_domestic/intercollege_GR.pdf
intercollegiate,グレコローマン,2019,87kg,奈須川良太,神奈川大,https://wrestling-spirits.jp/www/wp-content/data/80/ichiran_domestic/intercollege_GR.pdf
intercollegiate,グレコローマン,2019,97kg,仲里優力,日体大,https://wrestling-spirits.jp/www/wp-content/data/80/ichiran_domestic/intercollege_GR.pdf
intercollegiate,グレコローマン,2019,130kg,番地啓太,国士舘大,https://wrestling-spirits.jp/www/wp-content/data/80/ichiran_domestic/intercollege_GR.pdf
intercollegiate,グレコローマン,2018,55kg,小川 翔太,日体大,https://wrestling-spirits.jp/www/wp-content/data/80/ichiran_domestic/intercollege_GR.pdf
intercollegiate,グレコローマン,2018,60kg,藤波諒太郎,専大,https://wrestling-spirits.jp/www/wp-content/data/80/ichiran_domestic/intercollege_GR.pdf
intercollegiate,グレコローマン,2018,63kg,遠藤 功章,日体大,https://wrestling-spirits.jp/www/wp-content/data/80/ichiran_domestic/intercollege_GR.pdf
intercollegiate,グレコローマン,2018,67kg,中橋 涼,日体大,https://wrestling-spirits.jp/www/wp-content/data/80/ichiran_domestic/intercollege_GR.pdf
intercollegiate,グレコローマン,2018,72kg,前田 明都,専大,https://wrestling-spirits.jp/www/wp-content/data/80/ichiran_domestic/intercollege_GR.pdf
intercollegiate,グレコローマン,2018,77kg,櫻庭 功大,拓大,https://wrestling-spirits.jp/www/wp-content/data/80/ichiran_domestic/intercollege_GR.pdf
intercollegiate,グレコローマン,2018,82kg,藤井 達哉,青山学院大,https://wrestling-spirits.jp/www/wp-content/data/80/ichiran_domestic/intercollege_GR.pdf
intercollegiate,グレコローマン,2018,87kg,奈須川 良太,神奈川大,https://wrestling-spirits.jp/www/wp-content/data/80/ichiran_domestic/intercollege_GR.pdf
intercollegiate,グレコローマン,2018,97kg,山下 拓也,拓大,https://wrestling-spirits.jp/www/wp-content/data/80/ichiran_domestic/intercollege_GR.pdf
intercollegiate,グレコローマン,2018,130kg,山本 泰丈,日大,https://wrestling-spirits.jp/www/wp-content/data/80/ichiran_domestic/intercollege_GR.pdf
intercollegiate,グレコローマン,2017,59kg,成國 大志,青山学院大,https://wrestling-spirits.jp/www/wp-content/data/80/ichiran_domestic/intercollege_GR.pdf
intercollegiate,グレコローマン,2017,66kg,北岡 佑介,日体大,https://wrestling-spirits.jp/www/wp-content/data/80/ichiran_domestic/intercollege_GR.pdf
intercollegiate,グレコローマン,2017,71kg,山本 貴裕,日体大,https://wrestling-spirits.jp/www/wp-content/data/80/ichiran_domestic/intercollege_GR.pdf
intercollegiate,グレコローマン,2017,80kg,藤井 達哉,青山学院大,https://wrestling-spirits.jp/www/wp-content/data/80/ichiran_domestic/intercollege_GR.pdf
intercollegiate,グレコローマン,2017,85kg,谷口 慧志,拓大,https://wrestling-spirits.jp/www/wp-content/data/80/ichiran_domestic/intercollege_GR.pdf
intercollegiate,グレコローマン,2017,98kg,塩川 貫太,日体大,https://wrestling-spirits.jp/www/wp-content/data/80/ichiran_domestic/intercollege_GR.pdf
intercollegiate,グレコローマン,2017,130kg,貝塚 賢史,山梨学院大,https://wrestling-spirits.jp/www/wp-content/data/80/ichiran_domestic/intercollege_GR.pdf
intercollegiate,グレコローマン,2016,59kg,河名 真寿斗,専大,https://wrestling-spirits.jp/www/wp-content/data/80/ichiran_domestic/intercollege_GR.pdf
intercollegiate,グレコローマン,2016,66kg,下山田 培,日体大,https://wrestling-spirits.jp/www/wp-content/data/80/ichiran_domestic/intercollege_GR.pdf
intercollegiate,グレコローマン,2016,71kg,高橋 昭五,日体大,https://wrestling-spirits.jp/www/wp-content/data/80/ichiran_domestic/intercollege_GR.pdf
intercollegiate,グレコローマン,2016,75kg,宇野 寿倫,日体大,https://wrestling-spirits.jp/www/wp-content/data/80/ichiran_domestic/intercollege_GR.pdf
intercollegiate,グレコローマン,2016,80kg,屋比久 翔平,日体大,https://wrestling-spirits.jp/www/wp-content/data/80/ichiran_domestic/intercollege_GR.pdf
intercollegiate,グレコローマン,2016,85kg,塩川 貫太,日体大,https://wrestling-spirits.jp/www/wp-content/data/80/ichiran_domestic/intercollege_GR.pdf
intercollegiate,グレコローマン,2016,98kg,奈良 勇太,日体大,https://wrestling-spirits.jp/www/wp-content/data/80/ichiran_domestic/intercollege_GR.pdf
intercollegiate,グレコローマン,2016,130kg,アレッグ・ボルチン,山梨学院大,https://wrestling-spirits.jp/www/wp-content/data/80/ichiran_domestic/intercollege_GR.pdf
intercollegiate,グレコローマン,2015,59kg,文田 健一郎,日体大,https://wrestling-spirits.jp/www/wp-content/data/80/ichiran_domestic/intercollege_GR.pdf
intercollegiate,グレコローマン,2015,66kg,下山田 培,日体大,https://wrestling-spirits.jp/www/wp-content/data/80/ichiran_domestic/intercollege_GR.pdf
intercollegiate,グレコローマン,2015,71kg,澤田夢 有人,日体大,https://wrestling-spirits.jp/www/wp-content/data/80/ichiran_domestic/intercollege_GR.pdf
intercollegiate,グレコローマン,2015,75kg,阪部 創,神奈川大,https://wrestling-spirits.jp/www/wp-content/data/80/ichiran_domestic/intercollege_GR.pdf
intercollegiate,グレコローマン,2015,80kg,屋比久 翔平,日体大,https://wrestling-spirits.jp/www/wp-content/data/80/ichiran_domestic/intercollege_GR.pdf
intercollegiate,グレコローマン,2015,85kg,岡嶋 勇也,拓大,https://wrestling-spirits.jp/www/wp-content/data/80/ichiran_domestic/intercollege_GR.pdf
intercollegiate,グレコローマン,2015,98kg,志喜屋 正明,国士舘大,https://wrestling-spirits.jp/www/wp-content/data/80/ichiran_domestic/intercollege_GR.pdf
intercollegiate,グレコローマン,2015,130kg,津田 大健,中京学院大,https://wrestling-spirits.jp/www/wp-content/data/80/ichiran_domestic/intercollege_GR.pdf
intercollegiate,グレコローマン,2014,59kg,太田 忍,日体大,https://wrestling-spirits.jp/www/wp-content/data/80/ichiran_domestic/intercollege_GR.pdf
intercollegiate,グレコローマン,2014,66kg,宮城 辰司,日体大,https://wrestling-spirits.jp/www/wp-content/data/80/ichiran_domestic/intercollege_GR.pdf
intercollegiate,グレコローマン,2014,71kg,屋比久 翔平,日体大,https://wrestling-spirits.jp/www/wp-content/data/80/ichiran_domestic/intercollege_GR.pdf
intercollegiate,グレコローマン,2014,75kg,阪部 創,神奈川大,https://wrestling-spirits.jp/www/wp-content/data/80/ichiran_domestic/intercollege_GR.pdf
intercollegiate,グレコローマン,2014,80kg,奥井 眞生,国士舘大,https://wrestling-spirits.jp/www/wp-content/data/80/ichiran_domestic/intercollege_GR.pdf
intercollegiate,グレコローマン,2014,85kg,与那覇 竜太,専大,https://wrestling-spirits.jp/www/wp-content/data/80/ichiran_domestic/intercollege_GR.pdf
intercollegiate,グレコローマン,2014,98kg,奈良 勇太,日体大,https://wrestling-spirits.jp/www/wp-content/data/80/ichiran_domestic/intercollege_GR.pdf
intercollegiate,グレコローマン,2014,130kg,前川 勝利,早大,https://wrestling-spirits.jp/www/wp-content/data/80/ichiran_domestic/intercollege_GR.pdf
intercollegiate,グレコローマン,2013,55kg,木村 洋貴,日体大,https://wrestling-spirits.jp/www/wp-content/data/80/ichiran_domestic/intercollege_GR.pdf
intercollegiate,グレコローマン,2013,60kg,松澤 力也,日体大,https://wrestling-spirits.jp/www/wp-content/data/80/ichiran_domestic/intercollege_GR.pdf
intercollegiate,グレコローマン,2013,66kg,花山 和寛,早大,https://wrestling-spirits.jp/www/wp-content/data/80/ichiran_domestic/intercollege_GR.pdf
intercollegiate,グレコローマン,2013,74kg,中村 隆春,日体大,https://wrestling-spirits.jp/www/wp-content/data/80/ichiran_domestic/intercollege_GR.pdf
intercollegiate,グレコローマン,2013,84kg,菊池 崚,青山学院大,https://wrestling-spirits.jp/www/wp-content/data/80/ichiran_domestic/intercollege_GR.pdf
intercollegiate,グレコローマン,2013,96kg,米平 安寛,日体大,https://wrestling-spirits.jp/www/wp-content/data/80/ichiran_domestic/intercollege_GR.pdf
intercollegiate,グレコローマン,2013,120kg,園田 新,拓大,https://wrestling-spirits.jp/www/wp-content/data/80/ichiran_domestic/intercollege_GR.pdf
intercollegiate,グレコローマン,2012,55kg,田野倉 翔太,日体大,https://wrestling-spirits.jp/www/wp-content/data/80/ichiran_domestic/intercollege_GR.pdf
intercollegiate,グレコローマン,2012,60kg,松澤 力也,日体大,https://wrestling-spirits.jp/www/wp-content/data/80/ichiran_domestic/intercollege_GR.pdf
intercollegiate,グレコローマン,2012,66kg,音泉 秀幸,日体大,https://wrestling-spirits.jp/www/wp-content/data/80/ichiran_domestic/intercollege_GR.pdf
intercollegiate,グレコローマン,2012,74kg,小森 大祐,拓大,https://wrestling-spirits.jp/www/wp-content/data/80/ichiran_domestic/intercollege_GR.pdf
intercollegiate,グレコローマン,2012,84kg,横澤 徹,拓大,https://wrestling-spirits.jp/www/wp-content/data/80/ichiran_domestic/intercollege_GR.pdf
intercollegiate,グレコローマン,2012,96kg,大坂 昂,早大,https://wrestling-spirits.jp/www/wp-content/data/80/ichiran_domestic/intercollege_GR.pdf
intercollegiate,グレコローマン,2012,120kg,金澤 勝利,山梨学院大,https://wrestling-spirits.jp/www/wp-content/data/80/ichiran_domestic/intercollege_GR.pdf
intercollegiate,グレコローマン,2011,55kg,中野 智章,日体大,https://wrestling-spirits.jp/www/wp-content/data/80/ichiran_domestic/intercollege_GR.pdf
intercollegiate,グレコローマン,2011,60kg,泉 武志,日体大,https://wrestling-spirits.jp/www/wp-content/data/80/ichiran_domestic/intercollege_GR.pdf
intercollegiate,グレコローマン,2011,66kg,井上 貴尋,日体大,https://wrestling-spirits.jp/www/wp-content/data/80/ichiran_domestic/intercollege_GR.pdf
intercollegiate,グレコローマン,2011,74kg,中村 隆春,日体大,https://wrestling-spirits.jp/www/wp-content/data/80/ichiran_domestic/intercollege_GR.pdf
intercollegiate,グレコローマン,2011,84kg,辰川 裕也,日体大,https://wrestling-spirits.jp/www/wp-content/data/80/ichiran_domestic/intercollege_GR.pdf
intercollegiate,グレコローマン,2011,96kg,大坂 昂,早大,https://wrestling-spirits.jp/www/wp-content/data/80/ichiran_domestic/intercollege_GR.pdf
intercollegiate,グレコローマン,2011,120kg,村木 孝太郎,拓大,https://wrestling-spirits.jp/www/wp-content/data/80/ichiran_domestic/intercollege_GR.pdf
intercollegiate,グレコローマン,2010,55kg,梶 雅晴,山梨学院大,https://wrestling-spirits.jp/www/wp-content/data/80/ichiran_domestic/intercollege_GR.pdf
intercollegiate,グレコローマン,2010,60kg,内村 勇太,拓大,https://wrestling-spirits.jp/www/wp-content/data/80/ichiran_domestic/intercollege_GR.pdf
intercollegiate,グレコローマン,2010,66kg,岡本 佑士,拓大,https://wrestling-spirits.jp/www/wp-content/data/80/ichiran_domestic/intercollege_GR.pdf
intercollegiate,グレコローマン,2010,74kg,武富 隆,早大,https://wrestling-spirits.jp/www/wp-content/data/80/ichiran_domestic/intercollege_GR.pdf
intercollegiate,グレコローマン,2010,84kg,岡 太一,拓大,https://wrestling-spirits.jp/www/wp-content/data/80/ichiran_domestic/intercollege_GR.pdf
intercollegiate,グレコローマン,2010,96kg,有薗 拓真,山梨学院大,https://wrestling-spirits.jp/www/wp-content/data/80/ichiran_domestic/intercollege_GR.pdf
intercollegiate,グレコローマン,2010,120kg,谷田 昇大,拓大,https://wrestling-spirits.jp/www/wp-content/data/80/ichiran_domestic/intercollege_GR.pdf
intercollegiate,グレコローマン,2009,55kg,富岡 達也,日体大,https://wrestling-spirits.jp/www/wp-content/data/80/ichiran_domestic/intercollege_GR.pdf
intercollegiate,グレコローマン,2009,60kg,横山 巧,日体大,https://wrestling-spirits.jp/www/wp-content/data/80/ichiran_domestic/intercollege_GR.pdf
intercollegiate,グレコローマン,2009,66kg,岡本 佑士,拓大,https://wrestling-spirits.jp/www/wp-content/data/80/ichiran_domestic/intercollege_GR.pdf
intercollegiate,グレコローマン,2009,74kg,近藤 弘志,日体大,https://wrestling-spirits.jp/www/wp-content/data/80/ichiran_domestic/intercollege_GR.pdf
intercollegiate,グレコローマン,2009,84kg,岡 太一,拓大,https://wrestling-spirits.jp/www/wp-content/data/80/ichiran_domestic/intercollege_GR.pdf
intercollegiate,グレコローマン,2009,96kg,藤本 健治,拓大,https://wrestling-spirits.jp/www/wp-content/data/80/ichiran_domestic/intercollege_GR.pdf
intercollegiate,グレコローマン,2009,120kg,ボリス・ムジコフ,山梨学院大,https://wrestling-spirits.jp/www/wp-content/data/80/ichiran_domestic/intercollege_GR.pdf
intercollegiate,グレコローマン,2008,55kg,尾形 賢,日体大,https://wrestling-spirits.jp/www/wp-content/data/80/ichiran_domestic/intercollege_GR.pdf
intercollegiate,グレコローマン,2008,60kg,佐藤 亮太,日体大,https://wrestling-spirits.jp/www/wp-content/data/80/ichiran_domestic/intercollege_GR.pdf
intercollegiate,グレコローマン,2008,66kg,谷口 和己,日体大,https://wrestling-spirits.jp/www/wp-content/data/80/ichiran_domestic/intercollege_GR.pdf
intercollegiate,グレコローマン,2008,74kg,金久保 武大,日体大,https://wrestling-spirits.jp/www/wp-content/data/80/ichiran_domestic/intercollege_GR.pdf
intercollegiate,グレコローマン,2008,84kg,尾曲 伸乃祐,青山学院大,https://wrestling-spirits.jp/www/wp-content/data/80/ichiran_domestic/intercollege_GR.pdf
intercollegiate,グレコローマン,2008,96kg,山本 雄資,山梨学院大,https://wrestling-spirits.jp/www/wp-content/data/80/ichiran_domestic/intercollege_GR.pdf
intercollegiate,グレコローマン,2008,120kg,ボリス・ムジコフ,山梨学院大,https://wrestling-spirits.jp/www/wp-content/data/80/ichiran_domestic/intercollege_GR.pdf
intercollegiate,グレコローマン,2007,55kg,峯村 亮,神奈川大,https://wrestling-spirits.jp/www/wp-content/data/80/ichiran_domestic/intercollege_GR.pdf
intercollegiate,グレコローマン,2007,60kg,松本 隆太郎,日体大,https://wrestling-spirits.jp/www/wp-content/data/80/ichiran_domestic/intercollege_GR.pdf
intercollegiate,グレコローマン,2007,66kg,藤本 浩平,拓大,https://wrestling-spirits.jp/www/wp-content/data/80/ichiran_domestic/intercollege_GR.pdf
intercollegiate,グレコローマン,2007,74kg,田中 悠一,日体大,https://wrestling-spirits.jp/www/wp-content/data/80/ichiran_domestic/intercollege_GR.pdf
intercollegiate,グレコローマン,2007,84kg,斎川 哲克,日体大,https://wrestling-spirits.jp/www/wp-content/data/80/ichiran_domestic/intercollege_GR.pdf
intercollegiate,グレコローマン,2007,96kg,北村 克哉,専大,https://wrestling-spirits.jp/www/wp-content/data/80/ichiran_domestic/intercollege_GR.pdf
intercollegiate,グレコローマン,2007,120kg,ボリス・ムジコフ,山梨学院大,https://wrestling-spirits.jp/www/wp-content/data/80/ichiran_domestic/intercollege_GR.pdf
intercollegiate,グレコローマン,2006,55kg,長谷川 恒平,青山学院大,https://wrestling-spirits.jp/www/wp-content/data/80/ichiran_domestic/intercollege_GR.pdf
intercollegiate,グレコローマン,2006,60kg,北岡 秀王,日体大,https://wrestling-spirits.jp/www/wp-content/data/80/ichiran_domestic/intercollege_GR.pdf
intercollegiate,グレコローマン,2006,66kg,藤山 慎平,日体大,https://wrestling-spirits.jp/www/wp-content/data/80/ichiran_domestic/intercollege_GR.pdf
intercollegiate,グレコローマン,2006,74kg,小枝 正典,日体大,https://wrestling-spirits.jp/www/wp-content/data/80/ichiran_domestic/intercollege_GR.pdf
intercollegiate,グレコローマン,2006,84kg,磯川 孝生,拓大,https://wrestling-spirits.jp/www/wp-content/data/80/ichiran_domestic/intercollege_GR.pdf
intercollegiate,グレコローマン,2006,96kg,山口 竜志,拓大,https://wrestling-spirits.jp/www/wp-content/data/80/ichiran_domestic/intercollege_GR.pdf
intercollegiate,グレコローマン,2006,120kg,安田 伊織,早大,https://wrestling-spirits.jp/www/wp-content/data/80/ichiran_domestic/intercollege_GR.pdf
intercollegiate,グレコローマン,2005,55kg,長谷川 恒平,青山学院大,https://wrestling-spirits.jp/www/wp-content/data/80/ichiran_domestic/intercollege_GR.pdf
intercollegiate,グレコローマン,2005,60kg,松本 隆太郎,日体大,https://wrestling-spirits.jp/www/wp-content/data/80/ichiran_domestic/intercollege_GR.pdf
intercollegiate,グレコローマン,2005,66kg,江藤 紀友,拓大,https://wrestling-spirits.jp/www/wp-content/data/80/ichiran_domestic/intercollege_GR.pdf
intercollegiate,グレコローマン,2005,74kg,岡本 鉄平,拓大,https://wrestling-spirits.jp/www/wp-content/data/80/ichiran_domestic/intercollege_GR.pdf
intercollegiate,グレコローマン,2005,84kg,鶴巻 宰,国士舘大,https://wrestling-spirits.jp/www/wp-content/data/80/ichiran_domestic/intercollege_GR.pdf
intercollegiate,グレコローマン,2005,96kg,山口 竜志,拓大,https://wrestling-spirits.jp/www/wp-content/data/80/ichiran_domestic/intercollege_GR.pdf
intercollegiate,グレコローマン,2005,120kg,社藤 哲也,日体大,https://wrestling-spirits.jp/www/wp-content/data/80/ichiran_domestic/intercollege_GR.pdf
intercollegiate,グレコローマン,2004,55kg,和田 宗法,日体大,https://wrestling-spirits.jp/www/wp-content/data/80/ichiran_domestic/intercollege_GR.pdf
intercollegiate,グレコローマン,2004,60kg,福間 道元,日体大,https://wrestling-spirits.jp/www/wp-content/data/80/ichiran_domestic/intercollege_GR.pdf
intercollegiate,グレコローマン,2004,66kg,江藤 紀友,拓大,https://wrestling-spirits.jp/www/wp-content/data/80/ichiran_domestic/intercollege_GR.pdf
intercollegiate,グレコローマン,2004,74kg,鶴巻 宰,国士舘大,https://wrestling-spirits.jp/www/wp-content/data/80/ichiran_domestic/intercollege_GR.pdf
intercollegiate,グレコローマン,2004,84kg,斎川 哲克,日体大,https://wrestling-spirits.jp/www/wp-content/data/80/ichiran_domestic/intercollege_GR.pdf
intercollegiate,グレコローマン,2004,96kg,田中 章仁,専大,https://wrestling-spirits.jp/www/wp-content/data/80/ichiran_domestic/intercollege_GR.pdf
intercollegiate,グレコローマン,2004,120kg,杉浦 一生,山梨学院大,https://wrestling-spirits.jp/www/wp-content/data/80/ichiran_domestic/intercollege_GR.pdf
intercollegiate,グレコローマン,2003,55kg,村上 文清,拓大,https://wrestling-spirits.jp/www/wp-content/data/80/ichiran_domestic/intercollege_GR.pdf
intercollegiate,グレコローマン,2003,60kg,庄司 優亮,拓大,https://wrestling-spirits.jp/www/wp-content/data/80/ichiran_domestic/intercollege_GR.pdf
intercollegiate,グレコローマン,2003,66kg,中井 伸武,拓大,https://wrestling-spirits.jp/www/wp-content/data/80/ichiran_domestic/intercollege_GR.pdf
intercollegiate,グレコローマン,2003,74kg,子川 亮介,日体大,https://wrestling-spirits.jp/www/wp-content/data/80/ichiran_domestic/intercollege_GR.pdf
intercollegiate,グレコローマン,2003,84kg,山本 悟,日体大,https://wrestling-spirits.jp/www/wp-content/data/80/ichiran_domestic/intercollege_GR.pdf
intercollegiate,グレコローマン,2003,96kg,前島 信彦,拓大,https://wrestling-spirits.jp/www/wp-content/data/80/ichiran_domestic/intercollege_GR.pdf
intercollegiate,グレコローマン,2003,120kg,沢田 直樹,拓大,https://wrestling-spirits.jp/www/wp-content/data/80/ichiran_domestic/intercollege_GR.pdf
intercollegiate,グレコローマン,2002,55kg,村上 文清,拓大,https://wrestling-spirits.jp/www/wp-content/data/80/ichiran_domestic/intercollege_GR.pdf
intercollegiate,グレコローマン,2002,60kg,柳川 育廣,日体大,https://wrestling-spirits.jp/www/wp-content/data/80/ichiran_domestic/intercollege_GR.pdf
intercollegiate,グレコローマン,2002,66kg,臼田 育男,拓大,https://wrestling-spirits.jp/www/wp-content/data/80/ichiran_domestic/intercollege_GR.pdf
intercollegiate,グレコローマン,2002,74kg,岩崎 裕樹,日体大,https://wrestling-spirits.jp/www/wp-content/data/80/ichiran_domestic/intercollege_GR.pdf
intercollegiate,グレコローマン,2002,84kg,高橋 裕次郎,日体大,https://wrestling-spirits.jp/www/wp-content/data/80/ichiran_domestic/intercollege_GR.pdf
intercollegiate,グレコローマン,2002,96kg,加藤 賢三,大東大,https://wrestling-spirits.jp/www/wp-content/data/80/ichiran_domestic/intercollege_GR.pdf
intercollegiate,グレコローマン,2002,120kg,沢田 直樹,拓大,https://wrestling-spirits.jp/www/wp-content/data/80/ichiran_domestic/intercollege_GR.pdf
intercollegiate,グレコローマン,2001,54kg,森岡 則晴,拓大,https://wrestling-spirits.jp/www/wp-content/data/80/ichiran_domestic/intercollege_GR.pdf
intercollegiate,グレコローマン,2001,58kg,村上 文清,拓大,https://wrestling-spirits.jp/www/wp-content/data/80/ichiran_domestic/intercollege_GR.pdf
intercollegiate,グレコローマン,2001,63kg,柳川 育廣,日体大,https://wrestling-spirits.jp/www/wp-content/data/80/ichiran_domestic/intercollege_GR.pdf
intercollegiate,グレコローマン,2001,69kg,佐野 裕樹,日体大,https://wrestling-spirits.jp/www/wp-content/data/80/ichiran_domestic/intercollege_GR.pdf
intercollegiate,グレコローマン,2001,76kg,菅 太一,日大,https://wrestling-spirits.jp/www/wp-content/data/80/ichiran_domestic/intercollege_GR.pdf
intercollegiate,グレコローマン,2001,85kg,森角 祐介,日体大,https://wrestling-spirits.jp/www/wp-content/data/80/ichiran_domestic/intercollege_GR.pdf
intercollegiate,グレコローマン,2001,97kg,加藤 賢三,大東大,https://wrestling-spirits.jp/www/wp-content/data/80/ichiran_domestic/intercollege_GR.pdf
intercollegiate,グレコローマン,2001,130kg,沢田 直樹,拓大,https://wrestling-spirits.jp/www/wp-content/data/80/ichiran_domestic/intercollege_GR.pdf
intercollegiate,グレコローマン,2000,54kg,森岡 則晴,拓大,https://wrestling-spirits.jp/www/wp-content/data/80/ichiran_domestic/intercollege_GR.pdf
intercollegiate,グレコローマン,2000,58kg,平井 進悟,拓大,https://wrestling-spirits.jp/www/wp-content/data/80/ichiran_domestic/intercollege_GR.pdf
intercollegiate,グレコローマン,2000,63kg,伊是名 正旭,日体大,https://wrestling-spirits.jp/www/wp-content/data/80/ichiran_domestic/intercollege_GR.pdf
intercollegiate,グレコローマン,2000,69kg,佐野 裕樹,日体大,https://wrestling-spirits.jp/www/wp-content/data/80/ichiran_domestic/intercollege_GR.pdf
intercollegiate,グレコローマン,2000,76kg,菅 太一,日大,https://wrestling-spirits.jp/www/wp-content/data/80/ichiran_domestic/intercollege_GR.pdf
intercollegiate,グレコローマン,2000,85kg,森角 祐介,日体大,https://wrestling-spirits.jp/www/wp-content/data/80/ichiran_domestic/intercollege_GR.pdf
intercollegiate,グレコローマン,2000,97kg,津田 弘二,青山学院大,https://wrestling-spirits.jp/www/wp-content/data/80/ichiran_domestic/intercollege_GR.pdf
intercollegiate,グレコローマン,2000,130kg,矢野 通,日大,https://wrestling-spirits.jp/www/wp-content/data/80/ichiran_domestic/intercollege_GR.pdf
intercollegiate,グレコローマン,1999,54kg,引地 崇仁,日体大,https://wrestling-spirits.jp/www/wp-content/data/80/ichiran_domestic/intercollege_GR.pdf
intercollegiate,グレコローマン,1999,58kg,笹本 睦,日体大,https://wrestling-spirits.jp/www/wp-content/data/80/ichiran_domestic/intercollege_GR.pdf
intercollegiate,グレコローマン,1999,63kg,飯室 雅規,拓大,https://wrestling-spirits.jp/www/wp-content/data/80/ichiran_domestic/intercollege_GR.pdf
intercollegiate,グレコローマン,1999,69kg,池田 秀治,山梨学院大,https://wrestling-spirits.jp/www/wp-content/data/80/ichiran_domestic/intercollege_GR.pdf
intercollegiate,グレコローマン,1999,76kg,加納 篤,日体大,https://wrestling-spirits.jp/www/wp-content/data/80/ichiran_domestic/intercollege_GR.pdf
intercollegiate,グレコローマン,1999,85kg,松本 慎吾,日体大,https://wrestling-spirits.jp/www/wp-content/data/80/ichiran_domestic/intercollege_GR.pdf
intercollegiate,グレコローマン,1999,97kg,新井 真次,日体大,https://wrestling-spirits.jp/www/wp-content/data/80/ichiran_domestic/intercollege_GR.pdf
intercollegiate,グレコローマン,1999,130kg,鈴木 克彰,拓大,https://wrestling-spirits.jp/www/wp-content/data/80/ichiran_domestic/intercollege_GR.pdf
intercollegiate,グレコローマン,1998,54kg,豊田 雅俊,拓大,https://wrestling-spirits.jp/www/wp-content/data/80/ichiran_domestic/intercollege_GR.pdf
intercollegiate,グレコローマン,1998,58kg,葭田 隆夫,福岡大,https://wrestling-spirits.jp/www/wp-content/data/80/ichiran_domestic/intercollege_GR.pdf
intercollegiate,グレコローマン,1998,63kg,飯室 雅規,拓大,https://wrestling-spirits.jp/www/wp-content/data/80/ichiran_domestic/intercollege_GR.pdf
intercollegiate,グレコローマン,1998,69kg,大井 将憲,拓大,https://wrestling-spirits.jp/www/wp-content/data/80/ichiran_domestic/intercollege_GR.pdf
intercollegiate,グレコローマン,1998,76kg,加納 篤,日体大,https://wrestling-spirits.jp/www/wp-content/data/80/ichiran_domestic/intercollege_GR.pdf
intercollegiate,グレコローマン,1998,85kg,松本 慎吾,日体大,https://wrestling-spirits.jp/www/wp-content/data/80/ichiran_domestic/intercollege_GR.pdf
intercollegiate,グレコローマン,1998,97kg,新井 真次,日体大,https://wrestling-spirits.jp/www/wp-content/data/80/ichiran_domestic/intercollege_GR.pdf
intercollegiate,グレコローマン,1998,130kg,鈴木 克彰,拓大,https://wrestling-spirits.jp/www/wp-content/data/80/ichiran_domestic/intercollege_GR.pdf
intercollegiate,グレコローマン,1997,54kg,小林 武史,日体大,https://wrestling-spirits.jp/www/wp-content/data/80/ichiran_domestic/intercollege_GR.pdf
intercollegiate,グレコローマン,1997,58kg,弓矢 完二,日体大,https://wrestling-spirits.jp/www/wp-content/data/80/ichiran_domestic/intercollege_GR.pdf
intercollegiate,グレコローマン,1997,63kg,石田 亮一,日体大,https://wrestling-spirits.jp/www/wp-content/data/80/ichiran_domestic/intercollege_GR.pdf
intercollegiate,グレコローマン,1997,69kg,大井 将憲,拓大,https://wrestling-spirits.jp/www/wp-content/data/80/ichiran_domestic/intercollege_GR.pdf
intercollegiate,グレコローマン,1997,76kg,伊藤 光伸,山梨学院大,https://wrestling-spirits.jp/www/wp-content/data/80/ichiran_domestic/intercollege_GR.pdf
intercollegiate,グレコローマン,1997,85kg,松本 慎吾,日体大,https://wrestling-spirits.jp/www/wp-content/data/80/ichiran_domestic/intercollege_GR.pdf
intercollegiate,グレコローマン,1997,97kg,矢野 倍達,専大,https://wrestling-spirits.jp/www/wp-content/data/80/ichiran_domestic/intercollege_GR.pdf
intercollegiate,グレコローマン,1997,130kg,光岡 貴洋,日体大,https://wrestling-spirits.jp/www/wp-content/data/80/ichiran_domestic/intercollege_GR.pdf
intercollegiate,グレコローマン,1996,48kg,村田 知也,日体大,https://wrestling-spirits.jp/www/wp-content/data/80/ichiran_domestic/intercollege_GR.pdf
intercollegiate,グレコローマン,1996,52kg,豊田 雅俊,拓大,https://wrestling-spirits.jp/www/wp-content/data/80/ichiran_domestic/intercollege_GR.pdf
intercollegiate,グレコローマン,1996,57kg,弓矢 完二,日体大,https://wrestling-spirits.jp/www/wp-content/data/80/ichiran_domestic/intercollege_GR.pdf
intercollegiate,グレコローマン,1996,62kg,石田 亮一,日体大,https://wrestling-spirits.jp/www/wp-content/data/80/ichiran_domestic/intercollege_GR.pdf
intercollegiate,グレコローマン,1996,68kg,倉本 忠,日体大,https://wrestling-spirits.jp/www/wp-content/data/80/ichiran_domestic/intercollege_GR.pdf
intercollegiate,グレコローマン,1996,74kg,宮本 浩次,日体大,https://wrestling-spirits.jp/www/wp-content/data/80/ichiran_domestic/intercollege_GR.pdf
intercollegiate,グレコローマン,1996,82kg,金沢 紀行,拓大,https://wrestling-spirits.jp/www/wp-content/data/80/ichiran_domestic/intercollege_GR.pdf
intercollegiate,グレコローマン,1996,90kg,小菅 裕司,日体大,https://wrestling-spirits.jp/www/wp-content/data/80/ichiran_domestic/intercollege_GR.pdf
intercollegiate,グレコローマン,1996,100kg,篠崎 正二,日体大,https://wrestling-spirits.jp/www/wp-content/data/80/ichiran_domestic/intercollege_GR.pdf
intercollegiate,グレコローマン,1996,130kg,室谷 正憲,日体大,https://wrestling-spirits.jp/www/wp-content/data/80/ichiran_domestic/intercollege_GR.pdf
intercollegiate,グレコローマン,1995,48kg,中村 吉元,日体大,https://wrestling-spirits.jp/www/wp-content/data/80/ichiran_domestic/intercollege_GR.pdf
intercollegiate,グレコローマン,1995,52kg,勝目 力也,山梨学院大,https://wrestling-spirits.jp/www/wp-content/data/80/ichiran_domestic/intercollege_GR.pdf
intercollegiate,グレコローマン,1995,57kg,村上 和隆,日体大,https://wrestling-spirits.jp/www/wp-content/data/80/ichiran_domestic/intercollege_GR.pdf
intercollegiate,グレコローマン,1995,62kg,菅生 洋樹,日体大,https://wrestling-spirits.jp/www/wp-content/data/80/ichiran_domestic/intercollege_GR.pdf
intercollegiate,グレコローマン,1995,68kg,大西 一也,山梨学院大,https://wrestling-spirits.jp/www/wp-content/data/80/ichiran_domestic/intercollege_GR.pdf
intercollegiate,グレコローマン,1995,74kg,宮本 浩次,日体大,https://wrestling-spirits.jp/www/wp-content/data/80/ichiran_domestic/intercollege_GR.pdf
intercollegiate,グレコローマン,1995,82kg,鳥谷 正樹,日大,https://wrestling-spirits.jp/www/wp-content/data/80/ichiran_domestic/intercollege_GR.pdf
intercollegiate,グレコローマン,1995,90kg,ルイス・バレラ,日大,https://wrestling-spirits.jp/www/wp-content/data/80/ichiran_domestic/intercollege_GR.pdf
intercollegiate,グレコローマン,1995,100kg,篠崎 正二,日体大,https://wrestling-spirits.jp/www/wp-content/data/80/ichiran_domestic/intercollege_GR.pdf
intercollegiate,グレコローマン,1995,130kg,瀬川 浩寿,山梨学院大,https://wrestling-spirits.jp/www/wp-content/data/80/ichiran_domestic/intercollege_GR.pdf
intercollegiate,グレコローマン,1994,48kg,中村 吉元,日体大,https://wrestling-spirits.jp/www/wp-content/data/80/ichiran_domestic/intercollege_GR.pdf
intercollegiate,グレコローマン,1994,52kg,勝目 力也,山梨学院大,https://wrestling-spirits.jp/www/wp-content/data/80/ichiran_domestic/intercollege_GR.pdf
intercollegiate,グレコローマン,1994,57kg,村上 和隆,日体大,https://wrestling-spirits.jp/www/wp-content/data/80/ichiran_domestic/intercollege_GR.pdf
intercollegiate,グレコローマン,1994,62kg,菅生 洋樹,日体大,https://wrestling-spirits.jp/www/wp-content/data/80/ichiran_domestic/intercollege_GR.pdf
intercollegiate,グレコローマン,1994,68kg,永田 克彦,日体大,https://wrestling-spirits.jp/www/wp-content/data/80/ichiran_domestic/intercollege_GR.pdf
intercollegiate,グレコローマン,1994,74kg,横山 雅信,日大,https://wrestling-spirits.jp/www/wp-content/data/80/ichiran_domestic/intercollege_GR.pdf
intercollegiate,グレコローマン,1994,82kg,高木 章夫,日体大,https://wrestling-spirits.jp/www/wp-content/data/80/ichiran_domestic/intercollege_GR.pdf
intercollegiate,グレコローマン,1994,90kg,加藤 英之,日体大,https://wrestling-spirits.jp/www/wp-content/data/80/ichiran_domestic/intercollege_GR.pdf
intercollegiate,グレコローマン,1994,100kg,権瓶 広光,専大,https://wrestling-spirits.jp/www/wp-content/data/80/ichiran_domestic/intercollege_GR.pdf
intercollegiate,グレコローマン,1994,130kg,瀬川 浩寿,山梨学院大,https://wrestling-spirits.jp/www/wp-content/data/80/ichiran_domestic/intercollege_GR.pdf
intercollegiate,グレコローマン,1993,48kg,嘉戸 洋,国士舘大,https://wrestling-spirits.jp/www/wp-content/data/80/ichiran_domestic/intercollege_GR.pdf
intercollegiate,グレコローマン,1993,52kg,勝目 力也,山梨学院大,https://wrestling-spirits.jp/www/wp-content/data/80/ichiran_domestic/intercollege_GR.pdf
intercollegiate,グレコローマン,1993,57kg,西島 隆,日体大,https://wrestling-spirits.jp/www/wp-content/data/80/ichiran_domestic/intercollege_GR.pdf
intercollegiate,グレコローマン,1993,62kg,菅生 洋樹,日体大,https://wrestling-spirits.jp/www/wp-content/data/80/ichiran_domestic/intercollege_GR.pdf
intercollegiate,グレコローマン,1993,68kg,宮本 健二,日体大,https://wrestling-spirits.jp/www/wp-content/data/80/ichiran_domestic/intercollege_GR.pdf
intercollegiate,グレコローマン,1993,74kg,片山 貴光,日体大,https://wrestling-spirits.jp/www/wp-content/data/80/ichiran_domestic/intercollege_GR.pdf
intercollegiate,グレコローマン,1993,82kg,高木 章夫,日体大,https://wrestling-spirits.jp/www/wp-content/data/80/ichiran_domestic/intercollege_GR.pdf
intercollegiate,グレコローマン,1993,90kg,吉田 幸司,日体大,https://wrestling-spirits.jp/www/wp-content/data/80/ichiran_domestic/intercollege_GR.pdf
intercollegiate,グレコローマン,1993,100kg,茂野 充宏,国士舘大,https://wrestling-spirits.jp/www/wp-content/data/80/ichiran_domestic/intercollege_GR.pdf
intercollegiate,グレコローマン,1993,130kg,中川 誠一,日体大,https://wrestling-spirits.jp/www/wp-content/data/80/ichiran_domestic/intercollege_GR.pdf
intercollegiate,グレコローマン,1992,48kg,嘉戸 洋,国士舘大,https://wrestling-spirits.jp/www/wp-content/data/80/ichiran_domestic/intercollege_GR.pdf
intercollegiate,グレコローマン,1992,52kg,河合 亨,日体大,https://wrestling-spirits.jp/www/wp-content/data/80/ichiran_domestic/intercollege_GR.pdf
intercollegiate,グレコローマン,1992,57kg,藤本 雅志,日体大,https://wrestling-spirits.jp/www/wp-content/data/80/ichiran_domestic/intercollege_GR.pdf
intercollegiate,グレコローマン,1992,62kg,栗本 秀樹,日体大,https://wrestling-spirits.jp/www/wp-content/data/80/ichiran_domestic/intercollege_GR.pdf
intercollegiate,グレコローマン,1992,68kg,宮本 健二,日体大,https://wrestling-spirits.jp/www/wp-content/data/80/ichiran_domestic/intercollege_GR.pdf
intercollegiate,グレコローマン,1992,74kg,片山 貴光,日体大,https://wrestling-spirits.jp/www/wp-content/data/80/ichiran_domestic/intercollege_GR.pdf
intercollegiate,グレコローマン,1992,82kg,横山 秀和,日体大,https://wrestling-spirits.jp/www/wp-content/data/80/ichiran_domestic/intercollege_GR.pdf
intercollegiate,グレコローマン,1992,90kg,吉田 幸司,日体大,https://wrestling-spirits.jp/www/wp-content/data/80/ichiran_domestic/intercollege_GR.pdf
intercollegiate,グレコローマン,1992,100kg,梅田 誠幸,東海大,https://wrestling-spirits.jp/www/wp-content/data/80/ichiran_domestic/intercollege_GR.pdf
intercollegiate,グレコローマン,1992,130kg,茂野 充宏,国士舘大,https://wrestling-spirits.jp/www/wp-content/data/80/ichiran_domestic/intercollege_GR.pdf
intercollegiate,グレコローマン,1991,48kg,森下 浩,日体大,https://wrestling-spirits.jp/www/wp-content/data/80/ichiran_domestic/intercollege_GR.pdf
intercollegiate,グレコローマン,1991,52kg,朝比奈 巌,日体大,https://wrestling-spirits.jp/www/wp-content/data/80/ichiran_domestic/intercollege_GR.pdf
intercollegiate,グレコローマン,1991,57kg,深水 真司,日体大,https://wrestling-spirits.jp/www/wp-content/data/80/ichiran_domestic/intercollege_GR.pdf
intercollegiate,グレコローマン,1991,62kg,栗本 秀樹,日体大,https://wrestling-spirits.jp/www/wp-content/data/80/ichiran_domestic/intercollege_GR.pdf
intercollegiate,グレコローマン,1991,68kg,田橋 治,日体大,https://wrestling-spirits.jp/www/wp-content/data/80/ichiran_domestic/intercollege_GR.pdf
intercollegiate,グレコローマン,1991,74kg,塩川 和仁,日体大,https://wrestling-spirits.jp/www/wp-content/data/80/ichiran_domestic/intercollege_GR.pdf
intercollegiate,グレコローマン,1991,82kg,太田 浩史,青山学院大,https://wrestling-spirits.jp/www/wp-content/data/80/ichiran_domestic/intercollege_GR.pdf
intercollegiate,グレコローマン,1991,90kg,岩渕 利則,国士舘大,https://wrestling-spirits.jp/www/wp-content/data/80/ichiran_domestic/intercollege_GR.pdf
intercollegiate,グレコローマン,1991,100kg,梅田 誠幸,東海大,https://wrestling-spirits.jp/www/wp-content/data/80/ichiran_domestic/intercollege_GR.pdf
intercollegiate,グレコローマン,1991,130kg,浜上 稔,日体大,https://wrestling-spirits.jp/www/wp-content/data/80/ichiran_domestic/intercollege_GR.pdf
intercollegiate,グレコローマン,1990,48kg,坂村 智紀,東農大,https://wrestling-spirits.jp/www/wp-content/data/80/ichiran_domestic/intercollege_GR.pdf
intercollegiate,グレコローマン,1990,52kg,清水 光二,日体大,https://wrestling-spirits.jp/www/wp-content/data/80/ichiran_domestic/intercollege_GR.pdf
intercollegiate,グレコローマン,1990,57kg,花原 大介,日体大,https://wrestling-spirits.jp/www/wp-content/data/80/ichiran_domestic/intercollege_GR.pdf
intercollegiate,グレコローマン,1990,62kg,栗本 秀樹,日体大,https://wrestling-spirits.jp/www/wp-content/data/80/ichiran_domestic/intercollege_GR.pdf
intercollegiate,グレコローマン,1990,68kg,今村 浩之,日体大,https://wrestling-spirits.jp/www/wp-content/data/80/ichiran_domestic/intercollege_GR.pdf
intercollegiate,グレコローマン,1990,74kg,植村 久弥,日体大,https://wrestling-spirits.jp/www/wp-content/data/80/ichiran_domestic/intercollege_GR.pdf
intercollegiate,グレコローマン,1990,82kg,佐々木 秀幸,日体大,https://wrestling-spirits.jp/www/wp-content/data/80/ichiran_domestic/intercollege_GR.pdf
intercollegiate,グレコローマン,1990,90kg,浅井 努,日体大,https://wrestling-spirits.jp/www/wp-content/data/80/ichiran_domestic/intercollege_GR.pdf
intercollegiate,グレコローマン,1990,100kg,野々村 孝,山梨学院大,https://wrestling-spirits.jp/www/wp-content/data/80/ichiran_domestic/intercollege_GR.pdf
intercollegiate,グレコローマン,1990,130kg,鈴木 賢一,大東大,https://wrestling-spirits.jp/www/wp-content/data/80/ichiran_domestic/intercollege_GR.pdf
intercollegiate,グレコローマン,1989,48kg,山本 哲也,日体大,https://wrestling-spirits.jp/www/wp-content/data/80/ichiran_domestic/intercollege_GR.pdf
intercollegiate,グレコローマン,1989,52kg,清水 光二,日体大,https://wrestling-spirits.jp/www/wp-content/data/80/ichiran_domestic/intercollege_GR.pdf
intercollegiate,グレコローマン,1989,57kg,中村 吉信,日大,https://wrestling-spirits.jp/www/wp-content/data/80/ichiran_domestic/intercollege_GR.pdf
intercollegiate,グレコローマン,1989,68kg,今村 浩之,日体大,https://wrestling-spirits.jp/www/wp-content/data/80/ichiran_domestic/intercollege_GR.pdf
intercollegiate,グレコローマン,1989,74kg,川井 孝人,日体大,https://wrestling-spirits.jp/www/wp-content/data/80/ichiran_domestic/intercollege_GR.pdf
intercollegiate,グレコローマン,1989,82kg,田崎 光之,国士舘大,https://wrestling-spirits.jp/www/wp-content/data/80/ichiran_domestic/intercollege_GR.pdf
intercollegiate,グレコローマン,1989,90kg,園田 崇,日体大,https://wrestling-spirits.jp/www/wp-content/data/80/ichiran_domestic/intercollege_GR.pdf
intercollegiate,グレコローマン,1989,100kg,野々村 孝,山梨学院大,https://wrestling-spirits.jp/www/wp-content/data/80/ichiran_domestic/intercollege_GR.pdf
intercollegiate,グレコローマン,1989,130kg,鈴木 賢一,大東大,https://wrestling-spirits.jp/www/wp-content/data/80/ichiran_domestic/intercollege_GR.pdf
intercollegiate,グレコローマン,1988,48kg,山本 哲也,日体大,https://wrestling-spirits.jp/www/wp-content/data/80/ichiran_domestic/intercollege_GR.pdf
intercollegiate,グレコローマン,1988,52kg,清水 光二,日体大,https://wrestling-spirits.jp/www/wp-content/data/80/ichiran_domestic/intercollege_GR.pdf
intercollegiate,グレコローマン,1988,57kg,杉山 慶太,日体大,https://wrestling-spirits.jp/www/wp-content/data/80/ichiran_domestic/intercollege_GR.pdf
intercollegiate,グレコローマン,1988,62kg,竹下 敬,日体大,https://wrestling-spirits.jp/www/wp-content/data/80/ichiran_domestic/intercollege_GR.pdf
intercollegiate,グレコローマン,1988,68kg,山田 琢也,専大,https://wrestling-spirits.jp/www/wp-content/data/80/ichiran_domestic/intercollege_GR.pdf
intercollegiate,グレコローマン,1988,74kg,得本 啓次,日体大,https://wrestling-spirits.jp/www/wp-content/data/80/ichiran_domestic/intercollege_GR.pdf
intercollegiate,グレコローマン,1988,82kg,永田 裕志,日体大,https://wrestling-spirits.jp/www/wp-content/data/80/ichiran_domestic/intercollege_GR.pdf
intercollegiate,グレコローマン,1988,90kg,久米田 雅勝,日大,https://wrestling-spirits.jp/www/wp-content/data/80/ichiran_domestic/intercollege_GR.pdf
intercollegiate,グレコローマン,1988,100kg,中西 学,専大,https://wrestling-spirits.jp/www/wp-content/data/80/ichiran_domestic/intercollege_GR.pdf
intercollegiate,グレコローマン,1988,130kg,出口 一也,国士舘大,https://wrestling-spirits.jp/www/wp-content/data/80/ichiran_domestic/intercollege_GR.pdf
intercollegiate,グレコローマン,1987,48kg,平野 正春,拓大,https://wrestling-spirits.jp/www/wp-content/data/80/ichiran_domestic/intercollege_GR.pdf
intercollegiate,グレコローマン,1987,52kg,中森 昭平,日体大,https://wrestling-spirits.jp/www/wp-content/data/80/ichiran_domestic/intercollege_GR.pdf
intercollegiate,グレコローマン,1987,57kg,山元 浩,日体大,https://wrestling-spirits.jp/www/wp-content/data/80/ichiran_domestic/intercollege_GR.pdf
intercollegiate,グレコローマン,1987,62kg,竹下 敬,日体大,https://wrestling-spirits.jp/www/wp-content/data/80/ichiran_domestic/intercollege_GR.pdf
intercollegiate,グレコローマン,1987,68kg,堀 浩章,日体大,https://wrestling-spirits.jp/www/wp-content/data/80/ichiran_domestic/intercollege_GR.pdf
intercollegiate,グレコローマン,1987,74kg,森 太郎,日体大,https://wrestling-spirits.jp/www/wp-content/data/80/ichiran_domestic/intercollege_GR.pdf
intercollegiate,グレコローマン,1987,82kg,小林 希,日体大,https://wrestling-spirits.jp/www/wp-content/data/80/ichiran_domestic/intercollege_GR.pdf
intercollegiate,グレコローマン,1987,90kg,久米田 雅勝,日大,https://wrestling-spirits.jp/www/wp-content/data/80/ichiran_domestic/intercollege_GR.pdf
intercollegiate,グレコローマン,1987,100kg,間山 泰範,日体大,https://wrestling-spirits.jp/www/wp-content/data/80/ichiran_domestic/intercollege_GR.pdf
intercollegiate,グレコローマン,1987,130kg,出口 一也,国士舘大,https://wrestling-spirits.jp/www/wp-content/data/80/ichiran_domestic/intercollege_GR.pdf
intercollegiate,グレコローマン,1986,48kg,大橋 正教,山梨学院大,https://wrestling-spirits.jp/www/wp-content/data/80/ichiran_domestic/intercollege_GR.pdf
intercollegiate,グレコローマン,1986,52kg,藤波 俊一,日体大,https://wrestling-spirits.jp/www/wp-content/data/80/ichiran_domestic/intercollege_GR.pdf
intercollegiate,グレコローマン,1986,57kg,近浦 淳二,日大,https://wrestling-spirits.jp/www/wp-content/data/80/ichiran_domestic/intercollege_GR.pdf
intercollegiate,グレコローマン,1986,62kg,西口 茂樹,日体大,https://wrestling-spirits.jp/www/wp-content/data/80/ichiran_domestic/intercollege_GR.pdf
intercollegiate,グレコローマン,1986,68kg,有延 伸一,国士舘大,https://wrestling-spirits.jp/www/wp-content/data/80/ichiran_domestic/intercollege_GR.pdf
intercollegiate,グレコローマン,1986,74kg,大朏 守,明大,https://wrestling-spirits.jp/www/wp-content/data/80/ichiran_domestic/intercollege_GR.pdf
intercollegiate,グレコローマン,1986,82kg,小林 希,日体大,https://wrestling-spirits.jp/www/wp-content/data/80/ichiran_domestic/intercollege_GR.pdf
intercollegiate,グレコローマン,1986,90kg,武藤 光一,日体大,https://wrestling-spirits.jp/www/wp-content/data/80/ichiran_domestic/intercollege_GR.pdf
intercollegiate,グレコローマン,1986,100kg,草野 敦,国士舘大,https://wrestling-spirits.jp/www/wp-content/data/80/ichiran_domestic/intercollege_GR.pdf
intercollegiate,グレコローマン,1986,130kg,奈良 英則,日大,https://wrestling-spirits.jp/www/wp-content/data/80/ichiran_domestic/intercollege_GR.pdf
intercollegiate,グレコローマン,1985,48kg,大橋 正教,山梨学院大,https://wrestling-spirits.jp/www/wp-content/data/80/ichiran_domestic/intercollege_GR.pdf
intercollegiate,グレコローマン,1985,52kg,藤波 俊一,日体大,https://wrestling-spirits.jp/www/wp-content/data/80/ichiran_domestic/intercollege_GR.pdf
intercollegiate,グレコローマン,1985,57kg,我妻 雄比古,日体大,https://wrestling-spirits.jp/www/wp-content/data/80/ichiran_domestic/intercollege_GR.pdf
intercollegiate,グレコローマン,1985,62kg,芦野 茂美,日体大,https://wrestling-spirits.jp/www/wp-content/data/80/ichiran_domestic/intercollege_GR.pdf
intercollegiate,グレコローマン,1985,68kg,原 喜彦,日体大,https://wrestling-spirits.jp/www/wp-content/data/80/ichiran_domestic/intercollege_GR.pdf
intercollegiate,グレコローマン,1985,74kg,平山 宣伸,日体大,https://wrestling-spirits.jp/www/wp-content/data/80/ichiran_domestic/intercollege_GR.pdf
intercollegiate,グレコローマン,1985,82kg,赤石 明雄,国士舘大,https://wrestling-spirits.jp/www/wp-content/data/80/ichiran_domestic/intercollege_GR.pdf
intercollegiate,グレコローマン,1985,90kg,和田 正,専大,https://wrestling-spirits.jp/www/wp-content/data/80/ichiran_domestic/intercollege_GR.pdf
intercollegiate,グレコローマン,1985,100kg,本田 多聞,日大,https://wrestling-spirits.jp/www/wp-content/data/80/ichiran_domestic/intercollege_GR.pdf
intercollegiate,グレコローマン,1985,130kg,浅井 功,日体大,https://wrestling-spirits.jp/www/wp-content/data/80/ichiran_domestic/intercollege_GR.pdf
intercollegiate,グレコローマン,1984,48kg,大橋 正教,山梨学院大,https://wrestling-spirits.jp/www/wp-content/data/80/ichiran_domestic/intercollege_GR.pdf
intercollegiate,グレコローマン,1984,52kg,一色 啓雄,専大,https://wrestling-spirits.jp/www/wp-content/data/80/ichiran_domestic/intercollege_GR.pdf
intercollegiate,グレコローマン,1984,57kg,我妻 雄比古,日体大,https://wrestling-spirits.jp/www/wp-content/data/80/ichiran_domestic/intercollege_GR.pdf
intercollegiate,グレコローマン,1984,62kg,野辺 洋和,日体大,https://wrestling-spirits.jp/www/wp-content/data/80/ichiran_domestic/intercollege_GR.pdf
intercollegiate,グレコローマン,1984,68kg,原 喜彦,日体大,https://wrestling-spirits.jp/www/wp-content/data/80/ichiran_domestic/intercollege_GR.pdf
intercollegiate,グレコローマン,1984,74kg,山田 幸広,日体大,https://wrestling-spirits.jp/www/wp-content/data/80/ichiran_domestic/intercollege_GR.pdf
intercollegiate,グレコローマン,1984,82kg,安田 紀久雄,日体大,https://wrestling-spirits.jp/www/wp-content/data/80/ichiran_domestic/intercollege_GR.pdf
intercollegiate,グレコローマン,1984,90kg,武藤 光一,日体大,https://wrestling-spirits.jp/www/wp-content/data/80/ichiran_domestic/intercollege_GR.pdf
intercollegiate,グレコローマン,1984,100kg,本田 多聞,日大,https://wrestling-spirits.jp/www/wp-content/data/80/ichiran_domestic/intercollege_GR.pdf
intercollegiate,グレコローマン,1984,100kg以上,猿田 充,国士舘大,https://wrestling-spirits.jp/www/wp-content/data/80/ichiran_domestic/intercollege_GR.pdf
intercollegiate,グレコローマン,1983,48kg,小林 孝至,日大,https://wrestling-spirits.jp/www/wp-content/data/80/ichiran_domestic/intercollege_GR.pdf
intercollegiate,グレコローマン,1983,52kg,大川 秀和,日体大,https://wrestling-spirits.jp/www/wp-content/data/80/ichiran_domestic/intercollege_GR.pdf
intercollegiate,グレコローマン,1983,57kg,三宅 正徳,日体大,https://wrestling-spirits.jp/www/wp-content/data/80/ichiran_domestic/intercollege_GR.pdf
intercollegiate,グレコローマン,1983,62kg,野辺 洋和,日体大,https://wrestling-spirits.jp/www/wp-content/data/80/ichiran_domestic/intercollege_GR.pdf
intercollegiate,グレコローマン,1983,74kg,福岡 浩一,国士舘大,https://wrestling-spirits.jp/www/wp-content/data/80/ichiran_domestic/intercollege_GR.pdf
intercollegiate,グレコローマン,1983,82kg,和田 正,専大,https://wrestling-spirits.jp/www/wp-content/data/80/ichiran_domestic/intercollege_GR.pdf
intercollegiate,グレコローマン,1983,100kg,本田 多聞,日大,https://wrestling-spirits.jp/www/wp-content/data/80/ichiran_domestic/intercollege_GR.pdf
intercollegiate,グレコローマン,1983,100kg以上,石森 宏一,大体大,https://wrestling-spirits.jp/www/wp-content/data/80/ichiran_domestic/intercollege_GR.pdf
intercollegiate,グレコローマン,1982,48kg,小林 孝至,日大,https://wrestling-spirits.jp/www/wp-content/data/80/ichiran_domestic/intercollege_GR.pdf
intercollegiate,グレコローマン,1982,52kg,大川 秀和,日体大,https://wrestling-spirits.jp/www/wp-content/data/80/ichiran_domestic/intercollege_GR.pdf
intercollegiate,グレコローマン,1982,57kg,三宅 正徳,日体大,https://wrestling-spirits.jp/www/wp-content/data/80/ichiran_domestic/intercollege_GR.pdf
intercollegiate,グレコローマン,1982,62kg,栄 和人,日体大,https://wrestling-spirits.jp/www/wp-content/data/80/ichiran_domestic/intercollege_GR.pdf
intercollegiate,グレコローマン,1982,68kg,中島 則行,日体大,https://wrestling-spirits.jp/www/wp-content/data/80/ichiran_domestic/intercollege_GR.pdf
intercollegiate,グレコローマン,1982,74kg,樋口 直己,日体大,https://wrestling-spirits.jp/www/wp-content/data/80/ichiran_domestic/intercollege_GR.pdf
intercollegiate,グレコローマン,1982,82kg,東出 徹,日体大,https://wrestling-spirits.jp/www/wp-content/data/80/ichiran_domestic/intercollege_GR.pdf
intercollegiate,グレコローマン,1982,90kg,福辺 雅彦,日体大,https://wrestling-spirits.jp/www/wp-content/data/80/ichiran_domestic/intercollege_GR.pdf
intercollegiate,グレコローマン,1982,100kg,石森 宏一,大体大,https://wrestling-spirits.jp/www/wp-content/data/80/ichiran_domestic/intercollege_GR.pdf
intercollegiate,グレコローマン,1982,100kg以上,大川 浩一,日大,https://wrestling-spirits.jp/www/wp-content/data/80/ichiran_domestic/intercollege_GR.pdf
intercollegiate,グレコローマン,1981,48kg,橋本 伸幸,明大,https://wrestling-spirits.jp/www/wp-content/data/80/ichiran_domestic/intercollege_GR.pdf
intercollegiate,グレコローマン,1981,52kg,佐藤 満,日体大,https://wrestling-spirits.jp/www/wp-content/data/80/ichiran_domestic/intercollege_GR.pdf
intercollegiate,グレコローマン,1981,57kg,水谷 一也,日体大,https://wrestling-spirits.jp/www/wp-content/data/80/ichiran_domestic/intercollege_GR.pdf
intercollegiate,グレコローマン,1981,62kg,栄 和人,日体大,https://wrestling-spirits.jp/www/wp-content/data/80/ichiran_domestic/intercollege_GR.pdf
intercollegiate,グレコローマン,1981,68kg,中島 光正,大東大,https://wrestling-spirits.jp/www/wp-content/data/80/ichiran_domestic/intercollege_GR.pdf
intercollegiate,グレコローマン,1981,74kg,樋口 直己,日体大,https://wrestling-spirits.jp/www/wp-content/data/80/ichiran_domestic/intercollege_GR.pdf
intercollegiate,グレコローマン,1981,82kg,東出 徹,日体大,https://wrestling-spirits.jp/www/wp-content/data/80/ichiran_domestic/intercollege_GR.pdf
intercollegiate,グレコローマン,1981,90kg,山本 隆,日体大,https://wrestling-spirits.jp/www/wp-content/data/80/ichiran_domestic/intercollege_GR.pdf
intercollegiate,グレコローマン,1981,90kg以上,石森 宏一,大体大,https://wrestling-spirits.jp/www/wp-content/data/80/ichiran_domestic/intercollege_GR.pdf
intercollegiate,グレコローマン,1980,48kg,佐々木 文和,日体大,https://wrestling-spirits.jp/www/wp-content/data/80/ichiran_domestic/intercollege_GR.pdf
intercollegiate,グレコローマン,1980,52kg,菅野 幸一,国士舘大,https://wrestling-spirits.jp/www/wp-content/data/80/ichiran_domestic/intercollege_GR.pdf
intercollegiate,グレコローマン,1980,57kg,水谷 一也,日体大,https://wrestling-spirits.jp/www/wp-content/data/80/ichiran_domestic/intercollege_GR.pdf
intercollegiate,グレコローマン,1980,62kg,五位塚 悟,大東大,https://wrestling-spirits.jp/www/wp-content/data/80/ichiran_domestic/intercollege_GR.pdf
intercollegiate,グレコローマン,1980,68kg,松林 栄,日体大,https://wrestling-spirits.jp/www/wp-content/data/80/ichiran_domestic/intercollege_GR.pdf
intercollegiate,グレコローマン,1980,74kg,谷 一郎,日体大,https://wrestling-spirits.jp/www/wp-content/data/80/ichiran_domestic/intercollege_GR.pdf
intercollegiate,グレコローマン,1980,82kg,保坂 竹道,国士舘大,https://wrestling-spirits.jp/www/wp-content/data/80/ichiran_domestic/intercollege_GR.pdf
intercollegiate,グレコローマン,1980,90kg,西塚 賢一,明大,https://wrestling-spirits.jp/www/wp-content/data/80/ichiran_domestic/intercollege_GR.pdf
intercollegiate,グレコローマン,1980,90kg以上,宮内 輝和,日大,https://wrestling-spirits.jp/www/wp-content/data/80/ichiran_domestic/intercollege_GR.pdf
intercollegiate,グレコローマン,1979,48kg,佐々木 文和,日体大,https://wrestling-spirits.jp/www/wp-content/data/80/ichiran_domestic/intercollege_GR.pdf
intercollegiate,グレコローマン,1979,52kg,浦本 善朗,日体大,https://wrestling-spirits.jp/www/wp-content/data/80/ichiran_domestic/intercollege_GR.pdf
intercollegiate,グレコローマン,1979,57kg,富田 幸男,法大,https://wrestling-spirits.jp/www/wp-content/data/80/ichiran_domestic/intercollege_GR.pdf
intercollegiate,グレコローマン,1979,62kg,飯岡 正,国士舘大,https://wrestling-spirits.jp/www/wp-content/data/80/ichiran_domestic/intercollege_GR.pdf
intercollegiate,グレコローマン,1979,68kg,山口 勝之,国士舘大,https://wrestling-spirits.jp/www/wp-content/data/80/ichiran_domestic/intercollege_GR.pdf
intercollegiate,グレコローマン,1979,74kg,池乗 貞明,法大,https://wrestling-spirits.jp/www/wp-content/data/80/ichiran_domestic/intercollege_GR.pdf
intercollegiate,グレコローマン,1979,82kg,茅原 功,専大,https://wrestling-spirits.jp/www/wp-content/data/80/ichiran_domestic/intercollege_GR.pdf
intercollegiate,グレコローマン,1979,90kg,大山 隆,日体大,https://wrestling-spirits.jp/www/wp-content/data/80/ichiran_domestic/intercollege_GR.pdf
intercollegiate,グレコローマン,1979,90kg以上,宮内 輝和,日大,https://wrestling-spirits.jp/www/wp-content/data/80/ichiran_domestic/intercollege_GR.pdf
intercollegiate,グレコローマン,1978,48kg,工藤 武之,東農大,https://wrestling-spirits.jp/www/wp-content/data/80/ichiran_domestic/intercollege_GR.pdf
intercollegiate,グレコローマン,1978,52kg,朝倉 利夫,国士舘大,https://wrestling-spirits.jp/www/wp-content/data/80/ichiran_domestic/intercollege_GR.pdf
intercollegiate,グレコローマン,1978,57kg,三沢 泰雄,日体大,https://wrestling-spirits.jp/www/wp-content/data/80/ichiran_domestic/intercollege_GR.pdf
intercollegiate,グレコローマン,1978,62kg,五十嵐 直,日体大,https://wrestling-spirits.jp/www/wp-content/data/80/ichiran_domestic/intercollege_GR.pdf
intercollegiate,グレコローマン,1978,68kg,木許 勝弘,日体大,https://wrestling-spirits.jp/www/wp-content/data/80/ichiran_domestic/intercollege_GR.pdf
intercollegiate,グレコローマン,1978,74kg,保坂 竹道,国士舘大,https://wrestling-spirits.jp/www/wp-content/data/80/ichiran_domestic/intercollege_GR.pdf
intercollegiate,グレコローマン,1978,82kg,浜田 善,国士舘大,https://wrestling-spirits.jp/www/wp-content/data/80/ichiran_domestic/intercollege_GR.pdf
intercollegiate,グレコローマン,1978,90kg,篠原 正夫,大東大,https://wrestling-spirits.jp/www/wp-content/data/80/ichiran_domestic/intercollege_GR.pdf
intercollegiate,グレコローマン,1978,90kg以上,細川 和宜,日大,https://wrestling-spirits.jp/www/wp-content/data/80/ichiran_domestic/intercollege_GR.pdf
intercollegiate,グレコローマン,1977,48kg,山岸 隆,法大,https://wrestling-spirits.jp/www/wp-content/data/80/ichiran_domestic/intercollege_GR.pdf
intercollegiate,グレコローマン,1977,52kg,朝倉 利夫,国士舘大,https://wrestling-spirits.jp/www/wp-content/data/80/ichiran_domestic/intercollege_GR.pdf
intercollegiate,グレコローマン,1977,57kg,柏木 究,国士舘大,https://wrestling-spirits.jp/www/wp-content/data/80/ichiran_domestic/intercollege_GR.pdf
intercollegiate,グレコローマン,1977,62kg,藤田 隆康,日体大,https://wrestling-spirits.jp/www/wp-content/data/80/ichiran_domestic/intercollege_GR.pdf
intercollegiate,グレコローマン,1977,68kg,南 敏文,日体大,https://wrestling-spirits.jp/www/wp-content/data/80/ichiran_domestic/intercollege_GR.pdf
intercollegiate,グレコローマン,1977,74kg,鈴木 寛,法大,https://wrestling-spirits.jp/www/wp-content/data/80/ichiran_domestic/intercollege_GR.pdf
intercollegiate,グレコローマン,1977,82kg,清水 輝雄,専大,https://wrestling-spirits.jp/www/wp-content/data/80/ichiran_domestic/intercollege_GR.pdf
intercollegiate,グレコローマン,1977,90kg,藤森 安一,日体大,https://wrestling-spirits.jp/www/wp-content/data/80/ichiran_domestic/intercollege_GR.pdf
intercollegiate,グレコローマン,1977,90kg以上,松永 清志,日体大,https://wrestling-spirits.jp/www/wp-content/data/80/ichiran_domestic/intercollege_GR.pdf
intercollegiate,グレコローマン,1976,48kg,福山 雄三,日体大,https://wrestling-spirits.jp/www/wp-content/data/80/ichiran_domestic/intercollege_GR.pdf
intercollegiate,グレコローマン,1976,52kg,碇 桂輔,国士舘大,https://wrestling-spirits.jp/www/wp-content/data/80/ichiran_domestic/intercollege_GR.pdf
intercollegiate,グレコローマン,1976,57kg,山路 明,国士舘大,https://wrestling-spirits.jp/www/wp-content/data/80/ichiran_domestic/intercollege_GR.pdf
intercollegiate,グレコローマン,1976,62kg,堀井 健一,国士舘大,https://wrestling-spirits.jp/www/wp-content/data/80/ichiran_domestic/intercollege_GR.pdf
intercollegiate,グレコローマン,1976,68kg,南 敏文,日体大,https://wrestling-spirits.jp/www/wp-content/data/80/ichiran_domestic/intercollege_GR.pdf
intercollegiate,グレコローマン,1976,74kg,鈴木 寛,法大,https://wrestling-spirits.jp/www/wp-content/data/80/ichiran_domestic/intercollege_GR.pdf
intercollegiate,グレコローマン,1976,82kg,長谷川 正治,明大,https://wrestling-spirits.jp/www/wp-content/data/80/ichiran_domestic/intercollege_GR.pdf
intercollegiate,グレコローマン,1976,90kg,藤森 安一,日体大,https://wrestling-spirits.jp/www/wp-content/data/80/ichiran_domestic/intercollege_GR.pdf
intercollegiate,グレコローマン,1976,90kg以上,石井 達也,東海大,https://wrestling-spirits.jp/www/wp-content/data/80/ichiran_domestic/intercollege_GR.pdf
intercollegiate,グレコローマン,1975,48kg,森脇 由比,日体大,https://wrestling-spirits.jp/www/wp-content/data/80/ichiran_domestic/intercollege_GR.pdf
intercollegiate,グレコローマン,1975,52kg,京田 修,日大,https://wrestling-spirits.jp/www/wp-content/data/80/ichiran_domestic/intercollege_GR.pdf
intercollegiate,グレコローマン,1975,57kg,山路 明,国士舘大,https://wrestling-spirits.jp/www/wp-content/data/80/ichiran_domestic/intercollege_GR.pdf
intercollegiate,グレコローマン,1975,62kg,堀井 健一,国士舘大,https://wrestling-spirits.jp/www/wp-content/data/80/ichiran_domestic/intercollege_GR.pdf
intercollegiate,グレコローマン,1975,68kg,小泉 清一,国士舘大,https://wrestling-spirits.jp/www/wp-content/data/80/ichiran_domestic/intercollege_GR.pdf
intercollegiate,グレコローマン,1975,74kg,鈴木 寛,法大,https://wrestling-spirits.jp/www/wp-content/data/80/ichiran_domestic/intercollege_GR.pdf
intercollegiate,グレコローマン,1975,82kg,高西 一宏,国士舘大,https://wrestling-spirits.jp/www/wp-content/data/80/ichiran_domestic/intercollege_GR.pdf
intercollegiate,グレコローマン,1975,90kg,沢田 修,大東大,https://wrestling-spirits.jp/www/wp-content/data/80/ichiran_domestic/intercollege_GR.pdf
intercollegiate,グレコローマン,1975,90kg以上,平田 靖之,国士舘大,https://wrestling-spirits.jp/www/wp-content/data/80/ichiran_domestic/intercollege_GR.pdf
intercollegiate,グレコローマン,1974,48kg,更谷 栄二,大東大,https://wrestling-spirits.jp/www/wp-content/data/80/ichiran_domestic/intercollege_GR.pdf
intercollegiate,グレコローマン,1974,52kg,宇野 勝彦,日体大,https://wrestling-spirits.jp/www/wp-content/data/80/ichiran_domestic/intercollege_GR.pdf
intercollegiate,グレコローマン,1974,57kg,山形 国成,大東大,https://wrestling-spirits.jp/www/wp-content/data/80/ichiran_domestic/intercollege_GR.pdf
intercollegiate,グレコローマン,1974,62kg,堀井 健一,国士舘大,https://wrestling-spirits.jp/www/wp-content/data/80/ichiran_domestic/intercollege_GR.pdf
intercollegiate,グレコローマン,1974,68kg,道本 慶次,日体大,https://wrestling-spirits.jp/www/wp-content/data/80/ichiran_domestic/intercollege_GR.pdf
intercollegiate,グレコローマン,1974,74kg,伊藤 良和,専大,https://wrestling-spirits.jp/www/wp-content/data/80/ichiran_domestic/intercollege_GR.pdf
intercollegiate,グレコローマン,1974,82kg,高西 一宏,国士舘大,https://wrestling-spirits.jp/www/wp-content/data/80/ichiran_domestic/intercollege_GR.pdf
intercollegiate,グレコローマン,1974,90kg,飯野 祐邦,明大,https://wrestling-spirits.jp/www/wp-content/data/80/ichiran_domestic/intercollege_GR.pdf
intercollegiate,グレコローマン,1974,90kg以上,清水 一夫,大東大,https://wrestling-spirits.jp/www/wp-content/data/80/ichiran_domestic/intercollege_GR.pdf
intercollegiate,グレコローマン,1973,48kg,大西 浩三,日体大,https://wrestling-spirits.jp/www/wp-content/data/80/ichiran_domestic/intercollege_GR.pdf
intercollegiate,グレコローマン,1973,52kg,宇野 勝彦,日体大,https://wrestling-spirits.jp/www/wp-content/data/80/ichiran_domestic/intercollege_GR.pdf
intercollegiate,グレコローマン,1973,57kg,長内 清一,日体大,https://wrestling-spirits.jp/www/wp-content/data/80/ichiran_domestic/intercollege_GR.pdf
intercollegiate,グレコローマン,1973,62kg,伊達 公洋,日体大,https://wrestling-spirits.jp/www/wp-content/data/80/ichiran_domestic/intercollege_GR.pdf
intercollegiate,グレコローマン,1973,68kg,菅原 弥三郎,国士舘大,https://wrestling-spirits.jp/www/wp-content/data/80/ichiran_domestic/intercollege_GR.pdf
intercollegiate,グレコローマン,1973,74kg,長友 寧雄,日体大,https://wrestling-spirits.jp/www/wp-content/data/80/ichiran_domestic/intercollege_GR.pdf
intercollegiate,グレコローマン,1973,82kg,茂木 優,国士舘大,https://wrestling-spirits.jp/www/wp-content/data/80/ichiran_domestic/intercollege_GR.pdf
intercollegiate,グレコローマン,1973,90kg,米山 守,大東大,https://wrestling-spirits.jp/www/wp-content/data/80/ichiran_domestic/intercollege_GR.pdf
intercollegiate,グレコローマン,1973,90kg以上,吉田 光雄,専大,https://wrestling-spirits.jp/www/wp-content/data/80/ichiran_domestic/intercollege_GR.pdf
intercollegiate,グレコローマン,1972,48kg,高村 勝義,拓大,https://wrestling-spirits.jp/www/wp-content/data/80/ichiran_domestic/intercollege_GR.pdf
intercollegiate,グレコローマン,1972,52kg,桜間 幸久,日体大,https://wrestling-spirits.jp/www/wp-content/data/80/ichiran_domestic/intercollege_GR.pdf
intercollegiate,グレコローマン,1972,57kg,吉田 栄勝,専大,https://wrestling-spirits.jp/www/wp-content/data/80/ichiran_domestic/intercollege_GR.pdf
intercollegiate,グレコローマン,1972,62kg,宮原 照彦,日体大,https://wrestling-spirits.jp/www/wp-content/data/80/ichiran_domestic/intercollege_GR.pdf
intercollegiate,グレコローマン,1972,68kg,坂田 茂,日体大,https://wrestling-spirits.jp/www/wp-content/data/80/ichiran_domestic/intercollege_GR.pdf
intercollegiate,グレコローマン,1972,74kg,二田 隆,日体大,https://wrestling-spirits.jp/www/wp-content/data/80/ichiran_domestic/intercollege_GR.pdf
intercollegiate,グレコローマン,1972,82kg,茂木 優,国士舘大,https://wrestling-spirits.jp/www/wp-content/data/80/ichiran_domestic/intercollege_GR.pdf
intercollegiate,グレコローマン,1972,90kg,飯野 祐邦,明大,https://wrestling-spirits.jp/www/wp-content/data/80/ichiran_domestic/intercollege_GR.pdf
intercollegiate,グレコローマン,1972,90kg以上,細越 和夫,大東大,https://wrestling-spirits.jp/www/wp-content/data/80/ichiran_domestic/intercollege_GR.pdf
intercollegiate,グレコローマン,1971,48kg,高村 勝義,拓大,https://wrestling-spirits.jp/www/wp-content/data/80/ichiran_domestic/intercollege_GR.pdf
intercollegiate,グレコローマン,1971,52kg,宇野 勝彦,日体大,https://wrestling-spirits.jp/www/wp-content/data/80/ichiran_domestic/intercollege_GR.pdf
intercollegiate,グレコローマン,1971,57kg,山田 敏夫,法大,https://wrestling-spirits.jp/www/wp-content/data/80/ichiran_domestic/intercollege_GR.pdf
intercollegiate,グレコローマン,1971,62kg,宮原 照彦,日体大,https://wrestling-spirits.jp/www/wp-content/data/80/ichiran_domestic/intercollege_GR.pdf
intercollegiate,グレコローマン,1971,68kg,日置 隆丸,青山学院大,https://wrestling-spirits.jp/www/wp-content/data/80/ichiran_domestic/intercollege_GR.pdf
intercollegiate,グレコローマン,1971,74kg,伊達 治一郎,国士舘大,https://wrestling-spirits.jp/www/wp-content/data/80/ichiran_domestic/intercollege_GR.pdf
intercollegiate,グレコローマン,1971,82kg,斎藤 真,日体大,https://wrestling-spirits.jp/www/wp-content/data/80/ichiran_domestic/intercollege_GR.pdf
intercollegiate,グレコローマン,1971,90kg,吉田 光雄,専大,https://wrestling-spirits.jp/www/wp-content/data/80/ichiran_domestic/intercollege_GR.pdf
intercollegiate,グレコローマン,1971,90kg以上,磯貝 頼秀,早大,https://wrestling-spirits.jp/www/wp-content/data/80/ichiran_domestic/intercollege_GR.pdf
intercollegiate,グレコローマン,1970,48kg,松田 敏夫,日体大,https://wrestling-spirits.jp/www/wp-content/data/80/ichiran_domestic/intercollege_GR.pdf
intercollegiate,グレコローマン,1970,52kg,藤浦 勝信,日体大,https://wrestling-spirits.jp/www/wp-content/data/80/ichiran_domestic/intercollege_GR.pdf
intercollegiate,グレコローマン,1970,57kg,笹野 広,日体大,https://wrestling-spirits.jp/www/wp-content/data/80/ichiran_domestic/intercollege_GR.pdf
intercollegiate,グレコローマン,1970,62kg,大石 八郎,日体大,https://wrestling-spirits.jp/www/wp-content/data/80/ichiran_domestic/intercollege_GR.pdf
intercollegiate,グレコローマン,1970,68kg,中野 由明,日体大,https://wrestling-spirits.jp/www/wp-content/data/80/ichiran_domestic/intercollege_GR.pdf
intercollegiate,グレコローマン,1970,74kg,伊達 治一郎,国士舘大,https://wrestling-spirits.jp/www/wp-content/data/80/ichiran_domestic/intercollege_GR.pdf
intercollegiate,グレコローマン,1970,82kg,安井 慎一,中大,https://wrestling-spirits.jp/www/wp-content/data/80/ichiran_domestic/intercollege_GR.pdf
intercollegiate,グレコローマン,1970,90kg,谷 公市,国士舘大,https://wrestling-spirits.jp/www/wp-content/data/80/ichiran_domestic/intercollege_GR.pdf
intercollegiate,グレコローマン,1970,90kg以上,磯貝 頼秀,早大,https://wrestling-spirits.jp/www/wp-content/data/80/ichiran_domestic/intercollege_GR.pdf
intercollegiate,グレコローマン,1969,48kg,佐野 好則,日大,https://wrestling-spirits.jp/www/wp-content/data/80/ichiran_domestic/intercollege_GR.pdf
intercollegiate,グレコローマン,1969,52kg,渡辺 正明,法大,https://wrestling-spirits.jp/www/wp-content/data/80/ichiran_domestic/intercollege_GR.pdf
intercollegiate,グレコローマン,1969,57kg,七尾 秀樹,国士舘大,https://wrestling-spirits.jp/www/wp-content/data/80/ichiran_domestic/intercollege_GR.pdf
intercollegiate,グレコローマン,1969,62kg,野田 秀彦,日体大,https://wrestling-spirits.jp/www/wp-content/data/80/ichiran_domestic/intercollege_GR.pdf
intercollegiate,グレコローマン,1969,68kg,田上 高,日体大,https://wrestling-spirits.jp/www/wp-content/data/80/ichiran_domestic/intercollege_GR.pdf
intercollegiate,グレコローマン,1969,74kg,永野 要祐,国士舘大,https://wrestling-spirits.jp/www/wp-content/data/80/ichiran_domestic/intercollege_GR.pdf
intercollegiate,グレコローマン,1969,82kg,岡山 忠博,日体大,https://wrestling-spirits.jp/www/wp-content/data/80/ichiran_domestic/intercollege_GR.pdf
intercollegiate,グレコローマン,1969,90kg,谷 公市,国士舘大,https://wrestling-spirits.jp/www/wp-content/data/80/ichiran_domestic/intercollege_GR.pdf
intercollegiate,グレコローマン,1969,90kg以上,矢田 静雄,日体大,https://wrestling-spirits.jp/www/wp-content/data/80/ichiran_domestic/intercollege_GR.pdf
intercollegiate,グレコローマン,1968,52kg,渡辺 正明,法大,https://wrestling-spirits.jp/www/wp-content/data/80/ichiran_domestic/intercollege_GR.pdf
intercollegiate,グレコローマン,1968,57kg,沢内 和興,専大,https://wrestling-spirits.jp/www/wp-content/data/80/ichiran_domestic/intercollege_GR.pdf
intercollegiate,グレコローマン,1968,63kg,田中 修,日大,https://wrestling-spirits.jp/www/wp-content/data/80/ichiran_domestic/intercollege_GR.pdf
intercollegiate,グレコローマン,1968,70kg,高橋 義輝,専大,https://wrestling-spirits.jp/www/wp-content/data/80/ichiran_domestic/intercollege_GR.pdf
intercollegiate,グレコローマン,1968,78kg,永野 要祐,国士舘大,https://wrestling-spirits.jp/www/wp-content/data/80/ichiran_domestic/intercollege_GR.pdf
intercollegiate,グレコローマン,1968,87kg,谷 公市,国士舘大,https://wrestling-spirits.jp/www/wp-content/data/80/ichiran_domestic/intercollege_GR.pdf
intercollegiate,グレコローマン,1968,97kg,五来 範行,中大,https://wrestling-spirits.jp/www/wp-content/data/80/ichiran_domestic/intercollege_GR.pdf
intercollegiate,グレコローマン,1967,52kg,石黒 修一,日体大,https://wrestling-spirits.jp/www/wp-content/data/80/ichiran_domestic/intercollege_GR.pdf
intercollegiate,グレコローマン,1967,57kg,服部 正男,明大,https://wrestling-spirits.jp/www/wp-content/data/80/ichiran_domestic/intercollege_GR.pdf
intercollegiate,グレコローマン,1967,63kg,岩上 亨,明大,https://wrestling-spirits.jp/www/wp-content/data/80/ichiran_domestic/intercollege_GR.pdf
intercollegiate,グレコローマン,1967,70kg,松浪 健四郎,日体大,https://wrestling-spirits.jp/www/wp-content/data/80/ichiran_domestic/intercollege_GR.pdf
intercollegiate,グレコローマン,1967,78kg,岡山 忠博,日体大,https://wrestling-spirits.jp/www/wp-content/data/80/ichiran_domestic/intercollege_GR.pdf
intercollegiate,グレコローマン,1967,87kg,赤坂 博,明大,https://wrestling-spirits.jp/www/wp-content/data/80/ichiran_domestic/intercollege_GR.pdf
intercollegiate,グレコローマン,1967,97kg,小島 俊二,明大,https://wrestling-spirits.jp/www/wp-content/data/80/ichiran_domestic/intercollege_GR.pdf
intercollegiate,グレコローマン,1966,52kg,石黒 修一,日体大,https://wrestling-spirits.jp/www/wp-content/data/80/ichiran_domestic/intercollege_GR.pdf
intercollegiate,グレコローマン,1966,57kg,服部 正男,明大,https://wrestling-spirits.jp/www/wp-content/data/80/ichiran_domestic/intercollege_GR.pdf
intercollegiate,グレコローマン,1966,63kg,高橋 俊介,明大,https://wrestling-spirits.jp/www/wp-content/data/80/ichiran_domestic/intercollege_GR.pdf
intercollegiate,グレコローマン,1966,70kg,新庄 健彦,明大,https://wrestling-spirits.jp/www/wp-content/data/80/ichiran_domestic/intercollege_GR.pdf
intercollegiate,グレコローマン,1966,78kg,藤井 照雄,明大,https://wrestling-spirits.jp/www/wp-content/data/80/ichiran_domestic/intercollege_GR.pdf
intercollegiate,グレコローマン,1966,87kg,武田 允興,日体大,https://wrestling-spirits.jp/www/wp-content/data/80/ichiran_domestic/intercollege_GR.pdf
intercollegiate,グレコローマン,1966,97kg,早川 修,日大,https://wrestling-spirits.jp/www/wp-content/data/80/ichiran_domestic/intercollege_GR.pdf
intercollegiate,グレコローマン,1965,52kg,桜間 洋二,日体大,https://wrestling-spirits.jp/www/wp-content/data/80/ichiran_domestic/intercollege_GR.pdf
intercollegiate,グレコローマン,1965,57kg,藤本 英男,日体大,https://wrestling-spirits.jp/www/wp-content/data/80/ichiran_domestic/intercollege_GR.pdf
intercollegiate,グレコローマン,1965,63kg,高橋 俊介,明大,https://wrestling-spirits.jp/www/wp-content/data/80/ichiran_domestic/intercollege_GR.pdf
intercollegiate,グレコローマン,1965,70kg,宗村 宗二,明大,https://wrestling-spirits.jp/www/wp-content/data/80/ichiran_domestic/intercollege_GR.pdf
intercollegiate,グレコローマン,1965,78kg,太田 克秀,日体大,https://wrestling-spirits.jp/www/wp-content/data/80/ichiran_domestic/intercollege_GR.pdf
intercollegiate,グレコローマン,1965,87kg,阿倍 安雄,国士舘大,https://wrestling-spirits.jp/www/wp-content/data/80/ichiran_domestic/intercollege_GR.pdf
intercollegiate,グレコローマン,1965,97kg,近藤 茂,日大,https://wrestling-spirits.jp/www/wp-content/data/80/ichiran_domestic/intercollege_GR.pdf
intercollegiate,グレコローマン,1964,52kg,月岡 金四郎,法大,https://wrestling-spirits.jp/www/wp-content/data/80/ichiran_domestic/intercollege_GR.pdf
intercollegiate,グレコローマン,1964,57kg,木口 宣昭,法大,https://wrestling-spirits.jp/www/wp-content/data/80/ichiran_domestic/intercollege_GR.pdf
intercollegiate,グレコローマン,1964,63kg,加藤 陽三,日体大,https://wrestling-spirits.jp/www/wp-content/data/80/ichiran_domestic/intercollege_GR.pdf
intercollegiate,グレコローマン,1964,70kg,宗村 宗二,明大,https://wrestling-spirits.jp/www/wp-content/data/80/ichiran_domestic/intercollege_GR.pdf
intercollegiate,グレコローマン,1964,78kg,田代 俊郎,中大,https://wrestling-spirits.jp/www/wp-content/data/80/ichiran_domestic/intercollege_GR.pdf
intercollegiate,グレコローマン,1964,87kg,伊藤 勝春,日大,https://wrestling-spirits.jp/www/wp-content/data/80/ichiran_domestic/intercollege_GR.pdf
intercollegiate,グレコローマン,1964,97kg,武田 允興,日体大,https://wrestling-spirits.jp/www/wp-content/data/80/ichiran_domestic/intercollege_GR.pdf
intercollegiate,グレコローマン,1963,52kg,岡崎 巌,日体大,https://wrestling-spirits.jp/www/wp-content/data/80/ichiran_domestic/intercollege_GR.pdf
intercollegiate,グレコローマン,1963,57kg,小泉 正喜,専大,https://wrestling-spirits.jp/www/wp-content/data/80/ichiran_domestic/intercollege_GR.pdf
intercollegiate,グレコローマン,1963,63kg,間庭 秀夫,日体大,https://wrestling-spirits.jp/www/wp-content/data/80/ichiran_domestic/intercollege_GR.pdf
intercollegiate,グレコローマン,1963,70kg,宗村 宗二,明大,https://wrestling-spirits.jp/www/wp-content/data/80/ichiran_domestic/intercollege_GR.pdf
intercollegiate,グレコローマン,1963,78kg,田代 俊郎,中大,https://wrestling-spirits.jp/www/wp-content/data/80/ichiran_domestic/intercollege_GR.pdf
intercollegiate,グレコローマン,1963,87kg,渡辺 保夫,明大,https://wrestling-spirits.jp/www/wp-content/data/80/ichiran_domestic/intercollege_GR.pdf
intercollegiate,グレコローマン,1963,97kg,斎藤 八郎,明大,https://wrestling-spirits.jp/www/wp-content/data/80/ichiran_domestic/intercollege_GR.pdf
intercollegiate,グレコローマン,1962,52kg,清水 泰司,日大,https://wrestling-spirits.jp/www/wp-content/data/80/ichiran_domestic/intercollege_GR.pdf
intercollegiate,グレコローマン,1962,57kg,鈴木 磯雄,明大,https://wrestling-spirits.jp/www/wp-content/data/80/ichiran_domestic/intercollege_GR.pdf
intercollegiate,グレコローマン,1962,63kg,岩室 好純,明大,https://wrestling-spirits.jp/www/wp-content/data/80/ichiran_domestic/intercollege_GR.pdf
intercollegiate,グレコローマン,1962,70kg,秋山 行靖,早大,https://wrestling-spirits.jp/www/wp-content/data/80/ichiran_domestic/intercollege_GR.pdf
intercollegiate,グレコローマン,1962,78kg,田代 俊郎,中大,https://wrestling-spirits.jp/www/wp-content/data/80/ichiran_domestic/intercollege_GR.pdf
intercollegiate,女子,2025,50kg,森川晴凪,至学館大,https://wrestling-spirits.jp/www/wp-content/data/80/ichiran_domestic/intercollege_Fe.pdf
intercollegiate,女子,2025,53kg,原田 渚,育英大,https://wrestling-spirits.jp/www/wp-content/data/80/ichiran_domestic/intercollege_Fe.pdf
intercollegiate,女子,2025,55kg,清岡もえ,育英大,https://wrestling-spirits.jp/www/wp-content/data/80/ichiran_domestic/intercollege_Fe.pdf
intercollegiate,女子,2025,57kg,小野こなみ,日体大,https://wrestling-spirits.jp/www/wp-content/data/80/ichiran_domestic/intercollege_Fe.pdf
intercollegiate,女子,2025,59kg,山下叶夢,東洋大,https://wrestling-spirits.jp/www/wp-content/data/80/ichiran_domestic/intercollege_Fe.pdf
intercollegiate,女子,2025,62kg,伊藤 渚,日体大,https://wrestling-spirits.jp/www/wp-content/data/80/ichiran_domestic/intercollege_Fe.pdf
intercollegiate,女子,2025,65kg,池畑菜々,育英大,https://wrestling-spirits.jp/www/wp-content/data/80/ichiran_domestic/intercollege_Fe.pdf
intercollegiate,女子,2025,68kg,持永聖愛,南九州大,https://wrestling-spirits.jp/www/wp-content/data/80/ichiran_domestic/intercollege_Fe.pdf
intercollegiate,女子,2025,72kg,藤倉優花,育英大,https://wrestling-spirits.jp/www/wp-content/data/80/ichiran_domestic/intercollege_Fe.pdf
intercollegiate,女子,2025,76kg,吉田千沙都,南九州大,https://wrestling-spirits.jp/www/wp-content/data/80/ichiran_domestic/intercollege_Fe.pdf
intercollegiate,女子,2024,50kg,森川晴凪,至学館大,https://wrestling-spirits.jp/www/wp-content/data/80/ichiran_domestic/intercollege_Fe.pdf
intercollegiate,女子,2024,53kg,大野真子,日体大,https://wrestling-spirits.jp/www/wp-content/data/80/ichiran_domestic/intercollege_Fe.pdf
intercollegiate,女子,2024,55kg,清岡もえ,育英大,https://wrestling-spirits.jp/www/wp-content/data/80/ichiran_domestic/intercollege_Fe.pdf
intercollegiate,女子,2024,57kg,屶網瑠夏,至学館大,https://wrestling-spirits.jp/www/wp-content/data/80/ichiran_domestic/intercollege_Fe.pdf
intercollegiate,女子,2024,59kg,尾西 桜,日体大,https://wrestling-spirits.jp/www/wp-content/data/80/ichiran_domestic/intercollege_Fe.pdf
intercollegiate,女子,2024,62kg,伊藤 渚,日体大,https://wrestling-spirits.jp/www/wp-content/data/80/ichiran_domestic/intercollege_Fe.pdf
intercollegiate,女子,2024,65kg,池畑菜々,育英大,https://wrestling-spirits.jp/www/wp-content/data/80/ichiran_domestic/intercollege_Fe.pdf
intercollegiate,女子,2024,68kg,石井 亜海,育英大,https://wrestling-spirits.jp/www/wp-content/data/80/ichiran_domestic/intercollege_Fe.pdf
intercollegiate,女子,2024,72kg,新倉 すみれ,神奈川大,https://wrestling-spirits.jp/www/wp-content/data/80/ichiran_domestic/intercollege_Fe.pdf
intercollegiate,女子,2024,76kg,山本和佳,至学館大,https://wrestling-spirits.jp/www/wp-content/data/80/ichiran_domestic/intercollege_Fe.pdf
intercollegiate,女子,2023,50kg,伊藤 海,早大,https://wrestling-spirits.jp/www/wp-content/data/80/ichiran_domestic/intercollege_Fe.pdf
intercollegiate,女子,2023,53kg,大野真子,日体大,https://wrestling-spirits.jp/www/wp-content/data/80/ichiran_domestic/intercollege_Fe.pdf
intercollegiate,女子,2023,55kg,清岡もえ,育英大,https://wrestling-spirits.jp/www/wp-content/data/80/ichiran_domestic/intercollege_Fe.pdf
intercollegiate,女子,2023,57kg,屶網瑠夏,至学館大,https://wrestling-spirits.jp/www/wp-content/data/80/ichiran_domestic/intercollege_Fe.pdf
intercollegiate,女子,2023,59kg,中西美結,至学館大,https://wrestling-spirits.jp/www/wp-content/data/80/ichiran_domestic/intercollege_Fe.pdf
intercollegiate,女子,2023,62kg,稲垣 柚香,至学館大,https://wrestling-spirits.jp/www/wp-content/data/80/ichiran_domestic/intercollege_Fe.pdf
intercollegiate,女子,2023,65kg,吉武まひろ,日体大,https://wrestling-spirits.jp/www/wp-content/data/80/ichiran_domestic/intercollege_Fe.pdf
intercollegiate,女子,2023,68kg,髙田ここな,日体大,https://wrestling-spirits.jp/www/wp-content/data/80/ichiran_domestic/intercollege_Fe.pdf
intercollegiate,女子,2023,72kg,新倉 すみれ,神奈川大,https://wrestling-spirits.jp/www/wp-content/data/80/ichiran_domestic/intercollege_Fe.pdf
intercollegiate,女子,2023,76kg,山本和佳,至学館大,https://wrestling-spirits.jp/www/wp-content/data/80/ichiran_domestic/intercollege_Fe.pdf
intercollegiate,女子,2022,50kg,吉元 玲美那,至学館大,https://wrestling-spirits.jp/www/wp-content/data/80/ichiran_domestic/intercollege_Fe.pdf
intercollegiate,女子,2022,53kg,下野佑実,育英大,https://wrestling-spirits.jp/www/wp-content/data/80/ichiran_domestic/intercollege_Fe.pdf
intercollegiate,女子,2022,55kg,藤波朱理,日体大,https://wrestling-spirits.jp/www/wp-content/data/80/ichiran_domestic/intercollege_Fe.pdf
intercollegiate,女子,2022,57kg,山口夏月,至学館大,https://wrestling-spirits.jp/www/wp-content/data/80/ichiran_domestic/intercollege_Fe.pdf
intercollegiate,女子,2022,59kg,屶網 さら,至学館大,https://wrestling-spirits.jp/www/wp-content/data/80/ichiran_domestic/intercollege_Fe.pdf
intercollegiate,女子,2022,62kg,稲垣 柚香,至学館大,https://wrestling-spirits.jp/www/wp-content/data/80/ichiran_domestic/intercollege_Fe.pdf
intercollegiate,女子,2022,65kg,類家直美,至学館大,https://wrestling-spirits.jp/www/wp-content/data/80/ichiran_domestic/intercollege_Fe.pdf
intercollegiate,女子,2022,68kg,宮道りん,日体大,https://wrestling-spirits.jp/www/wp-content/data/80/ichiran_domestic/intercollege_Fe.pdf
intercollegiate,女子,2022,72kg,塩沢 和,育英大,https://wrestling-spirits.jp/www/wp-content/data/80/ichiran_domestic/intercollege_Fe.pdf
intercollegiate,女子,2022,76kg,山本和佳,至学館大,https://wrestling-spirits.jp/www/wp-content/data/80/ichiran_domestic/intercollege_Fe.pdf
intercollegiate,女子,2021,50kg,伊藤 海,早大,https://wrestling-spirits.jp/www/wp-content/data/80/ichiran_domestic/intercollege_Fe.pdf
intercollegiate,女子,2021,53kg,吉元 玲美那,至学館大,https://wrestling-spirits.jp/www/wp-content/data/80/ichiran_domestic/intercollege_Fe.pdf
intercollegiate,女子,2021,55kg,今井 佑海,日大,https://wrestling-spirits.jp/www/wp-content/data/80/ichiran_domestic/intercollege_Fe.pdf
intercollegiate,女子,2021,57kg,南條 早映,至学館大,https://wrestling-spirits.jp/www/wp-content/data/80/ichiran_domestic/intercollege_Fe.pdf
intercollegiate,女子,2021,59kg,屶網 さら,至学館大,https://wrestling-spirits.jp/www/wp-content/data/80/ichiran_domestic/intercollege_Fe.pdf
intercollegiate,女子,2021,62kg,稲垣 柚香,至学館大,https://wrestling-spirits.jp/www/wp-content/data/80/ichiran_domestic/intercollege_Fe.pdf
intercollegiate,女子,2021,65kg,森川 美和,日体大,https://wrestling-spirits.jp/www/wp-content/data/80/ichiran_domestic/intercollege_Fe.pdf
intercollegiate,女子,2021,68kg,石井 亜海,育英大,https://wrestling-spirits.jp/www/wp-content/data/80/ichiran_domestic/intercollege_Fe.pdf
intercollegiate,女子,2021,72kg,新倉 すみれ,神奈川大,https://wrestling-spirits.jp/www/wp-content/data/80/ichiran_domestic/intercollege_Fe.pdf
intercollegiate,女子,2021,76kg,松雪 泰葉,至学館大,https://wrestling-spirits.jp/www/wp-content/data/80/ichiran_domestic/intercollege_Fe.pdf
intercollegiate,女子,2019,50kg,吉元玲美那,至学館大,https://wrestling-spirits.jp/www/wp-content/data/80/ichiran_domestic/intercollege_Fe.pdf
intercollegiate,女子,2019,53kg,今井佑海,日大,https://wrestling-spirits.jp/www/wp-content/data/80/ichiran_domestic/intercollege_Fe.pdf
intercollegiate,女子,2019,55kg,奥野春菜,至学館大,https://wrestling-spirits.jp/www/wp-content/data/80/ichiran_domestic/intercollege_Fe.pdf
intercollegiate,女子,2019,57kg,永本聖奈,至学館大,https://wrestling-spirits.jp/www/wp-content/data/80/ichiran_domestic/intercollege_Fe.pdf
intercollegiate,女子,2019,59kg,南條早映,至学館大,https://wrestling-spirits.jp/www/wp-content/data/80/ichiran_domestic/intercollege_Fe.pdf
intercollegiate,女子,2019,62kg,入江くみ,九州共立大,https://wrestling-spirits.jp/www/wp-content/data/80/ichiran_domestic/intercollege_Fe.pdf
intercollegiate,女子,2019,65kg,宮道りん,日体大,https://wrestling-spirits.jp/www/wp-content/data/80/ichiran_domestic/intercollege_Fe.pdf
intercollegiate,女子,2019,68kg,松雪成葉,至学館大,https://wrestling-spirits.jp/www/wp-content/data/80/ichiran_domestic/intercollege_Fe.pdf
intercollegiate,女子,2019,72kg,進藤芽伊,日体大,https://wrestling-spirits.jp/www/wp-content/data/80/ichiran_domestic/intercollege_Fe.pdf
intercollegiate,女子,2019,76kg,松雪泰葉,至学館大,https://wrestling-spirits.jp/www/wp-content/data/80/ichiran_domestic/intercollege_Fe.pdf
intercollegiate,女子,2018,50kg,加賀田 葵夏,青山学院大,https://wrestling-spirits.jp/www/wp-content/data/80/ichiran_domestic/intercollege_Fe.pdf
intercollegiate,女子,2018,53kg,五十嵐 未帆,至学館大,https://wrestling-spirits.jp/www/wp-content/data/80/ichiran_domestic/intercollege_Fe.pdf
intercollegiate,女子,2018,55kg,五十嵐 彩季,至学館大,https://wrestling-spirits.jp/www/wp-content/data/80/ichiran_domestic/intercollege_Fe.pdf
intercollegiate,女子,2018,57kg,花井 瑛絵,至学館大,https://wrestling-spirits.jp/www/wp-content/data/80/ichiran_domestic/intercollege_Fe.pdf
intercollegiate,女子,2018,59kg,入江 くみ,九州共立大,https://wrestling-spirits.jp/www/wp-content/data/80/ichiran_domestic/intercollege_Fe.pdf
intercollegiate,女子,2018,62kg,川井 友香子,至学館大,https://wrestling-spirits.jp/www/wp-content/data/80/ichiran_domestic/intercollege_Fe.pdf
intercollegiate,女子,2018,65kg,榎本 美鈴,環太平洋大,https://wrestling-spirits.jp/www/wp-content/data/80/ichiran_domestic/intercollege_Fe.pdf
intercollegiate,女子,2018,68kg,森川 美和,日体大,https://wrestling-spirits.jp/www/wp-content/data/80/ichiran_domestic/intercollege_Fe.pdf
intercollegiate,女子,2018,72kg,古市 雅子,日大,https://wrestling-spirits.jp/www/wp-content/data/80/ichiran_domestic/intercollege_Fe.pdf
intercollegiate,女子,2018,76kg,松雪 泰葉,至学館大,https://wrestling-spirits.jp/www/wp-content/data/80/ichiran_domestic/intercollege_Fe.pdf
intercollegiate,女子,2017,48kg,奥野 里菜,至学館大,https://wrestling-spirits.jp/www/wp-content/data/80/ichiran_domestic/intercollege_Fe.pdf
intercollegiate,女子,2017,53kg,五十嵐未帆,至学館大,https://wrestling-spirits.jp/www/wp-content/data/80/ichiran_domestic/intercollege_Fe.pdf
intercollegiate,女子,2017,55kg,角谷 萌々果,至学館大,https://wrestling-spirits.jp/www/wp-content/data/80/ichiran_domestic/intercollege_Fe.pdf
intercollegiate,女子,2017,58kg,奥野 春菜,至学館大,https://wrestling-spirits.jp/www/wp-content/data/80/ichiran_domestic/intercollege_Fe.pdf
intercollegiate,女子,2017,60kg,香山 芳美,早大,https://wrestling-spirits.jp/www/wp-content/data/80/ichiran_domestic/intercollege_Fe.pdf
intercollegiate,女子,2017,63kg,川井 友香子,至学館大,https://wrestling-spirits.jp/www/wp-content/data/80/ichiran_domestic/intercollege_Fe.pdf
intercollegiate,女子,2017,69kg,源平 彩南,至学館大,https://wrestling-spirits.jp/www/wp-content/data/80/ichiran_domestic/intercollege_Fe.pdf
intercollegiate,女子,2017,75kg,進藤 芽伊,日体大,https://wrestling-spirits.jp/www/wp-content/data/80/ichiran_domestic/intercollege_Fe.pdf
intercollegiate,女子,2016,48kg,加賀田 葵夏,青山学院大,https://wrestling-spirits.jp/www/wp-content/data/80/ichiran_domestic/intercollege_Fe.pdf
intercollegiate,女子,2016,53kg,入江 ななみ,九州共立大,https://wrestling-spirits.jp/www/wp-content/data/80/ichiran_domestic/intercollege_Fe.pdf
intercollegiate,女子,2016,55kg,角谷 萌々果,至学館大,https://wrestling-spirits.jp/www/wp-content/data/80/ichiran_domestic/intercollege_Fe.pdf
intercollegiate,女子,2016,58kg,河内 美樹,日体大,https://wrestling-spirits.jp/www/wp-content/data/80/ichiran_domestic/intercollege_Fe.pdf
intercollegiate,女子,2016,60kg,坂野 結衣,日大,https://wrestling-spirits.jp/www/wp-content/data/80/ichiran_domestic/intercollege_Fe.pdf
intercollegiate,女子,2016,63kg,今井 栞海,同志社大,https://wrestling-spirits.jp/www/wp-content/data/80/ichiran_domestic/intercollege_Fe.pdf
intercollegiate,女子,2016,69kg,朝野 未紗,東洋大,https://wrestling-spirits.jp/www/wp-content/data/80/ichiran_domestic/intercollege_Fe.pdf
intercollegiate,女子,2016,75kg,阿部 梨乃,日大,https://wrestling-spirits.jp/www/wp-content/data/80/ichiran_domestic/intercollege_Fe.pdf
intercollegiate,女子,2015,48kg,矢後 佑華,日大,https://wrestling-spirits.jp/www/wp-content/data/80/ichiran_domestic/intercollege_Fe.pdf
intercollegiate,女子,2015,53kg,入江 ななみ,九州共立大,https://wrestling-spirits.jp/www/wp-content/data/80/ichiran_domestic/intercollege_Fe.pdf
intercollegiate,女子,2015,55kg,菅原 ひかり,至学館大,https://wrestling-spirits.jp/www/wp-content/data/80/ichiran_domestic/intercollege_Fe.pdf
intercollegiate,女子,2015,58kg,廣瀬 瑠実,青山学院大,https://wrestling-spirits.jp/www/wp-content/data/80/ichiran_domestic/intercollege_Fe.pdf
intercollegiate,女子,2015,60kg,坂野 結衣,日大,https://wrestling-spirits.jp/www/wp-content/data/80/ichiran_domestic/intercollege_Fe.pdf
intercollegiate,女子,2015,63kg,香山 芳美,早大,https://wrestling-spirits.jp/www/wp-content/data/80/ichiran_domestic/intercollege_Fe.pdf
intercollegiate,女子,2015,69kg,古市 雅子,日大,https://wrestling-spirits.jp/www/wp-content/data/80/ichiran_domestic/intercollege_Fe.pdf
intercollegiate,女子,2015,75kg,阿部 梨乃,日大,https://wrestling-spirits.jp/www/wp-content/data/80/ichiran_domestic/intercollege_Fe.pdf
intercollegiate,女子,2014,48kg,入江 ゆき,九州共立大,https://wrestling-spirits.jp/www/wp-content/data/80/ichiran_domestic/intercollege_Fe.pdf
intercollegiate,女子,2014,53kg,入江 ななみ,九州共立大,https://wrestling-spirits.jp/www/wp-content/data/80/ichiran_domestic/intercollege_Fe.pdf
intercollegiate,女子,2014,55kg,菅原 ひかり,至学館大,https://wrestling-spirits.jp/www/wp-content/data/80/ichiran_domestic/intercollege_Fe.pdf
intercollegiate,女子,2014,58kg,川井 梨紗子,至学館大,https://wrestling-spirits.jp/www/wp-content/data/80/ichiran_domestic/intercollege_Fe.pdf
intercollegiate,女子,2014,60kg,坂野 結衣,日大,https://wrestling-spirits.jp/www/wp-content/data/80/ichiran_domestic/intercollege_Fe.pdf
intercollegiate,女子,2014,63kg,栄 希和,至学館大,https://wrestling-spirits.jp/www/wp-content/data/80/ichiran_domestic/intercollege_Fe.pdf
intercollegiate,女子,2014,69kg,吉井 瑞江,至学館大,https://wrestling-spirits.jp/www/wp-content/data/80/ichiran_domestic/intercollege_Fe.pdf
intercollegiate,女子,2014,75kg,阿部 梨乃,日大,https://wrestling-spirits.jp/www/wp-content/data/80/ichiran_domestic/intercollege_Fe.pdf
intercollegiate,女子,2013,48kg,入江 ゆき,九州共立大,https://wrestling-spirits.jp/www/wp-content/data/80/ichiran_domestic/intercollege_Fe.pdf
intercollegiate,女子,2013,51kg,登坂 絵莉,至学館大,https://wrestling-spirits.jp/www/wp-content/data/80/ichiran_domestic/intercollege_Fe.pdf
intercollegiate,女子,2013,55kg,浜田 千穂,日体大,https://wrestling-spirits.jp/www/wp-content/data/80/ichiran_domestic/intercollege_Fe.pdf
intercollegiate,女子,2013,59kg,村田 夏南子,日大,https://wrestling-spirits.jp/www/wp-content/data/80/ichiran_domestic/intercollege_Fe.pdf
intercollegiate,女子,2013,63kg,渡利 璃穏,至学館大,https://wrestling-spirits.jp/www/wp-content/data/80/ichiran_domestic/intercollege_Fe.pdf
intercollegiate,女子,2013,67kg,土性 沙羅,至学館大,https://wrestling-spirits.jp/www/wp-content/data/80/ichiran_domestic/intercollege_Fe.pdf
intercollegiate,女子,2013,72kg,吉井 瑞江,至学館大,https://wrestling-spirits.jp/www/wp-content/data/80/ichiran_domestic/intercollege_Fe.pdf
intercollegiate,女子,2012,48kg,入江 ゆき,九州共立大,https://wrestling-spirits.jp/www/wp-content/data/80/ichiran_domestic/intercollege_Fe.pdf
intercollegiate,女子,2012,51kg,田中 亜里沙,早大,https://wrestling-spirits.jp/www/wp-content/data/80/ichiran_domestic/intercollege_Fe.pdf
intercollegiate,女子,2012,55kg,浜田 千穂,日体大,https://wrestling-spirits.jp/www/wp-content/data/80/ichiran_domestic/intercollege_Fe.pdf
intercollegiate,女子,2012,59kg,伊藤 彩香,至学館大,https://wrestling-spirits.jp/www/wp-content/data/80/ichiran_domestic/intercollege_Fe.pdf
intercollegiate,女子,2012,63kg,上原 榛奈,法大,https://wrestling-spirits.jp/www/wp-content/data/80/ichiran_domestic/intercollege_Fe.pdf
intercollegiate,女子,2012,67kg,橋本 千紘,日大,https://wrestling-spirits.jp/www/wp-content/data/80/ichiran_domestic/intercollege_Fe.pdf
intercollegiate,女子,2012,72kg,飯島 千晶,日大,https://wrestling-spirits.jp/www/wp-content/data/80/ichiran_domestic/intercollege_Fe.pdf
intercollegiate,女子,2011,48kg,入江 ゆき,九州共立大,https://wrestling-spirits.jp/www/wp-content/data/80/ichiran_domestic/intercollege_Fe.pdf
intercollegiate,女子,2011,51kg,平野 遥香,日大,https://wrestling-spirits.jp/www/wp-content/data/80/ichiran_domestic/intercollege_Fe.pdf
intercollegiate,女子,2011,55kg,浜田 千穂,日体大,https://wrestling-spirits.jp/www/wp-content/data/80/ichiran_domestic/intercollege_Fe.pdf
intercollegiate,女子,2011,59kg,伊藤 友莉香,環太平洋大,https://wrestling-spirits.jp/www/wp-content/data/80/ichiran_domestic/intercollege_Fe.pdf
intercollegiate,女子,2011,63kg,佐藤 文香,至学館大,https://wrestling-spirits.jp/www/wp-content/data/80/ichiran_domestic/intercollege_Fe.pdf
intercollegiate,女子,2011,67kg,渡利 璃穏,至学館大,https://wrestling-spirits.jp/www/wp-content/data/80/ichiran_domestic/intercollege_Fe.pdf
intercollegiate,女子,2011,72kg,増尾 優華,至学館大,https://wrestling-spirits.jp/www/wp-content/data/80/ichiran_domestic/intercollege_Fe.pdf
intercollegiate,女子,2010,48kg,内田 奈美,東洋大,https://wrestling-spirits.jp/www/wp-content/data/80/ichiran_domestic/intercollege_Fe.pdf
intercollegiate,女子,2010,51kg,岩群 安奈,至学館大,https://wrestling-spirits.jp/www/wp-content/data/80/ichiran_domestic/intercollege_Fe.pdf
intercollegiate,女子,2010,55kg,新井 千明,早大,https://wrestling-spirits.jp/www/wp-content/data/80/ichiran_domestic/intercollege_Fe.pdf
intercollegiate,女子,2010,59kg,佐藤 文香,至学館大,https://wrestling-spirits.jp/www/wp-content/data/80/ichiran_domestic/intercollege_Fe.pdf
intercollegiate,女子,2010,63kg,高橋 海里奈,早大,https://wrestling-spirits.jp/www/wp-content/data/80/ichiran_domestic/intercollege_Fe.pdf
intercollegiate,女子,2010,67kg,井上 佳子,中京女大,https://wrestling-spirits.jp/www/wp-content/data/80/ichiran_domestic/intercollege_Fe.pdf
intercollegiate,女子,2010,72kg,増尾 優華,至学館大,https://wrestling-spirits.jp/www/wp-content/data/80/ichiran_domestic/intercollege_Fe.pdf
intercollegiate,女子,2009,48kg,明尾 弥紀,環太平洋大,https://wrestling-spirits.jp/www/wp-content/data/80/ichiran_domestic/intercollege_Fe.pdf
intercollegiate,女子,2009,51kg,清水 愛,東洋大,https://wrestling-spirits.jp/www/wp-content/data/80/ichiran_domestic/intercollege_Fe.pdf
intercollegiate,女子,2009,55kg,梶田 瑞華,中京女大,https://wrestling-spirits.jp/www/wp-content/data/80/ichiran_domestic/intercollege_Fe.pdf
intercollegiate,女子,2009,59kg,伊藤友莉香,環太平洋大,https://wrestling-spirits.jp/www/wp-content/data/80/ichiran_domestic/intercollege_Fe.pdf
intercollegiate,女子,2009,63kg,佐藤 文香,中京女大,https://wrestling-spirits.jp/www/wp-content/data/80/ichiran_domestic/intercollege_Fe.pdf
intercollegiate,女子,2009,67kg,飯島 千晶,日大,https://wrestling-spirits.jp/www/wp-content/data/80/ichiran_domestic/intercollege_Fe.pdf
intercollegiate,女子,2009,72kg,鈴木 博恵,立命館大,https://wrestling-spirits.jp/www/wp-content/data/80/ichiran_domestic/intercollege_Fe.pdf
intercollegiate,女子,2008,48kg,三村 冬子,日大,https://wrestling-spirits.jp/www/wp-content/data/80/ichiran_domestic/intercollege_Fe.pdf
intercollegiate,女子,2008,51kg,前原 愛,関大,https://wrestling-spirits.jp/www/wp-content/data/80/ichiran_domestic/intercollege_Fe.pdf
intercollegiate,女子,2008,55kg,柴田 瑞穂,中京女大,https://wrestling-spirits.jp/www/wp-content/data/80/ichiran_domestic/intercollege_Fe.pdf
intercollegiate,女子,2008,59kg,山名 慧,中京女大,https://wrestling-spirits.jp/www/wp-content/data/80/ichiran_domestic/intercollege_Fe.pdf
intercollegiate,女子,2008,63kg,西牧 未央,中京女大,https://wrestling-spirits.jp/www/wp-content/data/80/ichiran_domestic/intercollege_Fe.pdf
intercollegiate,女子,2008,67kg,井上 佳子,中京女大,https://wrestling-spirits.jp/www/wp-content/data/80/ichiran_domestic/intercollege_Fe.pdf
intercollegiate,女子,2008,72kg,鈴木 博恵,立命館大,https://wrestling-spirits.jp/www/wp-content/data/80/ichiran_domestic/intercollege_Fe.pdf
intercollegiate,女子,2007,48kg,河村 友海,中京女大,https://wrestling-spirits.jp/www/wp-content/data/80/ichiran_domestic/intercollege_Fe.pdf
intercollegiate,女子,2007,51kg,栄 友菜,中京女大,https://wrestling-spirits.jp/www/wp-content/data/80/ichiran_domestic/intercollege_Fe.pdf
intercollegiate,女子,2007,55kg,柴田 瑞穂,中京女大,https://wrestling-spirits.jp/www/wp-content/data/80/ichiran_domestic/intercollege_Fe.pdf
intercollegiate,女子,2007,59kg,中田 絵理子,早大,https://wrestling-spirits.jp/www/wp-content/data/80/ichiran_domestic/intercollege_Fe.pdf
intercollegiate,女子,2007,63kg,山名 慧,中京女大,https://wrestling-spirits.jp/www/wp-content/data/80/ichiran_domestic/intercollege_Fe.pdf
intercollegiate,女子,2007,67kg,新海 真美,中京女大,https://wrestling-spirits.jp/www/wp-content/data/80/ichiran_domestic/intercollege_Fe.pdf
intercollegiate,女子,2007,72kg,田中 希枝,中京女大,https://wrestling-spirits.jp/www/wp-content/data/80/ichiran_domestic/intercollege_Fe.pdf
intercollegiate,女子,2006,48kg,船津 友里,東洋大,https://wrestling-spirits.jp/www/wp-content/data/80/ichiran_domestic/intercollege_Fe.pdf
intercollegiate,女子,2006,51kg,甲斐 友梨,中京女大,https://wrestling-spirits.jp/www/wp-content/data/80/ichiran_domestic/intercollege_Fe.pdf
intercollegiate,女子,2006,55kg,松川 知華子,日大,https://wrestling-spirits.jp/www/wp-content/data/80/ichiran_domestic/intercollege_Fe.pdf
intercollegiate,女子,2006,59kg,西牧 未央,中京女大,https://wrestling-spirits.jp/www/wp-content/data/80/ichiran_domestic/intercollege_Fe.pdf
intercollegiate,女子,2006,63kg,山名 慧,中京女大,https://wrestling-spirits.jp/www/wp-content/data/80/ichiran_domestic/intercollege_Fe.pdf
intercollegiate,女子,2006,67kg,新海 真美,中京女大,https://wrestling-spirits.jp/www/wp-content/data/80/ichiran_domestic/intercollege_Fe.pdf
intercollegiate,女子,2006,72kg,田中 希枝,中京女大,https://wrestling-spirits.jp/www/wp-content/data/80/ichiran_domestic/intercollege_Fe.pdf
intercollegiate,女子,2005,48kg,船津 友里,東洋大,https://wrestling-spirits.jp/www/wp-content/data/80/ichiran_domestic/intercollege_Fe.pdf
intercollegiate,女子,2005,51kg,赤坂 幸子,福岡大,https://wrestling-spirits.jp/www/wp-content/data/80/ichiran_domestic/intercollege_Fe.pdf
intercollegiate,女子,2005,55kg,松川 知華子,日大,https://wrestling-spirits.jp/www/wp-content/data/80/ichiran_domestic/intercollege_Fe.pdf
intercollegiate,女子,2005,59kg,島田 佳代子,日大,https://wrestling-spirits.jp/www/wp-content/data/80/ichiran_domestic/intercollege_Fe.pdf
intercollegiate,女子,2005,63kg,松川 絵里香,日大,https://wrestling-spirits.jp/www/wp-content/data/80/ichiran_domestic/intercollege_Fe.pdf
intercollegiate,女子,2005,67kg,新海 真美,中京女大,https://wrestling-spirits.jp/www/wp-content/data/80/ichiran_domestic/intercollege_Fe.pdf
intercollegiate,女子,2005,72kg,田中 希枝,中京女大,https://wrestling-spirits.jp/www/wp-content/data/80/ichiran_domestic/intercollege_Fe.pdf
intercollegiate,女子,2004,48kg,坂本 真喜子,中京女大,https://wrestling-spirits.jp/www/wp-content/data/80/ichiran_domestic/intercollege_Fe.pdf
intercollegiate,女子,2004,51kg,甲斐 友梨,中京女大,https://wrestling-spirits.jp/www/wp-content/data/80/ichiran_domestic/intercollege_Fe.pdf
intercollegiate,女子,2004,55kg,吉田 沙保里,中京女大,https://wrestling-spirits.jp/www/wp-content/data/80/ichiran_domestic/intercollege_Fe.pdf
intercollegiate,女子,2004,59kg,大島 貴子,福岡大,https://wrestling-spirits.jp/www/wp-content/data/80/ichiran_domestic/intercollege_Fe.pdf
intercollegiate,女子,2004,63kg,島田 佳代子,日大,https://wrestling-spirits.jp/www/wp-content/data/80/ichiran_domestic/intercollege_Fe.pdf
intercollegiate,女子,2004,67kg,新海 真美,中京女大,https://wrestling-spirits.jp/www/wp-content/data/80/ichiran_domestic/intercollege_Fe.pdf
intercollegiate,女子,2004,72kg,村島 文子,中京女大,https://wrestling-spirits.jp/www/wp-content/data/80/ichiran_domestic/intercollege_Fe.pdf
intercollegiate,女子,2003,48kg,平岡 深雪,大東大,https://wrestling-spirits.jp/www/wp-content/data/80/ichiran_domestic/intercollege_Fe.pdf
intercollegiate,女子,2003,51kg,服部 担子,中京女大,https://wrestling-spirits.jp/www/wp-content/data/80/ichiran_domestic/intercollege_Fe.pdf
intercollegiate,女子,2003,55kg,関根 ゆう,大東大,https://wrestling-spirits.jp/www/wp-content/data/80/ichiran_domestic/intercollege_Fe.pdf
intercollegiate,女子,2003,59kg,菅 綾子,日大,https://wrestling-spirits.jp/www/wp-content/data/80/ichiran_domestic/intercollege_Fe.pdf
intercollegiate,女子,2003,63kg,正田 絢子,東洋大,https://wrestling-spirits.jp/www/wp-content/data/80/ichiran_domestic/intercollege_Fe.pdf
intercollegiate,女子,2003,67kg,塚本 真紀,中京女大,https://wrestling-spirits.jp/www/wp-content/data/80/ichiran_domestic/intercollege_Fe.pdf
intercollegiate,女子,2003,72kg,村島 文子,中京女大,https://wrestling-spirits.jp/www/wp-content/data/80/ichiran_domestic/intercollege_Fe.pdf
intercollegiate,女子,2002,48kg,世良 桃子,福岡大,https://wrestling-spirits.jp/www/wp-content/data/80/ichiran_domestic/intercollege_Fe.pdf
intercollegiate,女子,2002,51kg,赤坂 幸子,福岡大,https://wrestling-spirits.jp/www/wp-content/data/80/ichiran_domestic/intercollege_Fe.pdf
intercollegiate,女子,2002,55kg,山本 聖子,日大,https://wrestling-spirits.jp/www/wp-content/data/80/ichiran_domestic/intercollege_Fe.pdf
intercollegiate,女子,2002,59kg,吉田 沙保里,中京女大,https://wrestling-spirits.jp/www/wp-content/data/80/ichiran_domestic/intercollege_Fe.pdf
intercollegiate,女子,2002,63kg,菅 綾子,日大,https://wrestling-spirits.jp/www/wp-content/data/80/ichiran_domestic/intercollege_Fe.pdf
intercollegiate,女子,2002,67kg,菅原 美々,国士舘大,https://wrestling-spirits.jp/www/wp-content/data/80/ichiran_domestic/intercollege_Fe.pdf
intercollegiate,女子,2002,72kg,村島 文子,中京女大,https://wrestling-spirits.jp/www/wp-content/data/80/ichiran_domestic/intercollege_Fe.pdf
intercollegiate,女子,2001,46kg,織田 智絵,東洋大,https://wrestling-spirits.jp/www/wp-content/data/80/ichiran_domestic/intercollege_Fe.pdf
intercollegiate,女子,2001,51kg,伊調 千春,東洋大,https://wrestling-spirits.jp/www/wp-content/data/80/ichiran_domestic/intercollege_Fe.pdf
intercollegiate,女子,2001,56kg,山本 聖子,日大,https://wrestling-spirits.jp/www/wp-content/data/80/ichiran_domestic/intercollege_Fe.pdf
intercollegiate,女子,2001,62kg,岩間 怜那,中京女大,https://wrestling-spirits.jp/www/wp-content/data/80/ichiran_domestic/intercollege_Fe.pdf
intercollegiate,女子,2001,68kg,坂本 襟,中京女大,https://wrestling-spirits.jp/www/wp-content/data/80/ichiran_domestic/intercollege_Fe.pdf
intercollegiate,女子,2001,75kg,村島 文子,中京女大,https://wrestling-spirits.jp/www/wp-content/data/80/ichiran_domestic/intercollege_Fe.pdf
meiji-cup,フリースタイル,2025,57kg,坂本 輪,CWC,https://wrestling-spirits.jp/www/wp-content/data/80/ichiran_domestic/Meiji_FF.pdf
meiji-cup,フリースタイル,2025,61kg,長谷川敏裕,三恵海運,https://wrestling-spirits.jp/www/wp-content/data/80/ichiran_domestic/Meiji_FF.pdf
meiji-cup,フリースタイル,2025,65kg,清岡幸大郎,カクシングループ,https://wrestling-spirits.jp/www/wp-content/data/80/ichiran_domestic/Meiji_FF.pdf
meiji-cup,フリースタイル,2025,70kg,三浦修矢,育英大,https://wrestling-spirits.jp/www/wp-content/data/80/ichiran_domestic/Meiji_FF.pdf
meiji-cup,フリースタイル,2025,74kg,髙橋海大,日体大,https://wrestling-spirits.jp/www/wp-content/data/80/ichiran_domestic/Meiji_FF.pdf
meiji-cup,フリースタイル,2025,79kg,ガレダギ敬一,早大,https://wrestling-spirits.jp/www/wp-content/data/80/ichiran_domestic/Meiji_FF.pdf
meiji-cup,フリースタイル,2025,86kg,石黒 隼士,自衛隊,https://wrestling-spirits.jp/www/wp-content/data/80/ichiran_domestic/Meiji_FF.pdf
meiji-cup,フリースタイル,2025,92kg,石黒 峻士,MTX GOLDKIDS,https://wrestling-spirits.jp/www/wp-content/data/80/ichiran_domestic/Meiji_FF.pdf
meiji-cup,フリースタイル,2025,97kg,吉田アラシ,日大,https://wrestling-spirits.jp/www/wp-content/data/80/ichiran_domestic/Meiji_FF.pdf
meiji-cup,フリースタイル,2025,125kg,山本泰輝,自衛隊,https://wrestling-spirits.jp/www/wp-content/data/80/ichiran_domestic/Meiji_FF.pdf
meiji-cup,フリースタイル,2024,57kg,新井 陸人,自衛隊,https://wrestling-spirits.jp/www/wp-content/data/80/ichiran_domestic/Meiji_FF.pdf
meiji-cup,フリースタイル,2024,61kg,小野正之助,山梨学院大,https://wrestling-spirits.jp/www/wp-content/data/80/ichiran_domestic/Meiji_FF.pdf
meiji-cup,フリースタイル,2024,65kg,秋山 拓未,自衛隊,https://wrestling-spirits.jp/www/wp-content/data/80/ichiran_domestic/Meiji_FF.pdf
meiji-cup,フリースタイル,2024,70kg,青柳善の輔,クリナップ,https://wrestling-spirits.jp/www/wp-content/data/80/ichiran_domestic/Meiji_FF.pdf
meiji-cup,フリースタイル,2024,74kg,山下 凌弥,日体大,https://wrestling-spirits.jp/www/wp-content/data/80/ichiran_domestic/Meiji_FF.pdf
meiji-cup,フリースタイル,2024,79kg,髙橋 海大,日体大,https://wrestling-spirits.jp/www/wp-content/data/80/ichiran_domestic/Meiji_FF.pdf
meiji-cup,フリースタイル,2024,86kg,白井 達也,佐賀県スポーツ協会,https://wrestling-spirits.jp/www/wp-content/data/80/ichiran_domestic/Meiji_FF.pdf
meiji-cup,フリースタイル,2024,92kg,石黒 峻士,MTX GOLDKIDS,https://wrestling-spirits.jp/www/wp-content/data/80/ichiran_domestic/Meiji_FF.pdf
meiji-cup,フリースタイル,2024,97kg,吉田ケイワン,三恵海運,https://wrestling-spirits.jp/www/wp-content/data/80/ichiran_domestic/Meiji_FF.pdf
meiji-cup,フリースタイル,2024,125kg,園田 平,自衛隊,https://wrestling-spirits.jp/www/wp-content/data/80/ichiran_domestic/Meiji_FF.pdf
meiji-cup,フリースタイル,2023,57kg,樋口 黎,ミキハウス,https://wrestling-spirits.jp/www/wp-content/data/80/ichiran_domestic/Meiji_FF.pdf
meiji-cup,フリースタイル,2023,61kg,坂本 輪,東京・自由ヶ丘学園高,https://wrestling-spirits.jp/www/wp-content/data/80/ichiran_domestic/Meiji_FF.pdf
meiji-cup,フリースタイル,2023,65kg,乙黒 拓斗,山梨学院大,https://wrestling-spirits.jp/www/wp-content/data/80/ichiran_domestic/Meiji_FF.pdf
meiji-cup,フリースタイル,2023,70kg,青柳善の輔,山梨学院大,https://wrestling-spirits.jp/www/wp-content/data/80/ichiran_domestic/Meiji_FF.pdf
meiji-cup,フリースタイル,2023,74kg,高谷 大地,自衛隊,https://wrestling-spirits.jp/www/wp-content/data/80/ichiran_domestic/Meiji_FF.pdf
meiji-cup,フリースタイル,2023,79kg,山倉 孝介,早大,https://wrestling-spirits.jp/www/wp-content/data/80/ichiran_domestic/Meiji_FF.pdf
meiji-cup,フリースタイル,2023,86kg,石黒 隼士,自衛隊,https://wrestling-spirits.jp/www/wp-content/data/80/ichiran_domestic/Meiji_FF.pdf
meiji-cup,フリースタイル,2023,92kg,吉田アラシ,日大,https://wrestling-spirits.jp/www/wp-content/data/80/ichiran_domestic/Meiji_FF.pdf
meiji-cup,フリースタイル,2023,97kg,石黒 峻士,新日本プロレス職,https://wrestling-spirits.jp/www/wp-content/data/80/ichiran_domestic/Meiji_FF.pdf
meiji-cup,フリースタイル,2023,125kg,山本 泰輝,自衛隊,https://wrestling-spirits.jp/www/wp-content/data/80/ichiran_domestic/Meiji_FF.pdf
meiji-cup,フリースタイル,2022,57kg,長谷川敏裕,三恵海運,https://wrestling-spirits.jp/www/wp-content/data/80/ichiran_domestic/Meiji_FF.pdf
meiji-cup,フリースタイル,2022,61kg,樋口 黎,ミキハウス,https://wrestling-spirits.jp/www/wp-content/data/80/ichiran_domestic/Meiji_FF.pdf
meiji-cup,フリースタイル,2022,65kg,山口 海輝,日体大助手,https://wrestling-spirits.jp/www/wp-content/data/80/ichiran_domestic/Meiji_FF.pdf
meiji-cup,フリースタイル,2022,70kg,髙橋 海大,日体大,https://wrestling-spirits.jp/www/wp-content/data/80/ichiran_domestic/Meiji_FF.pdf
meiji-cup,フリースタイル,2022,74kg,高谷 大地,自衛隊,https://wrestling-spirits.jp/www/wp-content/data/80/ichiran_domestic/Meiji_FF.pdf
meiji-cup,フリースタイル,2022,79kg,髙橋 夢大,日体大,https://wrestling-spirits.jp/www/wp-content/data/80/ichiran_domestic/Meiji_FF.pdf
meiji-cup,フリースタイル,2022,86kg,奥井 眞生,自衛隊,https://wrestling-spirits.jp/www/wp-content/data/80/ichiran_domestic/Meiji_FF.pdf
meiji-cup,フリースタイル,2022,92kg,高谷 惣亮,ALSOK,https://wrestling-spirits.jp/www/wp-content/data/80/ichiran_domestic/Meiji_FF.pdf
meiji-cup,フリースタイル,2022,97kg,石黒 峻士,新日本プロレス職,https://wrestling-spirits.jp/www/wp-content/data/80/ichiran_domestic/Meiji_FF.pdf
meiji-cup,フリースタイル,2022,125kg,山本 泰輝,自衛隊,https://wrestling-spirits.jp/www/wp-content/data/80/ichiran_domestic/Meiji_FF.pdf
meiji-cup,フリースタイル,2021,57kg,阿部 敏弥,国士舘大職,https://wrestling-spirits.jp/www/wp-content/data/80/ichiran_domestic/Meiji_FF.pdf
meiji-cup,フリースタイル,2021,61kg,長谷川敏裕,日体クラブ,https://wrestling-spirits.jp/www/wp-content/data/80/ichiran_domestic/Meiji_FF.pdf
meiji-cup,フリースタイル,2021,65kg,山口 海輝,日体大,https://wrestling-spirits.jp/www/wp-content/data/80/ichiran_domestic/Meiji_FF.pdf
meiji-cup,フリースタイル,2021,70kg,鈴木 歩夢,早大,https://wrestling-spirits.jp/www/wp-content/data/80/ichiran_domestic/Meiji_FF.pdf
meiji-cup,フリースタイル,2021,74kg,佐藤 匡記,山梨学院大,https://wrestling-spirits.jp/www/wp-content/data/80/ichiran_domestic/Meiji_FF.pdf
meiji-cup,フリースタイル,2021,79kg,髙橋 夢大,日体大,https://wrestling-spirits.jp/www/wp-content/data/80/ichiran_domestic/Meiji_FF.pdf
meiji-cup,フリースタイル,2021,86kg,石黒 隼士,日大,https://wrestling-spirits.jp/www/wp-content/data/80/ichiran_domestic/Meiji_FF.pdf
meiji-cup,フリースタイル,2021,92kg,大津 拓馬,山梨学院大,https://wrestling-spirits.jp/www/wp-content/data/80/ichiran_domestic/Meiji_FF.pdf
meiji-cup,フリースタイル,2021,97kg,石黒 峻士,新日本プロレス職,https://wrestling-spirits.jp/www/wp-content/data/80/ichiran_domestic/Meiji_FF.pdf
meiji-cup,フリースタイル,2021,125kg,山本 泰輝,自衛隊,https://wrestling-spirits.jp/www/wp-content/data/80/ichiran_domestic/Meiji_FF.pdf
meiji-cup,フリースタイル,2019,57kg,高橋 侑希,ALSOK,https://wrestling-spirits.jp/www/wp-content/data/80/ichiran_domestic/Meiji_FF.pdf
meiji-cup,フリースタイル,2019,61kg,中田 陽,三重・朝明高教,https://wrestling-spirits.jp/www/wp-content/data/80/ichiran_domestic/Meiji_FF.pdf
meiji-cup,フリースタイル,2019,65kg,樋口 黎,日体大助手,https://wrestling-spirits.jp/www/wp-content/data/80/ichiran_domestic/Meiji_FF.pdf
meiji-cup,フリースタイル,2019,70kg,瀬野 春貴,ゴールドキッズ,https://wrestling-spirits.jp/www/wp-content/data/80/ichiran_domestic/Meiji_FF.pdf
meiji-cup,フリースタイル,2019,74kg,奥井 眞生,自衛隊,https://wrestling-spirits.jp/www/wp-content/data/80/ichiran_domestic/Meiji_FF.pdf
meiji-cup,フリースタイル,2019,79kg,髙橋 夢大,京都・網野高,https://wrestling-spirits.jp/www/wp-content/data/80/ichiran_domestic/Meiji_FF.pdf
meiji-cup,フリースタイル,2019,86kg,高谷 惣亮,ALSOK,https://wrestling-spirits.jp/www/wp-content/data/80/ichiran_domestic/Meiji_FF.pdf
meiji-cup,フリースタイル,2019,92kg,大津 拓馬,山梨学院大,https://wrestling-spirits.jp/www/wp-content/data/80/ichiran_domestic/Meiji_FF.pdf
meiji-cup,フリースタイル,2019,97kg,赤熊 猶弥,自衛隊,https://wrestling-spirits.jp/www/wp-content/data/80/ichiran_domestic/Meiji_FF.pdf
meiji-cup,フリースタイル,2019,125kg,山本 泰輝,自衛隊,https://wrestling-spirits.jp/www/wp-content/data/80/ichiran_domestic/Meiji_FF.pdf
meiji-cup,フリースタイル,2018,57kg,高橋 侑希,ALSOK,https://wrestling-spirits.jp/www/wp-content/data/80/ichiran_domestic/Meiji_FF.pdf
meiji-cup,フリースタイル,2018,61kg,小栁 和也,自衛隊,https://wrestling-spirits.jp/www/wp-content/data/80/ichiran_domestic/Meiji_FF.pdf
meiji-cup,フリースタイル,2018,65kg,乙黒 拓斗,山梨学院大,https://wrestling-spirits.jp/www/wp-content/data/80/ichiran_domestic/Meiji_FF.pdf
meiji-cup,フリースタイル,2018,70kg,基山仁太郎,日体大,https://wrestling-spirits.jp/www/wp-content/data/80/ichiran_domestic/Meiji_FF.pdf
meiji-cup,フリースタイル,2018,74kg,保坂 健,自衛隊,https://wrestling-spirits.jp/www/wp-content/data/80/ichiran_domestic/Meiji_FF.pdf
meiji-cup,フリースタイル,2018,79kg,高谷 惣亮,ALSOK,https://wrestling-spirits.jp/www/wp-content/data/80/ichiran_domestic/Meiji_FF.pdf
meiji-cup,フリースタイル,2018,86kg,白井 勝太,日大大学院,https://wrestling-spirits.jp/www/wp-content/data/80/ichiran_domestic/Meiji_FF.pdf
meiji-cup,フリースタイル,2018,92kg,松本 篤史,警視庁,https://wrestling-spirits.jp/www/wp-content/data/80/ichiran_domestic/Meiji_FF.pdf
meiji-cup,フリースタイル,2018,97kg,赤熊 猶弥,自衛隊,https://wrestling-spirits.jp/www/wp-content/data/80/ichiran_domestic/Meiji_FF.pdf
meiji-cup,フリースタイル,2018,125kg,山本 泰輝,拓大,https://wrestling-spirits.jp/www/wp-content/data/80/ichiran_domestic/Meiji_FF.pdf
meiji-cup,フリースタイル,2017,57kg,高橋 侑希,ALSOK,https://wrestling-spirits.jp/www/wp-content/data/80/ichiran_domestic/Meiji_FF.pdf
meiji-cup,フリースタイル,2017,61kg,中村 倫也,博報堂DYスポーツ,https://wrestling-spirits.jp/www/wp-content/data/80/ichiran_domestic/Meiji_FF.pdf
meiji-cup,フリースタイル,2017,65kg,鴨居 正和,自衛隊,https://wrestling-spirits.jp/www/wp-content/data/80/ichiran_domestic/Meiji_FF.pdf
meiji-cup,フリースタイル,2017,70kg,藤波 勇飛,山梨学院大,https://wrestling-spirits.jp/www/wp-content/data/80/ichiran_domestic/Meiji_FF.pdf
meiji-cup,フリースタイル,2017,74kg,高谷 惣亮,ALSOK,https://wrestling-spirits.jp/www/wp-content/data/80/ichiran_domestic/Meiji_FF.pdf
meiji-cup,フリースタイル,2017,86kg,松坂 誠應,自衛隊,https://wrestling-spirits.jp/www/wp-content/data/80/ichiran_domestic/Meiji_FF.pdf
meiji-cup,フリースタイル,2017,97kg,山本 康稀,GENスポーツアカデミー,https://wrestling-spirits.jp/www/wp-content/data/80/ichiran_domestic/Meiji_FF.pdf
meiji-cup,フリースタイル,2017,125kg,田中 哲矢,自衛隊,https://wrestling-spirits.jp/www/wp-content/data/80/ichiran_domestic/Meiji_FF.pdf
meiji-cup,フリースタイル,2016,57kg,中村 倫也,専大,https://wrestling-spirits.jp/www/wp-content/data/80/ichiran_domestic/Meiji_FF.pdf
meiji-cup,フリースタイル,2016,61kg,有元 伸吾,近大職,https://wrestling-spirits.jp/www/wp-content/data/80/ichiran_domestic/Meiji_FF.pdf
meiji-cup,フリースタイル,2016,65kg,鴨居 正和,自衛隊,https://wrestling-spirits.jp/www/wp-content/data/80/ichiran_domestic/Meiji_FF.pdf
meiji-cup,フリースタイル,2016,70kg,多胡島 伸佳,早大,https://wrestling-spirits.jp/www/wp-content/data/80/ichiran_domestic/Meiji_FF.pdf
meiji-cup,フリースタイル,2016,74kg,奥井 眞生,国士舘大,https://wrestling-spirits.jp/www/wp-content/data/80/ichiran_domestic/Meiji_FF.pdf
meiji-cup,フリースタイル,2016,86kg,松本 篤史,ALSOK,https://wrestling-spirits.jp/www/wp-content/data/80/ichiran_domestic/Meiji_FF.pdf
meiji-cup,フリースタイル,2016,97kg,赤熊 猶弥,自衛隊,https://wrestling-spirits.jp/www/wp-content/data/80/ichiran_domestic/Meiji_FF.pdf
meiji-cup,フリースタイル,2016,125kg,山本 泰輝,拓大,https://wrestling-spirits.jp/www/wp-content/data/80/ichiran_domestic/Meiji_FF.pdf
meiji-cup,フリースタイル,2015,57kg,高橋 侑希,山梨学院大,https://wrestling-spirits.jp/www/wp-content/data/80/ichiran_domestic/Meiji_FF.pdf
meiji-cup,フリースタイル,2015,61kg,鴨居 正和,自衛隊,https://wrestling-spirits.jp/www/wp-content/data/80/ichiran_domestic/Meiji_FF.pdf
meiji-cup,フリースタイル,2015,65kg,石田 智嗣,警視庁,https://wrestling-spirits.jp/www/wp-content/data/80/ichiran_domestic/Meiji_FF.pdf
meiji-cup,フリースタイル,2015,70kg,小島 豪臣,神奈川・中原養護学校教,https://wrestling-spirits.jp/www/wp-content/data/80/ichiran_domestic/Meiji_FF.pdf
meiji-cup,フリースタイル,2015,74kg,高谷 惣亮,ALSOK,https://wrestling-spirits.jp/www/wp-content/data/80/ichiran_domestic/Meiji_FF.pdf
meiji-cup,フリースタイル,2015,86kg,松本 篤史,ALSOK,https://wrestling-spirits.jp/www/wp-content/data/80/ichiran_domestic/Meiji_FF.pdf
meiji-cup,フリースタイル,2015,97kg,山口 剛,ブシロード,https://wrestling-spirits.jp/www/wp-content/data/80/ichiran_domestic/Meiji_FF.pdf
meiji-cup,フリースタイル,2015,125kg,荒木田 進謙,警視庁,https://wrestling-spirits.jp/www/wp-content/data/80/ichiran_domestic/Meiji_FF.pdf
meiji-cup,フリースタイル,2014,57kg,高橋 侑希,山梨学院大,https://wrestling-spirits.jp/www/wp-content/data/80/ichiran_domestic/Meiji_FF.pdf
meiji-cup,フリースタイル,2014,61kg,高塚 紀行,自衛隊,https://wrestling-spirits.jp/www/wp-content/data/80/ichiran_domestic/Meiji_FF.pdf
meiji-cup,フリースタイル,2014,65kg,石田 智嗣,警視庁,https://wrestling-spirits.jp/www/wp-content/data/80/ichiran_domestic/Meiji_FF.pdf
meiji-cup,フリースタイル,2014,70kg,小島 豪臣,神奈川・中原養護学校教,https://wrestling-spirits.jp/www/wp-content/data/80/ichiran_domestic/Meiji_FF.pdf
meiji-cup,フリースタイル,2014,74kg,高谷 惣亮,ALSOK,https://wrestling-spirits.jp/www/wp-content/data/80/ichiran_domestic/Meiji_FF.pdf
meiji-cup,フリースタイル,2014,86kg,松本 篤史,ALSOK,https://wrestling-spirits.jp/www/wp-content/data/80/ichiran_domestic/Meiji_FF.pdf
meiji-cup,フリースタイル,2014,97kg,鈴木 聖二,岐阜・岐阜工高教,https://wrestling-spirits.jp/www/wp-content/data/80/ichiran_domestic/Meiji_FF.pdf
meiji-cup,フリースタイル,2014,125kg,岡 倫之,ブシロード,https://wrestling-spirits.jp/www/wp-content/data/80/ichiran_domestic/Meiji_FF.pdf
meiji-cup,フリースタイル,2013,55kg,稲葉 泰弘,警視庁,https://wrestling-spirits.jp/www/wp-content/data/80/ichiran_domestic/Meiji_FF.pdf
meiji-cup,フリースタイル,2013,60kg,高谷 大地,拓大,https://wrestling-spirits.jp/www/wp-content/data/80/ichiran_domestic/Meiji_FF.pdf
meiji-cup,フリースタイル,2013,66kg,井上 貴尋,東京・自由ヶ丘学園高教,https://wrestling-spirits.jp/www/wp-content/data/80/ichiran_domestic/Meiji_FF.pdf
meiji-cup,フリースタイル,2013,74kg,高谷 惣亮,ALSOK,https://wrestling-spirits.jp/www/wp-content/data/80/ichiran_domestic/Meiji_FF.pdf
meiji-cup,フリースタイル,2013,84kg,松本 篤史,ALSOK,https://wrestling-spirits.jp/www/wp-content/data/80/ichiran_domestic/Meiji_FF.pdf
meiji-cup,フリースタイル,2013,96kg,山口 剛,ブシロード,https://wrestling-spirits.jp/www/wp-content/data/80/ichiran_domestic/Meiji_FF.pdf
meiji-cup,フリースタイル,2013,120kg,荒木田 進謙,警視庁警察学校,https://wrestling-spirits.jp/www/wp-content/data/80/ichiran_domestic/Meiji_FF.pdf
meiji-cup,フリースタイル,2012,55kg,稲葉 泰弘,警視庁,https://wrestling-spirits.jp/www/wp-content/data/80/ichiran_domestic/Meiji_FF.pdf
meiji-cup,フリースタイル,2012,60kg,池田 智,日大,https://wrestling-spirits.jp/www/wp-content/data/80/ichiran_domestic/Meiji_FF.pdf
meiji-cup,フリースタイル,2012,66kg,田中 幸太郎,早大,https://wrestling-spirits.jp/www/wp-content/data/80/ichiran_domestic/Meiji_FF.pdf
meiji-cup,フリースタイル,2012,74kg,小島 豪臣,K-POWERS,https://wrestling-spirits.jp/www/wp-content/data/80/ichiran_domestic/Meiji_FF.pdf
meiji-cup,フリースタイル,2012,84kg,松本 真也,警視庁,https://wrestling-spirits.jp/www/wp-content/data/80/ichiran_domestic/Meiji_FF.pdf
meiji-cup,フリースタイル,2012,96kg,山本 康稀,日大,https://wrestling-spirits.jp/www/wp-content/data/80/ichiran_domestic/Meiji_FF.pdf
meiji-cup,フリースタイル,2012,120kg,岡 倫之,日大,https://wrestling-spirits.jp/www/wp-content/data/80/ichiran_domestic/Meiji_FF.pdf
meiji-cup,フリースタイル,2011,55kg,稲葉 泰弘,警視庁,https://wrestling-spirits.jp/www/wp-content/data/80/ichiran_domestic/Meiji_FF.pdf
meiji-cup,フリースタイル,2011,60kg,湯元 健一,ALSOK,https://wrestling-spirits.jp/www/wp-content/data/80/ichiran_domestic/Meiji_FF.pdf
meiji-cup,フリースタイル,2011,66kg,米満 達弘,自衛隊,https://wrestling-spirits.jp/www/wp-content/data/80/ichiran_domestic/Meiji_FF.pdf
meiji-cup,フリースタイル,2011,74kg,高橋 龍太,自衛隊,https://wrestling-spirits.jp/www/wp-content/data/80/ichiran_domestic/Meiji_FF.pdf
meiji-cup,フリースタイル,2011,84kg,松本 真也,警視庁,https://wrestling-spirits.jp/www/wp-content/data/80/ichiran_domestic/Meiji_FF.pdf
meiji-cup,フリースタイル,2011,96kg,磯川 孝生,徳山大職,https://wrestling-spirits.jp/www/wp-content/data/80/ichiran_domestic/Meiji_FF.pdf
meiji-cup,フリースタイル,2011,120kg,荒木田 進謙,専大クラブ,https://wrestling-spirits.jp/www/wp-content/data/80/ichiran_domestic/Meiji_FF.pdf
meiji-cup,フリースタイル,2010,55kg,稲葉 泰弘,警視庁,https://wrestling-spirits.jp/www/wp-content/data/80/ichiran_domestic/Meiji_FF.pdf
meiji-cup,フリースタイル,2010,60kg,前田 翔吾,ニューギン,https://wrestling-spirits.jp/www/wp-content/data/80/ichiran_domestic/Meiji_FF.pdf
meiji-cup,フリースタイル,2010,66kg,米満 達弘,自衛隊,https://wrestling-spirits.jp/www/wp-content/data/80/ichiran_domestic/Meiji_FF.pdf
meiji-cup,フリースタイル,2010,74kg,長島 和幸,クリナップ,https://wrestling-spirits.jp/www/wp-content/data/80/ichiran_domestic/Meiji_FF.pdf
meiji-cup,フリースタイル,2010,84kg,松本 篤史,ALSOK綜合警備保障,https://wrestling-spirits.jp/www/wp-content/data/80/ichiran_domestic/Meiji_FF.pdf
meiji-cup,フリースタイル,2010,96kg,磯川 孝生,徳山大職,https://wrestling-spirits.jp/www/wp-content/data/80/ichiran_domestic/Meiji_FF.pdf
meiji-cup,フリースタイル,2010,120kg,下中 隆広,国士舘大大学院,https://wrestling-spirits.jp/www/wp-content/data/80/ichiran_domestic/Meiji_FF.pdf
meiji-cup,フリースタイル,2009,55kg,湯元 進一,自衛隊,https://wrestling-spirits.jp/www/wp-content/data/80/ichiran_domestic/Meiji_FF.pdf
meiji-cup,フリースタイル,2009,60kg,前田 翔吾,日体大,https://wrestling-spirits.jp/www/wp-content/data/80/ichiran_domestic/Meiji_FF.pdf
meiji-cup,フリースタイル,2009,66kg,米満 達弘,自衛隊,https://wrestling-spirits.jp/www/wp-content/data/80/ichiran_domestic/Meiji_FF.pdf
meiji-cup,フリースタイル,2009,74kg,長島 和幸,クリナップ,https://wrestling-spirits.jp/www/wp-content/data/80/ichiran_domestic/Meiji_FF.pdf
meiji-cup,フリースタイル,2009,84kg,松本 真也,警視庁,https://wrestling-spirits.jp/www/wp-content/data/80/ichiran_domestic/Meiji_FF.pdf
meiji-cup,フリースタイル,2009,96kg,磯川 孝生,徳山大職,https://wrestling-spirits.jp/www/wp-content/data/80/ichiran_domestic/Meiji_FF.pdf
meiji-cup,フリースタイル,2009,120kg,荒木田 進謙,専大,https://wrestling-spirits.jp/www/wp-content/data/80/ichiran_domestic/Meiji_FF.pdf
meiji-cup,フリースタイル,2008,55kg,湯元 進一,自衛隊,https://wrestling-spirits.jp/www/wp-content/data/80/ichiran_domestic/Meiji_FF.pdf
meiji-cup,フリースタイル,2008,60kg,高塚 紀行,日大,https://wrestling-spirits.jp/www/wp-content/data/80/ichiran_domestic/Meiji_FF.pdf
meiji-cup,フリースタイル,2008,66kg,小島 豪臣,周南システム産業,https://wrestling-spirits.jp/www/wp-content/data/80/ichiran_domestic/Meiji_FF.pdf
meiji-cup,フリースタイル,2008,74kg,萱森 浩輝,新潟・新潟県央工高教,https://wrestling-spirits.jp/www/wp-content/data/80/ichiran_domestic/Meiji_FF.pdf
meiji-cup,フリースタイル,2008,84kg,小幡 邦彦,ALSOK綜合警備保障,https://wrestling-spirits.jp/www/wp-content/data/80/ichiran_domestic/Meiji_FF.pdf
meiji-cup,フリースタイル,2008,96kg,磯川 孝生,山口県協会,https://wrestling-spirits.jp/www/wp-content/data/80/ichiran_domestic/Meiji_FF.pdf
meiji-cup,フリースタイル,2008,120kg,荒木田 進謙,専大,https://wrestling-spirits.jp/www/wp-content/data/80/ichiran_domestic/Meiji_FF.pdf
meiji-cup,フリースタイル,2007,55kg,松永 共広,ALSOK綜合警備保障,https://wrestling-spirits.jp/www/wp-content/data/80/ichiran_domestic/Meiji_FF.pdf
meiji-cup,フリースタイル,2007,60kg,大沢 茂樹,山梨学院大,https://wrestling-spirits.jp/www/wp-content/data/80/ichiran_domestic/Meiji_FF.pdf
meiji-cup,フリースタイル,2007,66kg,鈴木 崇之,警視庁,https://wrestling-spirits.jp/www/wp-content/data/80/ichiran_domestic/Meiji_FF.pdf
meiji-cup,フリースタイル,2007,74kg,萱森 浩輝,新潟・新潟県央工高教,https://wrestling-spirits.jp/www/wp-content/data/80/ichiran_domestic/Meiji_FF.pdf
meiji-cup,フリースタイル,2007,84kg,鈴木 豊,自衛隊,https://wrestling-spirits.jp/www/wp-content/data/80/ichiran_domestic/Meiji_FF.pdf
meiji-cup,フリースタイル,2007,96kg,小平 清貴,警視庁,https://wrestling-spirits.jp/www/wp-content/data/80/ichiran_domestic/Meiji_FF.pdf
meiji-cup,フリースタイル,2007,120kg,田中 章仁,FEG,https://wrestling-spirits.jp/www/wp-content/data/80/ichiran_domestic/Meiji_FF.pdf
meiji-cup,フリースタイル,2006,55kg,田岡 秀規,自衛隊,https://wrestling-spirits.jp/www/wp-content/data/80/ichiran_domestic/Meiji_FF.pdf
meiji-cup,フリースタイル,2006,60kg,高塚 紀行,日大,https://wrestling-spirits.jp/www/wp-content/data/80/ichiran_domestic/Meiji_FF.pdf
meiji-cup,フリースタイル,2006,66kg,小島 豪臣,周南システム産業,https://wrestling-spirits.jp/www/wp-content/data/80/ichiran_domestic/Meiji_FF.pdf
meiji-cup,フリースタイル,2006,74kg,小幡 邦彦,ALSOK綜合警備保障,https://wrestling-spirits.jp/www/wp-content/data/80/ichiran_domestic/Meiji_FF.pdf
meiji-cup,フリースタイル,2006,84kg,松本 真也,日大,https://wrestling-spirits.jp/www/wp-content/data/80/ichiran_domestic/Meiji_FF.pdf
meiji-cup,フリースタイル,2006,96kg,小平 清貴,警視庁,https://wrestling-spirits.jp/www/wp-content/data/80/ichiran_domestic/Meiji_FF.pdf
meiji-cup,フリースタイル,2006,120kg,北村 克哉,専大,https://wrestling-spirits.jp/www/wp-content/data/80/ichiran_domestic/Meiji_FF.pdf
meiji-cup,フリースタイル,2005,55kg,松永 共広,ALSOK綜合警備保障,https://wrestling-spirits.jp/www/wp-content/data/80/ichiran_domestic/Meiji_FF.pdf
meiji-cup,フリースタイル,2005,60kg,湯元 健一,日体大,https://wrestling-spirits.jp/www/wp-content/data/80/ichiran_domestic/Meiji_FF.pdf
meiji-cup,フリースタイル,2005,66kg,池松 和彦,K-POWERS,https://wrestling-spirits.jp/www/wp-content/data/80/ichiran_domestic/Meiji_FF.pdf
meiji-cup,フリースタイル,2005,74kg,小幡 邦彦,ALSOK綜合警備保障,https://wrestling-spirits.jp/www/wp-content/data/80/ichiran_domestic/Meiji_FF.pdf
meiji-cup,フリースタイル,2005,84kg,山本 悟,岡山県協会,https://wrestling-spirits.jp/www/wp-content/data/80/ichiran_domestic/Meiji_FF.pdf
meiji-cup,フリースタイル,2005,96kg,小平 清貴,警視庁,https://wrestling-spirits.jp/www/wp-content/data/80/ichiran_domestic/Meiji_FF.pdf
meiji-cup,フリースタイル,2005,120kg,田中 章仁,FEG,https://wrestling-spirits.jp/www/wp-content/data/80/ichiran_domestic/Meiji_FF.pdf
meiji-cup,フリースタイル,2004,55kg,杉谷 武志,自衛隊,https://wrestling-spirits.jp/www/wp-content/data/80/ichiran_domestic/Meiji_FF.pdf
meiji-cup,フリースタイル,2004,60kg,井上 謙二,自衛隊,https://wrestling-spirits.jp/www/wp-content/data/80/ichiran_domestic/Meiji_FF.pdf
meiji-cup,フリースタイル,2004,66kg,鈴木 崇之,立命館大,https://wrestling-spirits.jp/www/wp-content/data/80/ichiran_domestic/Meiji_FF.pdf
meiji-cup,フリースタイル,2004,74kg,工藤 祐士,岡山・高松農高教,https://wrestling-spirits.jp/www/wp-content/data/80/ichiran_domestic/Meiji_FF.pdf
meiji-cup,フリースタイル,2004,84kg,横山 秀和,秋田・秋田商高教,https://wrestling-spirits.jp/www/wp-content/data/80/ichiran_domestic/Meiji_FF.pdf
meiji-cup,フリースタイル,2004,96kg,小平 清貴,警視庁,https://wrestling-spirits.jp/www/wp-content/data/80/ichiran_domestic/Meiji_FF.pdf
meiji-cup,フリースタイル,2004,120kg,田中 章仁,専大,https://wrestling-spirits.jp/www/wp-content/data/80/ichiran_domestic/Meiji_FF.pdf
meiji-cup,フリースタイル,2003,55kg,田南部 力,警視庁,https://wrestling-spirits.jp/www/wp-content/data/80/ichiran_domestic/Meiji_FF.pdf
meiji-cup,フリースタイル,2003,60kg,関川 博紀,新潟・三条工高教,https://wrestling-spirits.jp/www/wp-content/data/80/ichiran_domestic/Meiji_FF.pdf
meiji-cup,フリースタイル,2003,66kg,池松 和彦,日体大助,https://wrestling-spirits.jp/www/wp-content/data/80/ichiran_domestic/Meiji_FF.pdf
meiji-cup,フリースタイル,2003,74kg,小幡 邦彦,綜合警備保障,https://wrestling-spirits.jp/www/wp-content/data/80/ichiran_domestic/Meiji_FF.pdf
meiji-cup,フリースタイル,2003,84kg,横山 秀和,秋田・秋田商高教,https://wrestling-spirits.jp/www/wp-content/data/80/ichiran_domestic/Meiji_FF.pdf
meiji-cup,フリースタイル,2003,96kg,中尾 芳広,エス・ピー・ネットワーク,https://wrestling-spirits.jp/www/wp-content/data/80/ichiran_domestic/Meiji_FF.pdf
meiji-cup,フリースタイル,2003,120kg,諏訪間 幸平,クリナップ,https://wrestling-spirits.jp/www/wp-content/data/80/ichiran_domestic/Meiji_FF.pdf
meiji-cup,フリースタイル,2002,55kg,田南部 力,警視庁,https://wrestling-spirits.jp/www/wp-content/data/80/ichiran_domestic/Meiji_FF.pdf
meiji-cup,フリースタイル,2002,60kg,太田 亮介,警視庁,https://wrestling-spirits.jp/www/wp-content/data/80/ichiran_domestic/Meiji_FF.pdf
meiji-cup,フリースタイル,2002,66kg,池松 和彦,日体大助,https://wrestling-spirits.jp/www/wp-content/data/80/ichiran_domestic/Meiji_FF.pdf
meiji-cup,フリースタイル,2002,74kg,小幡 邦彦,山梨学院大,https://wrestling-spirits.jp/www/wp-content/data/80/ichiran_domestic/Meiji_FF.pdf
meiji-cup,フリースタイル,2002,84kg,仙波 勝敏,立命館大,https://wrestling-spirits.jp/www/wp-content/data/80/ichiran_domestic/Meiji_FF.pdf
meiji-cup,フリースタイル,2002,96kg,中尾 芳広,エス・ピー・ネットワーク,https://wrestling-spirits.jp/www/wp-content/data/80/ichiran_domestic/Meiji_FF.pdf
meiji-cup,フリースタイル,2002,120kg,田中 章仁,専大,https://wrestling-spirits.jp/www/wp-content/data/80/ichiran_domestic/Meiji_FF.pdf
meiji-cup,フリースタイル,2001,54kg,長尾 勇気,日体大,https://wrestling-spirits.jp/www/wp-content/data/80/ichiran_domestic/Meiji_FF.pdf
meiji-cup,フリースタイル,2001,58kg,関川 博紀,新潟・三条工高教,https://wrestling-spirits.jp/www/wp-content/data/80/ichiran_domestic/Meiji_FF.pdf
meiji-cup,フリースタイル,2001,63kg,池松 和彦,日体大,https://wrestling-spirits.jp/www/wp-content/data/80/ichiran_domestic/Meiji_FF.pdf
meiji-cup,フリースタイル,2001,69kg,宮田 和幸,クリナップ,https://wrestling-spirits.jp/www/wp-content/data/80/ichiran_domestic/Meiji_FF.pdf
meiji-cup,フリースタイル,2001,76kg,小幡 邦彦,山梨学院大,https://wrestling-spirits.jp/www/wp-content/data/80/ichiran_domestic/Meiji_FF.pdf
meiji-cup,フリースタイル,2001,85kg,川合 達夫,群馬・板倉高教,https://wrestling-spirits.jp/www/wp-content/data/80/ichiran_domestic/Meiji_FF.pdf
meiji-cup,フリースタイル,2001,97kg,小平 清貴,警視庁,https://wrestling-spirits.jp/www/wp-content/data/80/ichiran_domestic/Meiji_FF.pdf
meiji-cup,フリースタイル,2001,130kg,藤田 尚志,山梨学院大,https://wrestling-spirits.jp/www/wp-content/data/80/ichiran_domestic/Meiji_FF.pdf
meiji-cup,フリースタイル,2000,54kg,田村 茂一,自衛隊,https://wrestling-spirits.jp/www/wp-content/data/80/ichiran_domestic/Meiji_FF.pdf
meiji-cup,フリースタイル,2000,58kg,石嶋 勇次,綜合警備保障,https://wrestling-spirits.jp/www/wp-content/data/80/ichiran_domestic/Meiji_FF.pdf
meiji-cup,フリースタイル,2000,63kg,山本 英典,自衛隊,https://wrestling-spirits.jp/www/wp-content/data/80/ichiran_domestic/Meiji_FF.pdf
meiji-cup,フリースタイル,2000,69kg,織山 昭人,秋田市役所,https://wrestling-spirits.jp/www/wp-content/data/80/ichiran_domestic/Meiji_FF.pdf
meiji-cup,フリースタイル,2000,76kg,太田 拓弥,和歌山県教育庁,https://wrestling-spirits.jp/www/wp-content/data/80/ichiran_domestic/Meiji_FF.pdf
meiji-cup,フリースタイル,2000,85kg,横山 武典,国士舘大助,https://wrestling-spirits.jp/www/wp-content/data/80/ichiran_domestic/Meiji_FF.pdf
meiji-cup,フリースタイル,2000,97kg,小平 清貴,山梨学院大,https://wrestling-spirits.jp/www/wp-content/data/80/ichiran_domestic/Meiji_FF.pdf
meiji-cup,フリースタイル,2000,130kg,吉田 清太郎,秋田市役所,https://wrestling-spirits.jp/www/wp-content/data/80/ichiran_domestic/Meiji_FF.pdf
meiji-cup,フリースタイル,1999,54kg,田南部 力,警視庁,https://wrestling-spirits.jp/www/wp-content/data/80/ichiran_domestic/Meiji_FF.pdf
meiji-cup,フリースタイル,1999,58kg,石嶋 勇次,綜合警備保障,https://wrestling-spirits.jp/www/wp-content/data/80/ichiran_domestic/Meiji_FF.pdf
meiji-cup,フリースタイル,1999,63kg,山縣 健二,群馬大研,https://wrestling-spirits.jp/www/wp-content/data/80/ichiran_domestic/Meiji_FF.pdf
meiji-cup,フリースタイル,1999,69kg,和田 貴広,和歌山県教育庁,https://wrestling-spirits.jp/www/wp-content/data/80/ichiran_domestic/Meiji_FF.pdf
meiji-cup,フリースタイル,1999,76kg,小柴 健二,自衛隊,https://wrestling-spirits.jp/www/wp-content/data/80/ichiran_domestic/Meiji_FF.pdf
meiji-cup,フリースタイル,1999,85kg,川合 達夫,日体大助,https://wrestling-spirits.jp/www/wp-content/data/80/ichiran_domestic/Meiji_FF.pdf
meiji-cup,フリースタイル,1999,97kg,小菅 裕司,自衛隊,https://wrestling-spirits.jp/www/wp-content/data/80/ichiran_domestic/Meiji_FF.pdf
meiji-cup,フリースタイル,1999,130kg,小幡 弘之,警視庁,https://wrestling-spirits.jp/www/wp-content/data/80/ichiran_domestic/Meiji_FF.pdf
meiji-cup,フリースタイル,1998,54kg,田南部 力,警視庁,https://wrestling-spirits.jp/www/wp-content/data/80/ichiran_domestic/Meiji_FF.pdf
meiji-cup,フリースタイル,1998,58kg,阿倍三子郎,ペンシルベニア州立大大学院,https://wrestling-spirits.jp/www/wp-content/data/80/ichiran_domestic/Meiji_FF.pdf
meiji-cup,フリースタイル,1998,63kg,和田 貴広,国士舘大助,https://wrestling-spirits.jp/www/wp-content/data/80/ichiran_domestic/Meiji_FF.pdf
meiji-cup,フリースタイル,1998,69kg,勝 龍三郎,綜合警備保障,https://wrestling-spirits.jp/www/wp-content/data/80/ichiran_domestic/Meiji_FF.pdf
meiji-cup,フリースタイル,1998,76kg,小柴 健二,自衛隊,https://wrestling-spirits.jp/www/wp-content/data/80/ichiran_domestic/Meiji_FF.pdf
meiji-cup,フリースタイル,1998,85kg,川合 達夫,日体大助,https://wrestling-spirits.jp/www/wp-content/data/80/ichiran_domestic/Meiji_FF.pdf
meiji-cup,フリースタイル,1998,97kg,小菅 裕司,自衛隊,https://wrestling-spirits.jp/www/wp-content/data/80/ichiran_domestic/Meiji_FF.pdf
meiji-cup,フリースタイル,1998,130kg,小幡 弘之,警視庁,https://wrestling-spirits.jp/www/wp-content/data/80/ichiran_domestic/Meiji_FF.pdf
meiji-cup,フリースタイル,1997,54kg,笹山 秀雄,自衛隊,https://wrestling-spirits.jp/www/wp-content/data/80/ichiran_domestic/Meiji_FF.pdf
meiji-cup,フリースタイル,1997,58kg,阿倍三子郎,ペンシルベニア州立大大学院,https://wrestling-spirits.jp/www/wp-content/data/80/ichiran_domestic/Meiji_FF.pdf
meiji-cup,フリースタイル,1997,63kg,和田 貴広,国士舘大助,https://wrestling-spirits.jp/www/wp-content/data/80/ichiran_domestic/Meiji_FF.pdf
meiji-cup,フリースタイル,1997,69kg,勝 龍三郎,綜合警備保障,https://wrestling-spirits.jp/www/wp-content/data/80/ichiran_domestic/Meiji_FF.pdf
meiji-cup,フリースタイル,1997,76kg,小柴 健二,自衛隊,https://wrestling-spirits.jp/www/wp-content/data/80/ichiran_domestic/Meiji_FF.pdf
meiji-cup,フリースタイル,1997,85kg,川合 達夫,日体大助,https://wrestling-spirits.jp/www/wp-content/data/80/ichiran_domestic/Meiji_FF.pdf
meiji-cup,フリースタイル,1997,97kg,小菅 裕司,自衛隊,https://wrestling-spirits.jp/www/wp-content/data/80/ichiran_domestic/Meiji_FF.pdf
meiji-cup,フリースタイル,1997,130kg,小幡 弘之,警視庁,https://wrestling-spirits.jp/www/wp-content/data/80/ichiran_domestic/Meiji_FF.pdf
meiji-cup,グレコローマン,2025,55kg,尾西 大河,早大,https://wrestling-spirits.jp/www/wp-content/data/80/ichiran_domestic/Meiji_GR.pdf
meiji-cup,グレコローマン,2025,60kg,稲葉 海人,滋賀県スポーツ協会,https://wrestling-spirits.jp/www/wp-content/data/80/ichiran_domestic/Meiji_GR.pdf
meiji-cup,グレコローマン,2025,63kg,中村真翔,育英大,https://wrestling-spirits.jp/www/wp-content/data/80/ichiran_domestic/Meiji_GR.pdf
meiji-cup,グレコローマン,2025,67kg,曽我部京太郎,ALSOK,https://wrestling-spirits.jp/www/wp-content/data/80/ichiran_domestic/Meiji_GR.pdf
meiji-cup,グレコローマン,2025,72kg,成國大志,筒井メディカルグループ,https://wrestling-spirits.jp/www/wp-content/data/80/ichiran_domestic/Meiji_GR.pdf
meiji-cup,グレコローマン,2025,77kg,日下 尚,マルハン北日本,https://wrestling-spirits.jp/www/wp-content/data/80/ichiran_domestic/Meiji_GR.pdf
meiji-cup,グレコローマン,2025,82kg,吉田 泰造,日体大,https://wrestling-spirits.jp/www/wp-content/data/80/ichiran_domestic/Meiji_GR.pdf
meiji-cup,グレコローマン,2025,87kg,阪部 創,自衛隊,https://wrestling-spirits.jp/www/wp-content/data/80/ichiran_domestic/Meiji_GR.pdf
meiji-cup,グレコローマン,2025,97kg,仲里優力,松尾建設,https://wrestling-spirits.jp/www/wp-content/data/80/ichiran_domestic/Meiji_GR.pdf
meiji-cup,グレコローマン,2025,130kg,奈良 勇太,警視庁,https://wrestling-spirits.jp/www/wp-content/data/80/ichiran_domestic/Meiji_GR.pdf
meiji-cup,グレコローマン,2024,55kg,大楠 健太,日体大,https://wrestling-spirits.jp/www/wp-content/data/80/ichiran_domestic/Meiji_GR.pdf
meiji-cup,グレコローマン,2024,60kg,稲葉 海人,滋賀県スポーツ協会,https://wrestling-spirits.jp/www/wp-content/data/80/ichiran_domestic/Meiji_GR.pdf
meiji-cup,グレコローマン,2024,63kg,鈴木 絢大,レスター,https://wrestling-spirits.jp/www/wp-content/data/80/ichiran_domestic/Meiji_GR.pdf
meiji-cup,グレコローマン,2024,67kg,矢部 晴翔,自衛隊,https://wrestling-spirits.jp/www/wp-content/data/80/ichiran_domestic/Meiji_GR.pdf
meiji-cup,グレコローマン,2024,72kg,清水 賢亮,自衛隊,https://wrestling-spirits.jp/www/wp-content/data/80/ichiran_domestic/Meiji_GR.pdf
meiji-cup,グレコローマン,2024,77kg,島袋 慶生,新潟県協会,https://wrestling-spirits.jp/www/wp-content/data/80/ichiran_domestic/Meiji_GR.pdf
meiji-cup,グレコローマン,2024,82kg,吉田 泰造,香川・高松北高,https://wrestling-spirits.jp/www/wp-content/data/80/ichiran_domestic/Meiji_GR.pdf
meiji-cup,グレコローマン,2024,87kg,鶴田 峻大,自衛隊,https://wrestling-spirits.jp/www/wp-content/data/80/ichiran_domestic/Meiji_GR.pdf
meiji-cup,グレコローマン,2024,97kg,天野 雅之,中大職,https://wrestling-spirits.jp/www/wp-content/data/80/ichiran_domestic/Meiji_GR.pdf
meiji-cup,グレコローマン,2024,130kg,奈良 勇太,警視庁,https://wrestling-spirits.jp/www/wp-content/data/80/ichiran_domestic/Meiji_GR.pdf
meiji-cup,グレコローマン,2023,55kg,尾西 大河,早大,https://wrestling-spirits.jp/www/wp-content/data/80/ichiran_domestic/Meiji_GR.pdf
meiji-cup,グレコローマン,2023,60kg,河名真偉斗,自衛隊,https://wrestling-spirits.jp/www/wp-content/data/80/ichiran_domestic/Meiji_GR.pdf
meiji-cup,グレコローマン,2023,63kg,池田 龍斗,a.c.wals,https://wrestling-spirits.jp/www/wp-content/data/80/ichiran_domestic/Meiji_GR.pdf
meiji-cup,グレコローマン,2023,67kg,遠藤 功章,東和エンジニアリング,https://wrestling-spirits.jp/www/wp-content/data/80/ichiran_domestic/Meiji_GR.pdf
meiji-cup,グレコローマン,2023,72kg,原田 真吾,ソネット,https://wrestling-spirits.jp/www/wp-content/data/80/ichiran_domestic/Meiji_GR.pdf
meiji-cup,グレコローマン,2023,77kg,日下 尚,三恵海運,https://wrestling-spirits.jp/www/wp-content/data/80/ichiran_domestic/Meiji_GR.pdf
meiji-cup,グレコローマン,2023,82kg,岡嶋 勇也,警視庁,https://wrestling-spirits.jp/www/wp-content/data/80/ichiran_domestic/Meiji_GR.pdf
meiji-cup,グレコローマン,2023,87kg,阪部 創,自衛隊,https://wrestling-spirits.jp/www/wp-content/data/80/ichiran_domestic/Meiji_GR.pdf
meiji-cup,グレコローマン,2023,97kg,奈良 勇太,警視庁,https://wrestling-spirits.jp/www/wp-content/data/80/ichiran_domestic/Meiji_GR.pdf
meiji-cup,グレコローマン,2023,130kg,奥村 総太,自衛隊,https://wrestling-spirits.jp/www/wp-content/data/80/ichiran_domestic/Meiji_GR.pdf
meiji-cup,グレコローマン,2022,55kg,松井 謙,日体大,https://wrestling-spirits.jp/www/wp-content/data/80/ichiran_domestic/Meiji_GR.pdf
meiji-cup,グレコローマン,2022,60kg,文田健一郎,ミキハウス,https://wrestling-spirits.jp/www/wp-content/data/80/ichiran_domestic/Meiji_GR.pdf
meiji-cup,グレコローマン,2022,63kg,池田 龍斗,日体クラブ,https://wrestling-spirits.jp/www/wp-content/data/80/ichiran_domestic/Meiji_GR.pdf
meiji-cup,グレコローマン,2022,67kg,遠藤 功章,東和エンジニアリング,https://wrestling-spirits.jp/www/wp-content/data/80/ichiran_domestic/Meiji_GR.pdf
meiji-cup,グレコローマン,2022,72kg,井上 智裕,FUJIOH,https://wrestling-spirits.jp/www/wp-content/data/80/ichiran_domestic/Meiji_GR.pdf
meiji-cup,グレコローマン,2022,77kg,屋比久翔平,ALSOK,https://wrestling-spirits.jp/www/wp-content/data/80/ichiran_domestic/Meiji_GR.pdf
meiji-cup,グレコローマン,2022,82kg,岡嶋 勇也,警視庁,https://wrestling-spirits.jp/www/wp-content/data/80/ichiran_domestic/Meiji_GR.pdf
meiji-cup,グレコローマン,2022,87kg,角 雅人,自衛隊,https://wrestling-spirits.jp/www/wp-content/data/80/ichiran_domestic/Meiji_GR.pdf
meiji-cup,グレコローマン,2022,97kg,仲里 優力,佐賀県スポーツ協会,https://wrestling-spirits.jp/www/wp-content/data/80/ichiran_domestic/Meiji_GR.pdf
meiji-cup,グレコローマン,2022,130kg,園田 新,ALSOK,https://wrestling-spirits.jp/www/wp-content/data/80/ichiran_domestic/Meiji_GR.pdf
meiji-cup,グレコローマン,2021,55kg,松井 謙,日体大,https://wrestling-spirits.jp/www/wp-content/data/80/ichiran_domestic/Meiji_GR.pdf
meiji-cup,グレコローマン,2021,60kg,鈴木 絢大,レスターホールディングス,https://wrestling-spirits.jp/www/wp-content/data/80/ichiran_domestic/Meiji_GR.pdf
meiji-cup,グレコローマン,2021,63kg,山田 義起,エムアンドケイ,https://wrestling-spirits.jp/www/wp-content/data/80/ichiran_domestic/Meiji_GR.pdf
meiji-cup,グレコローマン,2021,67kg,下山田 培,警視庁,https://wrestling-spirits.jp/www/wp-content/data/80/ichiran_domestic/Meiji_GR.pdf
meiji-cup,グレコローマン,2021,72kg,井上 智裕,FUJIOH,https://wrestling-spirits.jp/www/wp-content/data/80/ichiran_domestic/Meiji_GR.pdf
meiji-cup,グレコローマン,2021,77kg,櫻庭 功大,自衛隊,https://wrestling-spirits.jp/www/wp-content/data/80/ichiran_domestic/Meiji_GR.pdf
meiji-cup,グレコローマン,2021,82kg,向井 識起,自衛隊,https://wrestling-spirits.jp/www/wp-content/data/80/ichiran_domestic/Meiji_GR.pdf
meiji-cup,グレコローマン,2021,87kg,鶴田 峻大,自衛隊,https://wrestling-spirits.jp/www/wp-content/data/80/ichiran_domestic/Meiji_GR.pdf
meiji-cup,グレコローマン,2021,97kg,奈良 勇太,警視庁,https://wrestling-spirits.jp/www/wp-content/data/80/ichiran_domestic/Meiji_GR.pdf
meiji-cup,グレコローマン,2021,130kg,園田 新,ALSOK,https://wrestling-spirits.jp/www/wp-content/data/80/ichiran_domestic/Meiji_GR.pdf
meiji-cup,グレコローマン,2019,55kg,小川 翔太,日体大,https://wrestling-spirits.jp/www/wp-content/data/80/ichiran_domestic/Meiji_GR.pdf
meiji-cup,グレコローマン,2019,60kg,文田健一郎,ミキハウス,https://wrestling-spirits.jp/www/wp-content/data/80/ichiran_domestic/Meiji_GR.pdf
meiji-cup,グレコローマン,2019,63kg,山田 義起,日体大,https://wrestling-spirits.jp/www/wp-content/data/80/ichiran_domestic/Meiji_GR.pdf
meiji-cup,グレコローマン,2019,67kg,高橋 昭五,警視庁,https://wrestling-spirits.jp/www/wp-content/data/80/ichiran_domestic/Meiji_GR.pdf
meiji-cup,グレコローマン,2019,72kg,日下 尚,日体大,https://wrestling-spirits.jp/www/wp-content/data/80/ichiran_domestic/Meiji_GR.pdf
meiji-cup,グレコローマン,2019,77kg,屋比久翔平,ALSOK,https://wrestling-spirits.jp/www/wp-content/data/80/ichiran_domestic/Meiji_GR.pdf
meiji-cup,グレコローマン,2019,82kg,岡嶋 勇也,警視庁,https://wrestling-spirits.jp/www/wp-content/data/80/ichiran_domestic/Meiji_GR.pdf
meiji-cup,グレコローマン,2019,87kg,角 雅人,自衛隊,https://wrestling-spirits.jp/www/wp-content/data/80/ichiran_domestic/Meiji_GR.pdf
meiji-cup,グレコローマン,2019,97kg,奈良 勇太,警視庁,https://wrestling-spirits.jp/www/wp-content/data/80/ichiran_domestic/Meiji_GR.pdf
meiji-cup,グレコローマン,2019,130kg,園田 新,ALSOK,https://wrestling-spirits.jp/www/wp-content/data/80/ichiran_domestic/Meiji_GR.pdf
meiji-cup,グレコローマン,2018,55kg,田野倉翔太,東京・自由ヶ丘学園高教,https://wrestling-spirits.jp/www/wp-content/data/80/ichiran_domestic/Meiji_GR.pdf
meiji-cup,グレコローマン,2018,60kg,太田 忍,ALSOK,https://wrestling-spirits.jp/www/wp-content/data/80/ichiran_domestic/Meiji_GR.pdf
meiji-cup,グレコローマン,2018,63kg,遠藤 功章,日体大,https://wrestling-spirits.jp/www/wp-content/data/80/ichiran_domestic/Meiji_GR.pdf
meiji-cup,グレコローマン,2018,67kg,下山田 培,警視庁,https://wrestling-spirits.jp/www/wp-content/data/80/ichiran_domestic/Meiji_GR.pdf
meiji-cup,グレコローマン,2018,72kg,井上 智裕,富士工業,https://wrestling-spirits.jp/www/wp-content/data/80/ichiran_domestic/Meiji_GR.pdf
meiji-cup,グレコローマン,2018,77kg,屋比久翔平,ALSOK,https://wrestling-spirits.jp/www/wp-content/data/80/ichiran_domestic/Meiji_GR.pdf
meiji-cup,グレコローマン,2018,82kg,鶴田 峻大,自衛隊,https://wrestling-spirits.jp/www/wp-content/data/80/ichiran_domestic/Meiji_GR.pdf
meiji-cup,グレコローマン,2018,87kg,角 雅人,自衛隊,https://wrestling-spirits.jp/www/wp-content/data/80/ichiran_domestic/Meiji_GR.pdf
meiji-cup,グレコローマン,2018,97kg,奈良 勇太,警視庁警察学校,https://wrestling-spirits.jp/www/wp-content/data/80/ichiran_domestic/Meiji_GR.pdf
meiji-cup,グレコローマン,2018,130kg,園田 新,ALSOK,https://wrestling-spirits.jp/www/wp-content/data/80/ichiran_domestic/Meiji_GR.pdf
meiji-cup,グレコローマン,2017,59kg,文田 健一郎,日体大,https://wrestling-spirits.jp/www/wp-content/data/80/ichiran_domestic/Meiji_GR.pdf
meiji-cup,グレコローマン,2017,66kg,高橋 昭五,警視庁警察学校,https://wrestling-spirits.jp/www/wp-content/data/80/ichiran_domestic/Meiji_GR.pdf
meiji-cup,グレコローマン,2017,71kg,泉 武志,一宮グループ,https://wrestling-spirits.jp/www/wp-content/data/80/ichiran_domestic/Meiji_GR.pdf
meiji-cup,グレコローマン,2017,75kg,屋比久 翔平,ALSOK,https://wrestling-spirits.jp/www/wp-content/data/80/ichiran_domestic/Meiji_GR.pdf
meiji-cup,グレコローマン,2017,80kg,前田 祐也,鳥取・鳥取中央育英高職,https://wrestling-spirits.jp/www/wp-content/data/80/ichiran_domestic/Meiji_GR.pdf
meiji-cup,グレコローマン,2017,85kg,松本 篤史,警視庁警察学校,https://wrestling-spirits.jp/www/wp-content/data/80/ichiran_domestic/Meiji_GR.pdf
meiji-cup,グレコローマン,2017,98kg,奈良 勇太,日体大,https://wrestling-spirits.jp/www/wp-content/data/80/ichiran_domestic/Meiji_GR.pdf
meiji-cup,グレコローマン,2017,130kg,園田 新,ALSOK,https://wrestling-spirits.jp/www/wp-content/data/80/ichiran_domestic/Meiji_GR.pdf
meiji-cup,グレコローマン,2016,59kg,文田 健一郎,日体大,https://wrestling-spirits.jp/www/wp-content/data/80/ichiran_domestic/Meiji_GR.pdf
meiji-cup,グレコローマン,2016,66kg,高橋 昭五,日体大,https://wrestling-spirits.jp/www/wp-content/data/80/ichiran_domestic/Meiji_GR.pdf
meiji-cup,グレコローマン,2016,71kg,梅野 貴裕,愛媛県協会,https://wrestling-spirits.jp/www/wp-content/data/80/ichiran_domestic/Meiji_GR.pdf
meiji-cup,グレコローマン,2016,75kg,阪部 創,自衛隊,https://wrestling-spirits.jp/www/wp-content/data/80/ichiran_domestic/Meiji_GR.pdf
meiji-cup,グレコローマン,2016,80kg,前田 祐也,鳥取県立武道館,https://wrestling-spirits.jp/www/wp-content/data/80/ichiran_domestic/Meiji_GR.pdf
meiji-cup,グレコローマン,2016,85kg,天野 雅之,中大職,https://wrestling-spirits.jp/www/wp-content/data/80/ichiran_domestic/Meiji_GR.pdf
meiji-cup,グレコローマン,2016,98kg,奈良 勇太,日体大,https://wrestling-spirits.jp/www/wp-content/data/80/ichiran_domestic/Meiji_GR.pdf
meiji-cup,グレコローマン,2016,130kg,園田 新,拓大,https://wrestling-spirits.jp/www/wp-content/data/80/ichiran_domestic/Meiji_GR.pdf
meiji-cup,グレコローマン,2015,59kg,田野倉 翔太,クリナップ,https://wrestling-spirits.jp/www/wp-content/data/80/ichiran_domestic/Meiji_GR.pdf
meiji-cup,グレコローマン,2015,66kg,井上 智裕,三恵海運,https://wrestling-spirits.jp/www/wp-content/data/80/ichiran_domestic/Meiji_GR.pdf
meiji-cup,グレコローマン,2015,71kg,花山 和寛,自衛隊,https://wrestling-spirits.jp/www/wp-content/data/80/ichiran_domestic/Meiji_GR.pdf
meiji-cup,グレコローマン,2015,75kg,金久保 武大,ALSOK,https://wrestling-spirits.jp/www/wp-content/data/80/ichiran_domestic/Meiji_GR.pdf
meiji-cup,グレコローマン,2015,80kg,前田 祐也,拓大,https://wrestling-spirits.jp/www/wp-content/data/80/ichiran_domestic/Meiji_GR.pdf
meiji-cup,グレコローマン,2015,85kg,岡 太一,自衛隊,https://wrestling-spirits.jp/www/wp-content/data/80/ichiran_domestic/Meiji_GR.pdf
meiji-cup,グレコローマン,2015,98kg,米平 安寛,三恵海運,https://wrestling-spirits.jp/www/wp-content/data/80/ichiran_domestic/Meiji_GR.pdf
meiji-cup,グレコローマン,2015,130kg,園田 新,拓大,https://wrestling-spirits.jp/www/wp-content/data/80/ichiran_domestic/Meiji_GR.pdf
meiji-cup,グレコローマン,2014,59kg,長谷川 恒平,青山学院大学職,https://wrestling-spirits.jp/www/wp-content/data/80/ichiran_domestic/Meiji_GR.pdf
meiji-cup,グレコローマン,2014,66kg,松本 隆太郎,群馬ヤクルト販売,https://wrestling-spirits.jp/www/wp-content/data/80/ichiran_domestic/Meiji_GR.pdf
meiji-cup,グレコローマン,2014,71kg,藤村 義,自衛隊,https://wrestling-spirits.jp/www/wp-content/data/80/ichiran_domestic/Meiji_GR.pdf
meiji-cup,グレコローマン,2014,75kg,金久保 武大,ALSOK,https://wrestling-spirits.jp/www/wp-content/data/80/ichiran_domestic/Meiji_GR.pdf
meiji-cup,グレコローマン,2014,80kg,鶴巻 宰,自衛隊,https://wrestling-spirits.jp/www/wp-content/data/80/ichiran_domestic/Meiji_GR.pdf
meiji-cup,グレコローマン,2014,85kg,岡 太一,自衛隊,https://wrestling-spirits.jp/www/wp-content/data/80/ichiran_domestic/Meiji_GR.pdf
meiji-cup,グレコローマン,2014,98kg,齋川 哲克,栃木・足利工高教,https://wrestling-spirits.jp/www/wp-content/data/80/ichiran_domestic/Meiji_GR.pdf
meiji-cup,グレコローマン,2014,130kg,園田 新,拓大,https://wrestling-spirits.jp/www/wp-content/data/80/ichiran_domestic/Meiji_GR.pdf
meiji-cup,グレコローマン,2013,55kg,田野倉 翔太,クリナップ,https://wrestling-spirits.jp/www/wp-content/data/80/ichiran_domestic/Meiji_GR.pdf
meiji-cup,グレコローマン,2013,60kg,倉本 一真,自衛隊,https://wrestling-spirits.jp/www/wp-content/data/80/ichiran_domestic/Meiji_GR.pdf
meiji-cup,グレコローマン,2013,66kg,音泉 秀幸,ALSOK,https://wrestling-spirits.jp/www/wp-content/data/80/ichiran_domestic/Meiji_GR.pdf
meiji-cup,グレコローマン,2013,74kg,金久保 武大,ALSOK,https://wrestling-spirits.jp/www/wp-content/data/80/ichiran_domestic/Meiji_GR.pdf
meiji-cup,グレコローマン,2013,84kg,岡 太一,自衛隊,https://wrestling-spirits.jp/www/wp-content/data/80/ichiran_domestic/Meiji_GR.pdf
meiji-cup,グレコローマン,2013,96kg,齋川 哲克,両毛ヤクルト販売,https://wrestling-spirits.jp/www/wp-content/data/80/ichiran_domestic/Meiji_GR.pdf
meiji-cup,グレコローマン,2013,120kg,前川 勝利,早大,https://wrestling-spirits.jp/www/wp-content/data/80/ichiran_domestic/Meiji_GR.pdf
meiji-cup,グレコローマン,2012,55kg,尾形 翼,ALSOK,https://wrestling-spirits.jp/www/wp-content/data/80/ichiran_domestic/Meiji_GR.pdf
meiji-cup,グレコローマン,2012,60kg,峯村 亮,神奈川大職,https://wrestling-spirits.jp/www/wp-content/data/80/ichiran_domestic/Meiji_GR.pdf
meiji-cup,グレコローマン,2012,66kg,音泉 秀幸,日体大,https://wrestling-spirits.jp/www/wp-content/data/80/ichiran_domestic/Meiji_GR.pdf
meiji-cup,グレコローマン,2012,74kg,清水 博之,自衛隊,https://wrestling-spirits.jp/www/wp-content/data/80/ichiran_domestic/Meiji_GR.pdf
meiji-cup,グレコローマン,2012,84kg,天野 雅之,中大職,https://wrestling-spirits.jp/www/wp-content/data/80/ichiran_domestic/Meiji_GR.pdf
meiji-cup,グレコローマン,2012,96kg,大坂 昂,早大,https://wrestling-spirits.jp/www/wp-content/data/80/ichiran_domestic/Meiji_GR.pdf
meiji-cup,グレコローマン,2012,120kg,中村 淳志,奈良県体協,https://wrestling-spirits.jp/www/wp-content/data/80/ichiran_domestic/Meiji_GR.pdf
meiji-cup,グレコローマン,2011,55kg,長谷川 恒平,福一漁業,https://wrestling-spirits.jp/www/wp-content/data/80/ichiran_domestic/Meiji_GR.pdf
meiji-cup,グレコローマン,2011,60kg,松本 隆太郎,群馬ヤクルト販売,https://wrestling-spirits.jp/www/wp-content/data/80/ichiran_domestic/Meiji_GR.pdf
meiji-cup,グレコローマン,2011,66kg,岡本 佑士,拓大クラブ,https://wrestling-spirits.jp/www/wp-content/data/80/ichiran_domestic/Meiji_GR.pdf
meiji-cup,グレコローマン,2011,74kg,金久保 武大,ALSOK,https://wrestling-spirits.jp/www/wp-content/data/80/ichiran_domestic/Meiji_GR.pdf
meiji-cup,グレコローマン,2011,84kg,天野 雅之,中大職,https://wrestling-spirits.jp/www/wp-content/data/80/ichiran_domestic/Meiji_GR.pdf
meiji-cup,グレコローマン,2011,96kg,--,ドーピング失格,https://wrestling-spirits.jp/www/wp-content/data/80/ichiran_domestic/Meiji_GR.pdf
meiji-cup,グレコローマン,2011,120kg,前川 勝利,早大,https://wrestling-spirits.jp/www/wp-content/data/80/ichiran_domestic/Meiji_GR.pdf
meiji-cup,グレコローマン,2010,55kg,長谷川 恒平,福一漁業,https://wrestling-spirits.jp/www/wp-content/data/80/ichiran_domestic/Meiji_GR.pdf
meiji-cup,グレコローマン,2010,60kg,松本 隆太郎,群馬ヤクルト販売,https://wrestling-spirits.jp/www/wp-content/data/80/ichiran_domestic/Meiji_GR.pdf
meiji-cup,グレコローマン,2010,66kg,藤村 義,自衛隊,https://wrestling-spirits.jp/www/wp-content/data/80/ichiran_domestic/Meiji_GR.pdf
meiji-cup,グレコローマン,2010,74kg,金久保 武大,マイスポーツ,https://wrestling-spirits.jp/www/wp-content/data/80/ichiran_domestic/Meiji_GR.pdf
meiji-cup,グレコローマン,2010,84kg,斎川 哲克,両毛ヤクルト販売,https://wrestling-spirits.jp/www/wp-content/data/80/ichiran_domestic/Meiji_GR.pdf
meiji-cup,グレコローマン,2010,96kg,北村 克哉,FEG,https://wrestling-spirits.jp/www/wp-content/data/80/ichiran_domestic/Meiji_GR.pdf
meiji-cup,グレコローマン,2010,120kg,新庄 博和,自衛隊,https://wrestling-spirits.jp/www/wp-content/data/80/ichiran_domestic/Meiji_GR.pdf
meiji-cup,グレコローマン,2009,55kg,長谷川 恒平,福一漁業,https://wrestling-spirits.jp/www/wp-content/data/80/ichiran_domestic/Meiji_GR.pdf
meiji-cup,グレコローマン,2009,60kg,松本 隆太郎,群馬ヤクルト販売,https://wrestling-spirits.jp/www/wp-content/data/80/ichiran_domestic/Meiji_GR.pdf
meiji-cup,グレコローマン,2009,66kg,藤村 義,自衛隊,https://wrestling-spirits.jp/www/wp-content/data/80/ichiran_domestic/Meiji_GR.pdf
meiji-cup,グレコローマン,2009,74kg,金久保 武大,日体大大学院,https://wrestling-spirits.jp/www/wp-content/data/80/ichiran_domestic/Meiji_GR.pdf
meiji-cup,グレコローマン,2009,84kg,斎川 哲克,両毛ヤクルト販売,https://wrestling-spirits.jp/www/wp-content/data/80/ichiran_domestic/Meiji_GR.pdf
meiji-cup,グレコローマン,2009,96kg,北村 克哉,FEG,https://wrestling-spirits.jp/www/wp-content/data/80/ichiran_domestic/Meiji_GR.pdf
meiji-cup,グレコローマン,2009,120kg,新庄 博和,自衛隊,https://wrestling-spirits.jp/www/wp-content/data/80/ichiran_domestic/Meiji_GR.pdf
meiji-cup,グレコローマン,2008,55kg,長谷川 恒平,福一漁業,https://wrestling-spirits.jp/www/wp-content/data/80/ichiran_domestic/Meiji_GR.pdf
meiji-cup,グレコローマン,2008,60kg,北岡 秀王,クリナップ,https://wrestling-spirits.jp/www/wp-content/data/80/ichiran_domestic/Meiji_GR.pdf
meiji-cup,グレコローマン,2008,66kg,清水 博之,自衛隊,https://wrestling-spirits.jp/www/wp-content/data/80/ichiran_domestic/Meiji_GR.pdf
meiji-cup,グレコローマン,2008,74kg,葛西 直人,自衛隊,https://wrestling-spirits.jp/www/wp-content/data/80/ichiran_domestic/Meiji_GR.pdf
meiji-cup,グレコローマン,2008,84kg,太田 充洋,大分・津久見高教,https://wrestling-spirits.jp/www/wp-content/data/80/ichiran_domestic/Meiji_GR.pdf
meiji-cup,グレコローマン,2008,96kg,山本 雄資,山梨学院大,https://wrestling-spirits.jp/www/wp-content/data/80/ichiran_domestic/Meiji_GR.pdf
meiji-cup,グレコローマン,2008,120kg,新庄 博和,自衛隊,https://wrestling-spirits.jp/www/wp-content/data/80/ichiran_domestic/Meiji_GR.pdf
meiji-cup,グレコローマン,2007,55kg,豊田 雅俊,警視庁,https://wrestling-spirits.jp/www/wp-content/data/80/ichiran_domestic/Meiji_GR.pdf
meiji-cup,グレコローマン,2007,60kg,笹本 睦,ALSOK綜合警備保障,https://wrestling-spirits.jp/www/wp-content/data/80/ichiran_domestic/Meiji_GR.pdf
meiji-cup,グレコローマン,2007,66kg,飯室 雅規,自衛隊,https://wrestling-spirits.jp/www/wp-content/data/80/ichiran_domestic/Meiji_GR.pdf
meiji-cup,グレコローマン,2007,74kg,鶴巻 宰,自衛隊,https://wrestling-spirits.jp/www/wp-content/data/80/ichiran_domestic/Meiji_GR.pdf
meiji-cup,グレコローマン,2007,84kg,松本 慎吾,一宮運輸,https://wrestling-spirits.jp/www/wp-content/data/80/ichiran_domestic/Meiji_GR.pdf
meiji-cup,グレコローマン,2007,96kg,加藤 賢三,自衛隊,https://wrestling-spirits.jp/www/wp-content/data/80/ichiran_domestic/Meiji_GR.pdf
meiji-cup,グレコローマン,2007,120kg,新庄 博和,自衛隊,https://wrestling-spirits.jp/www/wp-content/data/80/ichiran_domestic/Meiji_GR.pdf
meiji-cup,グレコローマン,2006,55kg,平井 進悟,ALSOK綜合警備保障,https://wrestling-spirits.jp/www/wp-content/data/80/ichiran_domestic/Meiji_GR.pdf
meiji-cup,グレコローマン,2006,60kg,笹本 睦,ALSOK綜合警備保障,https://wrestling-spirits.jp/www/wp-content/data/80/ichiran_domestic/Meiji_GR.pdf
meiji-cup,グレコローマン,2006,66kg,飯室 雅規,自衛隊,https://wrestling-spirits.jp/www/wp-content/data/80/ichiran_domestic/Meiji_GR.pdf
meiji-cup,グレコローマン,2006,74kg,菅 太一,警視庁,https://wrestling-spirits.jp/www/wp-content/data/80/ichiran_domestic/Meiji_GR.pdf
meiji-cup,グレコローマン,2006,84kg,松本 慎吾,一宮運輸,https://wrestling-spirits.jp/www/wp-content/data/80/ichiran_domestic/Meiji_GR.pdf
meiji-cup,グレコローマン,2006,96kg,山口 竜志,拓大,https://wrestling-spirits.jp/www/wp-content/data/80/ichiran_domestic/Meiji_GR.pdf
meiji-cup,グレコローマン,2006,120kg,鈴木 克彰,警視庁,https://wrestling-spirits.jp/www/wp-content/data/80/ichiran_domestic/Meiji_GR.pdf
meiji-cup,グレコローマン,2005,55kg,豊田 雅俊,警視庁,https://wrestling-spirits.jp/www/wp-content/data/80/ichiran_domestic/Meiji_GR.pdf
meiji-cup,グレコローマン,2005,60kg,笹本 睦,ALSOK綜合警備保障,https://wrestling-spirits.jp/www/wp-content/data/80/ichiran_domestic/Meiji_GR.pdf
meiji-cup,グレコローマン,2005,66kg,飯室 雅規,自衛隊,https://wrestling-spirits.jp/www/wp-content/data/80/ichiran_domestic/Meiji_GR.pdf
meiji-cup,グレコローマン,2005,74kg,岩崎 裕樹,銀水荘,https://wrestling-spirits.jp/www/wp-content/data/80/ichiran_domestic/Meiji_GR.pdf
meiji-cup,グレコローマン,2005,84kg,松本 慎吾,一宮運輸,https://wrestling-spirits.jp/www/wp-content/data/80/ichiran_domestic/Meiji_GR.pdf
meiji-cup,グレコローマン,2005,96kg,加藤 賢三,自衛隊,https://wrestling-spirits.jp/www/wp-content/data/80/ichiran_domestic/Meiji_GR.pdf
meiji-cup,グレコローマン,2005,120kg,沢田 直樹,徳山大ク,https://wrestling-spirits.jp/www/wp-content/data/80/ichiran_domestic/Meiji_GR.pdf
meiji-cup,グレコローマン,2004,55kg,安原 隆,自衛隊,https://wrestling-spirits.jp/www/wp-content/data/80/ichiran_domestic/Meiji_GR.pdf
meiji-cup,グレコローマン,2004,60kg,笹本 睦,綜合警備保障,https://wrestling-spirits.jp/www/wp-content/data/80/ichiran_domestic/Meiji_GR.pdf
meiji-cup,グレコローマン,2004,66kg,伊是名 正旭,日体大OB,https://wrestling-spirits.jp/www/wp-content/data/80/ichiran_domestic/Meiji_GR.pdf
meiji-cup,グレコローマン,2004,74kg,永田 克彦,新日本プロレス職,https://wrestling-spirits.jp/www/wp-content/data/80/ichiran_domestic/Meiji_GR.pdf
meiji-cup,グレコローマン,2004,84kg,松本 慎吾,一宮運輸,https://wrestling-spirits.jp/www/wp-content/data/80/ichiran_domestic/Meiji_GR.pdf
meiji-cup,グレコローマン,2004,96kg,太田 宣明,自衛隊,https://wrestling-spirits.jp/www/wp-content/data/80/ichiran_domestic/Meiji_GR.pdf
meiji-cup,グレコローマン,2004,120kg,鈴木 克彰,警視庁,https://wrestling-spirits.jp/www/wp-content/data/80/ichiran_domestic/Meiji_GR.pdf
meiji-cup,グレコローマン,2003,55kg,豊田 雅俊,警視庁,https://wrestling-spirits.jp/www/wp-content/data/80/ichiran_domestic/Meiji_GR.pdf
meiji-cup,グレコローマン,2003,60kg,笹本 睦,綜合警備保障,https://wrestling-spirits.jp/www/wp-content/data/80/ichiran_domestic/Meiji_GR.pdf
meiji-cup,グレコローマン,2003,66kg,飯室 雅規,自衛隊,https://wrestling-spirits.jp/www/wp-content/data/80/ichiran_domestic/Meiji_GR.pdf
meiji-cup,グレコローマン,2003,74kg,永田 克彦,新日本プロレス職,https://wrestling-spirits.jp/www/wp-content/data/80/ichiran_domestic/Meiji_GR.pdf
meiji-cup,グレコローマン,2003,84kg,松本 慎吾,一宮運輸,https://wrestling-spirits.jp/www/wp-content/data/80/ichiran_domestic/Meiji_GR.pdf
meiji-cup,グレコローマン,2003,96kg,加藤 賢三,自衛隊,https://wrestling-spirits.jp/www/wp-content/data/80/ichiran_domestic/Meiji_GR.pdf
meiji-cup,グレコローマン,2003,120kg,鈴木 克彰,警視庁,https://wrestling-spirits.jp/www/wp-content/data/80/ichiran_domestic/Meiji_GR.pdf
meiji-cup,グレコローマン,2002,55kg,安原 隆,自衛隊,https://wrestling-spirits.jp/www/wp-content/data/80/ichiran_domestic/Meiji_GR.pdf
meiji-cup,グレコローマン,2002,60kg,笹本 睦,綜合警備保障,https://wrestling-spirits.jp/www/wp-content/data/80/ichiran_domestic/Meiji_GR.pdf
meiji-cup,グレコローマン,2002,66kg,飯室 雅規,自衛隊,https://wrestling-spirits.jp/www/wp-content/data/80/ichiran_domestic/Meiji_GR.pdf
meiji-cup,グレコローマン,2002,74kg,永田 克彦,新日本プロレス職,https://wrestling-spirits.jp/www/wp-content/data/80/ichiran_domestic/Meiji_GR.pdf
meiji-cup,グレコローマン,2002,84kg,松本 慎吾,一宮運輸,https://wrestling-spirits.jp/www/wp-content/data/80/ichiran_domestic/Meiji_GR.pdf
meiji-cup,グレコローマン,2002,96kg,加藤 賢三,自衛隊,https://wrestling-spirits.jp/www/wp-content/data/80/ichiran_domestic/Meiji_GR.pdf
meiji-cup,グレコローマン,2002,120kg,瀬川 浩寿,警視庁,https://wrestling-spirits.jp/www/wp-content/data/80/ichiran_domestic/Meiji_GR.pdf
meiji-cup,グレコローマン,2001,54kg,豊田 雅俊,警視庁,https://wrestling-spirits.jp/www/wp-content/data/80/ichiran_domestic/Meiji_GR.pdf
meiji-cup,グレコローマン,2001,58kg,笹本 睦,綜合警備保障,https://wrestling-spirits.jp/www/wp-content/data/80/ichiran_domestic/Meiji_GR.pdf
meiji-cup,グレコローマン,2001,63kg,平井 満生,綜合警備保障,https://wrestling-spirits.jp/www/wp-content/data/80/ichiran_domestic/Meiji_GR.pdf
meiji-cup,グレコローマン,2001,69kg,永田 克彦,新日本プロレス職,https://wrestling-spirits.jp/www/wp-content/data/80/ichiran_domestic/Meiji_GR.pdf
meiji-cup,グレコローマン,2001,76kg,菅 太一,日大,https://wrestling-spirits.jp/www/wp-content/data/80/ichiran_domestic/Meiji_GR.pdf
meiji-cup,グレコローマン,2001,85kg,松本 慎吾,一宮運輸,https://wrestling-spirits.jp/www/wp-content/data/80/ichiran_domestic/Meiji_GR.pdf
meiji-cup,グレコローマン,2001,97kg,森角 祐介,日体大,https://wrestling-spirits.jp/www/wp-content/data/80/ichiran_domestic/Meiji_GR.pdf
meiji-cup,グレコローマン,2001,130kg,浜上 稔,宮崎・宮崎農高教,https://wrestling-spirits.jp/www/wp-content/data/80/ichiran_domestic/Meiji_GR.pdf
meiji-cup,グレコローマン,2000,54kg,豊田 雅俊,警視庁,https://wrestling-spirits.jp/www/wp-content/data/80/ichiran_domestic/Meiji_GR.pdf
meiji-cup,グレコローマン,2000,58kg,西島 隆,高岡総合プール,https://wrestling-spirits.jp/www/wp-content/data/80/ichiran_domestic/Meiji_GR.pdf
meiji-cup,グレコローマン,2000,63kg,伊是名 正旭,日体大,https://wrestling-spirits.jp/www/wp-content/data/80/ichiran_domestic/Meiji_GR.pdf
meiji-cup,グレコローマン,2000,69kg,大井 将憲,自衛隊,https://wrestling-spirits.jp/www/wp-content/data/80/ichiran_domestic/Meiji_GR.pdf
meiji-cup,グレコローマン,2000,76kg,伊藤 光伸,宮越工芸,https://wrestling-spirits.jp/www/wp-content/data/80/ichiran_domestic/Meiji_GR.pdf
meiji-cup,グレコローマン,2000,85kg,松本 慎吾,一宮運輸,https://wrestling-spirits.jp/www/wp-content/data/80/ichiran_domestic/Meiji_GR.pdf
meiji-cup,グレコローマン,2000,97kg,篠崎 正二,自衛隊,https://wrestling-spirits.jp/www/wp-content/data/80/ichiran_domestic/Meiji_GR.pdf
meiji-cup,グレコローマン,2000,130kg,鈴木 克彰,警視庁,https://wrestling-spirits.jp/www/wp-content/data/80/ichiran_domestic/Meiji_GR.pdf
meiji-cup,グレコローマン,1999,54kg,佐々木 昌常,自衛隊,https://wrestling-spirits.jp/www/wp-content/data/80/ichiran_domestic/Meiji_GR.pdf
meiji-cup,グレコローマン,1999,58kg,西見 健吉,自衛隊,https://wrestling-spirits.jp/www/wp-content/data/80/ichiran_domestic/Meiji_GR.pdf
meiji-cup,グレコローマン,1999,63kg,飯室 雅規,拓大,https://wrestling-spirits.jp/www/wp-content/data/80/ichiran_domestic/Meiji_GR.pdf
meiji-cup,グレコローマン,1999,69kg,永田 克彦,警視庁,https://wrestling-spirits.jp/www/wp-content/data/80/ichiran_domestic/Meiji_GR.pdf
meiji-cup,グレコローマン,1999,76kg,片山 貴光,自衛隊,https://wrestling-spirits.jp/www/wp-content/data/80/ichiran_domestic/Meiji_GR.pdf
meiji-cup,グレコローマン,1999,85kg,横山 秀和,秋田・秋田経法大付高教,https://wrestling-spirits.jp/www/wp-content/data/80/ichiran_domestic/Meiji_GR.pdf
meiji-cup,グレコローマン,1999,97kg,山口 孝二,自衛隊,https://wrestling-spirits.jp/www/wp-content/data/80/ichiran_domestic/Meiji_GR.pdf
meiji-cup,グレコローマン,1999,130kg,鈴木 克彰,拓大,https://wrestling-spirits.jp/www/wp-content/data/80/ichiran_domestic/Meiji_GR.pdf
meiji-cup,グレコローマン,1998,54kg,佐々木 昌常,自衛隊,https://wrestling-spirits.jp/www/wp-content/data/80/ichiran_domestic/Meiji_GR.pdf
meiji-cup,グレコローマン,1998,58kg,西見 健吉,自衛隊,https://wrestling-spirits.jp/www/wp-content/data/80/ichiran_domestic/Meiji_GR.pdf
meiji-cup,グレコローマン,1998,63kg,平井 満生,日体大,https://wrestling-spirits.jp/www/wp-content/data/80/ichiran_domestic/Meiji_GR.pdf
meiji-cup,グレコローマン,1998,69kg,永田 克彦,警視庁,https://wrestling-spirits.jp/www/wp-content/data/80/ichiran_domestic/Meiji_GR.pdf
meiji-cup,グレコローマン,1998,76kg,片山 貴光,自衛隊,https://wrestling-spirits.jp/www/wp-content/data/80/ichiran_domestic/Meiji_GR.pdf
meiji-cup,グレコローマン,1998,85kg,横山 秀和,秋田・秋田経法大付高教,https://wrestling-spirits.jp/www/wp-content/data/80/ichiran_domestic/Meiji_GR.pdf
meiji-cup,グレコローマン,1998,97kg,岩渕 和則,警視庁,https://wrestling-spirits.jp/www/wp-content/data/80/ichiran_domestic/Meiji_GR.pdf
meiji-cup,グレコローマン,1998,130kg,浜上 稔,宮崎・宮崎農高教,https://wrestling-spirits.jp/www/wp-content/data/80/ichiran_domestic/Meiji_GR.pdf
meiji-cup,グレコローマン,1997,54kg,佐々木 昌常,自衛隊,https://wrestling-spirits.jp/www/wp-content/data/80/ichiran_domestic/Meiji_GR.pdf
meiji-cup,グレコローマン,1997,58kg,西島 隆,警視庁,https://wrestling-spirits.jp/www/wp-content/data/80/ichiran_domestic/Meiji_GR.pdf
meiji-cup,グレコローマン,1997,63kg,元木 康年,自衛隊,https://wrestling-spirits.jp/www/wp-content/data/80/ichiran_domestic/Meiji_GR.pdf
meiji-cup,グレコローマン,1997,69kg,永田 克彦,警視庁,https://wrestling-spirits.jp/www/wp-content/data/80/ichiran_domestic/Meiji_GR.pdf
meiji-cup,グレコローマン,1997,76kg,片山 貴光,自衛隊,https://wrestling-spirits.jp/www/wp-content/data/80/ichiran_domestic/Meiji_GR.pdf
meiji-cup,グレコローマン,1997,85kg,横山 秀和,秋田・秋田経法大付高教,https://wrestling-spirits.jp/www/wp-content/data/80/ichiran_domestic/Meiji_GR.pdf
meiji-cup,グレコローマン,1997,97kg,篠崎 正二,自衛隊,https://wrestling-spirits.jp/www/wp-content/data/80/ichiran_domestic/Meiji_GR.pdf
meiji-cup,グレコローマン,1997,130kg,浜上 稔,宮崎・宮崎農高教,https://wrestling-spirits.jp/www/wp-content/data/80/ichiran_domestic/Meiji_GR.pdf
meiji-cup,女子,2025,50kg,吉元玲美那,Keeper技研,https://wrestling-spirits.jp/www/wp-content/data/80/ichiran_domestic/Meiji_Fe.pdf
meiji-cup,女子,2025,53kg,村山 春菜,自衛隊,https://wrestling-spirits.jp/www/wp-content/data/80/ichiran_domestic/Meiji_Fe.pdf
meiji-cup,女子,2025,55kg,内田颯夏,日大,https://wrestling-spirits.jp/www/wp-content/data/80/ichiran_domestic/Meiji_Fe.pdf
meiji-cup,女子,2025,57kg,徳原姫花,自衛隊,https://wrestling-spirits.jp/www/wp-content/data/80/ichiran_domestic/Meiji_Fe.pdf
meiji-cup,女子,2025,59kg,尾西 桜,日体大,https://wrestling-spirits.jp/www/wp-content/data/80/ichiran_domestic/Meiji_Fe.pdf
meiji-cup,女子,2025,62kg,元木咲良,育英大助手,https://wrestling-spirits.jp/www/wp-content/data/80/ichiran_domestic/Meiji_Fe.pdf
meiji-cup,女子,2025,65kg,森川 美和,ALSOK,https://wrestling-spirits.jp/www/wp-content/data/80/ichiran_domestic/Meiji_Fe.pdf
meiji-cup,女子,2025,68kg,石井 亜海,育英大,https://wrestling-spirits.jp/www/wp-content/data/80/ichiran_domestic/Meiji_Fe.pdf
meiji-cup,女子,2025,72kg,古市雅子,自衛隊,https://wrestling-spirits.jp/www/wp-content/data/80/ichiran_domestic/Meiji_Fe.pdf
meiji-cup,女子,2025,76kg,山本 和佳,至学館大,https://wrestling-spirits.jp/www/wp-content/data/80/ichiran_domestic/Meiji_Fe.pdf
meiji-cup,女子,2024,50kg,吉元玲美那,Keeper技研,https://wrestling-spirits.jp/www/wp-content/data/80/ichiran_domestic/Meiji_Fe.pdf
meiji-cup,女子,2024,53kg,岡田 愛生,東洋大,https://wrestling-spirits.jp/www/wp-content/data/80/ichiran_domestic/Meiji_Fe.pdf
meiji-cup,女子,2024,55kg,村山 春菜,自衛隊,https://wrestling-spirits.jp/www/wp-content/data/80/ichiran_domestic/Meiji_Fe.pdf
meiji-cup,女子,2024,57kg,屶網 瑠夏,至学館大,https://wrestling-spirits.jp/www/wp-content/data/80/ichiran_domestic/Meiji_Fe.pdf
meiji-cup,女子,2024,59kg,尾西 桜,日体大,https://wrestling-spirits.jp/www/wp-content/data/80/ichiran_domestic/Meiji_Fe.pdf
meiji-cup,女子,2024,62kg,稲垣 柚香,自衛隊,https://wrestling-spirits.jp/www/wp-content/data/80/ichiran_domestic/Meiji_Fe.pdf
meiji-cup,女子,2024,65kg,森川 美和,ALSOK,https://wrestling-spirits.jp/www/wp-content/data/80/ichiran_domestic/Meiji_Fe.pdf
meiji-cup,女子,2024,68kg,星野 レイ,神奈川大,https://wrestling-spirits.jp/www/wp-content/data/80/ichiran_domestic/Meiji_Fe.pdf
meiji-cup,女子,2024,72kg,石井 亜海,育英大,https://wrestling-spirits.jp/www/wp-content/data/80/ichiran_domestic/Meiji_Fe.pdf
meiji-cup,女子,2024,76kg,山本 和佳,至学館大,https://wrestling-spirits.jp/www/wp-content/data/80/ichiran_domestic/Meiji_Fe.pdf
meiji-cup,女子,2023,50kg,須崎 優衣,キッツ,https://wrestling-spirits.jp/www/wp-content/data/80/ichiran_domestic/Meiji_Fe.pdf
meiji-cup,女子,2023,53kg,藤波 朱理,日体大,https://wrestling-spirits.jp/www/wp-content/data/80/ichiran_domestic/Meiji_Fe.pdf
meiji-cup,女子,2023,55kg,片岡 梨乃,早大,https://wrestling-spirits.jp/www/wp-content/data/80/ichiran_domestic/Meiji_Fe.pdf
meiji-cup,女子,2023,57kg,櫻井つぐみ,育英大,https://wrestling-spirits.jp/www/wp-content/data/80/ichiran_domestic/Meiji_Fe.pdf
meiji-cup,女子,2023,59kg,永本 聖奈,アイシン,https://wrestling-spirits.jp/www/wp-content/data/80/ichiran_domestic/Meiji_Fe.pdf
meiji-cup,女子,2023,62kg,元木 咲良,育英大,https://wrestling-spirits.jp/www/wp-content/data/80/ichiran_domestic/Meiji_Fe.pdf
meiji-cup,女子,2023,65kg,吉武まひろ,日体大,https://wrestling-spirits.jp/www/wp-content/data/80/ichiran_domestic/Meiji_Fe.pdf
meiji-cup,女子,2023,68kg,森川 美和,ALSOK,https://wrestling-spirits.jp/www/wp-content/data/80/ichiran_domestic/Meiji_Fe.pdf
meiji-cup,女子,2023,72kg,進藤 芽伊,クリナップ,https://wrestling-spirits.jp/www/wp-content/data/80/ichiran_domestic/Meiji_Fe.pdf
meiji-cup,女子,2023,76kg,鏡 優翔,東洋大,https://wrestling-spirits.jp/www/wp-content/data/80/ichiran_domestic/Meiji_Fe.pdf
meiji-cup,女子,2022,50kg,須崎 優衣,キッツ,https://wrestling-spirits.jp/www/wp-content/data/80/ichiran_domestic/Meiji_Fe.pdf
meiji-cup,女子,2022,53kg,藤波 朱理,日体大,https://wrestling-spirits.jp/www/wp-content/data/80/ichiran_domestic/Meiji_Fe.pdf
meiji-cup,女子,2022,55kg,向田 真優,ジェイテクト,https://wrestling-spirits.jp/www/wp-content/data/80/ichiran_domestic/Meiji_Fe.pdf
meiji-cup,女子,2022,57kg,櫻井つぐみ,育英大,https://wrestling-spirits.jp/www/wp-content/data/80/ichiran_domestic/Meiji_Fe.pdf
meiji-cup,女子,2022,59kg,元木 咲良,育英大,https://wrestling-spirits.jp/www/wp-content/data/80/ichiran_domestic/Meiji_Fe.pdf
meiji-cup,女子,2022,62kg,尾﨑野乃香,慶大,https://wrestling-spirits.jp/www/wp-content/data/80/ichiran_domestic/Meiji_Fe.pdf
meiji-cup,女子,2022,65kg,森川 美和,ALSOK,https://wrestling-spirits.jp/www/wp-content/data/80/ichiran_domestic/Meiji_Fe.pdf
meiji-cup,女子,2022,68kg,石井 亜海,育英大,https://wrestling-spirits.jp/www/wp-content/data/80/ichiran_domestic/Meiji_Fe.pdf
meiji-cup,女子,2022,72kg,古市 雅子,自衛隊,https://wrestling-spirits.jp/www/wp-content/data/80/ichiran_domestic/Meiji_Fe.pdf
meiji-cup,女子,2022,76kg,鏡 優翔,東洋大,https://wrestling-spirits.jp/www/wp-content/data/80/ichiran_domestic/Meiji_Fe.pdf
meiji-cup,女子,2021,50kg,吉元玲美那,至学館大,https://wrestling-spirits.jp/www/wp-content/data/80/ichiran_domestic/Meiji_Fe.pdf
meiji-cup,女子,2021,53kg,藤波 朱理,三重・いなべ総合学園高,https://wrestling-spirits.jp/www/wp-content/data/80/ichiran_domestic/Meiji_Fe.pdf
meiji-cup,女子,2021,55kg,櫻井つぐみ,育英大,https://wrestling-spirits.jp/www/wp-content/data/80/ichiran_domestic/Meiji_Fe.pdf
meiji-cup,女子,2021,57kg,南條 早映,至学館大,https://wrestling-spirits.jp/www/wp-content/data/80/ichiran_domestic/Meiji_Fe.pdf
meiji-cup,女子,2021,59kg,花井 瑛絵,至学館大,https://wrestling-spirits.jp/www/wp-content/data/80/ichiran_domestic/Meiji_Fe.pdf
meiji-cup,女子,2021,62kg,尾﨑野乃香,慶大,https://wrestling-spirits.jp/www/wp-content/data/80/ichiran_domestic/Meiji_Fe.pdf
meiji-cup,女子,2021,65kg,森川 美和,日体大,https://wrestling-spirits.jp/www/wp-content/data/80/ichiran_domestic/Meiji_Fe.pdf
meiji-cup,女子,2021,68kg,宮道 りん,日体大,https://wrestling-spirits.jp/www/wp-content/data/80/ichiran_domestic/Meiji_Fe.pdf
meiji-cup,女子,2021,72kg,古市 雅子,自衛隊,https://wrestling-spirits.jp/www/wp-content/data/80/ichiran_domestic/Meiji_Fe.pdf
meiji-cup,女子,2021,76kg,松雪 泰葉,至学館大,https://wrestling-spirits.jp/www/wp-content/data/80/ichiran_domestic/Meiji_Fe.pdf
meiji-cup,女子,2019,50kg,須崎 優衣,早大,https://wrestling-spirits.jp/www/wp-content/data/80/ichiran_domestic/Meiji_Fe.pdf
meiji-cup,女子,2019,53kg,向田 真優,至学館大,https://wrestling-spirits.jp/www/wp-content/data/80/ichiran_domestic/Meiji_Fe.pdf
meiji-cup,女子,2019,55kg,五十嵐彩季,至学館大,https://wrestling-spirits.jp/www/wp-content/data/80/ichiran_domestic/Meiji_Fe.pdf
meiji-cup,女子,2019,57kg,川井梨紗子,ジャパンビバレッジ,https://wrestling-spirits.jp/www/wp-content/data/80/ichiran_domestic/Meiji_Fe.pdf
meiji-cup,女子,2019,59kg,田南部夢叶,日体大,https://wrestling-spirits.jp/www/wp-content/data/80/ichiran_domestic/Meiji_Fe.pdf
meiji-cup,女子,2019,62kg,川井友香子,至学館大,https://wrestling-spirits.jp/www/wp-content/data/80/ichiran_domestic/Meiji_Fe.pdf
meiji-cup,女子,2019,65kg,榎本 美鈴,環太平洋大,https://wrestling-spirits.jp/www/wp-content/data/80/ichiran_domestic/Meiji_Fe.pdf
meiji-cup,女子,2019,68kg,土性 沙羅,東新住建,https://wrestling-spirits.jp/www/wp-content/data/80/ichiran_domestic/Meiji_Fe.pdf
meiji-cup,女子,2019,72kg,進藤 芽伊,日体大,https://wrestling-spirits.jp/www/wp-content/data/80/ichiran_domestic/Meiji_Fe.pdf
meiji-cup,女子,2019,76kg,皆川 博恵,クリナップ,https://wrestling-spirits.jp/www/wp-content/data/80/ichiran_domestic/Meiji_Fe.pdf
meiji-cup,女子,2018,50kg,須崎 優衣,早大,https://wrestling-spirits.jp/www/wp-content/data/80/ichiran_domestic/Meiji_Fe.pdf
meiji-cup,女子,2018,53kg,奥野 春菜,至学館大,https://wrestling-spirits.jp/www/wp-content/data/80/ichiran_domestic/Meiji_Fe.pdf
meiji-cup,女子,2018,55kg,向田 真優,至学館大,https://wrestling-spirits.jp/www/wp-content/data/80/ichiran_domestic/Meiji_Fe.pdf
meiji-cup,女子,2018,57kg,坂上嘉津季,ALSOK,https://wrestling-spirits.jp/www/wp-content/data/80/ichiran_domestic/Meiji_Fe.pdf
meiji-cup,女子,2018,59kg,川井梨紗子,ジャパンビバレッジ,https://wrestling-spirits.jp/www/wp-content/data/80/ichiran_domestic/Meiji_Fe.pdf
meiji-cup,女子,2018,62kg,川井友香子,至学館大,https://wrestling-spirits.jp/www/wp-content/data/80/ichiran_domestic/Meiji_Fe.pdf
meiji-cup,女子,2018,65kg,伊藤 彩香,東新住建,https://wrestling-spirits.jp/www/wp-content/data/80/ichiran_domestic/Meiji_Fe.pdf
meiji-cup,女子,2018,68kg,渡利 璃穏,アイシン・エィ・ダブリュ,https://wrestling-spirits.jp/www/wp-content/data/80/ichiran_domestic/Meiji_Fe.pdf
meiji-cup,女子,2018,72kg,松雪 成葉,至学館大,https://wrestling-spirits.jp/www/wp-content/data/80/ichiran_domestic/Meiji_Fe.pdf
meiji-cup,女子,2018,76kg,皆川 博恵,クリナップ,https://wrestling-spirits.jp/www/wp-content/data/80/ichiran_domestic/Meiji_Fe.pdf
meiji-cup,女子,2017,48kg,須崎 優衣,JWA/東京・安部学院高,https://wrestling-spirits.jp/www/wp-content/data/80/ichiran_domestic/Meiji_Fe.pdf
meiji-cup,女子,2017,53kg,向田 真優,至学館大,https://wrestling-spirits.jp/www/wp-content/data/80/ichiran_domestic/Meiji_Fe.pdf
meiji-cup,女子,2017,55kg,奥野 春菜,至学館大,https://wrestling-spirits.jp/www/wp-content/data/80/ichiran_domestic/Meiji_Fe.pdf
meiji-cup,女子,2017,58kg,坂上 嘉津季,ALSOK,https://wrestling-spirits.jp/www/wp-content/data/80/ichiran_domestic/Meiji_Fe.pdf
meiji-cup,女子,2017,60kg,川井 梨紗子,至学館大,https://wrestling-spirits.jp/www/wp-content/data/80/ichiran_domestic/Meiji_Fe.pdf
meiji-cup,女子,2017,63kg,伊藤 彩香,東新住建,https://wrestling-spirits.jp/www/wp-content/data/80/ichiran_domestic/Meiji_Fe.pdf
meiji-cup,女子,2017,69kg,土性 沙羅,東新住建,https://wrestling-spirits.jp/www/wp-content/data/80/ichiran_domestic/Meiji_Fe.pdf
meiji-cup,女子,2017,75kg,鈴木 博恵,クリナップ,https://wrestling-spirits.jp/www/wp-content/data/80/ichiran_domestic/Meiji_Fe.pdf
meiji-cup,女子,2016,48kg,須崎 優衣,JWA/東京・安部学院高,https://wrestling-spirits.jp/www/wp-content/data/80/ichiran_domestic/Meiji_Fe.pdf
meiji-cup,女子,2016,53kg,向田 真優,至学館大,https://wrestling-spirits.jp/www/wp-content/data/80/ichiran_domestic/Meiji_Fe.pdf
meiji-cup,女子,2016,55kg,菅原 ひかり,岩手・種市高,https://wrestling-spirits.jp/www/wp-content/data/80/ichiran_domestic/Meiji_Fe.pdf
meiji-cup,女子,2016,58kg,浜田 千穂,日体クラブ,https://wrestling-spirits.jp/www/wp-content/data/80/ichiran_domestic/Meiji_Fe.pdf
meiji-cup,女子,2016,60kg,坂野 結衣,日大,https://wrestling-spirits.jp/www/wp-content/data/80/ichiran_domestic/Meiji_Fe.pdf
meiji-cup,女子,2016,63kg,栄 希和,至学館大,https://wrestling-spirits.jp/www/wp-content/data/80/ichiran_domestic/Meiji_Fe.pdf
meiji-cup,女子,2016,69kg,古市 雅子,日大,https://wrestling-spirits.jp/www/wp-content/data/80/ichiran_domestic/Meiji_Fe.pdf
meiji-cup,女子,2016,75kg,鈴木 博恵,クリナップ,https://wrestling-spirits.jp/www/wp-content/data/80/ichiran_domestic/Meiji_Fe.pdf
meiji-cup,女子,2015,48kg,登坂 絵莉,至学館大,https://wrestling-spirits.jp/www/wp-content/data/80/ichiran_domestic/Meiji_Fe.pdf
meiji-cup,女子,2015,53kg,吉田 沙保里,ALSOK,https://wrestling-spirits.jp/www/wp-content/data/80/ichiran_domestic/Meiji_Fe.pdf
meiji-cup,女子,2015,55kg,木村 安里,群馬大,https://wrestling-spirits.jp/www/wp-content/data/80/ichiran_domestic/Meiji_Fe.pdf
meiji-cup,女子,2015,58kg,伊調 馨,ALSOK,https://wrestling-spirits.jp/www/wp-content/data/80/ichiran_domestic/Meiji_Fe.pdf
meiji-cup,女子,2015,60kg,栄 希和,至学館大,https://wrestling-spirits.jp/www/wp-content/data/80/ichiran_domestic/Meiji_Fe.pdf
meiji-cup,女子,2015,63kg,川井 梨紗子,至学館大,https://wrestling-spirits.jp/www/wp-content/data/80/ichiran_domestic/Meiji_Fe.pdf
meiji-cup,女子,2015,69kg,土性 沙羅,至学館大,https://wrestling-spirits.jp/www/wp-content/data/80/ichiran_domestic/Meiji_Fe.pdf
meiji-cup,女子,2015,75kg,鈴木 博恵,クリナップ,https://wrestling-spirits.jp/www/wp-content/data/80/ichiran_domestic/Meiji_Fe.pdf
meiji-cup,女子,2014,48kg,登坂 絵莉,至学館大,https://wrestling-spirits.jp/www/wp-content/data/80/ichiran_domestic/Meiji_Fe.pdf
meiji-cup,女子,2014,53kg,吉田 沙保里,ALSOK,https://wrestling-spirits.jp/www/wp-content/data/80/ichiran_domestic/Meiji_Fe.pdf
meiji-cup,女子,2014,55kg,浜田 千穂,日体大,https://wrestling-spirits.jp/www/wp-content/data/80/ichiran_domestic/Meiji_Fe.pdf
meiji-cup,女子,2014,58kg,伊調 馨,ALSOK,https://wrestling-spirits.jp/www/wp-content/data/80/ichiran_domestic/Meiji_Fe.pdf
meiji-cup,女子,2014,60kg,坂上 嘉津季,至学館大,https://wrestling-spirits.jp/www/wp-content/data/80/ichiran_domestic/Meiji_Fe.pdf
meiji-cup,女子,2014,63kg,渡利 璃穏,アイシン・エィ・ダブリュ,https://wrestling-spirits.jp/www/wp-content/data/80/ichiran_domestic/Meiji_Fe.pdf
meiji-cup,女子,2014,69kg,土性 沙羅,至学館大,https://wrestling-spirits.jp/www/wp-content/data/80/ichiran_domestic/Meiji_Fe.pdf
meiji-cup,女子,2014,75kg,鈴木 博恵,クリナップ,https://wrestling-spirits.jp/www/wp-content/data/80/ichiran_domestic/Meiji_Fe.pdf
meiji-cup,女子,2013,48kg,登坂 絵莉,至学館大,https://wrestling-spirits.jp/www/wp-content/data/80/ichiran_domestic/Meiji_Fe.pdf
meiji-cup,女子,2013,51kg,入江 ななみ,九州共立大,https://wrestling-spirits.jp/www/wp-content/data/80/ichiran_domestic/Meiji_Fe.pdf
meiji-cup,女子,2013,55kg,吉田 沙保里,ALSOK,https://wrestling-spirits.jp/www/wp-content/data/80/ichiran_domestic/Meiji_Fe.pdf
meiji-cup,女子,2013,59kg,伊藤 彩香,至学館大,https://wrestling-spirits.jp/www/wp-content/data/80/ichiran_domestic/Meiji_Fe.pdf
meiji-cup,女子,2013,63kg,伊調 馨,ALSOK,https://wrestling-spirits.jp/www/wp-content/data/80/ichiran_domestic/Meiji_Fe.pdf
meiji-cup,女子,2013,67kg,土性 沙羅,至学館大,https://wrestling-spirits.jp/www/wp-content/data/80/ichiran_domestic/Meiji_Fe.pdf
meiji-cup,女子,2013,72kg,鈴木 博恵,クリナップ,https://wrestling-spirits.jp/www/wp-content/data/80/ichiran_domestic/Meiji_Fe.pdf
meiji-cup,女子,2012,48kg,登坂 絵莉,至学館大,https://wrestling-spirits.jp/www/wp-content/data/80/ichiran_domestic/Meiji_Fe.pdf
meiji-cup,女子,2012,51kg,川井 梨紗子,愛知・至学館高,https://wrestling-spirits.jp/www/wp-content/data/80/ichiran_domestic/Meiji_Fe.pdf
meiji-cup,女子,2012,55kg,浜田 千穂,日体大,https://wrestling-spirits.jp/www/wp-content/data/80/ichiran_domestic/Meiji_Fe.pdf
meiji-cup,女子,2012,59kg,島田 佳代子,自衛隊,https://wrestling-spirits.jp/www/wp-content/data/80/ichiran_domestic/Meiji_Fe.pdf
meiji-cup,女子,2012,63kg,工藤 佳代子,自衛隊,https://wrestling-spirits.jp/www/wp-content/data/80/ichiran_domestic/Meiji_Fe.pdf
meiji-cup,女子,2012,67kg,井上 佳子,クリナップ,https://wrestling-spirits.jp/www/wp-content/data/80/ichiran_domestic/Meiji_Fe.pdf
meiji-cup,女子,2012,72kg,鈴木 博恵,クリナップ,https://wrestling-spirits.jp/www/wp-content/data/80/ichiran_domestic/Meiji_Fe.pdf
meiji-cup,女子,2011,48kg,坂本 日登美,自衛隊,https://wrestling-spirits.jp/www/wp-content/data/80/ichiran_domestic/Meiji_Fe.pdf
meiji-cup,女子,2011,51kg,志土地 希果,至学館大,https://wrestling-spirits.jp/www/wp-content/data/80/ichiran_domestic/Meiji_Fe.pdf
meiji-cup,女子,2011,55kg,吉田 沙保里,ALSOK,https://wrestling-spirits.jp/www/wp-content/data/80/ichiran_domestic/Meiji_Fe.pdf
meiji-cup,女子,2011,59kg,齊藤 貴子,自衛隊,https://wrestling-spirits.jp/www/wp-content/data/80/ichiran_domestic/Meiji_Fe.pdf
meiji-cup,女子,2011,63kg,伊調 馨,ALSOK,https://wrestling-spirits.jp/www/wp-content/data/80/ichiran_domestic/Meiji_Fe.pdf
meiji-cup,女子,2011,67kg,土性 沙羅,愛知・至学館高,https://wrestling-spirits.jp/www/wp-content/data/80/ichiran_domestic/Meiji_Fe.pdf
meiji-cup,女子,2011,72kg,浜口 京子,ジャパンビバレッジ,https://wrestling-spirits.jp/www/wp-content/data/80/ichiran_domestic/Meiji_Fe.pdf
meiji-cup,女子,2010,48kg,坂本 日登美,自衛隊,https://wrestling-spirits.jp/www/wp-content/data/80/ichiran_domestic/Meiji_Fe.pdf
meiji-cup,女子,2010,51kg,堀内 優,日大,https://wrestling-spirits.jp/www/wp-content/data/80/ichiran_domestic/Meiji_Fe.pdf
meiji-cup,女子,2010,55kg,吉田 沙保里,ALSOK綜合警備保障,https://wrestling-spirits.jp/www/wp-content/data/80/ichiran_domestic/Meiji_Fe.pdf
meiji-cup,女子,2010,59kg,島田 佳代子,自衛隊,https://wrestling-spirits.jp/www/wp-content/data/80/ichiran_domestic/Meiji_Fe.pdf
meiji-cup,女子,2010,63kg,伊調 馨,ALSOK綜合警備保障,https://wrestling-spirits.jp/www/wp-content/data/80/ichiran_domestic/Meiji_Fe.pdf
meiji-cup,女子,2010,67kg,新海 真美,アイシン・アィ・ダブリュ,https://wrestling-spirits.jp/www/wp-content/data/80/ichiran_domestic/Meiji_Fe.pdf
meiji-cup,女子,2010,72kg,浜口 京子,ジャパンビバレッジ,https://wrestling-spirits.jp/www/wp-content/data/80/ichiran_domestic/Meiji_Fe.pdf
shakaijin,フリースタイル,2026,57kg,山際航平,フレアス,https://wrestling-spirits.jp/www/wp-content/data/80/ichiran_domestic/syakaijin_FF.pdf
shakaijin,フリースタイル,2026,61kg,小野正之助,NLWC,https://wrestling-spirits.jp/www/wp-content/data/80/ichiran_domestic/syakaijin_FF.pdf
shakaijin,フリースタイル,2026,65kg,荻野海志,大東建託,https://wrestling-spirits.jp/www/wp-content/data/80/ichiran_domestic/syakaijin_FF.pdf
shakaijin,フリースタイル,2026,70kg,森田魁人,警視庁クラブ,https://wrestling-spirits.jp/www/wp-content/data/80/ichiran_domestic/syakaijin_FF.pdf
shakaijin,フリースタイル,2026,74kg,三輪優翔,和歌山県協会,https://wrestling-spirits.jp/www/wp-content/data/80/ichiran_domestic/syakaijin_FF.pdf
shakaijin,フリースタイル,2026,79kg,青柳善の輔,クリナップ,https://wrestling-spirits.jp/www/wp-content/data/80/ichiran_domestic/syakaijin_FF.pdf
shakaijin,フリースタイル,2026,86kg,佐藤匡記,自衛隊,https://wrestling-spirits.jp/www/wp-content/data/80/ichiran_domestic/syakaijin_FF.pdf
shakaijin,フリースタイル,2026,92kg,髙橋夢大,三恵海運,https://wrestling-spirits.jp/www/wp-content/data/80/ichiran_domestic/syakaijin_FF.pdf
shakaijin,フリースタイル,2026,97kg,白井達也,TeamSSP,https://wrestling-spirits.jp/www/wp-content/data/80/ichiran_domestic/syakaijin_FF.pdf
shakaijin,フリースタイル,2026,125kg,伊藤飛未来,自衛隊,https://wrestling-spirits.jp/www/wp-content/data/80/ichiran_domestic/syakaijin_FF.pdf
shakaijin,フリースタイル,2025,57kg,二宮健斗,星和工業,https://wrestling-spirits.jp/www/wp-content/data/80/ichiran_domestic/syakaijin_FF.pdf
shakaijin,フリースタイル,2025,61kg,山口太一,三谷産業,https://wrestling-spirits.jp/www/wp-content/data/80/ichiran_domestic/syakaijin_FF.pdf
shakaijin,フリースタイル,2025,65kg,森川海舟,AZZURRO SPORTS,https://wrestling-spirits.jp/www/wp-content/data/80/ichiran_domestic/syakaijin_FF.pdf
shakaijin,フリースタイル,2025,70kg,諏訪間新之亮,自衛隊,https://wrestling-spirits.jp/www/wp-content/data/80/ichiran_domestic/syakaijin_FF.pdf
shakaijin,フリースタイル,2025,74kg,青柳善の輔,クリナップ,https://wrestling-spirits.jp/www/wp-content/data/80/ichiran_domestic/syakaijin_FF.pdf
shakaijin,フリースタイル,2025,79kg,高谷大地,自衛隊,https://wrestling-spirits.jp/www/wp-content/data/80/ichiran_domestic/syakaijin_FF.pdf
shakaijin,フリースタイル,2025,86kg,髙橋夢大,三恵海運,https://wrestling-spirits.jp/www/wp-content/data/80/ichiran_domestic/syakaijin_FF.pdf
shakaijin,フリースタイル,2025,92kg,北川幸一,松阪クラブ,https://wrestling-spirits.jp/www/wp-content/data/80/ichiran_domestic/syakaijin_FF.pdf
shakaijin,フリースタイル,2025,97kg,Tom Barns,NSW Wrestling,https://wrestling-spirits.jp/www/wp-content/data/80/ichiran_domestic/syakaijin_FF.pdf
shakaijin,フリースタイル,2025,125kg,伊藤飛未来,自衛隊,https://wrestling-spirits.jp/www/wp-content/data/80/ichiran_domestic/syakaijin_FF.pdf
shakaijin,フリースタイル,2024,57kg,澤谷 孟,国士舘クラブ,https://wrestling-spirits.jp/www/wp-content/data/80/ichiran_domestic/syakaijin_FF.pdf
shakaijin,フリースタイル,2024,61kg,佐々木風雅,自衛隊,https://wrestling-spirits.jp/www/wp-content/data/80/ichiran_domestic/syakaijin_FF.pdf
shakaijin,フリースタイル,2024,65kg,諏訪間新之亮,自衛隊,https://wrestling-spirits.jp/www/wp-content/data/80/ichiran_domestic/syakaijin_FF.pdf
shakaijin,フリースタイル,2024,70kg,徳力貫太,フローラ,https://wrestling-spirits.jp/www/wp-content/data/80/ichiran_domestic/syakaijin_FF.pdf
shakaijin,フリースタイル,2024,74kg,高田 煕,自衛隊,https://wrestling-spirits.jp/www/wp-content/data/80/ichiran_domestic/syakaijin_FF.pdf
shakaijin,フリースタイル,2024,79kg,青柳善の輔,クリナップ,https://wrestling-spirits.jp/www/wp-content/data/80/ichiran_domestic/syakaijin_FF.pdf
shakaijin,フリースタイル,2024,86kg,福岡大知,PTS/RB,https://wrestling-spirits.jp/www/wp-content/data/80/ichiran_domestic/syakaijin_FF.pdf
shakaijin,フリースタイル,2024,92kg,山崎祥平,ワセダクラブ,https://wrestling-spirits.jp/www/wp-content/data/80/ichiran_domestic/syakaijin_FF.pdf
shakaijin,フリースタイル,2024,97kg,吉田ケイワン,三恵海運,https://wrestling-spirits.jp/www/wp-content/data/80/ichiran_domestic/syakaijin_FF.pdf
shakaijin,フリースタイル,2024,125kg,永野颯大,青森県協会,https://wrestling-spirits.jp/www/wp-content/data/80/ichiran_domestic/syakaijin_FF.pdf
shakaijin,フリースタイル,2023,57kg,竹下雄登,自衛隊,https://wrestling-spirits.jp/www/wp-content/data/80/ichiran_domestic/syakaijin_FF.pdf
shakaijin,フリースタイル,2023,61kg,藤波諒太郎,自衛隊OB,https://wrestling-spirits.jp/www/wp-content/data/80/ichiran_domestic/syakaijin_FF.pdf
shakaijin,フリースタイル,2023,65kg,中村勇士,HAKOBEE SPORTS,https://wrestling-spirits.jp/www/wp-content/data/80/ichiran_domestic/syakaijin_FF.pdf
shakaijin,フリースタイル,2023,70kg,谷山拓磨,京都八幡クラブ,https://wrestling-spirits.jp/www/wp-content/data/80/ichiran_domestic/syakaijin_FF.pdf
shakaijin,フリースタイル,2023,74kg,伊藤朱里,自衛隊,https://wrestling-spirits.jp/www/wp-content/data/80/ichiran_domestic/syakaijin_FF.pdf
shakaijin,フリースタイル,2023,79kg,梅林太朗,金太郎ホーム,https://wrestling-spirits.jp/www/wp-content/data/80/ichiran_domestic/syakaijin_FF.pdf
shakaijin,フリースタイル,2023,86kg,松雪泰成,レスターHD,https://wrestling-spirits.jp/www/wp-content/data/80/ichiran_domestic/syakaijin_FF.pdf
shakaijin,フリースタイル,2023,92kg,鈴木優輔,いわき市教室,https://wrestling-spirits.jp/www/wp-content/data/80/ichiran_domestic/syakaijin_FF.pdf
shakaijin,フリースタイル,2023,97kg,山中 彬,広島県協会,https://wrestling-spirits.jp/www/wp-content/data/80/ichiran_domestic/syakaijin_FF.pdf
shakaijin,フリースタイル,2023,125kg,安田拓斗,秋田県スポーツ協会,https://wrestling-spirits.jp/www/wp-content/data/80/ichiran_domestic/syakaijin_FF.pdf
shakaijin,フリースタイル,2022,57kg,荒木大貴,自衛隊,https://wrestling-spirits.jp/www/wp-content/data/80/ichiran_domestic/syakaijin_FF.pdf
shakaijin,フリースタイル,2022,61kg,小栁和也,自衛隊,https://wrestling-spirits.jp/www/wp-content/data/80/ichiran_domestic/syakaijin_FF.pdf
shakaijin,フリースタイル,2022,65kg,小川航大,自衛隊,https://wrestling-spirits.jp/www/wp-content/data/80/ichiran_domestic/syakaijin_FF.pdf
shakaijin,フリースタイル,2022,70kg,磯 次郎,自衛隊,https://wrestling-spirits.jp/www/wp-content/data/80/ichiran_domestic/syakaijin_FF.pdf
shakaijin,フリースタイル,2022,74kg,梅林太朗,金太郎ホーム,https://wrestling-spirits.jp/www/wp-content/data/80/ichiran_domestic/syakaijin_FF.pdf
shakaijin,フリースタイル,2022,79kg,北村公平,京都・京都八幡高教,https://wrestling-spirits.jp/www/wp-content/data/80/ichiran_domestic/syakaijin_FF.pdf
shakaijin,フリースタイル,2022,86kg,吉田隆起,自衛隊,https://wrestling-spirits.jp/www/wp-content/data/80/ichiran_domestic/syakaijin_FF.pdf
shakaijin,フリースタイル,2022,92kg,大山博貴,明大クラブ,https://wrestling-spirits.jp/www/wp-content/data/80/ichiran_domestic/syakaijin_FF.pdf
shakaijin,フリースタイル,2022,97kg,仲里優力,佐賀県スポーツ協会,https://wrestling-spirits.jp/www/wp-content/data/80/ichiran_domestic/syakaijin_FF.pdf
shakaijin,フリースタイル,2022,125kg,山本康稀,日大クラブ,https://wrestling-spirits.jp/www/wp-content/data/80/ichiran_domestic/syakaijin_FF.pdf
shakaijin,フリースタイル,2019,57kg,竹田展大,Wrestle-Win,https://wrestling-spirits.jp/www/wp-content/data/80/ichiran_domestic/syakaijin_FF.pdf
shakaijin,フリースタイル,2019,61kg,有延大輝,築上クラブ,https://wrestling-spirits.jp/www/wp-content/data/80/ichiran_domestic/syakaijin_FF.pdf
shakaijin,フリースタイル,2019,65kg,嶋江翔也,佐賀県協会,https://wrestling-spirits.jp/www/wp-content/data/80/ichiran_domestic/syakaijin_FF.pdf
shakaijin,フリースタイル,2019,70kg,松田健悟,青山学院大職,https://wrestling-spirits.jp/www/wp-content/data/80/ichiran_domestic/syakaijin_FF.pdf
shakaijin,フリースタイル,2019,74kg,乙黒圭祐,自衛隊,https://wrestling-spirits.jp/www/wp-content/data/80/ichiran_domestic/syakaijin_FF.pdf
shakaijin,フリースタイル,2019,79kg,成田竜也,秋田県体協,https://wrestling-spirits.jp/www/wp-content/data/80/ichiran_domestic/syakaijin_FF.pdf
shakaijin,フリースタイル,2019,86kg,村山貴裕,自衛隊,https://wrestling-spirits.jp/www/wp-content/data/80/ichiran_domestic/syakaijin_FF.pdf
shakaijin,フリースタイル,2019,92kg,竹内亮亘,ASOK,https://wrestling-spirits.jp/www/wp-content/data/80/ichiran_domestic/syakaijin_FF.pdf
shakaijin,フリースタイル,2019,97kg,松本篤史,警視庁クラブ,https://wrestling-spirits.jp/www/wp-content/data/80/ichiran_domestic/syakaijin_FF.pdf
shakaijin,フリースタイル,2019,125kg,福井裕士,自衛隊,https://wrestling-spirits.jp/www/wp-content/data/80/ichiran_domestic/syakaijin_FF.pdf
shakaijin,フリースタイル,2018,57kg,有延大輝,築上クラブ,https://wrestling-spirits.jp/www/wp-content/data/80/ichiran_domestic/syakaijin_FF.pdf
shakaijin,フリースタイル,2018,61kg,中田 陽,三重・朝明高教,https://wrestling-spirits.jp/www/wp-content/data/80/ichiran_domestic/syakaijin_FF.pdf
shakaijin,フリースタイル,2018,65kg,船木拓也,自衛隊,https://wrestling-spirits.jp/www/wp-content/data/80/ichiran_domestic/syakaijin_FF.pdf
shakaijin,フリースタイル,2018,70kg,鴨居正和,自衛隊,https://wrestling-spirits.jp/www/wp-content/data/80/ichiran_domestic/syakaijin_FF.pdf
shakaijin,フリースタイル,2018,74kg,高橋翔平,自衛隊,https://wrestling-spirits.jp/www/wp-content/data/80/ichiran_domestic/syakaijin_FF.pdf
shakaijin,フリースタイル,2018,79kg,奥井眞生,自衛隊,https://wrestling-spirits.jp/www/wp-content/data/80/ichiran_domestic/syakaijin_FF.pdf
shakaijin,フリースタイル,2018,86kg,松坂誠應,自衛隊,https://wrestling-spirits.jp/www/wp-content/data/80/ichiran_domestic/syakaijin_FF.pdf
shakaijin,フリースタイル,2018,92kg,山中良一,愛知・名古屋工高教,https://wrestling-spirits.jp/www/wp-content/data/80/ichiran_domestic/syakaijin_FF.pdf
shakaijin,フリースタイル,2018,97kg,吉川裕介,自衛隊,https://wrestling-spirits.jp/www/wp-content/data/80/ichiran_domestic/syakaijin_FF.pdf
shakaijin,フリースタイル,2018,125kg,金澤勝利,自衛隊,https://wrestling-spirits.jp/www/wp-content/data/80/ichiran_domestic/syakaijin_FF.pdf
shakaijin,フリースタイル,2017,57kg,有延大輝,築上クラブ,https://wrestling-spirits.jp/www/wp-content/data/80/ichiran_domestic/syakaijin_FF.pdf
shakaijin,フリースタイル,2017,61kg,川野陽介,自衛隊,https://wrestling-spirits.jp/www/wp-content/data/80/ichiran_domestic/syakaijin_FF.pdf
shakaijin,フリースタイル,2017,65kg,阿部宏隆,サコス,https://wrestling-spirits.jp/www/wp-content/data/80/ichiran_domestic/syakaijin_FF.pdf
shakaijin,フリースタイル,2017,70kg,森川一樹,栗東クラブ,https://wrestling-spirits.jp/www/wp-content/data/80/ichiran_domestic/syakaijin_FF.pdf
shakaijin,フリースタイル,2017,74kg,加賀谷庸一朗,和歌山県クラブ,https://wrestling-spirits.jp/www/wp-content/data/80/ichiran_domestic/syakaijin_FF.pdf
shakaijin,フリースタイル,2017,86kg,村山貴裕,自衛隊,https://wrestling-spirits.jp/www/wp-content/data/80/ichiran_domestic/syakaijin_FF.pdf
shakaijin,フリースタイル,2017,97kg,山口 剛,ブシロード,https://wrestling-spirits.jp/www/wp-content/data/80/ichiran_domestic/syakaijin_FF.pdf
shakaijin,フリースタイル,2017,125kg,オレッグ・ボルチン,ブシロード,https://wrestling-spirits.jp/www/wp-content/data/80/ichiran_domestic/syakaijin_FF.pdf
shakaijin,フリースタイル,2016,57kg,伊藤 優,長崎県協会,https://wrestling-spirits.jp/www/wp-content/data/80/ichiran_domestic/syakaijin_FF.pdf
shakaijin,フリースタイル,2016,61kg,守田泰弘,和歌山クラブ,https://wrestling-spirits.jp/www/wp-content/data/80/ichiran_domestic/syakaijin_FF.pdf
shakaijin,フリースタイル,2016,65kg,阿部宏隆,サコス,https://wrestling-spirits.jp/www/wp-content/data/80/ichiran_domestic/syakaijin_FF.pdf
shakaijin,フリースタイル,2016,70kg,中村百次郎,日体大助手,https://wrestling-spirits.jp/www/wp-content/data/80/ichiran_domestic/syakaijin_FF.pdf
shakaijin,フリースタイル,2016,74kg,保坂 健,自衛隊,https://wrestling-spirits.jp/www/wp-content/data/80/ichiran_domestic/syakaijin_FF.pdf
shakaijin,フリースタイル,2016,86kg,葈澤 謙,自衛隊,https://wrestling-spirits.jp/www/wp-content/data/80/ichiran_domestic/syakaijin_FF.pdf
shakaijin,フリースタイル,2016,97kg,細谷翔太朗,警視庁クラブ,https://wrestling-spirits.jp/www/wp-content/data/80/ichiran_domestic/syakaijin_FF.pdf
shakaijin,フリースタイル,2016,125kg,金澤勝利,自衛隊,https://wrestling-spirits.jp/www/wp-content/data/80/ichiran_domestic/syakaijin_FF.pdf
shakaijin,フリースタイル,2015,57kg,桑木 黎,自衛隊,https://wrestling-spirits.jp/www/wp-content/data/80/ichiran_domestic/syakaijin_FF.pdf
shakaijin,フリースタイル,2015,61kg,菊地 憲,静岡クラブ,https://wrestling-spirits.jp/www/wp-content/data/80/ichiran_domestic/syakaijin_FF.pdf
shakaijin,フリースタイル,2015,65kg,新川 武弥,日大クラブ,https://wrestling-spirits.jp/www/wp-content/data/80/ichiran_domestic/syakaijin_FF.pdf
shakaijin,フリースタイル,2015,70kg,森川 一樹,栗東クラブ,https://wrestling-spirits.jp/www/wp-content/data/80/ichiran_domestic/syakaijin_FF.pdf
shakaijin,フリースタイル,2015,74kg,保坂 健,自衛隊,https://wrestling-spirits.jp/www/wp-content/data/80/ichiran_domestic/syakaijin_FF.pdf
shakaijin,フリースタイル,2015,86kg,松本 真也,警視庁クラブ,https://wrestling-spirits.jp/www/wp-content/data/80/ichiran_domestic/syakaijin_FF.pdf
shakaijin,フリースタイル,2015,97kg,鈴木 聖二,岐阜・岐阜工高職,https://wrestling-spirits.jp/www/wp-content/data/80/ichiran_domestic/syakaijin_FF.pdf
shakaijin,フリースタイル,2015,125kg,金澤 勝利,自衛隊,https://wrestling-spirits.jp/www/wp-content/data/80/ichiran_domestic/syakaijin_FF.pdf
shakaijin,フリースタイル,2014,57kg,湯元 進一,自衛隊,https://wrestling-spirits.jp/www/wp-content/data/80/ichiran_domestic/syakaijin_FF.pdf
shakaijin,フリースタイル,2014,61kg,菊地 憲,静岡クラブ,https://wrestling-spirits.jp/www/wp-content/data/80/ichiran_domestic/syakaijin_FF.pdf
shakaijin,フリースタイル,2014,65kg,栗森 幸次郎,三恵海運,https://wrestling-spirits.jp/www/wp-content/data/80/ichiran_domestic/syakaijin_FF.pdf
shakaijin,フリースタイル,2014,70kg,野田 寛人,自衛隊,https://wrestling-spirits.jp/www/wp-content/data/80/ichiran_domestic/syakaijin_FF.pdf
shakaijin,フリースタイル,2014,74kg,葈澤 謙,自衛隊,https://wrestling-spirits.jp/www/wp-content/data/80/ichiran_domestic/syakaijin_FF.pdf
shakaijin,フリースタイル,2014,86kg,佐々木 健吾,自衛隊,https://wrestling-spirits.jp/www/wp-content/data/80/ichiran_domestic/syakaijin_FF.pdf
shakaijin,フリースタイル,2014,97kg,木下 駿,自衛隊,https://wrestling-spirits.jp/www/wp-content/data/80/ichiran_domestic/syakaijin_FF.pdf
shakaijin,フリースタイル,2014,125kg,金澤 勝利,自衛隊,https://wrestling-spirits.jp/www/wp-content/data/80/ichiran_domestic/syakaijin_FF.pdf
shakaijin,フリースタイル,2013,55kg,山内 拓真,自衛隊,https://wrestling-spirits.jp/www/wp-content/data/80/ichiran_domestic/syakaijin_FF.pdf
shakaijin,フリースタイル,2013,60kg,菊地 憲,社会人静岡ク,https://wrestling-spirits.jp/www/wp-content/data/80/ichiran_domestic/syakaijin_FF.pdf
shakaijin,フリースタイル,2013,66kg,石田 智嗣,警視庁クラブ,https://wrestling-spirits.jp/www/wp-content/data/80/ichiran_domestic/syakaijin_FF.pdf
shakaijin,フリースタイル,2013,74kg,葈澤 謙,自衛隊,https://wrestling-spirits.jp/www/wp-content/data/80/ichiran_domestic/syakaijin_FF.pdf
shakaijin,フリースタイル,2013,84kg,永田 裕城,自衛隊,https://wrestling-spirits.jp/www/wp-content/data/80/ichiran_domestic/syakaijin_FF.pdf
shakaijin,フリースタイル,2013,96kg,木下 駿,自衛隊,https://wrestling-spirits.jp/www/wp-content/data/80/ichiran_domestic/syakaijin_FF.pdf
shakaijin,フリースタイル,2013,120kg,荒木田 進謙,警視庁ク,https://wrestling-spirits.jp/www/wp-content/data/80/ichiran_domestic/syakaijin_FF.pdf
shakaijin,フリースタイル,2012,55kg,川野 陽介,自衛隊,https://wrestling-spirits.jp/www/wp-content/data/80/ichiran_domestic/syakaijin_FF.pdf
shakaijin,フリースタイル,2012,60kg,守田 泰弘,アールシースタッフ,https://wrestling-spirits.jp/www/wp-content/data/80/ichiran_domestic/syakaijin_FF.pdf
shakaijin,フリースタイル,2012,66kg,石田 智嗣,警視庁クラブ,https://wrestling-spirits.jp/www/wp-content/data/80/ichiran_domestic/syakaijin_FF.pdf
shakaijin,フリースタイル,2012,74kg,横山 太,自衛隊,https://wrestling-spirits.jp/www/wp-content/data/80/ichiran_domestic/syakaijin_FF.pdf
shakaijin,フリースタイル,2012,84kg,永田 裕城,自衛隊,https://wrestling-spirits.jp/www/wp-content/data/80/ichiran_domestic/syakaijin_FF.pdf
shakaijin,フリースタイル,2012,96kg,中井 伸一,中大クラブ,https://wrestling-spirits.jp/www/wp-content/data/80/ichiran_domestic/syakaijin_FF.pdf
shakaijin,フリースタイル,2012,120kg,増田 拓也,ALSOK,https://wrestling-spirits.jp/www/wp-content/data/80/ichiran_domestic/syakaijin_FF.pdf
shakaijin,フリースタイル,2011,55kg,冨田 和秀,自衛隊,https://wrestling-spirits.jp/www/wp-content/data/80/ichiran_domestic/syakaijin_FF.pdf
shakaijin,フリースタイル,2011,60kg,守田 泰弘,山口県協会,https://wrestling-spirits.jp/www/wp-content/data/80/ichiran_domestic/syakaijin_FF.pdf
shakaijin,フリースタイル,2011,66kg,藤本 浩平,警視庁,https://wrestling-spirits.jp/www/wp-content/data/80/ichiran_domestic/syakaijin_FF.pdf
shakaijin,フリースタイル,2011,74kg,鈴木 崇之,警視庁,https://wrestling-spirits.jp/www/wp-content/data/80/ichiran_domestic/syakaijin_FF.pdf
shakaijin,フリースタイル,2011,84kg,鈴木 聖二,専大ク,https://wrestling-spirits.jp/www/wp-content/data/80/ichiran_domestic/syakaijin_FF.pdf
shakaijin,フリースタイル,2011,96kg,浅見 哲郎,東京・東亜学園高教,https://wrestling-spirits.jp/www/wp-content/data/80/ichiran_domestic/syakaijin_FF.pdf
shakaijin,フリースタイル,2011,120kg,高林 努,ミヨシ商事岡山支店,https://wrestling-spirits.jp/www/wp-content/data/80/ichiran_domestic/syakaijin_FF.pdf
shakaijin,フリースタイル,2010,55kg,守田 泰弘,山口県協会,https://wrestling-spirits.jp/www/wp-content/data/80/ichiran_domestic/syakaijin_FF.pdf
shakaijin,フリースタイル,2010,60kg,清水 聖志人,TEAM REVERSAL,https://wrestling-spirits.jp/www/wp-content/data/80/ichiran_domestic/syakaijin_FF.pdf
shakaijin,フリースタイル,2010,66kg,藤本 浩平,警視庁,https://wrestling-spirits.jp/www/wp-content/data/80/ichiran_domestic/syakaijin_FF.pdf
shakaijin,フリースタイル,2010,74kg,小島 豪臣,K-POWERS,https://wrestling-spirits.jp/www/wp-content/data/80/ichiran_domestic/syakaijin_FF.pdf
shakaijin,フリースタイル,2010,84kg,高橋 龍太,自衛隊,https://wrestling-spirits.jp/www/wp-content/data/80/ichiran_domestic/syakaijin_FF.pdf
shakaijin,フリースタイル,2010,96kg,下屋敷 圭貴,NEWS DERI,https://wrestling-spirits.jp/www/wp-content/data/80/ichiran_domestic/syakaijin_FF.pdf
shakaijin,フリースタイル,2010,120kg,桜井 紀宏,本間組,https://wrestling-spirits.jp/www/wp-content/data/80/ichiran_domestic/syakaijin_FF.pdf
shakaijin,フリースタイル,2009,55kg,冨田 和秀,自衛隊,https://wrestling-spirits.jp/www/wp-content/data/80/ichiran_domestic/syakaijin_FF.pdf
shakaijin,フリースタイル,2009,60kg,田岡 秀規,自衛隊,https://wrestling-spirits.jp/www/wp-content/data/80/ichiran_domestic/syakaijin_FF.pdf
shakaijin,フリースタイル,2009,66kg,藤本 浩平,警視庁,https://wrestling-spirits.jp/www/wp-content/data/80/ichiran_domestic/syakaijin_FF.pdf
shakaijin,フリースタイル,2009,74kg,高橋 龍太,自衛隊,https://wrestling-spirits.jp/www/wp-content/data/80/ichiran_domestic/syakaijin_FF.pdf
shakaijin,フリースタイル,2009,84kg,浅見 哲郎,東京・東亜学園高,https://wrestling-spirits.jp/www/wp-content/data/80/ichiran_domestic/syakaijin_FF.pdf
shakaijin,フリースタイル,2009,96kg,下屋敷 圭貴,NWES DERI,https://wrestling-spirits.jp/www/wp-content/data/80/ichiran_domestic/syakaijin_FF.pdf
shakaijin,フリースタイル,2009,120kg,桜井 紀宏,本間組,https://wrestling-spirits.jp/www/wp-content/data/80/ichiran_domestic/syakaijin_FF.pdf
shakaijin,フリースタイル,2008,55kg,冨田 和秀,自衛隊,https://wrestling-spirits.jp/www/wp-content/data/80/ichiran_domestic/syakaijin_FF.pdf
shakaijin,フリースタイル,2008,60kg,齊藤 将士,警視庁,https://wrestling-spirits.jp/www/wp-content/data/80/ichiran_domestic/syakaijin_FF.pdf
shakaijin,フリースタイル,2008,66kg,坂本 将典,自衛隊,https://wrestling-spirits.jp/www/wp-content/data/80/ichiran_domestic/syakaijin_FF.pdf
shakaijin,フリースタイル,2008,74kg,小原 康司,自衛隊,https://wrestling-spirits.jp/www/wp-content/data/80/ichiran_domestic/syakaijin_FF.pdf
shakaijin,フリースタイル,2008,84kg,伊藤 拓也,マルハン,https://wrestling-spirits.jp/www/wp-content/data/80/ichiran_domestic/syakaijin_FF.pdf
shakaijin,フリースタイル,2008,96kg,坂本 憲蔵,自衛隊,https://wrestling-spirits.jp/www/wp-content/data/80/ichiran_domestic/syakaijin_FF.pdf
shakaijin,フリースタイル,2008,120kg,桜井 紀宏,本間組,https://wrestling-spirits.jp/www/wp-content/data/80/ichiran_domestic/syakaijin_FF.pdf
shakaijin,フリースタイル,2007,55kg,久古 敏明,警視庁ク,https://wrestling-spirits.jp/www/wp-content/data/80/ichiran_domestic/syakaijin_FF.pdf
shakaijin,フリースタイル,2007,60kg,谷 和典,日大ク,https://wrestling-spirits.jp/www/wp-content/data/80/ichiran_domestic/syakaijin_FF.pdf
shakaijin,フリースタイル,2007,66kg,大館 信也,自衛隊,https://wrestling-spirits.jp/www/wp-content/data/80/ichiran_domestic/syakaijin_FF.pdf
shakaijin,フリースタイル,2007,74kg,長島 和幸,クリナップ,https://wrestling-spirits.jp/www/wp-content/data/80/ichiran_domestic/syakaijin_FF.pdf
shakaijin,フリースタイル,2007,84kg,小幡 邦彦,ALSOK綜合警備保障,https://wrestling-spirits.jp/www/wp-content/data/80/ichiran_domestic/syakaijin_FF.pdf
shakaijin,フリースタイル,2007,96kg,相沢 純,東洋水産,https://wrestling-spirits.jp/www/wp-content/data/80/ichiran_domestic/syakaijin_FF.pdf
shakaijin,フリースタイル,2007,120kg,西田 耕一郎,福井県協会,https://wrestling-spirits.jp/www/wp-content/data/80/ichiran_domestic/syakaijin_FF.pdf
shakaijin,フリースタイル,2006,55kg,杉谷 武志,自衛隊,https://wrestling-spirits.jp/www/wp-content/data/80/ichiran_domestic/syakaijin_FF.pdf
shakaijin,フリースタイル,2006,60kg,清水 聖志人,クリナップ,https://wrestling-spirits.jp/www/wp-content/data/80/ichiran_domestic/syakaijin_FF.pdf
shakaijin,フリースタイル,2006,66kg,黒田 清志,自衛隊,https://wrestling-spirits.jp/www/wp-content/data/80/ichiran_domestic/syakaijin_FF.pdf
shakaijin,フリースタイル,2006,74kg,池松 和彦,K-POWERS,https://wrestling-spirits.jp/www/wp-content/data/80/ichiran_domestic/syakaijin_FF.pdf
shakaijin,フリースタイル,2006,84kg,柴田 寛,山口県体協,https://wrestling-spirits.jp/www/wp-content/data/80/ichiran_domestic/syakaijin_FF.pdf
shakaijin,フリースタイル,2006,96kg,花田 眞秀,和歌山ク,https://wrestling-spirits.jp/www/wp-content/data/80/ichiran_domestic/syakaijin_FF.pdf
shakaijin,フリースタイル,2006,120kg,秋葉 洋一,練馬駐屯地ク,https://wrestling-spirits.jp/www/wp-content/data/80/ichiran_domestic/syakaijin_FF.pdf
shakaijin,フリースタイル,2005,55kg,田岡 秀規,自衛隊,https://wrestling-spirits.jp/www/wp-content/data/80/ichiran_domestic/syakaijin_FF.pdf
shakaijin,フリースタイル,2005,60kg,大館 信也,国士舘ク,https://wrestling-spirits.jp/www/wp-content/data/80/ichiran_domestic/syakaijin_FF.pdf
shakaijin,フリースタイル,2005,66kg,太田 亮介,警視庁ク,https://wrestling-spirits.jp/www/wp-content/data/80/ichiran_domestic/syakaijin_FF.pdf
shakaijin,フリースタイル,2005,74kg,工藤 祐士,倉敷ク,https://wrestling-spirits.jp/www/wp-content/data/80/ichiran_domestic/syakaijin_FF.pdf
shakaijin,フリースタイル,2005,84kg,渡辺 一貴,自衛隊,https://wrestling-spirits.jp/www/wp-content/data/80/ichiran_domestic/syakaijin_FF.pdf
shakaijin,フリースタイル,2005,96kg,横山 武典,倉敷ク,https://wrestling-spirits.jp/www/wp-content/data/80/ichiran_domestic/syakaijin_FF.pdf
shakaijin,フリースタイル,2005,120kg,平沢 光秀,新日本プロレス,https://wrestling-spirits.jp/www/wp-content/data/80/ichiran_domestic/syakaijin_FF.pdf
shakaijin,フリースタイル,2004,55kg,鈴木 元泰,秋田県協会,https://wrestling-spirits.jp/www/wp-content/data/80/ichiran_domestic/syakaijin_FF.pdf
shakaijin,フリースタイル,2004,60kg,大館 信也,国士館ク,https://wrestling-spirits.jp/www/wp-content/data/80/ichiran_domestic/syakaijin_FF.pdf
shakaijin,フリースタイル,2004,66kg,金渕 清文,国士館ク,https://wrestling-spirits.jp/www/wp-content/data/80/ichiran_domestic/syakaijin_FF.pdf
shakaijin,フリースタイル,2004,74kg,長島 和幸,クリナップ,https://wrestling-spirits.jp/www/wp-content/data/80/ichiran_domestic/syakaijin_FF.pdf
shakaijin,フリースタイル,2004,84kg,柴田 寛,徳山大,https://wrestling-spirits.jp/www/wp-content/data/80/ichiran_domestic/syakaijin_FF.pdf
shakaijin,フリースタイル,2004,96kg,横山 武典,倉敷ク,https://wrestling-spirits.jp/www/wp-content/data/80/ichiran_domestic/syakaijin_FF.pdf
shakaijin,フリースタイル,2004,120kg,吉田 清太郎,秋田市役所,https://wrestling-spirits.jp/www/wp-content/data/80/ichiran_domestic/syakaijin_FF.pdf
shakaijin,フリースタイル,2003,55kg,戸井田 昌教,だっぺク,https://wrestling-spirits.jp/www/wp-content/data/80/ichiran_domestic/syakaijin_FF.pdf
shakaijin,フリースタイル,2003,60kg,井上 真一,警視庁,https://wrestling-spirits.jp/www/wp-content/data/80/ichiran_domestic/syakaijin_FF.pdf
shakaijin,フリースタイル,2003,66kg,池田 孝之,山形ク,https://wrestling-spirits.jp/www/wp-content/data/80/ichiran_domestic/syakaijin_FF.pdf
shakaijin,フリースタイル,2003,74kg,筧田 幸宏,国士舘ク,https://wrestling-spirits.jp/www/wp-content/data/80/ichiran_domestic/syakaijin_FF.pdf
shakaijin,フリースタイル,2003,84kg,鈴木 豊,自衛隊,https://wrestling-spirits.jp/www/wp-content/data/80/ichiran_domestic/syakaijin_FF.pdf
shakaijin,フリースタイル,2003,96kg,横山 武典,倉敷ク,https://wrestling-spirits.jp/www/wp-content/data/80/ichiran_domestic/syakaijin_FF.pdf
shakaijin,フリースタイル,2003,120kg,福田 大樹,綜合警備保障,https://wrestling-spirits.jp/www/wp-content/data/80/ichiran_domestic/syakaijin_FF.pdf
shakaijin,フリースタイル,2002,55kg,高橋 利典,綜合警備保障,https://wrestling-spirits.jp/www/wp-content/data/80/ichiran_domestic/syakaijin_FF.pdf
shakaijin,フリースタイル,2002,60kg,井上 真一,警視庁,https://wrestling-spirits.jp/www/wp-content/data/80/ichiran_domestic/syakaijin_FF.pdf
shakaijin,フリースタイル,2002,66kg,山本 英典,自衛隊,https://wrestling-spirits.jp/www/wp-content/data/80/ichiran_domestic/syakaijin_FF.pdf
shakaijin,フリースタイル,2002,74kg,本名 栄仁,巻農高教,https://wrestling-spirits.jp/www/wp-content/data/80/ichiran_domestic/syakaijin_FF.pdf
shakaijin,フリースタイル,2002,84kg,横山 秀和,秋田市役所,https://wrestling-spirits.jp/www/wp-content/data/80/ichiran_domestic/syakaijin_FF.pdf
shakaijin,フリースタイル,2002,96kg,小平 清貴,警視庁,https://wrestling-spirits.jp/www/wp-content/data/80/ichiran_domestic/syakaijin_FF.pdf
shakaijin,フリースタイル,2002,120kg,諏訪間 幸平,クリナップ,https://wrestling-spirits.jp/www/wp-content/data/80/ichiran_domestic/syakaijin_FF.pdf
shakaijin,フリースタイル,2001,54kg,高橋 利典,綜合警備保障,https://wrestling-spirits.jp/www/wp-content/data/80/ichiran_domestic/syakaijin_FF.pdf
shakaijin,フリースタイル,2001,58kg,平井 進悟,綜合警備保障,https://wrestling-spirits.jp/www/wp-content/data/80/ichiran_domestic/syakaijin_FF.pdf
shakaijin,フリースタイル,2001,63kg,山懸 健二,倉敷ク,https://wrestling-spirits.jp/www/wp-content/data/80/ichiran_domestic/syakaijin_FF.pdf
shakaijin,フリースタイル,2001,69kg,栗尾 直樹,東北電子工高ク,https://wrestling-spirits.jp/www/wp-content/data/80/ichiran_domestic/syakaijin_FF.pdf
shakaijin,フリースタイル,2001,74kg,小柴 健二,鹿島実高教,https://wrestling-spirits.jp/www/wp-content/data/80/ichiran_domestic/syakaijin_FF.pdf
shakaijin,フリースタイル,2001,85kg,浜中 和宏,高田道場,https://wrestling-spirits.jp/www/wp-content/data/80/ichiran_domestic/syakaijin_FF.pdf
shakaijin,フリースタイル,2001,97kg,角川 康成,ロジウム,https://wrestling-spirits.jp/www/wp-content/data/80/ichiran_domestic/syakaijin_FF.pdf
shakaijin,フリースタイル,2001,130kg,吉田 清太郎,秋田市役所,https://wrestling-spirits.jp/www/wp-content/data/80/ichiran_domestic/syakaijin_FF.pdf
shakaijin,フリースタイル,2000,54kg,戸井田 昌教,宮越工芸,https://wrestling-spirits.jp/www/wp-content/data/80/ichiran_domestic/syakaijin_FF.pdf
shakaijin,フリースタイル,2000,58kg,関川 博紀,新潟・三条工高教,https://wrestling-spirits.jp/www/wp-content/data/80/ichiran_domestic/syakaijin_FF.pdf
shakaijin,フリースタイル,2000,63kg,井上 謙二,自衛隊,https://wrestling-spirits.jp/www/wp-content/data/80/ichiran_domestic/syakaijin_FF.pdf
shakaijin,フリースタイル,2000,69kg,栗尾 直樹,東北電子工高ク,https://wrestling-spirits.jp/www/wp-content/data/80/ichiran_domestic/syakaijin_FF.pdf
shakaijin,フリースタイル,2000,74kg,小柴 健二,自衛隊,https://wrestling-spirits.jp/www/wp-content/data/80/ichiran_domestic/syakaijin_FF.pdf
shakaijin,フリースタイル,2000,85kg,横山 秀和,秋田市役所,https://wrestling-spirits.jp/www/wp-content/data/80/ichiran_domestic/syakaijin_FF.pdf
shakaijin,フリースタイル,2000,97kg,花田 眞秀,和歌山ク,https://wrestling-spirits.jp/www/wp-content/data/80/ichiran_domestic/syakaijin_FF.pdf
shakaijin,フリースタイル,2000,130kg,吉田 清太郎,秋田市役所,https://wrestling-spirits.jp/www/wp-content/data/80/ichiran_domestic/syakaijin_FF.pdf
shakaijin,フリースタイル,1999,54kg,戸井田 昌教,宮越工芸,https://wrestling-spirits.jp/www/wp-content/data/80/ichiran_domestic/syakaijin_FF.pdf
shakaijin,フリースタイル,1999,58kg,久米 貴幸,自衛隊,https://wrestling-spirits.jp/www/wp-content/data/80/ichiran_domestic/syakaijin_FF.pdf
shakaijin,フリースタイル,1999,63kg,山縣 健二,群馬大研,https://wrestling-spirits.jp/www/wp-content/data/80/ichiran_domestic/syakaijin_FF.pdf
shakaijin,フリースタイル,1999,69kg,勝 龍三郎,大分・日本文理大付,https://wrestling-spirits.jp/www/wp-content/data/80/ichiran_domestic/syakaijin_FF.pdf
shakaijin,フリースタイル,1999,74kg,太田 拓弥,和歌山ク,https://wrestling-spirits.jp/www/wp-content/data/80/ichiran_domestic/syakaijin_FF.pdf
shakaijin,フリースタイル,1999,85kg,横山 武典,国士舘ク,https://wrestling-spirits.jp/www/wp-content/data/80/ichiran_domestic/syakaijin_FF.pdf
shakaijin,フリースタイル,1999,97kg,花田 眞秀,和歌山ク,https://wrestling-spirits.jp/www/wp-content/data/80/ichiran_domestic/syakaijin_FF.pdf
shakaijin,フリースタイル,1999,130kg,吉田 清太郎,秋田市役所,https://wrestling-spirits.jp/www/wp-content/data/80/ichiran_domestic/syakaijin_FF.pdf
shakaijin,フリースタイル,1998,54kg,長尾 勇気,パライストラ日体大,https://wrestling-spirits.jp/www/wp-content/data/80/ichiran_domestic/syakaijin_FF.pdf
shakaijin,フリースタイル,1998,58kg,勝目 力也,自衛隊,https://wrestling-spirits.jp/www/wp-content/data/80/ichiran_domestic/syakaijin_FF.pdf
shakaijin,フリースタイル,1998,63kg,佐藤 将章,宮越工芸,https://wrestling-spirits.jp/www/wp-content/data/80/ichiran_domestic/syakaijin_FF.pdf
shakaijin,フリースタイル,1998,69kg,織山 昭人,自衛隊,https://wrestling-spirits.jp/www/wp-content/data/80/ichiran_domestic/syakaijin_FF.pdf
shakaijin,フリースタイル,1998,74kg,柴田 寛,農大ク,https://wrestling-spirits.jp/www/wp-content/data/80/ichiran_domestic/syakaijin_FF.pdf
shakaijin,フリースタイル,1998,85kg,横山 武典,国士舘ク,https://wrestling-spirits.jp/www/wp-content/data/80/ichiran_domestic/syakaijin_FF.pdf
shakaijin,フリースタイル,1998,97kg,瀬川 浩寿,警視庁,https://wrestling-spirits.jp/www/wp-content/data/80/ichiran_domestic/syakaijin_FF.pdf
shakaijin,フリースタイル,1998,130kg,茂野 充宏,和歌山ク,https://wrestling-spirits.jp/www/wp-content/data/80/ichiran_domestic/syakaijin_FF.pdf
shakaijin,フリースタイル,1997,54kg,田村 茂一,自衛隊,https://wrestling-spirits.jp/www/wp-content/data/80/ichiran_domestic/syakaijin_FF.pdf
shakaijin,フリースタイル,1997,58kg,関川 博紀,パライストラ日体大,https://wrestling-spirits.jp/www/wp-content/data/80/ichiran_domestic/syakaijin_FF.pdf
shakaijin,フリースタイル,1997,63kg,矢山 裕明,熊本ク,https://wrestling-spirits.jp/www/wp-content/data/80/ichiran_domestic/syakaijin_FF.pdf
shakaijin,フリースタイル,1997,69kg,織山 昭人,自衛隊,https://wrestling-spirits.jp/www/wp-content/data/80/ichiran_domestic/syakaijin_FF.pdf
shakaijin,フリースタイル,1997,74kg,友寄 隆康,自衛隊,https://wrestling-spirits.jp/www/wp-content/data/80/ichiran_domestic/syakaijin_FF.pdf
shakaijin,フリースタイル,1997,85kg,花田 眞秀,和歌山ク,https://wrestling-spirits.jp/www/wp-content/data/80/ichiran_domestic/syakaijin_FF.pdf
shakaijin,フリースタイル,1997,97kg,横山 武典,国士舘ク,https://wrestling-spirits.jp/www/wp-content/data/80/ichiran_domestic/syakaijin_FF.pdf
shakaijin,フリースタイル,1997,125kg,瀬川 浩寿,警視庁,https://wrestling-spirits.jp/www/wp-content/data/80/ichiran_domestic/syakaijin_FF.pdf
shakaijin,フリースタイル,1996,48kg,本田原 明,自衛隊,https://wrestling-spirits.jp/www/wp-content/data/80/ichiran_domestic/syakaijin_FF.pdf
shakaijin,フリースタイル,1996,52kg,田村 茂一,自衛隊,https://wrestling-spirits.jp/www/wp-content/data/80/ichiran_domestic/syakaijin_FF.pdf
shakaijin,フリースタイル,1996,57kg,石嶋 勇次,綜合警備保障,https://wrestling-spirits.jp/www/wp-content/data/80/ichiran_domestic/syakaijin_FF.pdf
shakaijin,フリースタイル,1996,62kg,矢山 裕明,熊本県ク,https://wrestling-spirits.jp/www/wp-content/data/80/ichiran_domestic/syakaijin_FF.pdf
shakaijin,フリースタイル,1996,68kg,吉本 収,神奈川県協会,https://wrestling-spirits.jp/www/wp-content/data/80/ichiran_domestic/syakaijin_FF.pdf
shakaijin,フリースタイル,1996,74kg,小柴 健二,広島県協会,https://wrestling-spirits.jp/www/wp-content/data/80/ichiran_domestic/syakaijin_FF.pdf
shakaijin,フリースタイル,1996,82kg,角崎 朋博,山形ク,https://wrestling-spirits.jp/www/wp-content/data/80/ichiran_domestic/syakaijin_FF.pdf
shakaijin,フリースタイル,1996,90kg,石庭 新五,アイシン精機,https://wrestling-spirits.jp/www/wp-content/data/80/ichiran_domestic/syakaijin_FF.pdf
shakaijin,フリースタイル,1996,100kg,和田 敏行,クリナップ,https://wrestling-spirits.jp/www/wp-content/data/80/ichiran_domestic/syakaijin_FF.pdf
shakaijin,フリースタイル,1996,130kg,瀬川 浩寿,警視庁,https://wrestling-spirits.jp/www/wp-content/data/80/ichiran_domestic/syakaijin_FF.pdf
shakaijin,フリースタイル,1995,48kg,火縄 公男,自衛隊,https://wrestling-spirits.jp/www/wp-content/data/80/ichiran_domestic/syakaijin_FF.pdf
shakaijin,フリースタイル,1995,52kg,清水 一成,山形ク,https://wrestling-spirits.jp/www/wp-content/data/80/ichiran_domestic/syakaijin_FF.pdf
shakaijin,フリースタイル,1995,57kg,石嶋 勇次,綜合警備保障,https://wrestling-spirits.jp/www/wp-content/data/80/ichiran_domestic/syakaijin_FF.pdf
shakaijin,フリースタイル,1995,62kg,岩下 充昭,警視庁ク,https://wrestling-spirits.jp/www/wp-content/data/80/ichiran_domestic/syakaijin_FF.pdf
shakaijin,フリースタイル,1995,68kg,吉本 収,神奈川県協会,https://wrestling-spirits.jp/www/wp-content/data/80/ichiran_domestic/syakaijin_FF.pdf
shakaijin,フリースタイル,1995,74kg,山方 政人,綜合警備保障,https://wrestling-spirits.jp/www/wp-content/data/80/ichiran_domestic/syakaijin_FF.pdf
shakaijin,フリースタイル,1995,82kg,角崎 朋博,山形ク,https://wrestling-spirits.jp/www/wp-content/data/80/ichiran_domestic/syakaijin_FF.pdf
shakaijin,フリースタイル,1995,90kg,中西 久司,神奈川県協会,https://wrestling-spirits.jp/www/wp-content/data/80/ichiran_domestic/syakaijin_FF.pdf
shakaijin,フリースタイル,1995,100kg,木内 樹,宮越工芸,https://wrestling-spirits.jp/www/wp-content/data/80/ichiran_domestic/syakaijin_FF.pdf
shakaijin,フリースタイル,1995,130kg,小幡 弘之,警視庁ク,https://wrestling-spirits.jp/www/wp-content/data/80/ichiran_domestic/syakaijin_FF.pdf
shakaijin,フリースタイル,1994,48kg,佐藤 謙二,福島・田島中教,https://wrestling-spirits.jp/www/wp-content/data/80/ichiran_domestic/syakaijin_FF.pdf
shakaijin,フリースタイル,1994,52kg,清水 一成,山形ク,https://wrestling-spirits.jp/www/wp-content/data/80/ichiran_domestic/syakaijin_FF.pdf
shakaijin,フリースタイル,1994,57kg,奥屋敷 賢彦,自衛隊,https://wrestling-spirits.jp/www/wp-content/data/80/ichiran_domestic/syakaijin_FF.pdf
shakaijin,フリースタイル,1994,62kg,中原 卓哉,自衛隊,https://wrestling-spirits.jp/www/wp-content/data/80/ichiran_domestic/syakaijin_FF.pdf
shakaijin,フリースタイル,1994,68kg,勝 龍三郎,綜合警備保障,https://wrestling-spirits.jp/www/wp-content/data/80/ichiran_domestic/syakaijin_FF.pdf
shakaijin,フリースタイル,1994,74kg,外屋敷 剛,自衛隊,https://wrestling-spirits.jp/www/wp-content/data/80/ichiran_domestic/syakaijin_FF.pdf
shakaijin,フリースタイル,1994,82kg,原 喜彦,アトラス・ク,https://wrestling-spirits.jp/www/wp-content/data/80/ichiran_domestic/syakaijin_FF.pdf
shakaijin,フリースタイル,1994,90kg,エリック・ドウス,コスモスペース,https://wrestling-spirits.jp/www/wp-content/data/80/ichiran_domestic/syakaijin_FF.pdf
shakaijin,フリースタイル,1994,100kg,鈴木 文雄,秋田市役所,https://wrestling-spirits.jp/www/wp-content/data/80/ichiran_domestic/syakaijin_FF.pdf
shakaijin,フリースタイル,1994,130kg,小幡 弘之,警視庁,https://wrestling-spirits.jp/www/wp-content/data/80/ichiran_domestic/syakaijin_FF.pdf
shakaijin,フリースタイル,1993,48kg,丸山 祐司,徳島県協会,https://wrestling-spirits.jp/www/wp-content/data/80/ichiran_domestic/syakaijin_FF.pdf
shakaijin,フリースタイル,1993,52kg,山下 忍,香川ク,https://wrestling-spirits.jp/www/wp-content/data/80/ichiran_domestic/syakaijin_FF.pdf
shakaijin,フリースタイル,1993,57kg,角地山 豊,警視庁,https://wrestling-spirits.jp/www/wp-content/data/80/ichiran_domestic/syakaijin_FF.pdf
shakaijin,フリースタイル,1993,62kg,鈴木 信行,秋田市役所,https://wrestling-spirits.jp/www/wp-content/data/80/ichiran_domestic/syakaijin_FF.pdf
shakaijin,フリースタイル,1993,68kg,吉本 収,ヤマサン,https://wrestling-spirits.jp/www/wp-content/data/80/ichiran_domestic/syakaijin_FF.pdf
shakaijin,フリースタイル,1993,74kg,太田 拓弥,日体大助手,https://wrestling-spirits.jp/www/wp-content/data/80/ichiran_domestic/syakaijin_FF.pdf
shakaijin,フリースタイル,1993,82kg,伊藤 敦,京都ク,https://wrestling-spirits.jp/www/wp-content/data/80/ichiran_domestic/syakaijin_FF.pdf
shakaijin,フリースタイル,1993,90kg,浅井 努,京都ク,https://wrestling-spirits.jp/www/wp-content/data/80/ichiran_domestic/syakaijin_FF.pdf
shakaijin,フリースタイル,1993,100kg,安田 紀久雄,山梨ク,https://wrestling-spirits.jp/www/wp-content/data/80/ichiran_domestic/syakaijin_FF.pdf
shakaijin,フリースタイル,1993,130kg,小幡 弘之,警視庁,https://wrestling-spirits.jp/www/wp-content/data/80/ichiran_domestic/syakaijin_FF.pdf
shakaijin,フリースタイル,1992,48kg,若松 正,ヤマサン,https://wrestling-spirits.jp/www/wp-content/data/80/ichiran_domestic/syakaijin_FF.pdf
shakaijin,フリースタイル,1992,52kg,清水 一成,山形ク,https://wrestling-spirits.jp/www/wp-content/data/80/ichiran_domestic/syakaijin_FF.pdf
shakaijin,フリースタイル,1992,57kg,佐藤 満,日本体育会,https://wrestling-spirits.jp/www/wp-content/data/80/ichiran_domestic/syakaijin_FF.pdf
shakaijin,フリースタイル,1992,62kg,藤田 隆和,徳島県教委,https://wrestling-spirits.jp/www/wp-content/data/80/ichiran_domestic/syakaijin_FF.pdf
shakaijin,フリースタイル,1992,68kg,勝 龍三郎,香川ク,https://wrestling-spirits.jp/www/wp-content/data/80/ichiran_domestic/syakaijin_FF.pdf
shakaijin,フリースタイル,1992,74kg,太田 拓弥,日体大助手,https://wrestling-spirits.jp/www/wp-content/data/80/ichiran_domestic/syakaijin_FF.pdf
shakaijin,フリースタイル,1992,82kg,角崎 朋博,山形ク,https://wrestling-spirits.jp/www/wp-content/data/80/ichiran_domestic/syakaijin_FF.pdf
shakaijin,フリースタイル,1992,90kg,大村 達哉,長崎・島原高教,https://wrestling-spirits.jp/www/wp-content/data/80/ichiran_domestic/syakaijin_FF.pdf
shakaijin,フリースタイル,1992,100kg,浅沼 俊幸,自衛隊,https://wrestling-spirits.jp/www/wp-content/data/80/ichiran_domestic/syakaijin_FF.pdf
shakaijin,フリースタイル,1992,130kg,小幡 弘之,警視庁,https://wrestling-spirits.jp/www/wp-content/data/80/ichiran_domestic/syakaijin_FF.pdf
shakaijin,フリースタイル,1991,48kg,福留 清美,アイシン精機,https://wrestling-spirits.jp/www/wp-content/data/80/ichiran_domestic/syakaijin_FF.pdf
shakaijin,フリースタイル,1991,52kg,清水 一成,山形ク,https://wrestling-spirits.jp/www/wp-content/data/80/ichiran_domestic/syakaijin_FF.pdf
shakaijin,フリースタイル,1991,57kg,花田 秀実,自衛隊,https://wrestling-spirits.jp/www/wp-content/data/80/ichiran_domestic/syakaijin_FF.pdf
shakaijin,フリースタイル,1991,62kg,奥山 恵二,山形ク,https://wrestling-spirits.jp/www/wp-content/data/80/ichiran_domestic/syakaijin_FF.pdf
shakaijin,フリースタイル,1991,68kg,外屋敷 剛,自衛隊,https://wrestling-spirits.jp/www/wp-content/data/80/ichiran_domestic/syakaijin_FF.pdf
shakaijin,フリースタイル,1991,74kg,佐川 正吉,自衛隊,https://wrestling-spirits.jp/www/wp-content/data/80/ichiran_domestic/syakaijin_FF.pdf
shakaijin,フリースタイル,1991,82kg,伊藤 敦,京都ク,https://wrestling-spirits.jp/www/wp-content/data/80/ichiran_domestic/syakaijin_FF.pdf
shakaijin,フリースタイル,1991,90kg,岡部 政浩,東洋大ク,https://wrestling-spirits.jp/www/wp-content/data/80/ichiran_domestic/syakaijin_FF.pdf
shakaijin,フリースタイル,1991,100kg,安田 紀久雄,山梨ク,https://wrestling-spirits.jp/www/wp-content/data/80/ichiran_domestic/syakaijin_FF.pdf
shakaijin,フリースタイル,1991,130kg,小幡 弘之,警視庁,https://wrestling-spirits.jp/www/wp-content/data/80/ichiran_domestic/syakaijin_FF.pdf
shakaijin,フリースタイル,1990,48kg,丸山 祐司,自衛隊,https://wrestling-spirits.jp/www/wp-content/data/80/ichiran_domestic/syakaijin_FF.pdf
shakaijin,フリースタイル,1990,52kg,坂木 勇夫,長崎県警,https://wrestling-spirits.jp/www/wp-content/data/80/ichiran_domestic/syakaijin_FF.pdf
shakaijin,フリースタイル,1990,57kg,花田 秀実,自衛隊,https://wrestling-spirits.jp/www/wp-content/data/80/ichiran_domestic/syakaijin_FF.pdf
shakaijin,フリースタイル,1990,62kg,佐々木 一郎,香川県ク,https://wrestling-spirits.jp/www/wp-content/data/80/ichiran_domestic/syakaijin_FF.pdf
shakaijin,フリースタイル,1990,68kg,吉田 実,自衛隊,https://wrestling-spirits.jp/www/wp-content/data/80/ichiran_domestic/syakaijin_FF.pdf
shakaijin,フリースタイル,1990,74kg,角崎 朋博,67ク,https://wrestling-spirits.jp/www/wp-content/data/80/ichiran_domestic/syakaijin_FF.pdf
shakaijin,フリースタイル,1990,82kg,伊藤 敦,京都ク,https://wrestling-spirits.jp/www/wp-content/data/80/ichiran_domestic/syakaijin_FF.pdf
shakaijin,フリースタイル,1990,90kg,田崎 光之,自衛隊,https://wrestling-spirits.jp/www/wp-content/data/80/ichiran_domestic/syakaijin_FF.pdf
shakaijin,フリースタイル,1990,100kg,水橋 徹,千葉県協会,https://wrestling-spirits.jp/www/wp-content/data/80/ichiran_domestic/syakaijin_FF.pdf
shakaijin,フリースタイル,1990,130kg,奈良 英則,警視庁,https://wrestling-spirits.jp/www/wp-content/data/80/ichiran_domestic/syakaijin_FF.pdf
shakaijin,フリースタイル,1989,48kg,東野 勝,日野自動車工業,https://wrestling-spirits.jp/www/wp-content/data/80/ichiran_domestic/syakaijin_FF.pdf
shakaijin,フリースタイル,1989,52kg,岩本 博行,国士舘大,https://wrestling-spirits.jp/www/wp-content/data/80/ichiran_domestic/syakaijin_FF.pdf
shakaijin,フリースタイル,1989,57kg,角地山 豊,警視庁,https://wrestling-spirits.jp/www/wp-content/data/80/ichiran_domestic/syakaijin_FF.pdf
shakaijin,フリースタイル,1989,62kg,吉田 実,自衛隊,https://wrestling-spirits.jp/www/wp-content/data/80/ichiran_domestic/syakaijin_FF.pdf
shakaijin,フリースタイル,1989,68kg,泉 保久,自衛隊,https://wrestling-spirits.jp/www/wp-content/data/80/ichiran_domestic/syakaijin_FF.pdf
shakaijin,フリースタイル,1989,74kg,大谷 睦義,静岡ク,https://wrestling-spirits.jp/www/wp-content/data/80/ichiran_domestic/syakaijin_FF.pdf
shakaijin,フリースタイル,1989,82kg,伊藤 敦,京都ク,https://wrestling-spirits.jp/www/wp-content/data/80/ichiran_domestic/syakaijin_FF.pdf
shakaijin,フリースタイル,1989,90kg,有本 良孝,和歌山ク,https://wrestling-spirits.jp/www/wp-content/data/80/ichiran_domestic/syakaijin_FF.pdf
shakaijin,フリースタイル,1989,100kg,浅沼 俊幸,自衛隊,https://wrestling-spirits.jp/www/wp-content/data/80/ichiran_domestic/syakaijin_FF.pdf
shakaijin,フリースタイル,1989,130kg,奈良 英則,警視庁,https://wrestling-spirits.jp/www/wp-content/data/80/ichiran_domestic/syakaijin_FF.pdf
shakaijin,フリースタイル,1988,48kg,大橋 正教,山梨ク,https://wrestling-spirits.jp/www/wp-content/data/80/ichiran_domestic/syakaijin_FF.pdf
shakaijin,フリースタイル,1988,52kg,黒野 政康,アイシン精機,https://wrestling-spirits.jp/www/wp-content/data/80/ichiran_domestic/syakaijin_FF.pdf
shakaijin,フリースタイル,1988,57kg,角地山 豊,警視庁,https://wrestling-spirits.jp/www/wp-content/data/80/ichiran_domestic/syakaijin_FF.pdf
shakaijin,フリースタイル,1988,62kg,吉田 実,自衛隊,https://wrestling-spirits.jp/www/wp-content/data/80/ichiran_domestic/syakaijin_FF.pdf
shakaijin,フリースタイル,1988,68kg,泉 保久,自衛隊,https://wrestling-spirits.jp/www/wp-content/data/80/ichiran_domestic/syakaijin_FF.pdf
shakaijin,フリースタイル,1988,74kg,佐川 正吉,自衛隊,https://wrestling-spirits.jp/www/wp-content/data/80/ichiran_domestic/syakaijin_FF.pdf
shakaijin,フリースタイル,1988,82kg,和久井 始,自衛隊,https://wrestling-spirits.jp/www/wp-content/data/80/ichiran_domestic/syakaijin_FF.pdf
shakaijin,フリースタイル,1988,90kg,赤石 明雄,山梨ク,https://wrestling-spirits.jp/www/wp-content/data/80/ichiran_domestic/syakaijin_FF.pdf
shakaijin,フリースタイル,1988,100kg,伊藤 勝春,丸藤シートパイル,https://wrestling-spirits.jp/www/wp-content/data/80/ichiran_domestic/syakaijin_FF.pdf
shakaijin,フリースタイル,1988,130kg,大川 浩一,警視庁,https://wrestling-spirits.jp/www/wp-content/data/80/ichiran_domestic/syakaijin_FF.pdf
shakaijin,フリースタイル,1987,48kg,矢作 章,ユナイテッド・スティール,https://wrestling-spirits.jp/www/wp-content/data/80/ichiran_domestic/syakaijin_FF.pdf
shakaijin,フリースタイル,1987,52kg,上島 一敏,沖縄県協会,https://wrestling-spirits.jp/www/wp-content/data/80/ichiran_domestic/syakaijin_FF.pdf
shakaijin,フリースタイル,1987,57kg,佐藤 満,日体大OBク,https://wrestling-spirits.jp/www/wp-content/data/80/ichiran_domestic/syakaijin_FF.pdf
shakaijin,フリースタイル,1987,62kg,吉田 実,自衛隊,https://wrestling-spirits.jp/www/wp-content/data/80/ichiran_domestic/syakaijin_FF.pdf
shakaijin,フリースタイル,1987,68kg,赤石 光生,ユナイテッド・スティール,https://wrestling-spirits.jp/www/wp-content/data/80/ichiran_domestic/syakaijin_FF.pdf
shakaijin,フリースタイル,1987,74kg,佐川 正吉,自衛隊,https://wrestling-spirits.jp/www/wp-content/data/80/ichiran_domestic/syakaijin_FF.pdf
shakaijin,フリースタイル,1987,82kg,伊藤 敦,日体大OBク,https://wrestling-spirits.jp/www/wp-content/data/80/ichiran_domestic/syakaijin_FF.pdf
shakaijin,フリースタイル,1987,90kg,赤石 明雄,山梨ク,https://wrestling-spirits.jp/www/wp-content/data/80/ichiran_domestic/syakaijin_FF.pdf
shakaijin,フリースタイル,1987,100kg,平山 進,滋賀県協会,https://wrestling-spirits.jp/www/wp-content/data/80/ichiran_domestic/syakaijin_FF.pdf
shakaijin,フリースタイル,1987,130kg,本田 多聞,自衛隊,https://wrestling-spirits.jp/www/wp-content/data/80/ichiran_domestic/syakaijin_FF.pdf
shakaijin,フリースタイル,1986,48kg,小林 孝至,日大ク,https://wrestling-spirits.jp/www/wp-content/data/80/ichiran_domestic/syakaijin_FF.pdf
shakaijin,フリースタイル,1986,52kg,藤川 健治,自衛隊,https://wrestling-spirits.jp/www/wp-content/data/80/ichiran_domestic/syakaijin_FF.pdf
shakaijin,フリースタイル,1986,57kg,角地山 豊,警視庁,https://wrestling-spirits.jp/www/wp-content/data/80/ichiran_domestic/syakaijin_FF.pdf
shakaijin,フリースタイル,1986,62kg,五十嵐 淳一,自衛隊,https://wrestling-spirits.jp/www/wp-content/data/80/ichiran_domestic/syakaijin_FF.pdf
shakaijin,フリースタイル,1986,68kg,原 善彦,日体大研,https://wrestling-spirits.jp/www/wp-content/data/80/ichiran_domestic/syakaijin_FF.pdf
shakaijin,フリースタイル,1986,74kg,佐川 正吉,自衛隊,https://wrestling-spirits.jp/www/wp-content/data/80/ichiran_domestic/syakaijin_FF.pdf
shakaijin,フリースタイル,1986,82kg,安田 紀久雄,山梨ク,https://wrestling-spirits.jp/www/wp-content/data/80/ichiran_domestic/syakaijin_FF.pdf
shakaijin,フリースタイル,1986,90kg,赤石 明雄,山梨ク,https://wrestling-spirits.jp/www/wp-content/data/80/ichiran_domestic/syakaijin_FF.pdf
shakaijin,フリースタイル,1986,100kg,堀 正浩,本田技研,https://wrestling-spirits.jp/www/wp-content/data/80/ichiran_domestic/syakaijin_FF.pdf
shakaijin,フリースタイル,1986,130kg,鈴木 光,ユナイテッド・スティール,https://wrestling-spirits.jp/www/wp-content/data/80/ichiran_domestic/syakaijin_FF.pdf
shakaijin,フリースタイル,1985,48kg,矢作 章,ユナイテッド・スティール,https://wrestling-spirits.jp/www/wp-content/data/80/ichiran_domestic/syakaijin_FF.pdf
shakaijin,フリースタイル,1985,52kg,藤川 健治,自衛隊,https://wrestling-spirits.jp/www/wp-content/data/80/ichiran_domestic/syakaijin_FF.pdf
shakaijin,フリースタイル,1985,57kg,鈴木 康一,自衛隊,https://wrestling-spirits.jp/www/wp-content/data/80/ichiran_domestic/syakaijin_FF.pdf
shakaijin,フリースタイル,1985,62kg,栄 和人,奈良ク,https://wrestling-spirits.jp/www/wp-content/data/80/ichiran_domestic/syakaijin_FF.pdf
shakaijin,フリースタイル,1985,68kg,五位塚 悟,山梨・韮崎工高教,https://wrestling-spirits.jp/www/wp-content/data/80/ichiran_domestic/syakaijin_FF.pdf
shakaijin,フリースタイル,1985,74kg,佐川 正吉,自衛隊,https://wrestling-spirits.jp/www/wp-content/data/80/ichiran_domestic/syakaijin_FF.pdf
shakaijin,フリースタイル,1985,82kg,菊地 隆,和歌山県教委,https://wrestling-spirits.jp/www/wp-content/data/80/ichiran_domestic/syakaijin_FF.pdf
shakaijin,フリースタイル,1985,90kg,対馬 正敏,自衛隊,https://wrestling-spirits.jp/www/wp-content/data/80/ichiran_domestic/syakaijin_FF.pdf
shakaijin,フリースタイル,1985,100kg,保坂 竹道,自衛隊,https://wrestling-spirits.jp/www/wp-content/data/80/ichiran_domestic/syakaijin_FF.pdf
shakaijin,フリースタイル,1985,130kg,大川 浩一,警視庁,https://wrestling-spirits.jp/www/wp-content/data/80/ichiran_domestic/syakaijin_FF.pdf
shakaijin,フリースタイル,1984,48kg,蝦名 康一,自衛隊,https://wrestling-spirits.jp/www/wp-content/data/80/ichiran_domestic/syakaijin_FF.pdf
shakaijin,フリースタイル,1984,52kg,堀江,鳥取県協会,https://wrestling-spirits.jp/www/wp-content/data/80/ichiran_domestic/syakaijin_FF.pdf
shakaijin,フリースタイル,1984,57kg,五十嵐 淳一,自衛隊,https://wrestling-spirits.jp/www/wp-content/data/80/ichiran_domestic/syakaijin_FF.pdf
shakaijin,フリースタイル,1984,62kg,橋浦 晋,鳥取県協会,https://wrestling-spirits.jp/www/wp-content/data/80/ichiran_domestic/syakaijin_FF.pdf
shakaijin,フリースタイル,1984,68kg,五位塚 悟,山梨・韮崎工高教,https://wrestling-spirits.jp/www/wp-content/data/80/ichiran_domestic/syakaijin_FF.pdf
shakaijin,フリースタイル,1984,74kg,梅木 稔,自衛隊,https://wrestling-spirits.jp/www/wp-content/data/80/ichiran_domestic/syakaijin_FF.pdf
shakaijin,フリースタイル,1984,82kg,菊地 隆,和歌山県教委,https://wrestling-spirits.jp/www/wp-content/data/80/ichiran_domestic/syakaijin_FF.pdf
shakaijin,フリースタイル,1984,90kg,対馬 正敏,自衛隊,https://wrestling-spirits.jp/www/wp-content/data/80/ichiran_domestic/syakaijin_FF.pdf
shakaijin,フリースタイル,1984,100kg,保坂 竹道,自衛隊,https://wrestling-spirits.jp/www/wp-content/data/80/ichiran_domestic/syakaijin_FF.pdf
shakaijin,フリースタイル,1984,100kg以上,山本 邦寿,滋賀県協会,https://wrestling-spirits.jp/www/wp-content/data/80/ichiran_domestic/syakaijin_FF.pdf
shakaijin,フリースタイル,1983,48kg,石川 利明,栃木県協会,https://wrestling-spirits.jp/www/wp-content/data/80/ichiran_domestic/syakaijin_FF.pdf
shakaijin,フリースタイル,1983,52kg,小林 利典,群馬県協会,https://wrestling-spirits.jp/www/wp-content/data/80/ichiran_domestic/syakaijin_FF.pdf
shakaijin,フリースタイル,1983,57kg,朝倉 利夫,国士舘大教,https://wrestling-spirits.jp/www/wp-content/data/80/ichiran_domestic/syakaijin_FF.pdf
shakaijin,フリースタイル,1983,62kg,金子 博,群馬県協会,https://wrestling-spirits.jp/www/wp-content/data/80/ichiran_domestic/syakaijin_FF.pdf
shakaijin,フリースタイル,1983,68kg,杉野 浩吉,自衛隊,https://wrestling-spirits.jp/www/wp-content/data/80/ichiran_domestic/syakaijin_FF.pdf
shakaijin,フリースタイル,1983,74kg,田谷 久男,自衛隊,https://wrestling-spirits.jp/www/wp-content/data/80/ichiran_domestic/syakaijin_FF.pdf
shakaijin,フリースタイル,1983,82kg,長島 偉之,栃木・足利工高教,https://wrestling-spirits.jp/www/wp-content/data/80/ichiran_domestic/syakaijin_FF.pdf
shakaijin,フリースタイル,1983,90kg,浅野 修,千葉県協会,https://wrestling-spirits.jp/www/wp-content/data/80/ichiran_domestic/syakaijin_FF.pdf
shakaijin,フリースタイル,1983,100kg,山本 博,栃木県協会,https://wrestling-spirits.jp/www/wp-content/data/80/ichiran_domestic/syakaijin_FF.pdf
shakaijin,フリースタイル,1983,100kg以上,森 康哲,自衛隊,https://wrestling-spirits.jp/www/wp-content/data/80/ichiran_domestic/syakaijin_FF.pdf
shakaijin,フリースタイル,1982,48kg,石川 利明,栃ノ葉ク,https://wrestling-spirits.jp/www/wp-content/data/80/ichiran_domestic/syakaijin_FF.pdf
shakaijin,フリースタイル,1982,52kg,細川 晃二,クラリオン,https://wrestling-spirits.jp/www/wp-content/data/80/ichiran_domestic/syakaijin_FF.pdf
shakaijin,フリースタイル,1982,57kg,鈴木 康文,自衛隊,https://wrestling-spirits.jp/www/wp-content/data/80/ichiran_domestic/syakaijin_FF.pdf
shakaijin,フリースタイル,1982,62kg,金子 博,群馬県協会,https://wrestling-spirits.jp/www/wp-content/data/80/ichiran_domestic/syakaijin_FF.pdf
shakaijin,フリースタイル,1982,68kg,多賀 恒雄,国士大ク,https://wrestling-spirits.jp/www/wp-content/data/80/ichiran_domestic/syakaijin_FF.pdf
shakaijin,フリースタイル,1982,74kg,南 正昭,宮崎ク,https://wrestling-spirits.jp/www/wp-content/data/80/ichiran_domestic/syakaijin_FF.pdf
shakaijin,フリースタイル,1982,82kg,小出 日出夫,千葉県協会,https://wrestling-spirits.jp/www/wp-content/data/80/ichiran_domestic/syakaijin_FF.pdf
shakaijin,フリースタイル,1982,90kg,浅野 修,千葉県協会,https://wrestling-spirits.jp/www/wp-content/data/80/ichiran_domestic/syakaijin_FF.pdf
shakaijin,フリースタイル,1982,100kg,石川 淳,自衛隊,https://wrestling-spirits.jp/www/wp-content/data/80/ichiran_domestic/syakaijin_FF.pdf
shakaijin,フリースタイル,1982,100kg以上,山本 邦寿,滋賀県体協,https://wrestling-spirits.jp/www/wp-content/data/80/ichiran_domestic/syakaijin_FF.pdf
shakaijin,フリースタイル,1981,48kg,入江 隆,自衛隊,https://wrestling-spirits.jp/www/wp-content/data/80/ichiran_domestic/syakaijin_FF.pdf
shakaijin,フリースタイル,1981,52kg,福山 雄二,自衛隊,https://wrestling-spirits.jp/www/wp-content/data/80/ichiran_domestic/syakaijin_FF.pdf
shakaijin,フリースタイル,1981,57kg,朝倉 利夫,国士舘大,https://wrestling-spirits.jp/www/wp-content/data/80/ichiran_domestic/syakaijin_FF.pdf
shakaijin,フリースタイル,1981,62kg,杉野 浩吉,自衛隊,https://wrestling-spirits.jp/www/wp-content/data/80/ichiran_domestic/syakaijin_FF.pdf
shakaijin,フリースタイル,1981,68kg,山口 勝之,和歌山県協会,https://wrestling-spirits.jp/www/wp-content/data/80/ichiran_domestic/syakaijin_FF.pdf
shakaijin,フリースタイル,1981,74kg,南 正昭,宮崎ク,https://wrestling-spirits.jp/www/wp-content/data/80/ichiran_domestic/syakaijin_FF.pdf
shakaijin,フリースタイル,1981,82kg,木村 年貴,滋賀県体協,https://wrestling-spirits.jp/www/wp-content/data/80/ichiran_domestic/syakaijin_FF.pdf
shakaijin,フリースタイル,1981,90kg,浅野 修,千葉県協会,https://wrestling-spirits.jp/www/wp-content/data/80/ichiran_domestic/syakaijin_FF.pdf
shakaijin,フリースタイル,1981,100kg,山本 博,栃木県協会,https://wrestling-spirits.jp/www/wp-content/data/80/ichiran_domestic/syakaijin_FF.pdf
shakaijin,フリースタイル,1981,100kg以上,山本邦寿,滋賀県体協,https://wrestling-spirits.jp/www/wp-content/data/80/ichiran_domestic/syakaijin_FF.pdf
shakaijin,フリースタイル,1981,100kg以上,松永清志,和歌山県協会,https://wrestling-spirits.jp/www/wp-content/data/80/ichiran_domestic/syakaijin_FF.pdf
shakaijin,フリースタイル,1980,48kg,福山 雄二,自衛隊,https://wrestling-spirits.jp/www/wp-content/data/80/ichiran_domestic/syakaijin_FF.pdf
shakaijin,フリースタイル,1980,52kg,入江 隆,自衛隊,https://wrestling-spirits.jp/www/wp-content/data/80/ichiran_domestic/syakaijin_FF.pdf
shakaijin,フリースタイル,1980,57kg,朝倉 利夫,国士舘大,https://wrestling-spirits.jp/www/wp-content/data/80/ichiran_domestic/syakaijin_FF.pdf
shakaijin,フリースタイル,1980,62kg,川村 昌司,栃ノ葉ク,https://wrestling-spirits.jp/www/wp-content/data/80/ichiran_domestic/syakaijin_FF.pdf
shakaijin,フリースタイル,1980,68kg,南 正昭,宮崎ク,https://wrestling-spirits.jp/www/wp-content/data/80/ichiran_domestic/syakaijin_FF.pdf
shakaijin,フリースタイル,1980,74kg,小柳 美代志,栃ノ葉ク,https://wrestling-spirits.jp/www/wp-content/data/80/ichiran_domestic/syakaijin_FF.pdf
shakaijin,フリースタイル,1980,82kg,木村 年貴,滋賀県体協,https://wrestling-spirits.jp/www/wp-content/data/80/ichiran_domestic/syakaijin_FF.pdf
shakaijin,フリースタイル,1980,90kg,伊藤 勝春,丸藤シートパイル,https://wrestling-spirits.jp/www/wp-content/data/80/ichiran_domestic/syakaijin_FF.pdf
shakaijin,フリースタイル,1980,100kg,藤森 安一,警視庁,https://wrestling-spirits.jp/www/wp-content/data/80/ichiran_domestic/syakaijin_FF.pdf
shakaijin,フリースタイル,1980,100kg以上,森 康哲,自衛隊,https://wrestling-spirits.jp/www/wp-content/data/80/ichiran_domestic/syakaijin_FF.pdf
shakaijin,フリースタイル,1979,48kg,純浦 文夫,自衛隊,https://wrestling-spirits.jp/www/wp-content/data/80/ichiran_domestic/syakaijin_FF.pdf
shakaijin,フリースタイル,1979,52kg,元沢 正樹,宇都宮自衛隊,https://wrestling-spirits.jp/www/wp-content/data/80/ichiran_domestic/syakaijin_FF.pdf
shakaijin,フリースタイル,1979,57kg,川村 昌司,栃木県教委,https://wrestling-spirits.jp/www/wp-content/data/80/ichiran_domestic/syakaijin_FF.pdf
shakaijin,フリースタイル,1979,62kg,杉野 浩吉,自衛隊,https://wrestling-spirits.jp/www/wp-content/data/80/ichiran_domestic/syakaijin_FF.pdf
shakaijin,フリースタイル,1979,68kg,南 正昭,宮崎ク,https://wrestling-spirits.jp/www/wp-content/data/80/ichiran_domestic/syakaijin_FF.pdf
shakaijin,フリースタイル,1979,74kg,海沼 邦彦,自衛隊,https://wrestling-spirits.jp/www/wp-content/data/80/ichiran_domestic/syakaijin_FF.pdf
shakaijin,フリースタイル,1979,82kg,長島 偉之,栃木・足利工高教,https://wrestling-spirits.jp/www/wp-content/data/80/ichiran_domestic/syakaijin_FF.pdf
shakaijin,フリースタイル,1979,90kg,今村 民夫,自衛隊,https://wrestling-spirits.jp/www/wp-content/data/80/ichiran_domestic/syakaijin_FF.pdf
shakaijin,フリースタイル,1979,100kg,藤森 安一,警視庁,https://wrestling-spirits.jp/www/wp-content/data/80/ichiran_domestic/syakaijin_FF.pdf
shakaijin,フリースタイル,1979,100kg以上,森 康哲,自衛隊,https://wrestling-spirits.jp/www/wp-content/data/80/ichiran_domestic/syakaijin_FF.pdf
shakaijin,フリースタイル,1978,48kg,入江 隆,自衛隊,https://wrestling-spirits.jp/www/wp-content/data/80/ichiran_domestic/syakaijin_FF.pdf
shakaijin,フリースタイル,1978,52kg,大池 毅,小諸ク,https://wrestling-spirits.jp/www/wp-content/data/80/ichiran_domestic/syakaijin_FF.pdf
shakaijin,フリースタイル,1978,57kg,山路 明,,https://wrestling-spirits.jp/www/wp-content/data/80/ichiran_domestic/syakaijin_FF.pdf
shakaijin,フリースタイル,1978,62kg,山崎 徳夫,,https://wrestling-spirits.jp/www/wp-content/data/80/ichiran_domestic/syakaijin_FF.pdf
shakaijin,フリースタイル,1978,68kg,西村 盛正,宮崎ク,https://wrestling-spirits.jp/www/wp-content/data/80/ichiran_domestic/syakaijin_FF.pdf
shakaijin,フリースタイル,1978,74kg,小柳 美代志,栃木県教委,https://wrestling-spirits.jp/www/wp-content/data/80/ichiran_domestic/syakaijin_FF.pdf
shakaijin,フリースタイル,1978,82kg,久木原 俊満,自衛隊,https://wrestling-spirits.jp/www/wp-content/data/80/ichiran_domestic/syakaijin_FF.pdf
shakaijin,フリースタイル,1978,90kg,伊藤 勝春,丸藤シートパイル,https://wrestling-spirits.jp/www/wp-content/data/80/ichiran_domestic/syakaijin_FF.pdf
shakaijin,フリースタイル,1978,100kg,松井 保憲,皇宮警察,https://wrestling-spirits.jp/www/wp-content/data/80/ichiran_domestic/syakaijin_FF.pdf
shakaijin,フリースタイル,1978,100kg以上,森 康哲,自衛隊,https://wrestling-spirits.jp/www/wp-content/data/80/ichiran_domestic/syakaijin_FF.pdf
shakaijin,フリースタイル,1977,48kg,高村 勝義,三重県庁,https://wrestling-spirits.jp/www/wp-content/data/80/ichiran_domestic/syakaijin_FF.pdf
shakaijin,フリースタイル,1977,52kg,工藤 章,三信電気,https://wrestling-spirits.jp/www/wp-content/data/80/ichiran_domestic/syakaijin_FF.pdf
shakaijin,フリースタイル,1977,57kg,片柳 三男,自衛隊,https://wrestling-spirits.jp/www/wp-content/data/80/ichiran_domestic/syakaijin_FF.pdf
shakaijin,フリースタイル,1977,62kg,藤田 義郎,八戸ク,https://wrestling-spirits.jp/www/wp-content/data/80/ichiran_domestic/syakaijin_FF.pdf
shakaijin,フリースタイル,1977,68kg,平松 義高,自衛隊,https://wrestling-spirits.jp/www/wp-content/data/80/ichiran_domestic/syakaijin_FF.pdf
shakaijin,フリースタイル,1977,74kg,藤田 末広,茨城自衛隊,https://wrestling-spirits.jp/www/wp-content/data/80/ichiran_domestic/syakaijin_FF.pdf
shakaijin,フリースタイル,1977,82kg,伊藤 勝春,丸藤シートパイル,https://wrestling-spirits.jp/www/wp-content/data/80/ichiran_domestic/syakaijin_FF.pdf
shakaijin,フリースタイル,1977,90kg,松本 信広,警視庁,https://wrestling-spirits.jp/www/wp-content/data/80/ichiran_domestic/syakaijin_FF.pdf
shakaijin,フリースタイル,1977,100kg,三戸 豊治,警視庁,https://wrestling-spirits.jp/www/wp-content/data/80/ichiran_domestic/syakaijin_FF.pdf
shakaijin,フリースタイル,1977,100kg以上,森 康哲,自衛隊,https://wrestling-spirits.jp/www/wp-content/data/80/ichiran_domestic/syakaijin_FF.pdf
shakaijin,フリースタイル,1976,48kg,高村 勝義,三重ク,https://wrestling-spirits.jp/www/wp-content/data/80/ichiran_domestic/syakaijin_FF.pdf
shakaijin,フリースタイル,1976,52kg,菊田 順宏,自衛隊,https://wrestling-spirits.jp/www/wp-content/data/80/ichiran_domestic/syakaijin_FF.pdf
shakaijin,フリースタイル,1976,57kg,苅場 勇光,自衛隊,https://wrestling-spirits.jp/www/wp-content/data/80/ichiran_domestic/syakaijin_FF.pdf
shakaijin,フリースタイル,1976,62kg,山崎 徳夫,,https://wrestling-spirits.jp/www/wp-content/data/80/ichiran_domestic/syakaijin_FF.pdf
shakaijin,フリースタイル,1976,68kg,平松 義高,自衛隊,https://wrestling-spirits.jp/www/wp-content/data/80/ichiran_domestic/syakaijin_FF.pdf
shakaijin,フリースタイル,1976,74kg,藤田 末広,茨城自衛隊,https://wrestling-spirits.jp/www/wp-content/data/80/ichiran_domestic/syakaijin_FF.pdf
shakaijin,フリースタイル,1976,82kg,内藤 可三,羽沢ク,https://wrestling-spirits.jp/www/wp-content/data/80/ichiran_domestic/syakaijin_FF.pdf
shakaijin,フリースタイル,1976,90kg,畠山 仁美,三重ク,https://wrestling-spirits.jp/www/wp-content/data/80/ichiran_domestic/syakaijin_FF.pdf
shakaijin,フリースタイル,1975,48kg,高村 勝義,三重県庁,https://wrestling-spirits.jp/www/wp-content/data/80/ichiran_domestic/syakaijin_FF.pdf
shakaijin,フリースタイル,1975,52kg,苅場 勇光,自衛隊,https://wrestling-spirits.jp/www/wp-content/data/80/ichiran_domestic/syakaijin_FF.pdf
shakaijin,フリースタイル,1975,57kg,吉田 栄勝,三重県庁,https://wrestling-spirits.jp/www/wp-content/data/80/ichiran_domestic/syakaijin_FF.pdf
shakaijin,フリースタイル,1975,62kg,大舘,斎藤道場,https://wrestling-spirits.jp/www/wp-content/data/80/ichiran_domestic/syakaijin_FF.pdf
shakaijin,フリースタイル,1975,68kg,平松 義高,自衛隊,https://wrestling-spirits.jp/www/wp-content/data/80/ichiran_domestic/syakaijin_FF.pdf
shakaijin,フリースタイル,1975,74kg,七尾,本田技研,https://wrestling-spirits.jp/www/wp-content/data/80/ichiran_domestic/syakaijin_FF.pdf
shakaijin,フリースタイル,1975,82kg,伊藤,,https://wrestling-spirits.jp/www/wp-content/data/80/ichiran_domestic/syakaijin_FF.pdf
shakaijin,フリースタイル,1975,90kg,鎌田 誠,自衛隊,https://wrestling-spirits.jp/www/wp-content/data/80/ichiran_domestic/syakaijin_FF.pdf
shakaijin,フリースタイル,1975,100kg,金子,木口道場,https://wrestling-spirits.jp/www/wp-content/data/80/ichiran_domestic/syakaijin_FF.pdf
shakaijin,フリースタイル,1975,100kg以上,森 康哲,自衛隊,https://wrestling-spirits.jp/www/wp-content/data/80/ichiran_domestic/syakaijin_FF.pdf
shakaijin,フリースタイル,1974,48kg,高村 勝義,三重県庁,https://wrestling-spirits.jp/www/wp-content/data/80/ichiran_domestic/syakaijin_FF.pdf
shakaijin,フリースタイル,1974,52kg,下田 和弘,斎藤道場,https://wrestling-spirits.jp/www/wp-content/data/80/ichiran_domestic/syakaijin_FF.pdf
shakaijin,フリースタイル,1974,57kg,佐藤 光太郎,警視庁,https://wrestling-spirits.jp/www/wp-content/data/80/ichiran_domestic/syakaijin_FF.pdf
shakaijin,フリースタイル,1974,62kg,斎藤 勝彦,秋田・秋田経法大付高OB,https://wrestling-spirits.jp/www/wp-content/data/80/ichiran_domestic/syakaijin_FF.pdf
shakaijin,フリースタイル,1974,68kg,平松 義高,自衛隊,https://wrestling-spirits.jp/www/wp-content/data/80/ichiran_domestic/syakaijin_FF.pdf
shakaijin,フリースタイル,1974,74kg,野口 次夫,自衛隊,https://wrestling-spirits.jp/www/wp-content/data/80/ichiran_domestic/syakaijin_FF.pdf
shakaijin,フリースタイル,1974,82kg,茂木 優,秋田商ク,https://wrestling-spirits.jp/www/wp-content/data/80/ichiran_domestic/syakaijin_FF.pdf
shakaijin,フリースタイル,1974,90kg,鎌田 誠,自衛隊,https://wrestling-spirits.jp/www/wp-content/data/80/ichiran_domestic/syakaijin_FF.pdf
shakaijin,フリースタイル,1974,100kg,谷 公市,和歌山教員,https://wrestling-spirits.jp/www/wp-content/data/80/ichiran_domestic/syakaijin_FF.pdf
shakaijin,フリースタイル,1974,100kg以上,堀越 和夫,斎藤道場,https://wrestling-spirits.jp/www/wp-content/data/80/ichiran_domestic/syakaijin_FF.pdf
shakaijin,フリースタイル,1973,48kg,菊田 順宏,自衛隊,https://wrestling-spirits.jp/www/wp-content/data/80/ichiran_domestic/syakaijin_FF.pdf
shakaijin,フリースタイル,1973,52kg,吉田 貞夫,米盛商事,https://wrestling-spirits.jp/www/wp-content/data/80/ichiran_domestic/syakaijin_FF.pdf
shakaijin,フリースタイル,1973,57kg,尾川 敏幸,ビジコン,https://wrestling-spirits.jp/www/wp-content/data/80/ichiran_domestic/syakaijin_FF.pdf
shakaijin,フリースタイル,1973,62kg,中野 利男,体力づくり協会,https://wrestling-spirits.jp/www/wp-content/data/80/ichiran_domestic/syakaijin_FF.pdf
shakaijin,フリースタイル,1973,68kg,平松 義高,自衛隊,https://wrestling-spirits.jp/www/wp-content/data/80/ichiran_domestic/syakaijin_FF.pdf
shakaijin,フリースタイル,1973,74kg,出河 満男,自衛隊,https://wrestling-spirits.jp/www/wp-content/data/80/ichiran_domestic/syakaijin_FF.pdf
shakaijin,フリースタイル,1973,82kg,永野 要祐,和歌山ク,https://wrestling-spirits.jp/www/wp-content/data/80/ichiran_domestic/syakaijin_FF.pdf
shakaijin,フリースタイル,1973,90kg,小松崎 六合利,ビジコン,https://wrestling-spirits.jp/www/wp-content/data/80/ichiran_domestic/syakaijin_FF.pdf
shakaijin,フリースタイル,1973,100kg,秋山 安成,三重自衛隊,https://wrestling-spirits.jp/www/wp-content/data/80/ichiran_domestic/syakaijin_FF.pdf
shakaijin,フリースタイル,1972,48kg,梅田 昭彦,米盛商事,https://wrestling-spirits.jp/www/wp-content/data/80/ichiran_domestic/syakaijin_FF.pdf
shakaijin,フリースタイル,1972,52kg,山川 忠正,杉並ク,https://wrestling-spirits.jp/www/wp-content/data/80/ichiran_domestic/syakaijin_FF.pdf
shakaijin,フリースタイル,1972,57kg,加藤 光利,米盛商事,https://wrestling-spirits.jp/www/wp-content/data/80/ichiran_domestic/syakaijin_FF.pdf
shakaijin,フリースタイル,1972,62kg,千葉 良,自衛隊,https://wrestling-spirits.jp/www/wp-content/data/80/ichiran_domestic/syakaijin_FF.pdf
shakaijin,フリースタイル,1972,68kg,林 富夫,和歌山ク,https://wrestling-spirits.jp/www/wp-content/data/80/ichiran_domestic/syakaijin_FF.pdf
shakaijin,フリースタイル,1972,74kg,河内 政彦,アイシン精機,https://wrestling-spirits.jp/www/wp-content/data/80/ichiran_domestic/syakaijin_FF.pdf
shakaijin,フリースタイル,1972,82kg,安部 段一,チドリヤ,https://wrestling-spirits.jp/www/wp-content/data/80/ichiran_domestic/syakaijin_FF.pdf
shakaijin,フリースタイル,1972,90kg,日比野 喜代治,自衛隊,https://wrestling-spirits.jp/www/wp-content/data/80/ichiran_domestic/syakaijin_FF.pdf
shakaijin,フリースタイル,1972,100kg,滝沢 信也,東京ク,https://wrestling-spirits.jp/www/wp-content/data/80/ichiran_domestic/syakaijin_FF.pdf
shakaijin,フリースタイル,1971,48kg,梅田 昭彦,米盛商事,https://wrestling-spirits.jp/www/wp-content/data/80/ichiran_domestic/syakaijin_FF.pdf
shakaijin,フリースタイル,1971,52kg,石田 和春,小玉合名,https://wrestling-spirits.jp/www/wp-content/data/80/ichiran_domestic/syakaijin_FF.pdf
shakaijin,フリースタイル,1971,57kg,加藤 光利,米盛商事,https://wrestling-spirits.jp/www/wp-content/data/80/ichiran_domestic/syakaijin_FF.pdf
shakaijin,フリースタイル,1971,62kg,菅 芳松,国分自衛隊,https://wrestling-spirits.jp/www/wp-content/data/80/ichiran_domestic/syakaijin_FF.pdf
shakaijin,フリースタイル,1971,68kg,林 富夫,和歌山ク,https://wrestling-spirits.jp/www/wp-content/data/80/ichiran_domestic/syakaijin_FF.pdf
shakaijin,フリースタイル,1971,74kg,河内 政彦,アイシン精機,https://wrestling-spirits.jp/www/wp-content/data/80/ichiran_domestic/syakaijin_FF.pdf
shakaijin,フリースタイル,1971,82kg,伊藤 勝春,京浜土地,https://wrestling-spirits.jp/www/wp-content/data/80/ichiran_domestic/syakaijin_FF.pdf
shakaijin,フリースタイル,1971,90kg,日比野 喜代治,自衛隊,https://wrestling-spirits.jp/www/wp-content/data/80/ichiran_domestic/syakaijin_FF.pdf
shakaijin,フリースタイル,1971,100kg,一戸 隆男,育映管財,https://wrestling-spirits.jp/www/wp-content/data/80/ichiran_domestic/syakaijin_FF.pdf
shakaijin,フリースタイル,1970,48kg,鈴木 隆一,YMCA,https://wrestling-spirits.jp/www/wp-content/data/80/ichiran_domestic/syakaijin_FF.pdf
shakaijin,フリースタイル,1970,52kg,石田 和春,小玉合名,https://wrestling-spirits.jp/www/wp-content/data/80/ichiran_domestic/syakaijin_FF.pdf
shakaijin,フリースタイル,1970,57kg,中島 俊美,岐阜県協会,https://wrestling-spirits.jp/www/wp-content/data/80/ichiran_domestic/syakaijin_FF.pdf
shakaijin,フリースタイル,1970,62kg,一ノ関 敏昭,土崎ク,https://wrestling-spirits.jp/www/wp-content/data/80/ichiran_domestic/syakaijin_FF.pdf
shakaijin,フリースタイル,1970,68kg,渡辺 長武,電通,https://wrestling-spirits.jp/www/wp-content/data/80/ichiran_domestic/syakaijin_FF.pdf
shakaijin,フリースタイル,1970,74kg,山縣 盛治,長崎ク,https://wrestling-spirits.jp/www/wp-content/data/80/ichiran_domestic/syakaijin_FF.pdf
shakaijin,フリースタイル,1970,82kg,伊藤 勝春,京浜土地,https://wrestling-spirits.jp/www/wp-content/data/80/ichiran_domestic/syakaijin_FF.pdf
shakaijin,フリースタイル,1970,90kg,伊藤 義人,長崎県教,https://wrestling-spirits.jp/www/wp-content/data/80/ichiran_domestic/syakaijin_FF.pdf
shakaijin,フリースタイル,1970,100kg,平塚 博,警視庁,https://wrestling-spirits.jp/www/wp-content/data/80/ichiran_domestic/syakaijin_FF.pdf
shakaijin,フリースタイル,1969,48kg,水島,・垂水中教,https://wrestling-spirits.jp/www/wp-content/data/80/ichiran_domestic/syakaijin_FF.pdf
shakaijin,フリースタイル,1969,57kg,佐藤 昇,自衛隊,https://wrestling-spirits.jp/www/wp-content/data/80/ichiran_domestic/syakaijin_FF.pdf
shakaijin,フリースタイル,1969,62kg,三浦 建夫,自衛隊,https://wrestling-spirits.jp/www/wp-content/data/80/ichiran_domestic/syakaijin_FF.pdf
shakaijin,フリースタイル,1969,68kg,出河 満男,自衛隊,https://wrestling-spirits.jp/www/wp-content/data/80/ichiran_domestic/syakaijin_FF.pdf
shakaijin,フリースタイル,1969,74kg,山縣 盛治,長崎ク,https://wrestling-spirits.jp/www/wp-content/data/80/ichiran_domestic/syakaijin_FF.pdf
shakaijin,フリースタイル,1969,82kg,伊藤 勝春,京浜土地,https://wrestling-spirits.jp/www/wp-content/data/80/ichiran_domestic/syakaijin_FF.pdf
shakaijin,フリースタイル,1968,ウエルター級,山田,東京ダイハツ,https://wrestling-spirits.jp/www/wp-content/data/80/ichiran_domestic/syakaijin_FF.pdf
shakaijin,フリースタイル,1968,バンタム級,中田 茂男,自衛隊,https://wrestling-spirits.jp/www/wp-content/data/80/ichiran_domestic/syakaijin_FF.pdf
shakaijin,フリースタイル,1968,フェザー級,福田 富昭,日本スタミノン,https://wrestling-spirits.jp/www/wp-content/data/80/ichiran_domestic/syakaijin_FF.pdf
shakaijin,フリースタイル,1968,フライ級,中西 一郎,慶大OB,https://wrestling-spirits.jp/www/wp-content/data/80/ichiran_domestic/syakaijin_FF.pdf
shakaijin,フリースタイル,1968,ヘビー級,堀川 康隆,東京ダイハツ,https://wrestling-spirits.jp/www/wp-content/data/80/ichiran_domestic/syakaijin_FF.pdf
shakaijin,フリースタイル,1968,ミドル級,佐々木,神奈川ク,https://wrestling-spirits.jp/www/wp-content/data/80/ichiran_domestic/syakaijin_FF.pdf
shakaijin,フリースタイル,1968,ライトヘビー級,新井,川口ク,https://wrestling-spirits.jp/www/wp-content/data/80/ichiran_domestic/syakaijin_FF.pdf
shakaijin,フリースタイル,1968,ライト級,佐藤 多美治,日野自動車,https://wrestling-spirits.jp/www/wp-content/data/80/ichiran_domestic/syakaijin_FF.pdf
shakaijin,フリースタイル,1967,ウエルター級,小林 和行,自衛隊,https://wrestling-spirits.jp/www/wp-content/data/80/ichiran_domestic/syakaijin_FF.pdf
shakaijin,フリースタイル,1967,バンタム級,福田 富昭,日本スタミノン,https://wrestling-spirits.jp/www/wp-content/data/80/ichiran_domestic/syakaijin_FF.pdf
shakaijin,フリースタイル,1967,フェザー級,森田 武雄,群馬・館林高教,https://wrestling-spirits.jp/www/wp-content/data/80/ichiran_domestic/syakaijin_FF.pdf
shakaijin,フリースタイル,1967,フライ級,久保 繁蔵,自衛隊,https://wrestling-spirits.jp/www/wp-content/data/80/ichiran_domestic/syakaijin_FF.pdf
shakaijin,フリースタイル,1967,ヘビー級,山口 勇雄,自衛隊,https://wrestling-spirits.jp/www/wp-content/data/80/ichiran_domestic/syakaijin_FF.pdf
shakaijin,フリースタイル,1967,ミドル級,国安 尚之,自衛隊,https://wrestling-spirits.jp/www/wp-content/data/80/ichiran_domestic/syakaijin_FF.pdf
shakaijin,フリースタイル,1967,ライトヘビー級,石井,東京ダイハツ,https://wrestling-spirits.jp/www/wp-content/data/80/ichiran_domestic/syakaijin_FF.pdf
shakaijin,フリースタイル,1967,ライト級,高橋 弘,自衛隊,https://wrestling-spirits.jp/www/wp-content/data/80/ichiran_domestic/syakaijin_FF.pdf
shakaijin,フリースタイル,1966,60kg,福田 富昭,日本スタミノン,https://wrestling-spirits.jp/www/wp-content/data/80/ichiran_domestic/syakaijin_FF.pdf
shakaijin,フリースタイル,1966,70kg,清水 守,東洋大職,https://wrestling-spirits.jp/www/wp-content/data/80/ichiran_domestic/syakaijin_FF.pdf
shakaijin,フリースタイル,1966,85kg,西森,京浜土地,https://wrestling-spirits.jp/www/wp-content/data/80/ichiran_domestic/syakaijin_FF.pdf
shakaijin,フリースタイル,1966,85kg以上,佐々木 龍雄,自衛隊,https://wrestling-spirits.jp/www/wp-content/data/80/ichiran_domestic/syakaijin_FF.pdf
shakaijin,フリースタイル,1965,ウエルター級,田中 三代志,YMCA,https://wrestling-spirits.jp/www/wp-content/data/80/ichiran_domestic/syakaijin_FF.pdf
shakaijin,フリースタイル,1965,バンタム級,宮内 孝憲,中大OB,https://wrestling-spirits.jp/www/wp-content/data/80/ichiran_domestic/syakaijin_FF.pdf
shakaijin,フリースタイル,1965,フェザー級,風間 貞勝,日野自動車,https://wrestling-spirits.jp/www/wp-content/data/80/ichiran_domestic/syakaijin_FF.pdf
shakaijin,フリースタイル,1965,フライ級,菅 芳松,自衛隊,https://wrestling-spirits.jp/www/wp-content/data/80/ichiran_domestic/syakaijin_FF.pdf
shakaijin,フリースタイル,1965,ヘビー級,高木 春雄,京浜土地,https://wrestling-spirits.jp/www/wp-content/data/80/ichiran_domestic/syakaijin_FF.pdf
shakaijin,フリースタイル,1965,ミドル級,石川 忠男,YMCA,https://wrestling-spirits.jp/www/wp-content/data/80/ichiran_domestic/syakaijin_FF.pdf
shakaijin,フリースタイル,1965,ライトヘビー級,岩崎 昭雄,不二越鋼材,https://wrestling-spirits.jp/www/wp-content/data/80/ichiran_domestic/syakaijin_FF.pdf
shakaijin,フリースタイル,1965,ライト級,佐藤 多美治,日野自動車,https://wrestling-spirits.jp/www/wp-content/data/80/ichiran_domestic/syakaijin_FF.pdf
shakaijin,フリースタイル,1964,ウエルター級,風間 貞夫,新潟放送,https://wrestling-spirits.jp/www/wp-content/data/80/ichiran_domestic/syakaijin_FF.pdf
shakaijin,フリースタイル,1964,バンタム級,今泉 雄策,杉浦製作所,https://wrestling-spirits.jp/www/wp-content/data/80/ichiran_domestic/syakaijin_FF.pdf
shakaijin,フリースタイル,1964,フェザー級,金子 正明,自衛隊,https://wrestling-spirits.jp/www/wp-content/data/80/ichiran_domestic/syakaijin_FF.pdf
shakaijin,フリースタイル,1964,フライ級,白勢 明夫,川本工業,https://wrestling-spirits.jp/www/wp-content/data/80/ichiran_domestic/syakaijin_FF.pdf
shakaijin,フリースタイル,1964,ヘビー級,高木 春雄,京浜土地,https://wrestling-spirits.jp/www/wp-content/data/80/ichiran_domestic/syakaijin_FF.pdf
shakaijin,フリースタイル,1964,ミドル級,奥田 哲夫,自衛隊,https://wrestling-spirits.jp/www/wp-content/data/80/ichiran_domestic/syakaijin_FF.pdf
shakaijin,フリースタイル,1964,ライトヘビー級,榊原 圭介,京浜土地,https://wrestling-spirits.jp/www/wp-content/data/80/ichiran_domestic/syakaijin_FF.pdf
shakaijin,フリースタイル,1964,ライト級,佐藤 多美治,日野自動車,https://wrestling-spirits.jp/www/wp-content/data/80/ichiran_domestic/syakaijin_FF.pdf
shakaijin,フリースタイル,1963,ウエルター級,田中 三代志,日野自動車,https://wrestling-spirits.jp/www/wp-content/data/80/ichiran_domestic/syakaijin_FF.pdf
shakaijin,フリースタイル,1963,バンタム級,山平 義雄,清水食品,https://wrestling-spirits.jp/www/wp-content/data/80/ichiran_domestic/syakaijin_FF.pdf
shakaijin,フリースタイル,1963,フェザー級,佐藤 多美治,日野自動車,https://wrestling-spirits.jp/www/wp-content/data/80/ichiran_domestic/syakaijin_FF.pdf
shakaijin,フリースタイル,1963,フライ級,今泉 雄策,杉浦製作所,https://wrestling-spirits.jp/www/wp-content/data/80/ichiran_domestic/syakaijin_FF.pdf
shakaijin,フリースタイル,1963,ミドル級,川野 俊一,自衛隊,https://wrestling-spirits.jp/www/wp-content/data/80/ichiran_domestic/syakaijin_FF.pdf
shakaijin,フリースタイル,1963,ライトヘビー級,開 健次郎,自衛隊,https://wrestling-spirits.jp/www/wp-content/data/80/ichiran_domestic/syakaijin_FF.pdf
shakaijin,フリースタイル,1963,ライト級,相沢 秀平,広瀬無線,https://wrestling-spirits.jp/www/wp-content/data/80/ichiran_domestic/syakaijin_FF.pdf
shakaijin,フリースタイル,1962,ウエルター級,石川 忠男,東京日産,https://wrestling-spirits.jp/www/wp-content/data/80/ichiran_domestic/syakaijin_FF.pdf
shakaijin,フリースタイル,1962,バンタム級,山平 義雄,清水食品,https://wrestling-spirits.jp/www/wp-content/data/80/ichiran_domestic/syakaijin_FF.pdf
shakaijin,フリースタイル,1962,フェザー級,石沢 二郎,金十証券,https://wrestling-spirits.jp/www/wp-content/data/80/ichiran_domestic/syakaijin_FF.pdf
shakaijin,フリースタイル,1962,フライ級,石黒 成一,共和コンクリート,https://wrestling-spirits.jp/www/wp-content/data/80/ichiran_domestic/syakaijin_FF.pdf
shakaijin,フリースタイル,1962,ヘビー級,渡辺 修,京浜土地,https://wrestling-spirits.jp/www/wp-content/data/80/ichiran_domestic/syakaijin_FF.pdf
shakaijin,フリースタイル,1962,ミドル級,青海 上,アトムロイ,https://wrestling-spirits.jp/www/wp-content/data/80/ichiran_domestic/syakaijin_FF.pdf
shakaijin,フリースタイル,1962,ライトヘビー級,新村 国男,京浜土地,https://wrestling-spirits.jp/www/wp-content/data/80/ichiran_domestic/syakaijin_FF.pdf
shakaijin,フリースタイル,1962,ライト級,神谷 文二,東京クラブ,https://wrestling-spirits.jp/www/wp-content/data/80/ichiran_domestic/syakaijin_FF.pdf
shakaijin,フリースタイル,1961,ウエルター級,阿部 一男,丸大用紙,https://wrestling-spirits.jp/www/wp-content/data/80/ichiran_domestic/syakaijin_FF.pdf
shakaijin,フリースタイル,1961,バンタム級,山平 義雄,清水食品,https://wrestling-spirits.jp/www/wp-content/data/80/ichiran_domestic/syakaijin_FF.pdf
shakaijin,フリースタイル,1961,フェザー級,佐藤 美喜男,小玉合名,https://wrestling-spirits.jp/www/wp-content/data/80/ichiran_domestic/syakaijin_FF.pdf
shakaijin,フリースタイル,1961,フライ級,原田 紀之,自衛隊,https://wrestling-spirits.jp/www/wp-content/data/80/ichiran_domestic/syakaijin_FF.pdf
shakaijin,フリースタイル,1961,ヘビー級,妹尾 武二郎,帝石秋田,https://wrestling-spirits.jp/www/wp-content/data/80/ichiran_domestic/syakaijin_FF.pdf
shakaijin,フリースタイル,1961,ミドル級,石倉 俊太,日本カーバイト,https://wrestling-spirits.jp/www/wp-content/data/80/ichiran_domestic/syakaijin_FF.pdf
shakaijin,フリースタイル,1961,ライトヘビー級,川野 俊一,雪印物産,https://wrestling-spirits.jp/www/wp-content/data/80/ichiran_domestic/syakaijin_FF.pdf
shakaijin,フリースタイル,1961,ライト級,北 清治,本間組,https://wrestling-spirits.jp/www/wp-content/data/80/ichiran_domestic/syakaijin_FF.pdf
shakaijin,フリースタイル,1960,ウエルター級,味方 正宏,本間組,https://wrestling-spirits.jp/www/wp-content/data/80/ichiran_domestic/syakaijin_FF.pdf
shakaijin,フリースタイル,1960,バンタム級,諏訪 一三,三一鋼材,https://wrestling-spirits.jp/www/wp-content/data/80/ichiran_domestic/syakaijin_FF.pdf
shakaijin,フリースタイル,1960,フェザー級,伊藤 賢治,本間組,https://wrestling-spirits.jp/www/wp-content/data/80/ichiran_domestic/syakaijin_FF.pdf
shakaijin,フリースタイル,1960,フライ級,原田 紀之,防衛庁,https://wrestling-spirits.jp/www/wp-content/data/80/ichiran_domestic/syakaijin_FF.pdf
shakaijin,フリースタイル,1960,ミドル級,渡辺 和義,本間組,https://wrestling-spirits.jp/www/wp-content/data/80/ichiran_domestic/syakaijin_FF.pdf
shakaijin,フリースタイル,1960,ライトヘビー級,丸山 彰治,東京・自由ヶ丘学園高教,https://wrestling-spirits.jp/www/wp-content/data/80/ichiran_domestic/syakaijin_FF.pdf
shakaijin,フリースタイル,1960,ライト級,北 清治,本間組,https://wrestling-spirits.jp/www/wp-content/data/80/ichiran_domestic/syakaijin_FF.pdf
shakaijin,フリースタイル,1959,ウエルター級,黒田 汎,日本カーバイド,https://wrestling-spirits.jp/www/wp-content/data/80/ichiran_domestic/syakaijin_FF.pdf
shakaijin,フリースタイル,1959,バンタム級,今井 清吉,今井商店,https://wrestling-spirits.jp/www/wp-content/data/80/ichiran_domestic/syakaijin_FF.pdf
shakaijin,フリースタイル,1959,フェザー級,榊原 弥吉,榊原商会,https://wrestling-spirits.jp/www/wp-content/data/80/ichiran_domestic/syakaijin_FF.pdf
shakaijin,フリースタイル,1959,フライ級,平田 孝,法大OB,https://wrestling-spirits.jp/www/wp-content/data/80/ichiran_domestic/syakaijin_FF.pdf
shakaijin,フリースタイル,1959,ヘビー級,石黒 蘍,日本通運,https://wrestling-spirits.jp/www/wp-content/data/80/ichiran_domestic/syakaijin_FF.pdf
shakaijin,フリースタイル,1959,ミドル級,永井 隆,赤城印刷,https://wrestling-spirits.jp/www/wp-content/data/80/ichiran_domestic/syakaijin_FF.pdf
shakaijin,フリースタイル,1959,ライト級,佐藤 美喜男,小玉合名,https://wrestling-spirits.jp/www/wp-content/data/80/ichiran_domestic/syakaijin_FF.pdf
shakaijin,フリースタイル,1958,ウエルター級,笹原 正三,中大OB,https://wrestling-spirits.jp/www/wp-content/data/80/ichiran_domestic/syakaijin_FF.pdf
shakaijin,フリースタイル,1958,バンタム級,門間 金初,帝石秋田,https://wrestling-spirits.jp/www/wp-content/data/80/ichiran_domestic/syakaijin_FF.pdf
shakaijin,フリースタイル,1958,フェザー級,伊藤 幸雄,帝石秋田,https://wrestling-spirits.jp/www/wp-content/data/80/ichiran_domestic/syakaijin_FF.pdf
shakaijin,フリースタイル,1958,フライ級,二田 賢一,小玉合名,https://wrestling-spirits.jp/www/wp-content/data/80/ichiran_domestic/syakaijin_FF.pdf
shakaijin,フリースタイル,1958,ミドル級,北岡 太二,芝浦精唐,https://wrestling-spirits.jp/www/wp-content/data/80/ichiran_domestic/syakaijin_FF.pdf
shakaijin,フリースタイル,1958,ライト級,鈴木 徹,日本金属工業,https://wrestling-spirits.jp/www/wp-content/data/80/ichiran_domestic/syakaijin_FF.pdf
shakaijin,フリースタイル,1957,ウエルター級,斉藤 八郎,山口県協会,https://wrestling-spirits.jp/www/wp-content/data/80/ichiran_domestic/syakaijin_FF.pdf
shakaijin,フリースタイル,1957,バンタム級,大谷 俊春,相模工業,https://wrestling-spirits.jp/www/wp-content/data/80/ichiran_domestic/syakaijin_FF.pdf
shakaijin,フリースタイル,1957,フェザー級,杉谷 勝美,早大OB,https://wrestling-spirits.jp/www/wp-content/data/80/ichiran_domestic/syakaijin_FF.pdf
shakaijin,フリースタイル,1957,フライ級,力石 秀夫,東京クラブ,https://wrestling-spirits.jp/www/wp-content/data/80/ichiran_domestic/syakaijin_FF.pdf
shakaijin,フリースタイル,1957,ミドル級,鳩谷 治重,松戸自衛隊,https://wrestling-spirits.jp/www/wp-content/data/80/ichiran_domestic/syakaijin_FF.pdf
shakaijin,フリースタイル,1957,ライト級,笹原 正三,協同乳業,https://wrestling-spirits.jp/www/wp-content/data/80/ichiran_domestic/syakaijin_FF.pdf
shakaijin,フリースタイル,1956,ウエルター級,柘植 吉明,立大,https://wrestling-spirits.jp/www/wp-content/data/80/ichiran_domestic/syakaijin_FF.pdf
shakaijin,フリースタイル,1956,バンタム級,田賀 啓民,慶大OB,https://wrestling-spirits.jp/www/wp-content/data/80/ichiran_domestic/syakaijin_FF.pdf
shakaijin,フリースタイル,1956,フェザー級,杉谷 勝美,東京クラブ,https://wrestling-spirits.jp/www/wp-content/data/80/ichiran_domestic/syakaijin_FF.pdf
shakaijin,フリースタイル,1956,フライ級,宮崎 不二男,東京都協会,https://wrestling-spirits.jp/www/wp-content/data/80/ichiran_domestic/syakaijin_FF.pdf
shakaijin,フリースタイル,1956,ライト級,沼尻 直,拓大OB,https://wrestling-spirits.jp/www/wp-content/data/80/ichiran_domestic/syakaijin_FF.pdf
shakaijin,フリースタイル,1951,ライト級,神田 幸二,拓大OB,https://wrestling-spirits.jp/www/wp-content/data/80/ichiran_domestic/syakaijin_FF.pdf
shakaijin,グレコローマン,2026,55kg,椎葉桂己,恒松自動車商会,https://wrestling-spirits.jp/www/wp-content/data/80/ichiran_domestic/syakaijin_GR.pdf
shakaijin,グレコローマン,2026,60kg,竹下航生,警視庁クラブ,https://wrestling-spirits.jp/www/wp-content/data/80/ichiran_domestic/syakaijin_GR.pdf
shakaijin,グレコローマン,2026,63kg,伊藤翔哉,佐賀県庁,https://wrestling-spirits.jp/www/wp-content/data/80/ichiran_domestic/syakaijin_GR.pdf
shakaijin,グレコローマン,2026,67kg,萩原大和,自衛隊,https://wrestling-spirits.jp/www/wp-content/data/80/ichiran_domestic/syakaijin_GR.pdf
shakaijin,グレコローマン,2026,72kg,原田真吾,育英クラブ,https://wrestling-spirits.jp/www/wp-content/data/80/ichiran_domestic/syakaijin_GR.pdf
shakaijin,グレコローマン,2026,77kg,小林大悟,警視庁クラブ,https://wrestling-spirits.jp/www/wp-content/data/80/ichiran_domestic/syakaijin_GR.pdf
shakaijin,グレコローマン,2026,82kg,谷﨑大造,自衛隊,https://wrestling-spirits.jp/www/wp-content/data/80/ichiran_domestic/syakaijin_GR.pdf
shakaijin,グレコローマン,2026,87kg,髙橋夢大,三恵海運,https://wrestling-spirits.jp/www/wp-content/data/80/ichiran_domestic/syakaijin_GR.pdf
shakaijin,グレコローマン,2026,97kg,目黒優太,自衛隊体育学校OB,https://wrestling-spirits.jp/www/wp-content/data/80/ichiran_domestic/syakaijin_GR.pdf
shakaijin,グレコローマン,2026,130kg,伊藤飛未来,自衛隊,https://wrestling-spirits.jp/www/wp-content/data/80/ichiran_domestic/syakaijin_GR.pdf
shakaijin,グレコローマン,2025,55kg,二宮健斗,星和工業,https://wrestling-spirits.jp/www/wp-content/data/80/ichiran_domestic/syakaijin_GR.pdf
shakaijin,グレコローマン,2025,60kg,米山 輝,大東クラブ,https://wrestling-spirits.jp/www/wp-content/data/80/ichiran_domestic/syakaijin_GR.pdf
shakaijin,グレコローマン,2025,63kg,小柴亮太,佐賀県庁,https://wrestling-spirits.jp/www/wp-content/data/80/ichiran_domestic/syakaijin_GR.pdf
shakaijin,グレコローマン,2025,67kg,澤田幸明,自衛隊,https://wrestling-spirits.jp/www/wp-content/data/80/ichiran_domestic/syakaijin_GR.pdf
shakaijin,グレコローマン,2025,72kg,萩原大和,自衛隊,https://wrestling-spirits.jp/www/wp-content/data/80/ichiran_domestic/syakaijin_GR.pdf
shakaijin,グレコローマン,2025,77kg,山﨑弥十朗,サイサン,https://wrestling-spirits.jp/www/wp-content/data/80/ichiran_domestic/syakaijin_GR.pdf
shakaijin,グレコローマン,2025,82kg,高谷大地,自衛隊,https://wrestling-spirits.jp/www/wp-content/data/80/ichiran_domestic/syakaijin_GR.pdf
shakaijin,グレコローマン,2025,87kg,小堀雄大,東洋大コーチ,https://wrestling-spirits.jp/www/wp-content/data/80/ichiran_domestic/syakaijin_GR.pdf
shakaijin,グレコローマン,2025,97kg,小林奎太,小諸商高教,https://wrestling-spirits.jp/www/wp-content/data/80/ichiran_domestic/syakaijin_GR.pdf
shakaijin,グレコローマン,2025,130kg,山田康瑛,岐阜県協会,https://wrestling-spirits.jp/www/wp-content/data/80/ichiran_domestic/syakaijin_GR.pdf
shakaijin,グレコローマン,2024,55kg,荒木瑞生,九州共立大大院,https://wrestling-spirits.jp/www/wp-content/data/80/ichiran_domestic/syakaijin_GR.pdf
shakaijin,グレコローマン,2024,60kg,塩谷 優,自衛隊,https://wrestling-spirits.jp/www/wp-content/data/80/ichiran_domestic/syakaijin_GR.pdf
shakaijin,グレコローマン,2024,63kg,矢部和希,栃木県スポーツ協会,https://wrestling-spirits.jp/www/wp-content/data/80/ichiran_domestic/syakaijin_GR.pdf
shakaijin,グレコローマン,2024,67kg,萩原大和,自衛隊,https://wrestling-spirits.jp/www/wp-content/data/80/ichiran_domestic/syakaijin_GR.pdf
shakaijin,グレコローマン,2024,72kg,上垣勇二,自衛隊,https://wrestling-spirits.jp/www/wp-content/data/80/ichiran_domestic/syakaijin_GR.pdf
shakaijin,グレコローマン,2024,77kg,矢部晴翔,自衛隊,https://wrestling-spirits.jp/www/wp-content/data/80/ichiran_domestic/syakaijin_GR.pdf
shakaijin,グレコローマン,2024,82kg,樋口徹心,誠光,https://wrestling-spirits.jp/www/wp-content/data/80/ichiran_domestic/syakaijin_GR.pdf
shakaijin,グレコローマン,2024,87kg,小堀雄大,東洋クラブ,https://wrestling-spirits.jp/www/wp-content/data/80/ichiran_domestic/syakaijin_GR.pdf
shakaijin,グレコローマン,2024,97kg,伊藤飛未来,自衛隊,https://wrestling-spirits.jp/www/wp-content/data/80/ichiran_domestic/syakaijin_GR.pdf
shakaijin,グレコローマン,2024,130kg,山口直人,山口県協会,https://wrestling-spirits.jp/www/wp-content/data/80/ichiran_domestic/syakaijin_GR.pdf
shakaijin,グレコローマン,2023,55kg,土屋 健,長泉ファイティング,https://wrestling-spirits.jp/www/wp-content/data/80/ichiran_domestic/syakaijin_GR.pdf
shakaijin,グレコローマン,2023,60kg,古家野蓮,自衛隊,https://wrestling-spirits.jp/www/wp-content/data/80/ichiran_domestic/syakaijin_GR.pdf
shakaijin,グレコローマン,2023,63kg,藤波諒太郎,自衛隊OB,https://wrestling-spirits.jp/www/wp-content/data/80/ichiran_domestic/syakaijin_GR.pdf
shakaijin,グレコローマン,2023,67kg,二俣友明,島根・隠岐島前高教,https://wrestling-spirits.jp/www/wp-content/data/80/ichiran_domestic/syakaijin_GR.pdf
shakaijin,グレコローマン,2023,72kg,北條良真,自衛隊,https://wrestling-spirits.jp/www/wp-content/data/80/ichiran_domestic/syakaijin_GR.pdf
shakaijin,グレコローマン,2023,77kg,山﨑弥十朗,サイサン,https://wrestling-spirits.jp/www/wp-content/data/80/ichiran_domestic/syakaijin_GR.pdf
shakaijin,グレコローマン,2023,82kg,前田明都,レスターHD,https://wrestling-spirits.jp/www/wp-content/data/80/ichiran_domestic/syakaijin_GR.pdf
shakaijin,グレコローマン,2023,87kg,松雪泰成,レスターHD,https://wrestling-spirits.jp/www/wp-content/data/80/ichiran_domestic/syakaijin_GR.pdf
shakaijin,グレコローマン,2023,97kg,鶴田峻大,自衛隊,https://wrestling-spirits.jp/www/wp-content/data/80/ichiran_domestic/syakaijin_GR.pdf
shakaijin,グレコローマン,2023,130kg,山口直人,山口県協会,https://wrestling-spirits.jp/www/wp-content/data/80/ichiran_domestic/syakaijin_GR.pdf
shakaijin,グレコローマン,2022,55kg,古家野蓮,自衛隊,https://wrestling-spirits.jp/www/wp-content/data/80/ichiran_domestic/syakaijin_GR.pdf
shakaijin,グレコローマン,2022,60kg,藤波諒太郎,自衛隊,https://wrestling-spirits.jp/www/wp-content/data/80/ichiran_domestic/syakaijin_GR.pdf
shakaijin,グレコローマン,2022,63kg,河名真偉斗,自衛隊,https://wrestling-spirits.jp/www/wp-content/data/80/ichiran_domestic/syakaijin_GR.pdf
shakaijin,グレコローマン,2022,67kg,成國大志,MTX GOLDKIDS,https://wrestling-spirits.jp/www/wp-content/data/80/ichiran_domestic/syakaijin_GR.pdf
shakaijin,グレコローマン,2022,72kg,上垣勇二,自衛隊,https://wrestling-spirits.jp/www/wp-content/data/80/ichiran_domestic/syakaijin_GR.pdf
shakaijin,グレコローマン,2022,77kg,堀江耐志,自衛隊,https://wrestling-spirits.jp/www/wp-content/data/80/ichiran_domestic/syakaijin_GR.pdf
shakaijin,グレコローマン,2022,82kg,川村洋史,自衛隊,https://wrestling-spirits.jp/www/wp-content/data/80/ichiran_domestic/syakaijin_GR.pdf
shakaijin,グレコローマン,2022,87kg,松﨑勇人,宮崎・福島高教,https://wrestling-spirits.jp/www/wp-content/data/80/ichiran_domestic/syakaijin_GR.pdf
shakaijin,グレコローマン,2022,130kg,山口直人,山口県協会,https://wrestling-spirits.jp/www/wp-content/data/80/ichiran_domestic/syakaijin_GR.pdf
shakaijin,グレコローマン,2019,55kg,竹田展大,WRESTLE-WIN,https://wrestling-spirits.jp/www/wp-content/data/80/ichiran_domestic/syakaijin_GR.pdf
shakaijin,グレコローマン,2019,60kg,大山允長,羽田空港旅客サービス,https://wrestling-spirits.jp/www/wp-content/data/80/ichiran_domestic/syakaijin_GR.pdf
shakaijin,グレコローマン,2019,63kg,河本圭智,自衛隊OB,https://wrestling-spirits.jp/www/wp-content/data/80/ichiran_domestic/syakaijin_GR.pdf
shakaijin,グレコローマン,2019,67kg,清水早伸,自衛隊,https://wrestling-spirits.jp/www/wp-content/data/80/ichiran_domestic/syakaijin_GR.pdf
shakaijin,グレコローマン,2019,72kg,中橋 涼,愛媛県競技力向上対策本部,https://wrestling-spirits.jp/www/wp-content/data/80/ichiran_domestic/syakaijin_GR.pdf
shakaijin,グレコローマン,2019,77kg,阪部 創,自衛隊,https://wrestling-spirits.jp/www/wp-content/data/80/ichiran_domestic/syakaijin_GR.pdf
shakaijin,グレコローマン,2019,82kg,山口高幸,警視庁クラブ,https://wrestling-spirits.jp/www/wp-content/data/80/ichiran_domestic/syakaijin_GR.pdf
shakaijin,グレコローマン,2019,87kg,向井識起,自衛隊,https://wrestling-spirits.jp/www/wp-content/data/80/ichiran_domestic/syakaijin_GR.pdf
shakaijin,グレコローマン,2019,97kg,岡 太一,自衛隊,https://wrestling-spirits.jp/www/wp-content/data/80/ichiran_domestic/syakaijin_GR.pdf
shakaijin,グレコローマン,2019,130kg,河野隆太,あづまフーズ,https://wrestling-spirits.jp/www/wp-content/data/80/ichiran_domestic/syakaijin_GR.pdf
shakaijin,グレコローマン,2018,55kg,小坂健太,国士舘クラブ,https://wrestling-spirits.jp/www/wp-content/data/80/ichiran_domestic/syakaijin_GR.pdf
shakaijin,グレコローマン,2018,60kg,鎌倉海斗,高知・高知南高教,https://wrestling-spirits.jp/www/wp-content/data/80/ichiran_domestic/syakaijin_GR.pdf
shakaijin,グレコローマン,2018,63kg,安中友茂,石川県協会,https://wrestling-spirits.jp/www/wp-content/data/80/ichiran_domestic/syakaijin_GR.pdf
shakaijin,グレコローマン,2018,67kg,上垣勇二,自衛隊,https://wrestling-spirits.jp/www/wp-content/data/80/ichiran_domestic/syakaijin_GR.pdf
shakaijin,グレコローマン,2018,72kg,高橋昭五,警視庁クラブ,https://wrestling-spirits.jp/www/wp-content/data/80/ichiran_domestic/syakaijin_GR.pdf
shakaijin,グレコローマン,2018,77kg,花山和寛,自衛隊,https://wrestling-spirits.jp/www/wp-content/data/80/ichiran_domestic/syakaijin_GR.pdf
shakaijin,グレコローマン,2018,82kg,川村洋史,自衛隊,https://wrestling-spirits.jp/www/wp-content/data/80/ichiran_domestic/syakaijin_GR.pdf
shakaijin,グレコローマン,2018,87kg,岡嶋勇也,警視庁クラブ,https://wrestling-spirits.jp/www/wp-content/data/80/ichiran_domestic/syakaijin_GR.pdf
shakaijin,グレコローマン,2018,97kg,志喜屋正明,自衛隊,https://wrestling-spirits.jp/www/wp-content/data/80/ichiran_domestic/syakaijin_GR.pdf
shakaijin,グレコローマン,2018,130kg,河野隆太,あづまフーズ,https://wrestling-spirits.jp/www/wp-content/data/80/ichiran_domestic/syakaijin_GR.pdf
shakaijin,グレコローマン,2017,59kg,平尾清晴,神奈川・西有馬小教,https://wrestling-spirits.jp/www/wp-content/data/80/ichiran_domestic/syakaijin_GR.pdf
shakaijin,グレコローマン,2017,66kg,河名真寿斗,クリナップ,https://wrestling-spirits.jp/www/wp-content/data/80/ichiran_domestic/syakaijin_GR.pdf
shakaijin,グレコローマン,2017,71kg,森 俊樹,九州共立大,https://wrestling-spirits.jp/www/wp-content/data/80/ichiran_domestic/syakaijin_GR.pdf
shakaijin,グレコローマン,2017,75kg,井上智裕,富士工業,https://wrestling-spirits.jp/www/wp-content/data/80/ichiran_domestic/syakaijin_GR.pdf
shakaijin,グレコローマン,2017,80kg,阪部 創,自衛隊,https://wrestling-spirits.jp/www/wp-content/data/80/ichiran_domestic/syakaijin_GR.pdf
shakaijin,グレコローマン,2017,85kg,川村洋史,自衛隊,https://wrestling-spirits.jp/www/wp-content/data/80/ichiran_domestic/syakaijin_GR.pdf
shakaijin,グレコローマン,2017,98kg,角 雅人,自衛隊,https://wrestling-spirits.jp/www/wp-content/data/80/ichiran_domestic/syakaijin_GR.pdf
shakaijin,グレコローマン,2017,130kg,オレッグ・ボルチン,ブシロード,https://wrestling-spirits.jp/www/wp-content/data/80/ichiran_domestic/syakaijin_GR.pdf
shakaijin,グレコローマン,2016,59kg,田野倉翔太,クリナップ,https://wrestling-spirits.jp/www/wp-content/data/80/ichiran_domestic/syakaijin_GR.pdf
shakaijin,グレコローマン,2016,66kg,川瀬克祥,岩手県体協,https://wrestling-spirits.jp/www/wp-content/data/80/ichiran_domestic/syakaijin_GR.pdf
shakaijin,グレコローマン,2016,71kg,梅野貴裕,愛媛県協会,https://wrestling-spirits.jp/www/wp-content/data/80/ichiran_domestic/syakaijin_GR.pdf
shakaijin,グレコローマン,2016,75kg,花山和寛,自衛隊,https://wrestling-spirits.jp/www/wp-content/data/80/ichiran_domestic/syakaijin_GR.pdf
shakaijin,グレコローマン,2016,80kg,前田祐也,鳥取クラブ,https://wrestling-spirits.jp/www/wp-content/data/80/ichiran_domestic/syakaijin_GR.pdf
shakaijin,グレコローマン,2016,85kg,岡嶋勇也,拓大クラブ,https://wrestling-spirits.jp/www/wp-content/data/80/ichiran_domestic/syakaijin_GR.pdf
shakaijin,グレコローマン,2016,98kg,角 雅人,自衛隊,https://wrestling-spirits.jp/www/wp-content/data/80/ichiran_domestic/syakaijin_GR.pdf
shakaijin,グレコローマン,2016,130kg,木下 駿,自衛隊,https://wrestling-spirits.jp/www/wp-content/data/80/ichiran_domestic/syakaijin_GR.pdf
shakaijin,グレコローマン,2015,59kg,河本 圭智,自衛隊,https://wrestling-spirits.jp/www/wp-content/data/80/ichiran_domestic/syakaijin_GR.pdf
shakaijin,グレコローマン,2015,66kg,齊藤 潤,東京・自由ヶ丘学園高教,https://wrestling-spirits.jp/www/wp-content/data/80/ichiran_domestic/syakaijin_GR.pdf
shakaijin,グレコローマン,2015,71kg,井上 智裕,三恵海運,https://wrestling-spirits.jp/www/wp-content/data/80/ichiran_domestic/syakaijin_GR.pdf
shakaijin,グレコローマン,2015,75kg,亀井 竜昇,自衛隊,https://wrestling-spirits.jp/www/wp-content/data/80/ichiran_domestic/syakaijin_GR.pdf
shakaijin,グレコローマン,2015,80kg,北村 公平,阪神酒販,https://wrestling-spirits.jp/www/wp-content/data/80/ichiran_domestic/syakaijin_GR.pdf
shakaijin,グレコローマン,2015,85kg,角 雅人,自衛隊,https://wrestling-spirits.jp/www/wp-content/data/80/ichiran_domestic/syakaijin_GR.pdf
shakaijin,グレコローマン,2015,98kg,木下 駿,自衛隊,https://wrestling-spirits.jp/www/wp-content/data/80/ichiran_domestic/syakaijin_GR.pdf
shakaijin,グレコローマン,2015,130kg,曽我部 健,日亜化学工業,https://wrestling-spirits.jp/www/wp-content/data/80/ichiran_domestic/syakaijin_GR.pdf
shakaijin,グレコローマン,2014,59kg,清水 早伸,自衛隊,https://wrestling-spirits.jp/www/wp-content/data/80/ichiran_domestic/syakaijin_GR.pdf
shakaijin,グレコローマン,2014,66kg,柴田 慎吾,宮崎・福島高,https://wrestling-spirits.jp/www/wp-content/data/80/ichiran_domestic/syakaijin_GR.pdf
shakaijin,グレコローマン,2014,71kg,井上 智裕,三恵海運,https://wrestling-spirits.jp/www/wp-content/data/80/ichiran_domestic/syakaijin_GR.pdf
shakaijin,グレコローマン,2014,75kg,泉 武志,愛媛県協会,https://wrestling-spirits.jp/www/wp-content/data/80/ichiran_domestic/syakaijin_GR.pdf
shakaijin,グレコローマン,2014,80kg,村上 貴之,長崎県協会,https://wrestling-spirits.jp/www/wp-content/data/80/ichiran_domestic/syakaijin_GR.pdf
shakaijin,グレコローマン,2014,85kg,角 雅人,自衛隊,https://wrestling-spirits.jp/www/wp-content/data/80/ichiran_domestic/syakaijin_GR.pdf
shakaijin,グレコローマン,2014,98kg,横井 健人,中京学院大ク,https://wrestling-spirits.jp/www/wp-content/data/80/ichiran_domestic/syakaijin_GR.pdf
shakaijin,グレコローマン,2014,130kg,谷田 昇大,和歌山県協会,https://wrestling-spirits.jp/www/wp-content/data/80/ichiran_domestic/syakaijin_GR.pdf
shakaijin,グレコローマン,2013,55kg,吉田 剛,自衛隊,https://wrestling-spirits.jp/www/wp-content/data/80/ichiran_domestic/syakaijin_GR.pdf
shakaijin,グレコローマン,2013,60kg,清水 早伸,自衛隊,https://wrestling-spirits.jp/www/wp-content/data/80/ichiran_domestic/syakaijin_GR.pdf
shakaijin,グレコローマン,2013,66kg,泉 武志,愛媛県協会,https://wrestling-spirits.jp/www/wp-content/data/80/ichiran_domestic/syakaijin_GR.pdf
shakaijin,グレコローマン,2013,74kg,井上 智裕,兵庫県協会,https://wrestling-spirits.jp/www/wp-content/data/80/ichiran_domestic/syakaijin_GR.pdf
shakaijin,グレコローマン,2013,84kg,伊藤 諒,自衛隊,https://wrestling-spirits.jp/www/wp-content/data/80/ichiran_domestic/syakaijin_GR.pdf
shakaijin,グレコローマン,2013,96kg,林 龍之介,自衛隊,https://wrestling-spirits.jp/www/wp-content/data/80/ichiran_domestic/syakaijin_GR.pdf
shakaijin,グレコローマン,2013,120kg,谷田 昇大,和歌山県協会,https://wrestling-spirits.jp/www/wp-content/data/80/ichiran_domestic/syakaijin_GR.pdf
shakaijin,グレコローマン,2012,55kg,梶 雅晴,ドン・キホーテグループ,https://wrestling-spirits.jp/www/wp-content/data/80/ichiran_domestic/syakaijin_GR.pdf
shakaijin,グレコローマン,2012,60kg,佐々木 孝,自衛隊,https://wrestling-spirits.jp/www/wp-content/data/80/ichiran_domestic/syakaijin_GR.pdf
shakaijin,グレコローマン,2012,66kg,成瀬 一彦,岐阜県協会,https://wrestling-spirits.jp/www/wp-content/data/80/ichiran_domestic/syakaijin_GR.pdf
shakaijin,グレコローマン,2012,74kg,清水 博之,自衛隊,https://wrestling-spirits.jp/www/wp-content/data/80/ichiran_domestic/syakaijin_GR.pdf
shakaijin,グレコローマン,2012,84kg,鶴巻 宰,自衛隊,https://wrestling-spirits.jp/www/wp-content/data/80/ichiran_domestic/syakaijin_GR.pdf
shakaijin,グレコローマン,2012,96kg,山本 雄資,警視庁,https://wrestling-spirits.jp/www/wp-content/data/80/ichiran_domestic/syakaijin_GR.pdf
shakaijin,グレコローマン,2012,120kg,曽我部 健,日亜化学工業,https://wrestling-spirits.jp/www/wp-content/data/80/ichiran_domestic/syakaijin_GR.pdf
shakaijin,グレコローマン,2011,55kg,清水 早伸,自衛隊,https://wrestling-spirits.jp/www/wp-content/data/80/ichiran_domestic/syakaijin_GR.pdf
shakaijin,グレコローマン,2011,60kg,佐々木 孝,自衛隊,https://wrestling-spirits.jp/www/wp-content/data/80/ichiran_domestic/syakaijin_GR.pdf
shakaijin,グレコローマン,2011,66kg,倉本 一真,自衛隊,https://wrestling-spirits.jp/www/wp-content/data/80/ichiran_domestic/syakaijin_GR.pdf
shakaijin,グレコローマン,2011,74kg,葛西 直人,自衛隊,https://wrestling-spirits.jp/www/wp-content/data/80/ichiran_domestic/syakaijin_GR.pdf
shakaijin,グレコローマン,2011,84kg,角 功介,自衛隊,https://wrestling-spirits.jp/www/wp-content/data/80/ichiran_domestic/syakaijin_GR.pdf
shakaijin,グレコローマン,2011,96kg,伊藤 諒,自衛隊,https://wrestling-spirits.jp/www/wp-content/data/80/ichiran_domestic/syakaijin_GR.pdf
shakaijin,グレコローマン,2011,120kg,曽我部 健,日亜化学工業,https://wrestling-spirits.jp/www/wp-content/data/80/ichiran_domestic/syakaijin_GR.pdf
shakaijin,グレコローマン,2010,55kg,尾形 翼,山形ク,https://wrestling-spirits.jp/www/wp-content/data/80/ichiran_domestic/syakaijin_GR.pdf
shakaijin,グレコローマン,2010,60kg,城戸 義貴,自衛隊,https://wrestling-spirits.jp/www/wp-content/data/80/ichiran_domestic/syakaijin_GR.pdf
shakaijin,グレコローマン,2010,66kg,倉本 一真,自衛隊,https://wrestling-spirits.jp/www/wp-content/data/80/ichiran_domestic/syakaijin_GR.pdf
shakaijin,グレコローマン,2010,74kg,清水 博之,自衛隊,https://wrestling-spirits.jp/www/wp-content/data/80/ichiran_domestic/syakaijin_GR.pdf
shakaijin,グレコローマン,2010,84kg,角 功介,自衛隊,https://wrestling-spirits.jp/www/wp-content/data/80/ichiran_domestic/syakaijin_GR.pdf
shakaijin,グレコローマン,2010,96kg,福田 広樹,自衛隊,https://wrestling-spirits.jp/www/wp-content/data/80/ichiran_domestic/syakaijin_GR.pdf
shakaijin,グレコローマン,2010,120kg,曽我部 健,日亜化学工業,https://wrestling-spirits.jp/www/wp-content/data/80/ichiran_domestic/syakaijin_GR.pdf
shakaijin,グレコローマン,2009,55kg,清水 早伸,自衛隊,https://wrestling-spirits.jp/www/wp-content/data/80/ichiran_domestic/syakaijin_GR.pdf
shakaijin,グレコローマン,2009,60kg,城戸 義貴,自衛隊,https://wrestling-spirits.jp/www/wp-content/data/80/ichiran_domestic/syakaijin_GR.pdf
shakaijin,グレコローマン,2009,66kg,井澤 涼,自衛隊,https://wrestling-spirits.jp/www/wp-content/data/80/ichiran_domestic/syakaijin_GR.pdf
shakaijin,グレコローマン,2009,74kg,葛西 直人,自衛隊,https://wrestling-spirits.jp/www/wp-content/data/80/ichiran_domestic/syakaijin_GR.pdf
shakaijin,グレコローマン,2009,84kg,伊藤 諒,自衛隊,https://wrestling-spirits.jp/www/wp-content/data/80/ichiran_domestic/syakaijin_GR.pdf
shakaijin,グレコローマン,2009,96kg,森 保弘,三重・朝明高教,https://wrestling-spirits.jp/www/wp-content/data/80/ichiran_domestic/syakaijin_GR.pdf
shakaijin,グレコローマン,2009,120kg,曽我部 健,日亜化学工業,https://wrestling-spirits.jp/www/wp-content/data/80/ichiran_domestic/syakaijin_GR.pdf
shakaijin,グレコローマン,2008,55kg,平尾 清晴,新潟県協会,https://wrestling-spirits.jp/www/wp-content/data/80/ichiran_domestic/syakaijin_GR.pdf
shakaijin,グレコローマン,2008,60kg,堀 弘輔,自衛隊,https://wrestling-spirits.jp/www/wp-content/data/80/ichiran_domestic/syakaijin_GR.pdf
shakaijin,グレコローマン,2008,66kg,清水 博之,自衛隊,https://wrestling-spirits.jp/www/wp-content/data/80/ichiran_domestic/syakaijin_GR.pdf
shakaijin,グレコローマン,2008,74kg,角 功介,自衛隊,https://wrestling-spirits.jp/www/wp-content/data/80/ichiran_domestic/syakaijin_GR.pdf
shakaijin,グレコローマン,2008,84kg,太田充洋,大分・津久見高教,https://wrestling-spirits.jp/www/wp-content/data/80/ichiran_domestic/syakaijin_GR.pdf
shakaijin,グレコローマン,2008,96kg,長田 吉弘,自衛隊,https://wrestling-spirits.jp/www/wp-content/data/80/ichiran_domestic/syakaijin_GR.pdf
shakaijin,グレコローマン,2008,120kg,中本 将生,広島県協会,https://wrestling-spirits.jp/www/wp-content/data/80/ichiran_domestic/syakaijin_GR.pdf
shakaijin,グレコローマン,2007,55kg,長谷川 恒平,焼津福一,https://wrestling-spirits.jp/www/wp-content/data/80/ichiran_domestic/syakaijin_GR.pdf
shakaijin,グレコローマン,2007,60kg,武田 佑基,山口県協会,https://wrestling-spirits.jp/www/wp-content/data/80/ichiran_domestic/syakaijin_GR.pdf
shakaijin,グレコローマン,2007,66kg,下村 博,自衛隊,https://wrestling-spirits.jp/www/wp-content/data/80/ichiran_domestic/syakaijin_GR.pdf
shakaijin,グレコローマン,2007,74kg,藤村 義,自衛隊,https://wrestling-spirits.jp/www/wp-content/data/80/ichiran_domestic/syakaijin_GR.pdf
shakaijin,グレコローマン,2007,84kg,加納 篤,加納建築,https://wrestling-spirits.jp/www/wp-content/data/80/ichiran_domestic/syakaijin_GR.pdf
shakaijin,グレコローマン,2007,96kg,曽我部 健,徳島県協会,https://wrestling-spirits.jp/www/wp-content/data/80/ichiran_domestic/syakaijin_GR.pdf
shakaijin,グレコローマン,2007,120kg,沢田 直樹,徳山大職,https://wrestling-spirits.jp/www/wp-content/data/80/ichiran_domestic/syakaijin_GR.pdf
shakaijin,グレコローマン,2006,55kg,大津 卓睦,スターツ,https://wrestling-spirits.jp/www/wp-content/data/80/ichiran_domestic/syakaijin_GR.pdf
shakaijin,グレコローマン,2006,60kg,谷岡 泰幸,自衛隊,https://wrestling-spirits.jp/www/wp-content/data/80/ichiran_domestic/syakaijin_GR.pdf
shakaijin,グレコローマン,2006,66kg,下村 博,自衛隊,https://wrestling-spirits.jp/www/wp-content/data/80/ichiran_domestic/syakaijin_GR.pdf
shakaijin,グレコローマン,2006,74kg,後藤秀樹,日本文理大教,https://wrestling-spirits.jp/www/wp-content/data/80/ichiran_domestic/syakaijin_GR.pdf
shakaijin,グレコローマン,2006,84kg,太田 充洋,大分県協会,https://wrestling-spirits.jp/www/wp-content/data/80/ichiran_domestic/syakaijin_GR.pdf
shakaijin,グレコローマン,2006,96kg,曽我部 健,国士舘ク,https://wrestling-spirits.jp/www/wp-content/data/80/ichiran_domestic/syakaijin_GR.pdf
shakaijin,グレコローマン,2006,120kg,社藤 哲也,日体大OB,https://wrestling-spirits.jp/www/wp-content/data/80/ichiran_domestic/syakaijin_GR.pdf
shakaijin,グレコローマン,2005,55kg,村上 文清,自衛隊,https://wrestling-spirits.jp/www/wp-content/data/80/ichiran_domestic/syakaijin_GR.pdf
shakaijin,グレコローマン,2005,60kg,森山 振一郎,自衛隊,https://wrestling-spirits.jp/www/wp-content/data/80/ichiran_domestic/syakaijin_GR.pdf
shakaijin,グレコローマン,2005,66kg,伊藤 光,倉敷ク,https://wrestling-spirits.jp/www/wp-content/data/80/ichiran_domestic/syakaijin_GR.pdf
shakaijin,グレコローマン,2005,74kg,川向 敦支,自衛隊,https://wrestling-spirits.jp/www/wp-content/data/80/ichiran_domestic/syakaijin_GR.pdf
shakaijin,グレコローマン,2005,84kg,太田 充洋,大分県協会,https://wrestling-spirits.jp/www/wp-content/data/80/ichiran_domestic/syakaijin_GR.pdf
shakaijin,グレコローマン,2005,96kg,森 保弘,日体大OB,https://wrestling-spirits.jp/www/wp-content/data/80/ichiran_domestic/syakaijin_GR.pdf
shakaijin,グレコローマン,2005,120kg,伏平 学,倉敷ク,https://wrestling-spirits.jp/www/wp-content/data/80/ichiran_domestic/syakaijin_GR.pdf
shakaijin,グレコローマン,2004,55kg,藤田 康人,日体大ク,https://wrestling-spirits.jp/www/wp-content/data/80/ichiran_domestic/syakaijin_GR.pdf
shakaijin,グレコローマン,2004,60kg,平井 進吾,綜合警備保障,https://wrestling-spirits.jp/www/wp-content/data/80/ichiran_domestic/syakaijin_GR.pdf
shakaijin,グレコローマン,2004,66kg,綾田慎也,自衛隊,https://wrestling-spirits.jp/www/wp-content/data/80/ichiran_domestic/syakaijin_GR.pdf
shakaijin,グレコローマン,2004,74kg,川向 敦支,自衛隊,https://wrestling-spirits.jp/www/wp-content/data/80/ichiran_domestic/syakaijin_GR.pdf
shakaijin,グレコローマン,2004,84kg,加納 篤,恵峰学園教,https://wrestling-spirits.jp/www/wp-content/data/80/ichiran_domestic/syakaijin_GR.pdf
shakaijin,グレコローマン,2004,96kg,ハイドゥー・ホラシュー,日体大ク,https://wrestling-spirits.jp/www/wp-content/data/80/ichiran_domestic/syakaijin_GR.pdf
shakaijin,グレコローマン,2004,120kg,沢田 直樹,徳山大,https://wrestling-spirits.jp/www/wp-content/data/80/ichiran_domestic/syakaijin_GR.pdf
shakaijin,グレコローマン,2003,55kg,吉田 誠治,神奈川ク,https://wrestling-spirits.jp/www/wp-content/data/80/ichiran_domestic/syakaijin_GR.pdf
shakaijin,グレコローマン,2003,60kg,平井 進悟,綜合警備保障,https://wrestling-spirits.jp/www/wp-content/data/80/ichiran_domestic/syakaijin_GR.pdf
shakaijin,グレコローマン,2003,66kg,富谷 光雄,自衛隊,https://wrestling-spirits.jp/www/wp-content/data/80/ichiran_domestic/syakaijin_GR.pdf
shakaijin,グレコローマン,2003,74kg,菅 太一,警視庁,https://wrestling-spirits.jp/www/wp-content/data/80/ichiran_domestic/syakaijin_GR.pdf
shakaijin,グレコローマン,2003,84kg,永田 克彦,新日本プロレス職,https://wrestling-spirits.jp/www/wp-content/data/80/ichiran_domestic/syakaijin_GR.pdf
shakaijin,グレコローマン,2003,96kg,谷口 周平,自衛隊,https://wrestling-spirits.jp/www/wp-content/data/80/ichiran_domestic/syakaijin_GR.pdf
shakaijin,グレコローマン,2003,120kg,室谷 正憲,和歌山ク,https://wrestling-spirits.jp/www/wp-content/data/80/ichiran_domestic/syakaijin_GR.pdf
shakaijin,グレコローマン,2002,55kg,吉田 誠治,神奈川ク,https://wrestling-spirits.jp/www/wp-content/data/80/ichiran_domestic/syakaijin_GR.pdf
shakaijin,グレコローマン,2002,60kg,安原 隆,自衛隊,https://wrestling-spirits.jp/www/wp-content/data/80/ichiran_domestic/syakaijin_GR.pdf
shakaijin,グレコローマン,2002,66kg,笹本 睦,綜合警備保障,https://wrestling-spirits.jp/www/wp-content/data/80/ichiran_domestic/syakaijin_GR.pdf
shakaijin,グレコローマン,2002,74kg,大井 将憲,自衛隊,https://wrestling-spirits.jp/www/wp-content/data/80/ichiran_domestic/syakaijin_GR.pdf
shakaijin,グレコローマン,2002,84kg,加納 篤,恵峰学園教,https://wrestling-spirits.jp/www/wp-content/data/80/ichiran_domestic/syakaijin_GR.pdf
shakaijin,グレコローマン,2002,96kg,太田 宣明,自衛隊,https://wrestling-spirits.jp/www/wp-content/data/80/ichiran_domestic/syakaijin_GR.pdf
shakaijin,グレコローマン,2002,120kg,諏訪間 幸平,クリナップ,https://wrestling-spirits.jp/www/wp-content/data/80/ichiran_domestic/syakaijin_GR.pdf
shakaijin,グレコローマン,2001,54kg,吉田 誠治,神奈川ク,https://wrestling-spirits.jp/www/wp-content/data/80/ichiran_domestic/syakaijin_GR.pdf
shakaijin,グレコローマン,2001,58kg,清藤 利幸,自衛隊,https://wrestling-spirits.jp/www/wp-content/data/80/ichiran_domestic/syakaijin_GR.pdf
shakaijin,グレコローマン,2001,63kg,笹本 睦,綜合警備保障,https://wrestling-spirits.jp/www/wp-content/data/80/ichiran_domestic/syakaijin_GR.pdf
shakaijin,グレコローマン,2001,69kg,小川 明彦,自衛隊,https://wrestling-spirits.jp/www/wp-content/data/80/ichiran_domestic/syakaijin_GR.pdf
shakaijin,グレコローマン,2001,74kg,中村 征司,宮城電子工ク,https://wrestling-spirits.jp/www/wp-content/data/80/ichiran_domestic/syakaijin_GR.pdf
shakaijin,グレコローマン,2001,85kg,木下 英規,自衛隊,https://wrestling-spirits.jp/www/wp-content/data/80/ichiran_domestic/syakaijin_GR.pdf
shakaijin,グレコローマン,2001,97kg,太田 宣明,自衛隊,https://wrestling-spirits.jp/www/wp-content/data/80/ichiran_domestic/syakaijin_GR.pdf
shakaijin,グレコローマン,2001,130kg,室谷 正憲,和歌山ク,https://wrestling-spirits.jp/www/wp-content/data/80/ichiran_domestic/syakaijin_GR.pdf
shakaijin,グレコローマン,2000,54kg,安原 隆,自衛隊,https://wrestling-spirits.jp/www/wp-content/data/80/ichiran_domestic/syakaijin_GR.pdf
shakaijin,グレコローマン,2000,58kg,吉田 誠治,特別警備保障,https://wrestling-spirits.jp/www/wp-content/data/80/ichiran_domestic/syakaijin_GR.pdf
shakaijin,グレコローマン,2000,63kg,平井 満生,綜合警備保障,https://wrestling-spirits.jp/www/wp-content/data/80/ichiran_domestic/syakaijin_GR.pdf
shakaijin,グレコローマン,2000,69kg,久保 雅紀,宮越工芸,https://wrestling-spirits.jp/www/wp-content/data/80/ichiran_domestic/syakaijin_GR.pdf
shakaijin,グレコローマン,2000,74kg,伊藤 光伸,宮越工芸,https://wrestling-spirits.jp/www/wp-content/data/80/ichiran_domestic/syakaijin_GR.pdf
shakaijin,グレコローマン,2000,85kg,谷口 周平,自衛隊,https://wrestling-spirits.jp/www/wp-content/data/80/ichiran_domestic/syakaijin_GR.pdf
shakaijin,グレコローマン,2000,97kg,太田 浩史,青学大職,https://wrestling-spirits.jp/www/wp-content/data/80/ichiran_domestic/syakaijin_GR.pdf
shakaijin,グレコローマン,2000,130kg,鈴木 克彰,警視庁,https://wrestling-spirits.jp/www/wp-content/data/80/ichiran_domestic/syakaijin_GR.pdf
shakaijin,グレコローマン,1999,54kg,豊田 雅俊,警視庁,https://wrestling-spirits.jp/www/wp-content/data/80/ichiran_domestic/syakaijin_GR.pdf
shakaijin,グレコローマン,1999,58kg,西島 隆,高岡総合プール,https://wrestling-spirits.jp/www/wp-content/data/80/ichiran_domestic/syakaijin_GR.pdf
shakaijin,グレコローマン,1999,63kg,西田 哲人,自衛隊,https://wrestling-spirits.jp/www/wp-content/data/80/ichiran_domestic/syakaijin_GR.pdf
shakaijin,グレコローマン,1999,69kg,織山 昭仁,自衛隊,https://wrestling-spirits.jp/www/wp-content/data/80/ichiran_domestic/syakaijin_GR.pdf
shakaijin,グレコローマン,1999,74kg,伊藤 光伸,宮越工芸,https://wrestling-spirits.jp/www/wp-content/data/80/ichiran_domestic/syakaijin_GR.pdf
shakaijin,グレコローマン,1999,85kg,太田 浩史,青学大職,https://wrestling-spirits.jp/www/wp-content/data/80/ichiran_domestic/syakaijin_GR.pdf
shakaijin,グレコローマン,1999,97kg,篠崎 正二,自衛隊,https://wrestling-spirits.jp/www/wp-content/data/80/ichiran_domestic/syakaijin_GR.pdf
shakaijin,グレコローマン,1999,130kg,室谷 正憲,和歌山ク,https://wrestling-spirits.jp/www/wp-content/data/80/ichiran_domestic/syakaijin_GR.pdf
shakaijin,グレコローマン,1998,54kg,木村 浩二,海上自衛隊横須賀,https://wrestling-spirits.jp/www/wp-content/data/80/ichiran_domestic/syakaijin_GR.pdf
shakaijin,グレコローマン,1998,58kg,弓矢 完二,員弁ク,https://wrestling-spirits.jp/www/wp-content/data/80/ichiran_domestic/syakaijin_GR.pdf
shakaijin,グレコローマン,1998,63kg,西田 哲人,自衛隊,https://wrestling-spirits.jp/www/wp-content/data/80/ichiran_domestic/syakaijin_GR.pdf
shakaijin,グレコローマン,1998,69kg,斎藤 柔,自衛隊,https://wrestling-spirits.jp/www/wp-content/data/80/ichiran_domestic/syakaijin_GR.pdf
shakaijin,グレコローマン,1998,74kg,今村 浩之,クリナップ,https://wrestling-spirits.jp/www/wp-content/data/80/ichiran_domestic/syakaijin_GR.pdf
shakaijin,グレコローマン,1998,85kg,喜村 健作,熊本県ク,https://wrestling-spirits.jp/www/wp-content/data/80/ichiran_domestic/syakaijin_GR.pdf
shakaijin,グレコローマン,1998,97kg,瀬川 浩寿,警視庁,https://wrestling-spirits.jp/www/wp-content/data/80/ichiran_domestic/syakaijin_GR.pdf
shakaijin,グレコローマン,1998,130kg,篠崎 正二,自衛隊,https://wrestling-spirits.jp/www/wp-content/data/80/ichiran_domestic/syakaijin_GR.pdf
shakaijin,グレコローマン,1997,54kg,嘉戸 洋,国士舘ク,https://wrestling-spirits.jp/www/wp-content/data/80/ichiran_domestic/syakaijin_GR.pdf
shakaijin,グレコローマン,1997,58kg,桜井 正人,自衛隊,https://wrestling-spirits.jp/www/wp-content/data/80/ichiran_domestic/syakaijin_GR.pdf
shakaijin,グレコローマン,1997,63kg,花原 大介,警視庁,https://wrestling-spirits.jp/www/wp-content/data/80/ichiran_domestic/syakaijin_GR.pdf
shakaijin,グレコローマン,1997,69kg,宮本 健二,大津フィジカルクラブ,https://wrestling-spirits.jp/www/wp-content/data/80/ichiran_domestic/syakaijin_GR.pdf
shakaijin,グレコローマン,1997,74kg,渡辺 哲朗,グッドイヤーインターナショナル,https://wrestling-spirits.jp/www/wp-content/data/80/ichiran_domestic/syakaijin_GR.pdf
shakaijin,グレコローマン,1997,85kg,渡部 秀隆,田島町チビッ子ク,https://wrestling-spirits.jp/www/wp-content/data/80/ichiran_domestic/syakaijin_GR.pdf
shakaijin,グレコローマン,1997,97kg,馬渕 賢司,岐阜。長良養護学教,https://wrestling-spirits.jp/www/wp-content/data/80/ichiran_domestic/syakaijin_GR.pdf
shakaijin,グレコローマン,1997,125kg,瀬川 浩寿,警視庁,https://wrestling-spirits.jp/www/wp-content/data/80/ichiran_domestic/syakaijin_GR.pdf
shakaijin,グレコローマン,1996,48kg,森下 浩,和歌山ク,https://wrestling-spirits.jp/www/wp-content/data/80/ichiran_domestic/syakaijin_GR.pdf
shakaijin,グレコローマン,1996,52kg,尾白 賢治,和歌山ク,https://wrestling-spirits.jp/www/wp-content/data/80/ichiran_domestic/syakaijin_GR.pdf
shakaijin,グレコローマン,1996,57kg,桜井 正人,自衛隊,https://wrestling-spirits.jp/www/wp-content/data/80/ichiran_domestic/syakaijin_GR.pdf
shakaijin,グレコローマン,1996,62kg,元木 康年,自衛隊,https://wrestling-spirits.jp/www/wp-content/data/80/ichiran_domestic/syakaijin_GR.pdf
shakaijin,グレコローマン,1996,68kg,永田 克彦,警視庁,https://wrestling-spirits.jp/www/wp-content/data/80/ichiran_domestic/syakaijin_GR.pdf
shakaijin,グレコローマン,1996,74kg,今村 浩之,クリナップ,https://wrestling-spirits.jp/www/wp-content/data/80/ichiran_domestic/syakaijin_GR.pdf
shakaijin,グレコローマン,1996,82kg,喜村 健作,熊本県ク,https://wrestling-spirits.jp/www/wp-content/data/80/ichiran_domestic/syakaijin_GR.pdf
shakaijin,グレコローマン,1996,90kg,木下 英規,自衛隊,https://wrestling-spirits.jp/www/wp-content/data/80/ichiran_domestic/syakaijin_GR.pdf
shakaijin,グレコローマン,1996,100kg,吉田 幸司,福島・須賀川高教,https://wrestling-spirits.jp/www/wp-content/data/80/ichiran_domestic/syakaijin_GR.pdf
shakaijin,グレコローマン,1996,130kg,浜上 稔,福島・磐城農高教,https://wrestling-spirits.jp/www/wp-content/data/80/ichiran_domestic/syakaijin_GR.pdf
shakaijin,グレコローマン,1995,48kg,森下 浩,和歌山ク,https://wrestling-spirits.jp/www/wp-content/data/80/ichiran_domestic/syakaijin_GR.pdf
shakaijin,グレコローマン,1995,52kg,井口 摂,自衛隊,https://wrestling-spirits.jp/www/wp-content/data/80/ichiran_domestic/syakaijin_GR.pdf
shakaijin,グレコローマン,1995,57kg,藤本 雅志,徳島県協会,https://wrestling-spirits.jp/www/wp-content/data/80/ichiran_domestic/syakaijin_GR.pdf
shakaijin,グレコローマン,1995,62kg,桜井 正人,自衛隊,https://wrestling-spirits.jp/www/wp-content/data/80/ichiran_domestic/syakaijin_GR.pdf
shakaijin,グレコローマン,1995,68kg,吉本 収,神奈川県協会,https://wrestling-spirits.jp/www/wp-content/data/80/ichiran_domestic/syakaijin_GR.pdf
shakaijin,グレコローマン,1995,74kg,木村 好男,警視庁ク,https://wrestling-spirits.jp/www/wp-content/data/80/ichiran_domestic/syakaijin_GR.pdf
shakaijin,グレコローマン,1995,82kg,佐々木 秀幸,香川ク,https://wrestling-spirits.jp/www/wp-content/data/80/ichiran_domestic/syakaijin_GR.pdf
shakaijin,グレコローマン,1995,90kg,木下 英規,自衛隊,https://wrestling-spirits.jp/www/wp-content/data/80/ichiran_domestic/syakaijin_GR.pdf
shakaijin,グレコローマン,1995,100kg,川島 一則,クリナップ,https://wrestling-spirits.jp/www/wp-content/data/80/ichiran_domestic/syakaijin_GR.pdf
shakaijin,グレコローマン,1995,130kg,浜上 稔,福島県協会,https://wrestling-spirits.jp/www/wp-content/data/80/ichiran_domestic/syakaijin_GR.pdf
shakaijin,グレコローマン,1994,48kg,森下 浩,和歌山ク,https://wrestling-spirits.jp/www/wp-content/data/80/ichiran_domestic/syakaijin_GR.pdf
shakaijin,グレコローマン,1994,52kg,下村 保伸,福島・田島高教,https://wrestling-spirits.jp/www/wp-content/data/80/ichiran_domestic/syakaijin_GR.pdf
shakaijin,グレコローマン,1994,57kg,藤本 雅志,徳島県協会,https://wrestling-spirits.jp/www/wp-content/data/80/ichiran_domestic/syakaijin_GR.pdf
shakaijin,グレコローマン,1994,62kg,林 雄一,アトラス・ク,https://wrestling-spirits.jp/www/wp-content/data/80/ichiran_domestic/syakaijin_GR.pdf
shakaijin,グレコローマン,1994,68kg,木村 好男,警視庁,https://wrestling-spirits.jp/www/wp-content/data/80/ichiran_domestic/syakaijin_GR.pdf
shakaijin,グレコローマン,1994,74kg,今村 浩之,クリナップ,https://wrestling-spirits.jp/www/wp-content/data/80/ichiran_domestic/syakaijin_GR.pdf
shakaijin,グレコローマン,1994,82kg,小林 希,香川ク,https://wrestling-spirits.jp/www/wp-content/data/80/ichiran_domestic/syakaijin_GR.pdf
shakaijin,グレコローマン,1994,90kg,木下 英規,自衛隊,https://wrestling-spirits.jp/www/wp-content/data/80/ichiran_domestic/syakaijin_GR.pdf
shakaijin,グレコローマン,1994,100kg,梅田 誠幸,アイシン精機,https://wrestling-spirits.jp/www/wp-content/data/80/ichiran_domestic/syakaijin_GR.pdf
shakaijin,グレコローマン,1994,130kg,浜上 稔,福島県協会,https://wrestling-spirits.jp/www/wp-content/data/80/ichiran_domestic/syakaijin_GR.pdf
shakaijin,グレコローマン,1993,48kg,大城 正一,東洋紙業,https://wrestling-spirits.jp/www/wp-content/data/80/ichiran_domestic/syakaijin_GR.pdf
shakaijin,グレコローマン,1993,52kg,朝比奈 巌,アイシン精機,https://wrestling-spirits.jp/www/wp-content/data/80/ichiran_domestic/syakaijin_GR.pdf
shakaijin,グレコローマン,1993,57kg,藤本 雅志,徳島県協会,https://wrestling-spirits.jp/www/wp-content/data/80/ichiran_domestic/syakaijin_GR.pdf
shakaijin,グレコローマン,1993,62kg,出口 泰三,和歌山県協会,https://wrestling-spirits.jp/www/wp-content/data/80/ichiran_domestic/syakaijin_GR.pdf
shakaijin,グレコローマン,1993,68kg,木村 好男,警視庁,https://wrestling-spirits.jp/www/wp-content/data/80/ichiran_domestic/syakaijin_GR.pdf
shakaijin,グレコローマン,1993,74kg,今村 浩之,クリナップ,https://wrestling-spirits.jp/www/wp-content/data/80/ichiran_domestic/syakaijin_GR.pdf
shakaijin,グレコローマン,1993,82kg,佐々木 秀幸,香川ク,https://wrestling-spirits.jp/www/wp-content/data/80/ichiran_domestic/syakaijin_GR.pdf
shakaijin,グレコローマン,1993,90kg,岩渕 利則,警視庁,https://wrestling-spirits.jp/www/wp-content/data/80/ichiran_domestic/syakaijin_GR.pdf
shakaijin,グレコローマン,1993,100kg,野々村 孝,香川ク,https://wrestling-spirits.jp/www/wp-content/data/80/ichiran_domestic/syakaijin_GR.pdf
shakaijin,グレコローマン,1993,130kg,奈良 英則,警視庁,https://wrestling-spirits.jp/www/wp-content/data/80/ichiran_domestic/syakaijin_GR.pdf
shakaijin,グレコローマン,1992,48kg,加藤 欣央,石川県協会,https://wrestling-spirits.jp/www/wp-content/data/80/ichiran_domestic/syakaijin_GR.pdf
shakaijin,グレコローマン,1992,52kg,清水 光二,山形ク,https://wrestling-spirits.jp/www/wp-content/data/80/ichiran_domestic/syakaijin_GR.pdf
shakaijin,グレコローマン,1992,57kg,西見 健吉,自衛隊,https://wrestling-spirits.jp/www/wp-content/data/80/ichiran_domestic/syakaijin_GR.pdf
shakaijin,グレコローマン,1992,62kg,出口 泰三,和歌山ク,https://wrestling-spirits.jp/www/wp-content/data/80/ichiran_domestic/syakaijin_GR.pdf
shakaijin,グレコローマン,1992,68kg,吉田 実,自衛隊,https://wrestling-spirits.jp/www/wp-content/data/80/ichiran_domestic/syakaijin_GR.pdf
shakaijin,グレコローマン,1992,74kg,植村 久弥,鳥羽ク,https://wrestling-spirits.jp/www/wp-content/data/80/ichiran_domestic/syakaijin_GR.pdf
shakaijin,グレコローマン,1992,82kg,向井 孝博,ヤマサン,https://wrestling-spirits.jp/www/wp-content/data/80/ichiran_domestic/syakaijin_GR.pdf
shakaijin,グレコローマン,1992,90kg,東出 徹,奈良・高取高教,https://wrestling-spirits.jp/www/wp-content/data/80/ichiran_domestic/syakaijin_GR.pdf
shakaijin,グレコローマン,1992,100kg,山口 孝二,自衛隊,https://wrestling-spirits.jp/www/wp-content/data/80/ichiran_domestic/syakaijin_GR.pdf
shakaijin,グレコローマン,1992,130kg,奈良 英則,警視庁,https://wrestling-spirits.jp/www/wp-content/data/80/ichiran_domestic/syakaijin_GR.pdf
shakaijin,グレコローマン,1991,48kg,山本 晋也,北海道協会,https://wrestling-spirits.jp/www/wp-content/data/80/ichiran_domestic/syakaijin_GR.pdf
shakaijin,グレコローマン,1991,52kg,内 浩二,自衛隊,https://wrestling-spirits.jp/www/wp-content/data/80/ichiran_domestic/syakaijin_GR.pdf
shakaijin,グレコローマン,1991,57kg,福崎 道大,自衛隊,https://wrestling-spirits.jp/www/wp-content/data/80/ichiran_domestic/syakaijin_GR.pdf
shakaijin,グレコローマン,1991,62kg,出口 泰三,和歌山県協会,https://wrestling-spirits.jp/www/wp-content/data/80/ichiran_domestic/syakaijin_GR.pdf
shakaijin,グレコローマン,1991,68kg,麦島 誠二,自衛隊,https://wrestling-spirits.jp/www/wp-content/data/80/ichiran_domestic/syakaijin_GR.pdf
shakaijin,グレコローマン,1991,74kg,植村 久弥,三重・鳥羽高教,https://wrestling-spirits.jp/www/wp-content/data/80/ichiran_domestic/syakaijin_GR.pdf
shakaijin,グレコローマン,1991,82kg,向井 孝博,八田接骨院,https://wrestling-spirits.jp/www/wp-content/data/80/ichiran_domestic/syakaijin_GR.pdf
shakaijin,グレコローマン,1991,90kg,山口 孝二,自衛隊,https://wrestling-spirits.jp/www/wp-content/data/80/ichiran_domestic/syakaijin_GR.pdf
shakaijin,グレコローマン,1991,100kg,福辺 雅彦,奈良ク,https://wrestling-spirits.jp/www/wp-content/data/80/ichiran_domestic/syakaijin_GR.pdf
shakaijin,グレコローマン,1991,130kg,奈良 英則,警視庁,https://wrestling-spirits.jp/www/wp-content/data/80/ichiran_domestic/syakaijin_GR.pdf
shakaijin,グレコローマン,1990,48kg,丸山 祐司,自衛隊,https://wrestling-spirits.jp/www/wp-content/data/80/ichiran_domestic/syakaijin_GR.pdf
shakaijin,グレコローマン,1990,52kg,池崎 友和,自衛隊,https://wrestling-spirits.jp/www/wp-content/data/80/ichiran_domestic/syakaijin_GR.pdf
shakaijin,グレコローマン,1990,57kg,福崎 道大,自衛隊,https://wrestling-spirits.jp/www/wp-content/data/80/ichiran_domestic/syakaijin_GR.pdf
shakaijin,グレコローマン,1990,62kg,元木 康年,自衛隊,https://wrestling-spirits.jp/www/wp-content/data/80/ichiran_domestic/syakaijin_GR.pdf
shakaijin,グレコローマン,1990,68kg,木村 好男,警視庁,https://wrestling-spirits.jp/www/wp-content/data/80/ichiran_domestic/syakaijin_GR.pdf
shakaijin,グレコローマン,1990,74kg,三宅 靖志,東海商船,https://wrestling-spirits.jp/www/wp-content/data/80/ichiran_domestic/syakaijin_GR.pdf
shakaijin,グレコローマン,1990,82kg,得本 啓次,福岡ク,https://wrestling-spirits.jp/www/wp-content/data/80/ichiran_domestic/syakaijin_GR.pdf
shakaijin,グレコローマン,1990,90kg,田崎 光之,自衛隊,https://wrestling-spirits.jp/www/wp-content/data/80/ichiran_domestic/syakaijin_GR.pdf
shakaijin,グレコローマン,1990,100kg,福辺 雅彦,奈良県協会,https://wrestling-spirits.jp/www/wp-content/data/80/ichiran_domestic/syakaijin_GR.pdf
shakaijin,グレコローマン,1990,130kg,神子沢 健一,自衛隊,https://wrestling-spirits.jp/www/wp-content/data/80/ichiran_domestic/syakaijin_GR.pdf
shakaijin,グレコローマン,1989,48kg,菊地 喜郷,静岡ク,https://wrestling-spirits.jp/www/wp-content/data/80/ichiran_domestic/syakaijin_GR.pdf
shakaijin,グレコローマン,1989,52kg,佐々木 昌常,自衛隊,https://wrestling-spirits.jp/www/wp-content/data/80/ichiran_domestic/syakaijin_GR.pdf
shakaijin,グレコローマン,1989,57kg,西見 健吉,自衛隊,https://wrestling-spirits.jp/www/wp-content/data/80/ichiran_domestic/syakaijin_GR.pdf
shakaijin,グレコローマン,1989,62kg,出口 泰三,和歌山ク,https://wrestling-spirits.jp/www/wp-content/data/80/ichiran_domestic/syakaijin_GR.pdf
shakaijin,グレコローマン,1989,68kg,木村 好男,警視庁,https://wrestling-spirits.jp/www/wp-content/data/80/ichiran_domestic/syakaijin_GR.pdf
shakaijin,グレコローマン,1989,74kg,森 太郎,奈良ク,https://wrestling-spirits.jp/www/wp-content/data/80/ichiran_domestic/syakaijin_GR.pdf
shakaijin,グレコローマン,1989,82kg,渡部 秀隆,自衛隊,https://wrestling-spirits.jp/www/wp-content/data/80/ichiran_domestic/syakaijin_GR.pdf
shakaijin,グレコローマン,1989,90kg,山口 孝二,自衛隊,https://wrestling-spirits.jp/www/wp-content/data/80/ichiran_domestic/syakaijin_GR.pdf
shakaijin,グレコローマン,1989,100kg,福辺 雅彦,奈良ク,https://wrestling-spirits.jp/www/wp-content/data/80/ichiran_domestic/syakaijin_GR.pdf
shakaijin,グレコローマン,1989,130kg,神子沢 健一,自衛隊,https://wrestling-spirits.jp/www/wp-content/data/80/ichiran_domestic/syakaijin_GR.pdf
shakaijin,グレコローマン,1988,48kg,大橋 正教,山梨ク,https://wrestling-spirits.jp/www/wp-content/data/80/ichiran_domestic/syakaijin_GR.pdf
shakaijin,グレコローマン,1988,52kg,中森 昭平,警視庁,https://wrestling-spirits.jp/www/wp-content/data/80/ichiran_domestic/syakaijin_GR.pdf
shakaijin,グレコローマン,1988,57kg,西見 健吉,自衛隊,https://wrestling-spirits.jp/www/wp-content/data/80/ichiran_domestic/syakaijin_GR.pdf
shakaijin,グレコローマン,1988,62kg,吉田 実,自衛隊,https://wrestling-spirits.jp/www/wp-content/data/80/ichiran_domestic/syakaijin_GR.pdf
shakaijin,グレコローマン,1988,68kg,三宅 靖志,東海商船,https://wrestling-spirits.jp/www/wp-content/data/80/ichiran_domestic/syakaijin_GR.pdf
shakaijin,グレコローマン,1988,74kg,足立勝司,山梨ク,https://wrestling-spirits.jp/www/wp-content/data/80/ichiran_domestic/syakaijin_GR.pdf
shakaijin,グレコローマン,1988,82kg,東出 明,峰山高教,https://wrestling-spirits.jp/www/wp-content/data/80/ichiran_domestic/syakaijin_GR.pdf
shakaijin,グレコローマン,1988,90kg,赤石 明雄,山梨ク,https://wrestling-spirits.jp/www/wp-content/data/80/ichiran_domestic/syakaijin_GR.pdf
shakaijin,グレコローマン,1988,100kg,近藤 務,自衛隊,https://wrestling-spirits.jp/www/wp-content/data/80/ichiran_domestic/syakaijin_GR.pdf
shakaijin,グレコローマン,1988,130kg,神子沢 健一,自衛隊,https://wrestling-spirits.jp/www/wp-content/data/80/ichiran_domestic/syakaijin_GR.pdf
shakaijin,グレコローマン,1987,48kg,大橋 正教,山梨ク,https://wrestling-spirits.jp/www/wp-content/data/80/ichiran_domestic/syakaijin_GR.pdf
shakaijin,グレコローマン,1987,52kg,一色 啓雅,和歌山県協会,https://wrestling-spirits.jp/www/wp-content/data/80/ichiran_domestic/syakaijin_GR.pdf
shakaijin,グレコローマン,1987,57kg,河本 勲,自衛隊,https://wrestling-spirits.jp/www/wp-content/data/80/ichiran_domestic/syakaijin_GR.pdf
shakaijin,グレコローマン,1987,62kg,大城 利幸,自衛隊,https://wrestling-spirits.jp/www/wp-content/data/80/ichiran_domestic/syakaijin_GR.pdf
shakaijin,グレコローマン,1987,74kg,湯浅邦茂,山梨ク,https://wrestling-spirits.jp/www/wp-content/data/80/ichiran_domestic/syakaijin_GR.pdf
shakaijin,グレコローマン,1987,82kg,屋比久 保,沖縄県協会,https://wrestling-spirits.jp/www/wp-content/data/80/ichiran_domestic/syakaijin_GR.pdf
shakaijin,グレコローマン,1987,90kg,東出 徹,奈良ク,https://wrestling-spirits.jp/www/wp-content/data/80/ichiran_domestic/syakaijin_GR.pdf
shakaijin,グレコローマン,1987,100kg,福辺 雅彦,奈良ク,https://wrestling-spirits.jp/www/wp-content/data/80/ichiran_domestic/syakaijin_GR.pdf
shakaijin,グレコローマン,1987,130kg,神子沢 健一,自衛隊,https://wrestling-spirits.jp/www/wp-content/data/80/ichiran_domestic/syakaijin_GR.pdf
shakaijin,グレコローマン,1986,52kg,一色 啓雅,和歌山県協会,https://wrestling-spirits.jp/www/wp-content/data/80/ichiran_domestic/syakaijin_GR.pdf
shakaijin,グレコローマン,1986,57kg,黒飛 健,自衛隊,https://wrestling-spirits.jp/www/wp-content/data/80/ichiran_domestic/syakaijin_GR.pdf
shakaijin,グレコローマン,1986,62kg,大城 利幸,自衛隊,https://wrestling-spirits.jp/www/wp-content/data/80/ichiran_domestic/syakaijin_GR.pdf
shakaijin,グレコローマン,1986,74kg,伊藤広道,自衛隊,https://wrestling-spirits.jp/www/wp-content/data/80/ichiran_domestic/syakaijin_GR.pdf
shakaijin,グレコローマン,1986,82kg,屋比久 保,沖縄県協会,https://wrestling-spirits.jp/www/wp-content/data/80/ichiran_domestic/syakaijin_GR.pdf
shakaijin,グレコローマン,1986,90kg,東出 徹,奈良ク,https://wrestling-spirits.jp/www/wp-content/data/80/ichiran_domestic/syakaijin_GR.pdf
shakaijin,グレコローマン,1986,100kg,近藤 務,自衛隊,https://wrestling-spirits.jp/www/wp-content/data/80/ichiran_domestic/syakaijin_GR.pdf
shakaijin,グレコローマン,1986,130kg,藤森 安一,警視庁,https://wrestling-spirits.jp/www/wp-content/data/80/ichiran_domestic/syakaijin_GR.pdf
shakaijin,グレコローマン,1985,48kg,蝦名 康一,自衛隊,https://wrestling-spirits.jp/www/wp-content/data/80/ichiran_domestic/syakaijin_GR.pdf
shakaijin,グレコローマン,1985,52kg,一色 啓雅,和歌山ク,https://wrestling-spirits.jp/www/wp-content/data/80/ichiran_domestic/syakaijin_GR.pdf
shakaijin,グレコローマン,1985,57kg,大城 利幸,自衛隊,https://wrestling-spirits.jp/www/wp-content/data/80/ichiran_domestic/syakaijin_GR.pdf
shakaijin,グレコローマン,1985,62kg,栄 和人,奈良ク,https://wrestling-spirits.jp/www/wp-content/data/80/ichiran_domestic/syakaijin_GR.pdf
shakaijin,グレコローマン,1985,68kg,大久保 康裕,自衛隊,https://wrestling-spirits.jp/www/wp-content/data/80/ichiran_domestic/syakaijin_GR.pdf
shakaijin,グレコローマン,1985,74kg,中島則行,長野ク,https://wrestling-spirits.jp/www/wp-content/data/80/ichiran_domestic/syakaijin_GR.pdf
shakaijin,グレコローマン,1985,82kg,堅立 保文,自衛隊,https://wrestling-spirits.jp/www/wp-content/data/80/ichiran_domestic/syakaijin_GR.pdf
shakaijin,グレコローマン,1985,90kg,森山 泰年,自衛隊,https://wrestling-spirits.jp/www/wp-content/data/80/ichiran_domestic/syakaijin_GR.pdf
shakaijin,グレコローマン,1985,100kg,藤森 安一,警視庁,https://wrestling-spirits.jp/www/wp-content/data/80/ichiran_domestic/syakaijin_GR.pdf
shakaijin,グレコローマン,1985,130kg,大川 浩一,警視庁,https://wrestling-spirits.jp/www/wp-content/data/80/ichiran_domestic/syakaijin_GR.pdf
shakaijin,グレコローマン,1984,48kg,蝦名 康一,自衛隊,https://wrestling-spirits.jp/www/wp-content/data/80/ichiran_domestic/syakaijin_GR.pdf
shakaijin,グレコローマン,1984,52kg,大川 秀和,奈良ク,https://wrestling-spirits.jp/www/wp-content/data/80/ichiran_domestic/syakaijin_GR.pdf
shakaijin,グレコローマン,1984,57kg,大城 利幸,自衛隊,https://wrestling-spirits.jp/www/wp-content/data/80/ichiran_domestic/syakaijin_GR.pdf
shakaijin,グレコローマン,1984,62kg,飛田 達也,自衛隊,https://wrestling-spirits.jp/www/wp-content/data/80/ichiran_domestic/syakaijin_GR.pdf
shakaijin,グレコローマン,1984,68kg,作田 勝広,自衛隊,https://wrestling-spirits.jp/www/wp-content/data/80/ichiran_domestic/syakaijin_GR.pdf
shakaijin,グレコローマン,1984,74kg,伊藤広道,自衛隊,https://wrestling-spirits.jp/www/wp-content/data/80/ichiran_domestic/syakaijin_GR.pdf
shakaijin,グレコローマン,1984,82kg,福岡 浩二,富治商品,https://wrestling-spirits.jp/www/wp-content/data/80/ichiran_domestic/syakaijin_GR.pdf
shakaijin,グレコローマン,1984,90kg,東出 徹,奈良ク,https://wrestling-spirits.jp/www/wp-content/data/80/ichiran_domestic/syakaijin_GR.pdf
shakaijin,グレコローマン,1984,100kg,保坂 竹道,自衛隊,https://wrestling-spirits.jp/www/wp-content/data/80/ichiran_domestic/syakaijin_GR.pdf
shakaijin,グレコローマン,1984,100kg以上,秋山 安成,自衛隊,https://wrestling-spirits.jp/www/wp-content/data/80/ichiran_domestic/syakaijin_GR.pdf
shakaijin,グレコローマン,1983,48kg,佐々木 文和,松江四中教,https://wrestling-spirits.jp/www/wp-content/data/80/ichiran_domestic/syakaijin_GR.pdf
shakaijin,グレコローマン,1983,52kg,菊田 順宏,青森たかこう道場,https://wrestling-spirits.jp/www/wp-content/data/80/ichiran_domestic/syakaijin_GR.pdf
shakaijin,グレコローマン,1983,57kg,朝倉 利夫,国士大教,https://wrestling-spirits.jp/www/wp-content/data/80/ichiran_domestic/syakaijin_GR.pdf
shakaijin,グレコローマン,1983,62kg,江藤 正基,自衛隊,https://wrestling-spirits.jp/www/wp-content/data/80/ichiran_domestic/syakaijin_GR.pdf
shakaijin,グレコローマン,1983,68kg,山口 勝之,和歌山県教ク,https://wrestling-spirits.jp/www/wp-content/data/80/ichiran_domestic/syakaijin_GR.pdf
shakaijin,グレコローマン,1983,74kg,向井孝博,自衛隊,https://wrestling-spirits.jp/www/wp-content/data/80/ichiran_domestic/syakaijin_GR.pdf
shakaijin,グレコローマン,1983,82kg,森山 泰年,自衛隊,https://wrestling-spirits.jp/www/wp-content/data/80/ichiran_domestic/syakaijin_GR.pdf
shakaijin,グレコローマン,1983,90kg,今村 民夫,自衛隊,https://wrestling-spirits.jp/www/wp-content/data/80/ichiran_domestic/syakaijin_GR.pdf
shakaijin,グレコローマン,1983,100kg,保坂 竹道,北日本通商,https://wrestling-spirits.jp/www/wp-content/data/80/ichiran_domestic/syakaijin_GR.pdf
shakaijin,グレコローマン,1983,100kg以上,松永 清志,和歌山ク,https://wrestling-spirits.jp/www/wp-content/data/80/ichiran_domestic/syakaijin_GR.pdf
shakaijin,グレコローマン,1982,48kg,蝦名 康一,自衛隊,https://wrestling-spirits.jp/www/wp-content/data/80/ichiran_domestic/syakaijin_GR.pdf
shakaijin,グレコローマン,1982,52kg,福山 雄二,自衛隊,https://wrestling-spirits.jp/www/wp-content/data/80/ichiran_domestic/syakaijin_GR.pdf
shakaijin,グレコローマン,1982,57kg,宮原 厚次,自衛隊,https://wrestling-spirits.jp/www/wp-content/data/80/ichiran_domestic/syakaijin_GR.pdf
shakaijin,グレコローマン,1982,62kg,阿佐 雄二,自衛隊,https://wrestling-spirits.jp/www/wp-content/data/80/ichiran_domestic/syakaijin_GR.pdf
shakaijin,グレコローマン,1982,68kg,中島 光正,群馬県協会,https://wrestling-spirits.jp/www/wp-content/data/80/ichiran_domestic/syakaijin_GR.pdf
shakaijin,グレコローマン,1982,74kg,南 敏文,滋賀県体育館,https://wrestling-spirits.jp/www/wp-content/data/80/ichiran_domestic/syakaijin_GR.pdf
shakaijin,グレコローマン,1982,82kg,長島 偉之,栃ノ葉ク,https://wrestling-spirits.jp/www/wp-content/data/80/ichiran_domestic/syakaijin_GR.pdf
shakaijin,グレコローマン,1982,90kg,伊沢 厚,警視庁,https://wrestling-spirits.jp/www/wp-content/data/80/ichiran_domestic/syakaijin_GR.pdf
shakaijin,グレコローマン,1982,100kg,谷口 聖平,木口道場,https://wrestling-spirits.jp/www/wp-content/data/80/ichiran_domestic/syakaijin_GR.pdf
shakaijin,グレコローマン,1982,100kg以上,松永 清志,和歌山ク,https://wrestling-spirits.jp/www/wp-content/data/80/ichiran_domestic/syakaijin_GR.pdf
shakaijin,グレコローマン,1981,48kg,佐々木 文和,島根県協会,https://wrestling-spirits.jp/www/wp-content/data/80/ichiran_domestic/syakaijin_GR.pdf
shakaijin,グレコローマン,1981,52kg,宮原 厚次,自衛隊,https://wrestling-spirits.jp/www/wp-content/data/80/ichiran_domestic/syakaijin_GR.pdf
shakaijin,グレコローマン,1981,57kg,朝倉 利夫,国士大教,https://wrestling-spirits.jp/www/wp-content/data/80/ichiran_domestic/syakaijin_GR.pdf
shakaijin,グレコローマン,1981,62kg,阿佐 雄二,自衛隊,https://wrestling-spirits.jp/www/wp-content/data/80/ichiran_domestic/syakaijin_GR.pdf
shakaijin,グレコローマン,1981,68kg,山口 勝之,和歌山県教ク,https://wrestling-spirits.jp/www/wp-content/data/80/ichiran_domestic/syakaijin_GR.pdf
shakaijin,グレコローマン,1981,74kg,南 敏文,滋賀県体育館,https://wrestling-spirits.jp/www/wp-content/data/80/ichiran_domestic/syakaijin_GR.pdf
shakaijin,グレコローマン,1981,82kg,伊沢 厚,警視庁,https://wrestling-spirits.jp/www/wp-content/data/80/ichiran_domestic/syakaijin_GR.pdf
shakaijin,グレコローマン,1981,90kg,向井 孝博,自衛隊,https://wrestling-spirits.jp/www/wp-content/data/80/ichiran_domestic/syakaijin_GR.pdf
shakaijin,グレコローマン,1981,100kg,谷口 聖平,木口道場,https://wrestling-spirits.jp/www/wp-content/data/80/ichiran_domestic/syakaijin_GR.pdf
shakaijin,グレコローマン,1981,100kg以上,松永 清志,和歌山ク,https://wrestling-spirits.jp/www/wp-content/data/80/ichiran_domestic/syakaijin_GR.pdf
shakaijin,グレコローマン,1980,48kg,福山 雄二,自衛隊,https://wrestling-spirits.jp/www/wp-content/data/80/ichiran_domestic/syakaijin_GR.pdf
shakaijin,グレコローマン,1980,52kg,宮原 厚次,自衛隊,https://wrestling-spirits.jp/www/wp-content/data/80/ichiran_domestic/syakaijin_GR.pdf
shakaijin,グレコローマン,1980,57kg,阿佐 雄二,自衛隊,https://wrestling-spirits.jp/www/wp-content/data/80/ichiran_domestic/syakaijin_GR.pdf
shakaijin,グレコローマン,1980,62kg,藤田 勅,自衛隊,https://wrestling-spirits.jp/www/wp-content/data/80/ichiran_domestic/syakaijin_GR.pdf
shakaijin,グレコローマン,1980,68kg,山口 勝之,和歌山県教ク,https://wrestling-spirits.jp/www/wp-content/data/80/ichiran_domestic/syakaijin_GR.pdf
shakaijin,グレコローマン,1980,74kg,南 敏文,滋賀県体協,https://wrestling-spirits.jp/www/wp-content/data/80/ichiran_domestic/syakaijin_GR.pdf
shakaijin,グレコローマン,1980,82kg,長島 偉之,栃ノ葉ク,https://wrestling-spirits.jp/www/wp-content/data/80/ichiran_domestic/syakaijin_GR.pdf
shakaijin,グレコローマン,1980,90kg,伊沢 厚,警視庁,https://wrestling-spirits.jp/www/wp-content/data/80/ichiran_domestic/syakaijin_GR.pdf
shakaijin,グレコローマン,1980,100kg,藤森 安一,警視庁,https://wrestling-spirits.jp/www/wp-content/data/80/ichiran_domestic/syakaijin_GR.pdf
shakaijin,グレコローマン,1980,100kg以上,森 康哲,自衛隊,https://wrestling-spirits.jp/www/wp-content/data/80/ichiran_domestic/syakaijin_GR.pdf
shakaijin,グレコローマン,1979,48kg,宮原 厚次,自衛隊,https://wrestling-spirits.jp/www/wp-content/data/80/ichiran_domestic/syakaijin_GR.pdf
shakaijin,グレコローマン,1979,52kg,朝倉 利夫,国士大教,https://wrestling-spirits.jp/www/wp-content/data/80/ichiran_domestic/syakaijin_GR.pdf
shakaijin,グレコローマン,1979,57kg,円 大海,自衛隊,https://wrestling-spirits.jp/www/wp-content/data/80/ichiran_domestic/syakaijin_GR.pdf
shakaijin,グレコローマン,1979,62kg,杉野 浩吉,自衛隊,https://wrestling-spirits.jp/www/wp-content/data/80/ichiran_domestic/syakaijin_GR.pdf
shakaijin,グレコローマン,1979,68kg,西村 盛正,宮崎ク,https://wrestling-spirits.jp/www/wp-content/data/80/ichiran_domestic/syakaijin_GR.pdf
shakaijin,グレコローマン,1979,74kg,野口 次男,自衛隊,https://wrestling-spirits.jp/www/wp-content/data/80/ichiran_domestic/syakaijin_GR.pdf
shakaijin,グレコローマン,1979,82kg,長島 偉之,足利工高教,https://wrestling-spirits.jp/www/wp-content/data/80/ichiran_domestic/syakaijin_GR.pdf
shakaijin,グレコローマン,1979,90kg,今村 民夫,自衛隊,https://wrestling-spirits.jp/www/wp-content/data/80/ichiran_domestic/syakaijin_GR.pdf
shakaijin,グレコローマン,1979,100kg,藤森 安一,警視庁,https://wrestling-spirits.jp/www/wp-content/data/80/ichiran_domestic/syakaijin_GR.pdf
shakaijin,グレコローマン,1979,100kg以上,森 康哲,自衛隊,https://wrestling-spirits.jp/www/wp-content/data/80/ichiran_domestic/syakaijin_GR.pdf
shakaijin,グレコローマン,1978,48kg,純浦 文夫,アイシン精機,https://wrestling-spirits.jp/www/wp-content/data/80/ichiran_domestic/syakaijin_GR.pdf
shakaijin,グレコローマン,1978,52kg,宇野 勝彦,三重・桑名工高教,https://wrestling-spirits.jp/www/wp-content/data/80/ichiran_domestic/syakaijin_GR.pdf
shakaijin,グレコローマン,1978,57kg,円 大海,自衛隊,https://wrestling-spirits.jp/www/wp-content/data/80/ichiran_domestic/syakaijin_GR.pdf
shakaijin,グレコローマン,1978,62kg,上妻 貞雄,自衛隊,https://wrestling-spirits.jp/www/wp-content/data/80/ichiran_domestic/syakaijin_GR.pdf
shakaijin,グレコローマン,1978,68kg,西村 盛正,宮崎ク,https://wrestling-spirits.jp/www/wp-content/data/80/ichiran_domestic/syakaijin_GR.pdf
shakaijin,グレコローマン,1978,74kg,野口 次男,自衛隊,https://wrestling-spirits.jp/www/wp-content/data/80/ichiran_domestic/syakaijin_GR.pdf
shakaijin,グレコローマン,1978,82kg,伊沢 厚,警視庁,https://wrestling-spirits.jp/www/wp-content/data/80/ichiran_domestic/syakaijin_GR.pdf
shakaijin,グレコローマン,1978,100kg,吉田,八戸ク,https://wrestling-spirits.jp/www/wp-content/data/80/ichiran_domestic/syakaijin_GR.pdf
shakaijin,グレコローマン,1978,100kg以上,松永 清志,和歌山県武道館,https://wrestling-spirits.jp/www/wp-content/data/80/ichiran_domestic/syakaijin_GR.pdf
shakaijin,グレコローマン,1977,48kg,高村 勝義,三重県庁,https://wrestling-spirits.jp/www/wp-content/data/80/ichiran_domestic/syakaijin_GR.pdf
shakaijin,グレコローマン,1977,52kg,宇野 勝彦,三重・桑名工高教,https://wrestling-spirits.jp/www/wp-content/data/80/ichiran_domestic/syakaijin_GR.pdf
shakaijin,グレコローマン,1977,57kg,阿佐 雄二,自衛隊,https://wrestling-spirits.jp/www/wp-content/data/80/ichiran_domestic/syakaijin_GR.pdf
shakaijin,グレコローマン,1977,62kg,乙守 豊,アイシン精機,https://wrestling-spirits.jp/www/wp-content/data/80/ichiran_domestic/syakaijin_GR.pdf
shakaijin,グレコローマン,1977,68kg,平井 一十司,自衛隊,https://wrestling-spirits.jp/www/wp-content/data/80/ichiran_domestic/syakaijin_GR.pdf
shakaijin,グレコローマン,1977,74kg,野口 次男,自衛隊,https://wrestling-spirits.jp/www/wp-content/data/80/ichiran_domestic/syakaijin_GR.pdf
shakaijin,グレコローマン,1977,82kg,伊沢 厚,警視庁,https://wrestling-spirits.jp/www/wp-content/data/80/ichiran_domestic/syakaijin_GR.pdf
shakaijin,グレコローマン,1977,90kg,松木 信広,警視庁,https://wrestling-spirits.jp/www/wp-content/data/80/ichiran_domestic/syakaijin_GR.pdf
shakaijin,グレコローマン,1977,100kg以上,森 康哲,自衛隊,https://wrestling-spirits.jp/www/wp-content/data/80/ichiran_domestic/syakaijin_GR.pdf
shakaijin,グレコローマン,1976,48kg,高村 勝義,三重ク,https://wrestling-spirits.jp/www/wp-content/data/80/ichiran_domestic/syakaijin_GR.pdf
shakaijin,グレコローマン,1976,52kg,菊田 順宏,自衛隊,https://wrestling-spirits.jp/www/wp-content/data/80/ichiran_domestic/syakaijin_GR.pdf
shakaijin,グレコローマン,1976,57kg,円 大海,自衛隊,https://wrestling-spirits.jp/www/wp-content/data/80/ichiran_domestic/syakaijin_GR.pdf
shakaijin,グレコローマン,1976,62kg,乙守 豊,アイシン精機,https://wrestling-spirits.jp/www/wp-content/data/80/ichiran_domestic/syakaijin_GR.pdf
shakaijin,グレコローマン,1976,68kg,西村 盛正,羽沢ク,https://wrestling-spirits.jp/www/wp-content/data/80/ichiran_domestic/syakaijin_GR.pdf
shakaijin,グレコローマン,1976,74kg,園山 浩,木口道場,https://wrestling-spirits.jp/www/wp-content/data/80/ichiran_domestic/syakaijin_GR.pdf
shakaijin,グレコローマン,1976,82kg,今村 民夫,自衛隊,https://wrestling-spirits.jp/www/wp-content/data/80/ichiran_domestic/syakaijin_GR.pdf
shakaijin,グレコローマン,1976,90kg,畠山 仁美,三重ク,https://wrestling-spirits.jp/www/wp-content/data/80/ichiran_domestic/syakaijin_GR.pdf
shakaijin,グレコローマン,1975,48kg,高村 勝義,三重県庁,https://wrestling-spirits.jp/www/wp-content/data/80/ichiran_domestic/syakaijin_GR.pdf
shakaijin,グレコローマン,1975,52kg,宇野 勝彦,三重・桑名工高教,https://wrestling-spirits.jp/www/wp-content/data/80/ichiran_domestic/syakaijin_GR.pdf
shakaijin,グレコローマン,1975,57kg,吉田 栄勝,三重県庁,https://wrestling-spirits.jp/www/wp-content/data/80/ichiran_domestic/syakaijin_GR.pdf
shakaijin,グレコローマン,1975,62kg,平井 一十司,自衛隊,https://wrestling-spirits.jp/www/wp-content/data/80/ichiran_domestic/syakaijin_GR.pdf
shakaijin,グレコローマン,1975,68kg,高瀬 義郎,自衛隊,https://wrestling-spirits.jp/www/wp-content/data/80/ichiran_domestic/syakaijin_GR.pdf
shakaijin,グレコローマン,1975,74kg,長友 寧雄,警視庁,https://wrestling-spirits.jp/www/wp-content/data/80/ichiran_domestic/syakaijin_GR.pdf
shakaijin,グレコローマン,1975,82kg,伊沢 厚,警視庁,https://wrestling-spirits.jp/www/wp-content/data/80/ichiran_domestic/syakaijin_GR.pdf
shakaijin,グレコローマン,1975,90kg,藤田 芳弘,和歌山県教委,https://wrestling-spirits.jp/www/wp-content/data/80/ichiran_domestic/syakaijin_GR.pdf
shakaijin,グレコローマン,1975,100kg,秋山 安成,自衛隊,https://wrestling-spirits.jp/www/wp-content/data/80/ichiran_domestic/syakaijin_GR.pdf
shakaijin,グレコローマン,1974,48kg,高村 勝義,三重県庁,https://wrestling-spirits.jp/www/wp-content/data/80/ichiran_domestic/syakaijin_GR.pdf
shakaijin,グレコローマン,1974,52kg,石田 和春,小玉合名,https://wrestling-spirits.jp/www/wp-content/data/80/ichiran_domestic/syakaijin_GR.pdf
shakaijin,グレコローマン,1974,57kg,藤瀬 勝信,宇治山田高教,https://wrestling-spirits.jp/www/wp-content/data/80/ichiran_domestic/syakaijin_GR.pdf
shakaijin,グレコローマン,1974,62kg,高洲 恵三,自衛隊,https://wrestling-spirits.jp/www/wp-content/data/80/ichiran_domestic/syakaijin_GR.pdf
shakaijin,グレコローマン,1974,68kg,高田 直昭,和歌山県教委,https://wrestling-spirits.jp/www/wp-content/data/80/ichiran_domestic/syakaijin_GR.pdf
shakaijin,グレコローマン,1974,74kg,沖村 真五,警視庁,https://wrestling-spirits.jp/www/wp-content/data/80/ichiran_domestic/syakaijin_GR.pdf
shakaijin,グレコローマン,1974,82kg,茂木 優,秋商ク,https://wrestling-spirits.jp/www/wp-content/data/80/ichiran_domestic/syakaijin_GR.pdf
shakaijin,グレコローマン,1974,90kg,山口 勇雄,自衛隊,https://wrestling-spirits.jp/www/wp-content/data/80/ichiran_domestic/syakaijin_GR.pdf
shakaijin,グレコローマン,1974,100kg,谷 公市,和歌山県教委,https://wrestling-spirits.jp/www/wp-content/data/80/ichiran_domestic/syakaijin_GR.pdf
shakaijin,グレコローマン,1974,100kg以上,秋山 安成,自衛隊,https://wrestling-spirits.jp/www/wp-content/data/80/ichiran_domestic/syakaijin_GR.pdf
shakaijin,グレコローマン,1973,48kg,今野 隆三,丸紅,https://wrestling-spirits.jp/www/wp-content/data/80/ichiran_domestic/syakaijin_GR.pdf
shakaijin,グレコローマン,1973,52kg,石田 和春,小玉合名,https://wrestling-spirits.jp/www/wp-content/data/80/ichiran_domestic/syakaijin_GR.pdf
shakaijin,グレコローマン,1973,57kg,柴田 益美,木口道場,https://wrestling-spirits.jp/www/wp-content/data/80/ichiran_domestic/syakaijin_GR.pdf
shakaijin,グレコローマン,1973,62kg,斉藤 久雄,大阪協会,https://wrestling-spirits.jp/www/wp-content/data/80/ichiran_domestic/syakaijin_GR.pdf
shakaijin,グレコローマン,1973,68kg,小林 武,自衛隊,https://wrestling-spirits.jp/www/wp-content/data/80/ichiran_domestic/syakaijin_GR.pdf
shakaijin,グレコローマン,1973,74kg,松浪 健四郎,木口道場,https://wrestling-spirits.jp/www/wp-content/data/80/ichiran_domestic/syakaijin_GR.pdf
shakaijin,グレコローマン,1973,82kg,沖村 真五,警視庁,https://wrestling-spirits.jp/www/wp-content/data/80/ichiran_domestic/syakaijin_GR.pdf
shakaijin,グレコローマン,1973,90kg,三戸 豊治,警視庁,https://wrestling-spirits.jp/www/wp-content/data/80/ichiran_domestic/syakaijin_GR.pdf
shakaijin,グレコローマン,1973,100kg,秋山 安成,自衛隊,https://wrestling-spirits.jp/www/wp-content/data/80/ichiran_domestic/syakaijin_GR.pdf
shakaijin,グレコローマン,1972,48kg,山口 隆三,茨木大OB,https://wrestling-spirits.jp/www/wp-content/data/80/ichiran_domestic/syakaijin_GR.pdf
shakaijin,グレコローマン,1972,52kg,石田 和春,小玉合名,https://wrestling-spirits.jp/www/wp-content/data/80/ichiran_domestic/syakaijin_GR.pdf
shakaijin,グレコローマン,1972,57kg,杉山三朗,松阪ク,https://wrestling-spirits.jp/www/wp-content/data/80/ichiran_domestic/syakaijin_GR.pdf
shakaijin,グレコローマン,1972,62kg,児玉 和雄,和歌山ク,https://wrestling-spirits.jp/www/wp-content/data/80/ichiran_domestic/syakaijin_GR.pdf
shakaijin,グレコローマン,1972,68kg,平井 一十司,日大OB,https://wrestling-spirits.jp/www/wp-content/data/80/ichiran_domestic/syakaijin_GR.pdf
shakaijin,グレコローマン,1972,74kg,西村 盛正,日大OB,https://wrestling-spirits.jp/www/wp-content/data/80/ichiran_domestic/syakaijin_GR.pdf
shakaijin,グレコローマン,1972,82kg,松浪 健四郎,木口道場,https://wrestling-spirits.jp/www/wp-content/data/80/ichiran_domestic/syakaijin_GR.pdf
shakaijin,グレコローマン,1972,90kg,三戸 豊治,警視庁,https://wrestling-spirits.jp/www/wp-content/data/80/ichiran_domestic/syakaijin_GR.pdf
shakaijin,グレコローマン,1972,100kg,服部 勤,岐阜ク,https://wrestling-spirits.jp/www/wp-content/data/80/ichiran_domestic/syakaijin_GR.pdf
shakaijin,グレコローマン,1971,48kg,留岡 正明,自衛隊,https://wrestling-spirits.jp/www/wp-content/data/80/ichiran_domestic/syakaijin_GR.pdf
shakaijin,グレコローマン,1971,52kg,石田 和春,小玉合名,https://wrestling-spirits.jp/www/wp-content/data/80/ichiran_domestic/syakaijin_GR.pdf
shakaijin,グレコローマン,1971,57kg,沢内和興,斎藤道場,https://wrestling-spirits.jp/www/wp-content/data/80/ichiran_domestic/syakaijin_GR.pdf
shakaijin,グレコローマン,1971,62kg,大館 利美,斎藤道場,https://wrestling-spirits.jp/www/wp-content/data/80/ichiran_domestic/syakaijin_GR.pdf
shakaijin,グレコローマン,1971,68kg,荒川 明夫,自衛隊,https://wrestling-spirits.jp/www/wp-content/data/80/ichiran_domestic/syakaijin_GR.pdf
shakaijin,グレコローマン,1971,74kg,阿倍 安雄,東京カローラ,https://wrestling-spirits.jp/www/wp-content/data/80/ichiran_domestic/syakaijin_GR.pdf
shakaijin,グレコローマン,1971,82kg,伊藤 勝春,京浜土地,https://wrestling-spirits.jp/www/wp-content/data/80/ichiran_domestic/syakaijin_GR.pdf
shakaijin,グレコローマン,1971,90kg,三戸 豊治,警視庁,https://wrestling-spirits.jp/www/wp-content/data/80/ichiran_domestic/syakaijin_GR.pdf
shakaijin,グレコローマン,1971,100kg,山口 勇雄,自衛隊,https://wrestling-spirits.jp/www/wp-content/data/80/ichiran_domestic/syakaijin_GR.pdf
shakaijin,グレコローマン,1970,52kg,渡辺 正明,三和銀行,https://wrestling-spirits.jp/www/wp-content/data/80/ichiran_domestic/syakaijin_GR.pdf
shakaijin,グレコローマン,1970,57kg,沢内隆夫,新坂ヘルス・ク,https://wrestling-spirits.jp/www/wp-content/data/80/ichiran_domestic/syakaijin_GR.pdf
shakaijin,グレコローマン,1970,62kg,野田 秀彦,岐阜県協会,https://wrestling-spirits.jp/www/wp-content/data/80/ichiran_domestic/syakaijin_GR.pdf
shakaijin,グレコローマン,1970,68kg,加藤 隆三,和歌山県教委,https://wrestling-spirits.jp/www/wp-content/data/80/ichiran_domestic/syakaijin_GR.pdf
shakaijin,グレコローマン,1970,74kg,岡 唯勝,徳島・池田高教,https://wrestling-spirits.jp/www/wp-content/data/80/ichiran_domestic/syakaijin_GR.pdf
shakaijin,グレコローマン,1970,82kg,藤井 照雄,群上紡績,https://wrestling-spirits.jp/www/wp-content/data/80/ichiran_domestic/syakaijin_GR.pdf
shakaijin,グレコローマン,1970,90kg,三戸 豊治,警視庁,https://wrestling-spirits.jp/www/wp-content/data/80/ichiran_domestic/syakaijin_GR.pdf
shakaijin,グレコローマン,1969,48kg,水島,垂水中教,https://wrestling-spirits.jp/www/wp-content/data/80/ichiran_domestic/syakaijin_GR.pdf
shakaijin,グレコローマン,1969,52kg,田中 操,自衛隊,https://wrestling-spirits.jp/www/wp-content/data/80/ichiran_domestic/syakaijin_GR.pdf
shakaijin,グレコローマン,1969,57kg,杉山 三郎,松阪工高教,https://wrestling-spirits.jp/www/wp-content/data/80/ichiran_domestic/syakaijin_GR.pdf
shakaijin,グレコローマン,1969,62kg,岩室 好純,中野ク,https://wrestling-spirits.jp/www/wp-content/data/80/ichiran_domestic/syakaijin_GR.pdf
shakaijin,グレコローマン,1969,68kg,渋谷周一,警視庁,https://wrestling-spirits.jp/www/wp-content/data/80/ichiran_domestic/syakaijin_GR.pdf
shakaijin,グレコローマン,1969,74kg,出河 満男,自衛隊,https://wrestling-spirits.jp/www/wp-content/data/80/ichiran_domestic/syakaijin_GR.pdf
shakaijin,グレコローマン,1969,82kg,藤井 照雄,群上紡績,https://wrestling-spirits.jp/www/wp-content/data/80/ichiran_domestic/syakaijin_GR.pdf
shakaijin,グレコローマン,1969,90kg,国安 尚之,自衛隊,https://wrestling-spirits.jp/www/wp-content/data/80/ichiran_domestic/syakaijin_GR.pdf
shakaijin,グレコローマン,1969,100kg,山口 勇雄,自衛隊,https://wrestling-spirits.jp/www/wp-content/data/80/ichiran_domestic/syakaijin_GR.pdf
shakaijin,グレコローマン,1968,ウエルター級,桜井 藤雄,自衛隊,https://wrestling-spirits.jp/www/wp-content/data/80/ichiran_domestic/syakaijin_GR.pdf
shakaijin,グレコローマン,1968,バンタム級,藤浦,大阪プール学院,https://wrestling-spirits.jp/www/wp-content/data/80/ichiran_domestic/syakaijin_GR.pdf
shakaijin,グレコローマン,1968,フェザー級,岩室 好純,日本スタミノン,https://wrestling-spirits.jp/www/wp-content/data/80/ichiran_domestic/syakaijin_GR.pdf
shakaijin,グレコローマン,1968,ヘビー級,山口 勇雄,自衛隊,https://wrestling-spirits.jp/www/wp-content/data/80/ichiran_domestic/syakaijin_GR.pdf
shakaijin,グレコローマン,1968,ミドル級,藤井 照雄,群上紡績,https://wrestling-spirits.jp/www/wp-content/data/80/ichiran_domestic/syakaijin_GR.pdf
shakaijin,グレコローマン,1968,ライトヘビー級,小島,小泉ク,https://wrestling-spirits.jp/www/wp-content/data/80/ichiran_domestic/syakaijin_GR.pdf
shakaijin,グレコローマン,1968,ライト級,高橋,和歌山県教委,https://wrestling-spirits.jp/www/wp-content/data/80/ichiran_domestic/syakaijin_GR.pdf
shakaijin,グレコローマン,1967,ウエルター級,阿倍,東京パブリカ,https://wrestling-spirits.jp/www/wp-content/data/80/ichiran_domestic/syakaijin_GR.pdf
shakaijin,グレコローマン,1967,バンタム級,池内,ヘルスクラブ,https://wrestling-spirits.jp/www/wp-content/data/80/ichiran_domestic/syakaijin_GR.pdf
shakaijin,グレコローマン,1967,フェザー級,岩室 好純,日本スタミノン,https://wrestling-spirits.jp/www/wp-content/data/80/ichiran_domestic/syakaijin_GR.pdf
shakaijin,グレコローマン,1967,フライ級,平山 紘一郎,自衛隊,https://wrestling-spirits.jp/www/wp-content/data/80/ichiran_domestic/syakaijin_GR.pdf
shakaijin,グレコローマン,1967,ヘビー級,佐藤,高崎クラブ,https://wrestling-spirits.jp/www/wp-content/data/80/ichiran_domestic/syakaijin_GR.pdf
shakaijin,グレコローマン,1967,ミドル級,長尾 猛司,自衛隊,https://wrestling-spirits.jp/www/wp-content/data/80/ichiran_domestic/syakaijin_GR.pdf
shakaijin,グレコローマン,1967,ライト級,桜井 藤雄,自衛隊,https://wrestling-spirits.jp/www/wp-content/data/80/ichiran_domestic/syakaijin_GR.pdf
shakaijin,女子,2026,50kg,伊藤 海,フォーデイズ,https://wrestling-spirits.jp/www/wp-content/data/80/ichiran_domestic/syakaijin_Fe.pdf
shakaijin,女子,2026,53kg,吉元玲美那,KeePer技研,https://wrestling-spirits.jp/www/wp-content/data/80/ichiran_domestic/syakaijin_Fe.pdf
shakaijin,女子,2026,55kg,村山春菜,自衛隊,https://wrestling-spirits.jp/www/wp-content/data/80/ichiran_domestic/syakaijin_Fe.pdf
shakaijin,女子,2026,57kg,志土地真優,ジェイテクト,https://wrestling-spirits.jp/www/wp-content/data/80/ichiran_domestic/syakaijin_Fe.pdf
shakaijin,女子,2026,59kg,南條早映,自衛隊,https://wrestling-spirits.jp/www/wp-content/data/80/ichiran_domestic/syakaijin_Fe.pdf
shakaijin,女子,2026,62kg,類家直美,青森県競技力向上,https://wrestling-spirits.jp/www/wp-content/data/80/ichiran_domestic/syakaijin_Fe.pdf
shakaijin,女子,2026,65kg,榎本美鈴,自衛隊,https://wrestling-spirits.jp/www/wp-content/data/80/ichiran_domestic/syakaijin_Fe.pdf
shakaijin,女子,2026,68kg,古市雅子,自衛隊,https://wrestling-spirits.jp/www/wp-content/data/80/ichiran_domestic/syakaijin_Fe.pdf
shakaijin,女子,2026,72kg,吉武まひろ,長崎県協会,https://wrestling-spirits.jp/www/wp-content/data/80/ichiran_domestic/syakaijin_Fe.pdf
shakaijin,女子,2026,76kg,松雪泰葉,ジェイテクト,https://wrestling-spirits.jp/www/wp-content/data/80/ichiran_domestic/syakaijin_Fe.pdf
shakaijin,女子,2025,50kg,米原実穂,ケアサポート,https://wrestling-spirits.jp/www/wp-content/data/80/ichiran_domestic/syakaijin_Fe.pdf
shakaijin,女子,2025,53kg,村山春菜,自衛隊,https://wrestling-spirits.jp/www/wp-content/data/80/ichiran_domestic/syakaijin_Fe.pdf
shakaijin,女子,2025,55kg,中村成実,法政クラブ,https://wrestling-spirits.jp/www/wp-content/data/80/ichiran_domestic/syakaijin_Fe.pdf
shakaijin,女子,2025,57kg,小野こなみ,日体大,https://wrestling-spirits.jp/www/wp-content/data/80/ichiran_domestic/syakaijin_Fe.pdf
shakaijin,女子,2025,59kg,德原姫花,自衛隊,https://wrestling-spirits.jp/www/wp-content/data/80/ichiran_domestic/syakaijin_Fe.pdf
shakaijin,女子,2025,62kg,稲垣柚香,自衛隊,https://wrestling-spirits.jp/www/wp-content/data/80/ichiran_domestic/syakaijin_Fe.pdf
shakaijin,女子,2025,65kg,榎本美鈴,自衛隊,https://wrestling-spirits.jp/www/wp-content/data/80/ichiran_domestic/syakaijin_Fe.pdf
shakaijin,女子,2025,72kg,吉武まひろ,長崎県協会,https://wrestling-spirits.jp/www/wp-content/data/80/ichiran_domestic/syakaijin_Fe.pdf
shakaijin,女子,2025,76kg,山本和佳,東新住建,https://wrestling-spirits.jp/www/wp-content/data/80/ichiran_domestic/syakaijin_Fe.pdf
shakaijin,女子,2024,50kg,櫻井はなの,育英大,https://wrestling-spirits.jp/www/wp-content/data/80/ichiran_domestic/syakaijin_Fe.pdf
shakaijin,女子,2024,53kg,中村成実,法大,https://wrestling-spirits.jp/www/wp-content/data/80/ichiran_domestic/syakaijin_Fe.pdf
shakaijin,女子,2024,55kg,佐々木花恋,安部学院コーチ,https://wrestling-spirits.jp/www/wp-content/data/80/ichiran_domestic/syakaijin_Fe.pdf
shakaijin,女子,2024,57kg,村山春菜,自衛隊,https://wrestling-spirits.jp/www/wp-content/data/80/ichiran_domestic/syakaijin_Fe.pdf
shakaijin,女子,2024,59kg,永本聖奈,アイシン,https://wrestling-spirits.jp/www/wp-content/data/80/ichiran_domestic/syakaijin_Fe.pdf
shakaijin,女子,2024,62kg,類家直美,レスター,https://wrestling-spirits.jp/www/wp-content/data/80/ichiran_domestic/syakaijin_Fe.pdf
shakaijin,女子,2024,65kg,榎本美鈴,自衛隊,https://wrestling-spirits.jp/www/wp-content/data/80/ichiran_domestic/syakaijin_Fe.pdf
shakaijin,女子,2024,68kg,石井亜海,育英大,https://wrestling-spirits.jp/www/wp-content/data/80/ichiran_domestic/syakaijin_Fe.pdf
shakaijin,女子,2024,72kg,藤倉優花,育英大,https://wrestling-spirits.jp/www/wp-content/data/80/ichiran_domestic/syakaijin_Fe.pdf
shakaijin,女子,2024,76kg,松雪泰葉,ジェイテクト,https://wrestling-spirits.jp/www/wp-content/data/80/ichiran_domestic/syakaijin_Fe.pdf
shakaijin,女子,2023,50kg,櫻井はなの,育英大,https://wrestling-spirits.jp/www/wp-content/data/80/ichiran_domestic/syakaijin_Fe.pdf
shakaijin,女子,2023,53kg,原田 渚,育英大,https://wrestling-spirits.jp/www/wp-content/data/80/ichiran_domestic/syakaijin_Fe.pdf
shakaijin,女子,2023,55kg,片岡梨乃,早大,https://wrestling-spirits.jp/www/wp-content/data/80/ichiran_domestic/syakaijin_Fe.pdf
shakaijin,女子,2023,57kg,中村成実,法大,https://wrestling-spirits.jp/www/wp-content/data/80/ichiran_domestic/syakaijin_Fe.pdf
shakaijin,女子,2023,59kg,德原姫花,自衛隊,https://wrestling-spirits.jp/www/wp-content/data/80/ichiran_domestic/syakaijin_Fe.pdf
shakaijin,女子,2023,62kg,榎本美鈴,自衛隊,https://wrestling-spirits.jp/www/wp-content/data/80/ichiran_domestic/syakaijin_Fe.pdf
shakaijin,女子,2023,65kg,平井かえで,育英大,https://wrestling-spirits.jp/www/wp-content/data/80/ichiran_domestic/syakaijin_Fe.pdf
shakaijin,女子,2023,68kg,吉川海優,自衛隊,https://wrestling-spirits.jp/www/wp-content/data/80/ichiran_domestic/syakaijin_Fe.pdf
shakaijin,女子,2023,72kg,進藤芽伊,クリナップ,https://wrestling-spirits.jp/www/wp-content/data/80/ichiran_domestic/syakaijin_Fe.pdf
shakaijin,女子,2023,76kg,宮田 楓,南九州大,https://wrestling-spirits.jp/www/wp-content/data/80/ichiran_domestic/syakaijin_Fe.pdf
shakaijin,女子,2022,50kg,田中ゆき,佐賀県スポーツ協会,https://wrestling-spirits.jp/www/wp-content/data/80/ichiran_domestic/syakaijin_Fe.pdf
shakaijin,女子,2022,53kg,下野佑実,育英大,https://wrestling-spirits.jp/www/wp-content/data/80/ichiran_domestic/syakaijin_Fe.pdf
shakaijin,女子,2022,55kg,奥野春菜,自衛隊,https://wrestling-spirits.jp/www/wp-content/data/80/ichiran_domestic/syakaijin_Fe.pdf
shakaijin,女子,2022,57kg,菊田 花,法大,https://wrestling-spirits.jp/www/wp-content/data/80/ichiran_domestic/syakaijin_Fe.pdf
shakaijin,女子,2022,59kg,德原姫花,自衛隊,https://wrestling-spirits.jp/www/wp-content/data/80/ichiran_domestic/syakaijin_Fe.pdf
shakaijin,女子,2022,62kg,坂野結衣,警視庁クラブ,https://wrestling-spirits.jp/www/wp-content/data/80/ichiran_domestic/syakaijin_Fe.pdf
shakaijin,女子,2022,65kg,源平彩南,アイシン,https://wrestling-spirits.jp/www/wp-content/data/80/ichiran_domestic/syakaijin_Fe.pdf
shakaijin,女子,2022,68kg,髙田ここな,日体大,https://wrestling-spirits.jp/www/wp-content/data/80/ichiran_domestic/syakaijin_Fe.pdf
shakaijin,女子,2022,72kg,大関永優美,日大,https://wrestling-spirits.jp/www/wp-content/data/80/ichiran_domestic/syakaijin_Fe.pdf
shakaijin,女子,2019,50kg,五十嵐未帆,NSSU KASHIWA,https://wrestling-spirits.jp/www/wp-content/data/80/ichiran_domestic/syakaijin_Fe.pdf
shakaijin,女子,2019,53kg,小坂歩未,法大,https://wrestling-spirits.jp/www/wp-content/data/80/ichiran_domestic/syakaijin_Fe.pdf
shakaijin,女子,2019,55kg,矢後佑華,警視庁クラブ,https://wrestling-spirits.jp/www/wp-content/data/80/ichiran_domestic/syakaijin_Fe.pdf
shakaijin,女子,2019,57kg,太田若那,東洋大,https://wrestling-spirits.jp/www/wp-content/data/80/ichiran_domestic/syakaijin_Fe.pdf
shakaijin,女子,2019,59kg,今 佑海,鹿児島県協会,https://wrestling-spirits.jp/www/wp-content/data/80/ichiran_domestic/syakaijin_Fe.pdf
shakaijin,女子,2019,62kg,坂野結衣,警視庁クラブ,https://wrestling-spirits.jp/www/wp-content/data/80/ichiran_domestic/syakaijin_Fe.pdf
shakaijin,女子,2019,65kg,榎本美鈴,環太平洋大,https://wrestling-spirits.jp/www/wp-content/data/80/ichiran_domestic/syakaijin_Fe.pdf
shakaijin,女子,2019,72kg,丸山栞和,日体大,https://wrestling-spirits.jp/www/wp-content/data/80/ichiran_domestic/syakaijin_Fe.pdf
shakaijin,女子,2019,76kg,阿部梨乃,自衛隊,https://wrestling-spirits.jp/www/wp-content/data/80/ichiran_domestic/syakaijin_Fe.pdf
shakaijin,女子,2018,50kg,澤田千優,青山学院大,https://wrestling-spirits.jp/www/wp-content/data/80/ichiran_domestic/syakaijin_Fe.pdf
shakaijin,女子,2018,53kg,入江ななみ,福井県協会,https://wrestling-spirits.jp/www/wp-content/data/80/ichiran_domestic/syakaijin_Fe.pdf
shakaijin,女子,2018,55kg,矢後佑華,警視庁クラブ,https://wrestling-spirits.jp/www/wp-content/data/80/ichiran_domestic/syakaijin_Fe.pdf
shakaijin,女子,2018,57kg,田南部夢叶,日体大,https://wrestling-spirits.jp/www/wp-content/data/80/ichiran_domestic/syakaijin_Fe.pdf
shakaijin,女子,2018,59kg,岩澤希羽,至学館大,https://wrestling-spirits.jp/www/wp-content/data/80/ichiran_domestic/syakaijin_Fe.pdf
shakaijin,女子,2018,62kg,今川朋乃伽,日体大,https://wrestling-spirits.jp/www/wp-content/data/80/ichiran_domestic/syakaijin_Fe.pdf
shakaijin,女子,2018,65kg,榎本美鈴,環太平洋大,https://wrestling-spirits.jp/www/wp-content/data/80/ichiran_domestic/syakaijin_Fe.pdf
shakaijin,女子,2018,68kg,今井海優,自衛隊,https://wrestling-spirits.jp/www/wp-content/data/80/ichiran_domestic/syakaijin_Fe.pdf
shakaijin,女子,2018,72kg,鈴木華恋,日体大,https://wrestling-spirits.jp/www/wp-content/data/80/ichiran_domestic/syakaijin_Fe.pdf
shakaijin,女子,2018,76kg,齋藤未来,日本文理大,https://wrestling-spirits.jp/www/wp-content/data/80/ichiran_domestic/syakaijin_Fe.pdf
shakaijin,女子,2017,48kg,伊藤史織,ジャパンビバレッジ,https://wrestling-spirits.jp/www/wp-content/data/80/ichiran_domestic/syakaijin_Fe.pdf
shakaijin,女子,2017,53kg,宮原 優,博報堂DYスポーツ,https://wrestling-spirits.jp/www/wp-content/data/80/ichiran_domestic/syakaijin_Fe.pdf
shakaijin,女子,2017,55kg,菅原ひかり,岩手・種市高教,https://wrestling-spirits.jp/www/wp-content/data/80/ichiran_domestic/syakaijin_Fe.pdf
shakaijin,女子,2017,58kg,望月芙早乃,自衛隊,https://wrestling-spirits.jp/www/wp-content/data/80/ichiran_domestic/syakaijin_Fe.pdf
shakaijin,女子,2017,60kg,坂野結衣,警視庁クラブ,https://wrestling-spirits.jp/www/wp-content/data/80/ichiran_domestic/syakaijin_Fe.pdf
shakaijin,女子,2017,63kg,伊藤友莉香,自衛隊,https://wrestling-spirits.jp/www/wp-content/data/80/ichiran_domestic/syakaijin_Fe.pdf
shakaijin,女子,2017,69kg,飯島千晶,警視庁クラブ,https://wrestling-spirits.jp/www/wp-content/data/80/ichiran_domestic/syakaijin_Fe.pdf
shakaijin,女子,2017,75kg,齋藤未来,日本文理大,https://wrestling-spirits.jp/www/wp-content/data/80/ichiran_domestic/syakaijin_Fe.pdf
shakaijin,女子,2016,48kg,志土地希果,ジェイテクト,https://wrestling-spirits.jp/www/wp-content/data/80/ichiran_domestic/syakaijin_Fe.pdf
shakaijin,女子,2016,53kg,入江ゆき,自衛隊,https://wrestling-spirits.jp/www/wp-content/data/80/ichiran_domestic/syakaijin_Fe.pdf
shakaijin,女子,2016,55kg,倉舘 愛,日大,https://wrestling-spirits.jp/www/wp-content/data/80/ichiran_domestic/syakaijin_Fe.pdf
shakaijin,女子,2016,58kg,斉藤ほのか,東京・安部学院高教,https://wrestling-spirits.jp/www/wp-content/data/80/ichiran_domestic/syakaijin_Fe.pdf
shakaijin,女子,2016,60kg,三浦由起子,法大,https://wrestling-spirits.jp/www/wp-content/data/80/ichiran_domestic/syakaijin_Fe.pdf
shakaijin,女子,2016,63kg,伊藤彩香,東新住建,https://wrestling-spirits.jp/www/wp-content/data/80/ichiran_domestic/syakaijin_Fe.pdf
shakaijin,女子,2016,69kg,吉井瑞江,自衛隊,https://wrestling-spirits.jp/www/wp-content/data/80/ichiran_domestic/syakaijin_Fe.pdf
shakaijin,女子,2016,75kg,阿部梨乃,日大,https://wrestling-spirits.jp/www/wp-content/data/80/ichiran_domestic/syakaijin_Fe.pdf
shakaijin,女子,2015,48kg,矢後 佑華,日大,https://wrestling-spirits.jp/www/wp-content/data/80/ichiran_domestic/syakaijin_Fe.pdf
shakaijin,女子,2015,53kg,鈴木 綾乃,ジャパンビバレッジ,https://wrestling-spirits.jp/www/wp-content/data/80/ichiran_domestic/syakaijin_Fe.pdf
shakaijin,女子,2015,55kg,倉舘 愛,日大,https://wrestling-spirits.jp/www/wp-content/data/80/ichiran_domestic/syakaijin_Fe.pdf
shakaijin,女子,2015,58kg,正田 絢子,京都・網野高教,https://wrestling-spirits.jp/www/wp-content/data/80/ichiran_domestic/syakaijin_Fe.pdf
shakaijin,女子,2015,60kg,伊藤 彩香,東新住建,https://wrestling-spirits.jp/www/wp-content/data/80/ichiran_domestic/syakaijin_Fe.pdf
shakaijin,女子,2015,63kg,高橋 海寿々,早大,https://wrestling-spirits.jp/www/wp-content/data/80/ichiran_domestic/syakaijin_Fe.pdf
shakaijin,女子,2015,69kg,亀井 彩,法大,https://wrestling-spirits.jp/www/wp-content/data/80/ichiran_domestic/syakaijin_Fe.pdf
shakaijin,女子,2015,75kg,馬場 菜津美,自衛隊,https://wrestling-spirits.jp/www/wp-content/data/80/ichiran_domestic/syakaijin_Fe.pdf
shakaijin,女子,2014,48kg,青野 ひかる,日大クラブ,https://wrestling-spirits.jp/www/wp-content/data/80/ichiran_domestic/syakaijin_Fe.pdf
shakaijin,女子,2014,53kg,入江 ななみ,九州共立大,https://wrestling-spirits.jp/www/wp-content/data/80/ichiran_domestic/syakaijin_Fe.pdf
shakaijin,女子,2014,55kg,堀内 優,自衛隊,https://wrestling-spirits.jp/www/wp-content/data/80/ichiran_domestic/syakaijin_Fe.pdf
shakaijin,女子,2014,58kg,正田 絢子,網野クラブ,https://wrestling-spirits.jp/www/wp-content/data/80/ichiran_domestic/syakaijin_Fe.pdf
shakaijin,女子,2014,60kg,香山 芳美,早大,https://wrestling-spirits.jp/www/wp-content/data/80/ichiran_domestic/syakaijin_Fe.pdf
shakaijin,女子,2014,63kg,伊藤 友莉香,自衛隊,https://wrestling-spirits.jp/www/wp-content/data/80/ichiran_domestic/syakaijin_Fe.pdf
shakaijin,女子,2014,69kg,工藤 佳代子,自衛隊,https://wrestling-spirits.jp/www/wp-content/data/80/ichiran_domestic/syakaijin_Fe.pdf
shakaijin,女子,2014,75kg,飯島 千晶,警視庁クラブ,https://wrestling-spirits.jp/www/wp-content/data/80/ichiran_domestic/syakaijin_Fe.pdf
shakaijin,女子,2013,48kg,入江 ゆき,九州共立大,https://wrestling-spirits.jp/www/wp-content/data/80/ichiran_domestic/syakaijin_Fe.pdf
shakaijin,女子,2013,51kg,田中 亜里沙,早大,https://wrestling-spirits.jp/www/wp-content/data/80/ichiran_domestic/syakaijin_Fe.pdf
shakaijin,女子,2013,55kg,池亀 優希,自衛隊,https://wrestling-spirits.jp/www/wp-content/data/80/ichiran_domestic/syakaijin_Fe.pdf
shakaijin,女子,2013,59kg,隈部 千尋,環太平洋大,https://wrestling-spirits.jp/www/wp-content/data/80/ichiran_domestic/syakaijin_Fe.pdf
shakaijin,女子,2013,63kg,伊藤 友莉香,自衛隊,https://wrestling-spirits.jp/www/wp-content/data/80/ichiran_domestic/syakaijin_Fe.pdf
shakaijin,女子,2013,67kg,飯島 千晶,日大,https://wrestling-spirits.jp/www/wp-content/data/80/ichiran_domestic/syakaijin_Fe.pdf
shakaijin,女子,2013,72kg,鈴木 博恵,クリナップ,https://wrestling-spirits.jp/www/wp-content/data/80/ichiran_domestic/syakaijin_Fe.pdf
shakaijin,女子,2012,48kg,中谷 亜依,自衛隊,https://wrestling-spirits.jp/www/wp-content/data/80/ichiran_domestic/syakaijin_Fe.pdf
shakaijin,女子,2012,51kg,太田 理穂,自衛隊,https://wrestling-spirits.jp/www/wp-content/data/80/ichiran_domestic/syakaijin_Fe.pdf
shakaijin,女子,2012,55kg,池亀 優希,自衛隊,https://wrestling-spirits.jp/www/wp-content/data/80/ichiran_domestic/syakaijin_Fe.pdf
shakaijin,女子,2012,59kg,早見 なつみ,九州共立大,https://wrestling-spirits.jp/www/wp-content/data/80/ichiran_domestic/syakaijin_Fe.pdf
shakaijin,女子,2012,63kg,正田 絢子,京都・網野高教,https://wrestling-spirits.jp/www/wp-content/data/80/ichiran_domestic/syakaijin_Fe.pdf
shakaijin,女子,2012,67kg,飯島 千晶,日大,https://wrestling-spirits.jp/www/wp-content/data/80/ichiran_domestic/syakaijin_Fe.pdf
shakaijin,女子,2012,72kg,鈴木 博恵,クリナップ,https://wrestling-spirits.jp/www/wp-content/data/80/ichiran_domestic/syakaijin_Fe.pdf
shakaijin,女子,2011,48kg,桜井 宏美,ランクアップ平野屋,https://wrestling-spirits.jp/www/wp-content/data/80/ichiran_domestic/syakaijin_Fe.pdf
shakaijin,女子,2011,51kg,鈴木 綾乃,ジャパンビバレッジ,https://wrestling-spirits.jp/www/wp-content/data/80/ichiran_domestic/syakaijin_Fe.pdf
shakaijin,女子,2011,55kg,松川 知華子,ジャパンビバレッジ,https://wrestling-spirits.jp/www/wp-content/data/80/ichiran_domestic/syakaijin_Fe.pdf
shakaijin,女子,2011,59kg,正田 絢子,網野ク,https://wrestling-spirits.jp/www/wp-content/data/80/ichiran_domestic/syakaijin_Fe.pdf
shakaijin,女子,2011,63kg,永島 聖子,スポーツビス,https://wrestling-spirits.jp/www/wp-content/data/80/ichiran_domestic/syakaijin_Fe.pdf
shakaijin,女子,2011,67kg,宇野 安奈,日体大,https://wrestling-spirits.jp/www/wp-content/data/80/ichiran_domestic/syakaijin_Fe.pdf
shakaijin,女子,2011,72kg,鈴木 博恵,クリナップ,https://wrestling-spirits.jp/www/wp-content/data/80/ichiran_domestic/syakaijin_Fe.pdf
shakaijin,女子,2010,48kg,鈴木 綾乃,ジャパンビバレッジ,https://wrestling-spirits.jp/www/wp-content/data/80/ichiran_domestic/syakaijin_Fe.pdf
shakaijin,女子,2010,51kg,桜井 宏美,代々木ク,https://wrestling-spirits.jp/www/wp-content/data/80/ichiran_domestic/syakaijin_Fe.pdf
shakaijin,女子,2010,55kg,松川 知華子,ジャパンビバレッジ,https://wrestling-spirits.jp/www/wp-content/data/80/ichiran_domestic/syakaijin_Fe.pdf
shakaijin,女子,2010,59kg,中田 絵理子,フォンテーヌ,https://wrestling-spirits.jp/www/wp-content/data/80/ichiran_domestic/syakaijin_Fe.pdf
shakaijin,女子,2010,63kg,島田 佳代子,自衛隊,https://wrestling-spirits.jp/www/wp-content/data/80/ichiran_domestic/syakaijin_Fe.pdf
shakaijin,女子,2010,67kg,工藤 佳代子,自衛隊,https://wrestling-spirits.jp/www/wp-content/data/80/ichiran_domestic/syakaijin_Fe.pdf
shakaijin,女子,2010,72kg,立光 志織,王子自動車学校,https://wrestling-spirits.jp/www/wp-content/data/80/ichiran_domestic/syakaijin_Fe.pdf
shakaijin,女子,2009,48kg,鈴木 綾乃,ジャパンビバレッジ,https://wrestling-spirits.jp/www/wp-content/data/80/ichiran_domestic/syakaijin_Fe.pdf
shakaijin,女子,2009,51kg,桜井 宏美,代々木ク,https://wrestling-spirits.jp/www/wp-content/data/80/ichiran_domestic/syakaijin_Fe.pdf
shakaijin,女子,2009,55kg,松川 知華子,ジャパンビバレッジ,https://wrestling-spirits.jp/www/wp-content/data/80/ichiran_domestic/syakaijin_Fe.pdf
shakaijin,女子,2009,59kg,正田 絢子,京都・網野高教,https://wrestling-spirits.jp/www/wp-content/data/80/ichiran_domestic/syakaijin_Fe.pdf
shakaijin,女子,2009,63kg,島田 佳代子,自衛隊,https://wrestling-spirits.jp/www/wp-content/data/80/ichiran_domestic/syakaijin_Fe.pdf
shakaijin,女子,2009,72kg,新海 真美,アイシン・エイ・ダブリュー,https://wrestling-spirits.jp/www/wp-content/data/80/ichiran_domestic/syakaijin_Fe.pdf
shakaijin,女子,2008,48kg,坂本 真喜子,自衛隊,https://wrestling-spirits.jp/www/wp-content/data/80/ichiran_domestic/syakaijin_Fe.pdf
shakaijin,女子,2008,51kg,甲斐 友梨,アイシン・エイ・ダブリュー,https://wrestling-spirits.jp/www/wp-content/data/80/ichiran_domestic/syakaijin_Fe.pdf
shakaijin,女子,2008,55kg,松川 知華子,ジャパンビバレッジ,https://wrestling-spirits.jp/www/wp-content/data/80/ichiran_domestic/syakaijin_Fe.pdf
shakaijin,女子,2008,59kg,齊藤 貴子,自衛隊,https://wrestling-spirits.jp/www/wp-content/data/80/ichiran_domestic/syakaijin_Fe.pdf
shakaijin,女子,2008,63kg,金澤 早紀,堺女子ク,https://wrestling-spirits.jp/www/wp-content/data/80/ichiran_domestic/syakaijin_Fe.pdf
shakaijin,女子,2008,67kg,新海 真美,アイシン・エイ・ダブリュー,https://wrestling-spirits.jp/www/wp-content/data/80/ichiran_domestic/syakaijin_Fe.pdf
shakaijin,女子,2008,72kg,佐野 明日香,自衛隊,https://wrestling-spirits.jp/www/wp-content/data/80/ichiran_domestic/syakaijin_Fe.pdf
shakaijin,女子,2007,48kg,本橋 裕子,エスオペレーション,https://wrestling-spirits.jp/www/wp-content/data/80/ichiran_domestic/syakaijin_Fe.pdf
shakaijin,女子,2007,51kg,坂本 真喜子,自衛隊,https://wrestling-spirits.jp/www/wp-content/data/80/ichiran_domestic/syakaijin_Fe.pdf
shakaijin,女子,2007,55kg,松川 知華子,ジャパンビバレッジ,https://wrestling-spirits.jp/www/wp-content/data/80/ichiran_domestic/syakaijin_Fe.pdf
shakaijin,女子,2007,59kg,関根 ゆう,自衛隊,https://wrestling-spirits.jp/www/wp-content/data/80/ichiran_domestic/syakaijin_Fe.pdf
shakaijin,女子,2007,63kg,工藤 佳代子,自衛隊,https://wrestling-spirits.jp/www/wp-content/data/80/ichiran_domestic/syakaijin_Fe.pdf
shakaijin,女子,2007,72kg,佐野 明日香,自衛隊,https://wrestling-spirits.jp/www/wp-content/data/80/ichiran_domestic/syakaijin_Fe.pdf
shakaijin,女子,2006,51kg,坂本 真喜子,自衛隊,https://wrestling-spirits.jp/www/wp-content/data/80/ichiran_domestic/syakaijin_Fe.pdf
shakaijin,女子,2006,55kg,坂本 日登美,自衛隊,https://wrestling-spirits.jp/www/wp-content/data/80/ichiran_domestic/syakaijin_Fe.pdf
shakaijin,女子,2006,59kg,関根 ゆう,自衛隊,https://wrestling-spirits.jp/www/wp-content/data/80/ichiran_domestic/syakaijin_Fe.pdf
shakaijin,女子,2006,63kg,石井 千恵,DSE,https://wrestling-spirits.jp/www/wp-content/data/80/ichiran_domestic/syakaijin_Fe.pdf
shakaijin,女子,2005,51kg,山田 広子,代々木ク,https://wrestling-spirits.jp/www/wp-content/data/80/ichiran_domestic/syakaijin_Fe.pdf
shakaijin,女子,2005,55kg,服部 担子,中京女大ク,https://wrestling-spirits.jp/www/wp-content/data/80/ichiran_domestic/syakaijin_Fe.pdf
shakaijin,女子,2005,59kg,岩間 怜那,ALSOK綜合警備保障,https://wrestling-spirits.jp/www/wp-content/data/80/ichiran_domestic/syakaijin_Fe.pdf
shakaijin,女子,2005,63kg,正田 絢子,ジャパンビバレッジ,https://wrestling-spirits.jp/www/wp-content/data/80/ichiran_domestic/syakaijin_Fe.pdf
shakaijin,女子,2005,67kg,坂本 襟,中京女大ク,https://wrestling-spirits.jp/www/wp-content/data/80/ichiran_domestic/syakaijin_Fe.pdf
shakaijin,女子,2005,72kg,斉藤 紀江,ジャパンビバレッジ,https://wrestling-spirits.jp/www/wp-content/data/80/ichiran_domestic/syakaijin_Fe.pdf
shakaijin,女子,2004,48kg,吉村 祥子,エステティック東京,https://wrestling-spirits.jp/www/wp-content/data/80/ichiran_domestic/syakaijin_Fe.pdf
shakaijin,女子,2004,51kg,鳥海 智恵子,代々木ク,https://wrestling-spirits.jp/www/wp-content/data/80/ichiran_domestic/syakaijin_Fe.pdf
shakaijin,女子,2004,55kg,坂本 日登美,和光ク,https://wrestling-spirits.jp/www/wp-content/data/80/ichiran_domestic/syakaijin_Fe.pdf
shakaijin,女子,2004,59kg,中西 はつみ,中京女大大学院,https://wrestling-spirits.jp/www/wp-content/data/80/ichiran_domestic/syakaijin_Fe.pdf
shakaijin,女子,2004,63kg,正田 絢子,東洋大OG,https://wrestling-spirits.jp/www/wp-content/data/80/ichiran_domestic/syakaijin_Fe.pdf
shakaijin,女子,2004,67kg,坂本 襟,リプレ,https://wrestling-spirits.jp/www/wp-content/data/80/ichiran_domestic/syakaijin_Fe.pdf
shakaijin,女子,2004,72kg,斉藤 紀江,ジャパンビバレッジ,https://wrestling-spirits.jp/www/wp-content/data/80/ichiran_domestic/syakaijin_Fe.pdf
shakaijin,女子,2003,48kg,清水 美里,ジャパンビバレッジ,https://wrestling-spirits.jp/www/wp-content/data/80/ichiran_domestic/syakaijin_Fe.pdf
shakaijin,女子,2003,51kg,鳥海 智恵子,代々木ク,https://wrestling-spirits.jp/www/wp-content/data/80/ichiran_domestic/syakaijin_Fe.pdf
shakaijin,女子,2003,55kg,菅原 和美,志映館,https://wrestling-spirits.jp/www/wp-content/data/80/ichiran_domestic/syakaijin_Fe.pdf
shakaijin,女子,2003,59kg,海原 未央,代々木ク,https://wrestling-spirits.jp/www/wp-content/data/80/ichiran_domestic/syakaijin_Fe.pdf
shakaijin,女子,2003,72kg,浜口 京子,ジャパンビバレッジ,https://wrestling-spirits.jp/www/wp-content/data/80/ichiran_domestic/syakaijin_Fe.pdf
shakaijin,女子,2002,48kg,吉村 祥子,東京TBC,https://wrestling-spirits.jp/www/wp-content/data/80/ichiran_domestic/syakaijin_Fe.pdf
shakaijin,女子,2002,51kg,清水 美里,JBク,https://wrestling-spirits.jp/www/wp-content/data/80/ichiran_domestic/syakaijin_Fe.pdf
shakaijin,女子,2002,55kg,三田寺 由香,代々木ク,https://wrestling-spirits.jp/www/wp-content/data/80/ichiran_domestic/syakaijin_Fe.pdf
shakaijin,女子,2002,63kg,鈴木 亜里,JBク,https://wrestling-spirits.jp/www/wp-content/data/80/ichiran_domestic/syakaijin_Fe.pdf
shakaijin,女子,2002,67kg,斉藤 紀江,JBク,https://wrestling-spirits.jp/www/wp-content/data/80/ichiran_domestic/syakaijin_Fe.pdf
shakaijin,女子,2002,72kg,八木 淳子,会田ビル,https://wrestling-spirits.jp/www/wp-content/data/80/ichiran_domestic/syakaijin_Fe.pdf
shakaijin,女子,2001,46kg,吉村 祥子,TBC東京ビューティセンター,https://wrestling-spirits.jp/www/wp-content/data/80/ichiran_domestic/syakaijin_Fe.pdf
shakaijin,女子,2001,51kg,清水 美里,ジャパンビバレッジ,https://wrestling-spirits.jp/www/wp-content/data/80/ichiran_domestic/syakaijin_Fe.pdf
shakaijin,女子,2001,56kg,篠村 敦子,福岡市スポーツ振興事業団,https://wrestling-spirits.jp/www/wp-content/data/80/ichiran_domestic/syakaijin_Fe.pdf
shakaijin,女子,2001,62kg,鈴木 亜里,ジャパンビバレッジ,https://wrestling-spirits.jp/www/wp-content/data/80/ichiran_domestic/syakaijin_Fe.pdf
shakaijin,女子,2001,68kg,斉藤 紀江,ジャパンビバレッジ,https://wrestling-spirits.jp/www/wp-content/data/80/ichiran_domestic/syakaijin_Fe.pdf
shakaijin,女子,2001,75kg,富岡 多恵子,クラステホリス,https://wrestling-spirits.jp/www/wp-content/data/80/ichiran_domestic/syakaijin_Fe.pdf
shakaijin,女子,2000,46kg,吉村 祥子,TBC東京ビューティセンター,https://wrestling-spirits.jp/www/wp-content/data/80/ichiran_domestic/syakaijin_Fe.pdf
shakaijin,女子,2000,51kg,清水 美里,代々木ク,https://wrestling-spirits.jp/www/wp-content/data/80/ichiran_domestic/syakaijin_Fe.pdf
shakaijin,女子,2000,56kg,中谷 美沙,中京女大ク,https://wrestling-spirits.jp/www/wp-content/data/80/ichiran_domestic/syakaijin_Fe.pdf
shakaijin,女子,2000,62kg,鈴木 亜里,ジャパンビバレッジ,https://wrestling-spirits.jp/www/wp-content/data/80/ichiran_domestic/syakaijin_Fe.pdf
shakaijin,女子,1999,46kg,吉村 祥子,TBC,https://wrestling-spirits.jp/www/wp-content/data/80/ichiran_domestic/syakaijin_Fe.pdf
shakaijin,女子,1999,51kg,清水 美里,代々木ク,https://wrestling-spirits.jp/www/wp-content/data/80/ichiran_domestic/syakaijin_Fe.pdf
shakaijin,女子,1999,56kg,三田寺 由香,スポーツエリックス,https://wrestling-spirits.jp/www/wp-content/data/80/ichiran_domestic/syakaijin_Fe.pdf
shakaijin,女子,1999,62kg,宮崎 未樹子,農大ク,https://wrestling-spirits.jp/www/wp-content/data/80/ichiran_domestic/syakaijin_Fe.pdf
shakaijin,女子,1999,68kg,江中 和世,中京女大ク,https://wrestling-spirits.jp/www/wp-content/data/80/ichiran_domestic/syakaijin_Fe.pdf
shakaijin,女子,1998,46kg,吉村 祥子,TBC,https://wrestling-spirits.jp/www/wp-content/data/80/ichiran_domestic/syakaijin_Fe.pdf
shakaijin,女子,1998,51kg,辻 結花,リプレ中京女大ク,https://wrestling-spirits.jp/www/wp-content/data/80/ichiran_domestic/syakaijin_Fe.pdf
shakaijin,女子,1998,56kg,三田寺 由香,スポーツ東急,https://wrestling-spirits.jp/www/wp-content/data/80/ichiran_domestic/syakaijin_Fe.pdf
shakaijin,女子,1998,62kg,成国 晶子,代々木ク,https://wrestling-spirits.jp/www/wp-content/data/80/ichiran_domestic/syakaijin_Fe.pdf
shakaijin,女子,1998,68kg,榎本 みほ,代々木ク,https://wrestling-spirits.jp/www/wp-content/data/80/ichiran_domestic/syakaijin_Fe.pdf
shakaijin,女子,1997,46kg,吉村 祥子,TBC,https://wrestling-spirits.jp/www/wp-content/data/80/ichiran_domestic/syakaijin_Fe.pdf
shakaijin,女子,1997,51kg,鳥海 智恵子,なとり,https://wrestling-spirits.jp/www/wp-content/data/80/ichiran_domestic/syakaijin_Fe.pdf
shakaijin,女子,1997,56kg,星川 君枝,代々木ク,https://wrestling-spirits.jp/www/wp-content/data/80/ichiran_domestic/syakaijin_Fe.pdf
shakaijin,女子,1997,62kg,向井 裕子,EIKOHク,https://wrestling-spirits.jp/www/wp-content/data/80/ichiran_domestic/syakaijin_Fe.pdf
shakaijin,女子,1997,75kg,高橋 洋子,全日本女子プロレス,https://wrestling-spirits.jp/www/wp-content/data/80/ichiran_domestic/syakaijin_Fe.pdf
tenno-cup,フリースタイル,2025,57kg,小川大和,日体大,https://wrestling-spirits.jp/www/wp-content/data/80/ichiran_domestic/AllJapan-FF.pdf
tenno-cup,フリースタイル,2025,61kg,長谷川敏裕,三恵海運,https://wrestling-spirits.jp/www/wp-content/data/80/ichiran_domestic/AllJapan-FF.pdf
tenno-cup,フリースタイル,2025,65kg,清岡幸大郎,カクシングループ,https://wrestling-spirits.jp/www/wp-content/data/80/ichiran_domestic/AllJapan-FF.pdf
tenno-cup,フリースタイル,2025,70kg,成國大志,筒井メディカルグループ,https://wrestling-spirits.jp/www/wp-content/data/80/ichiran_domestic/AllJapan-FF.pdf
tenno-cup,フリースタイル,2025,74kg,青柳善の輔,クリナップ,https://wrestling-spirits.jp/www/wp-content/data/80/ichiran_domestic/AllJapan-FF.pdf
tenno-cup,フリースタイル,2025,79kg,ガレダギ敬一,早大,https://wrestling-spirits.jp/www/wp-content/data/80/ichiran_domestic/AllJapan-FF.pdf
tenno-cup,フリースタイル,2025,86kg,高谷惣亮,拓大職,https://wrestling-spirits.jp/www/wp-content/data/80/ichiran_domestic/AllJapan-FF.pdf
tenno-cup,フリースタイル,2025,92kg,石黒峻士,MTX GOLDKIDS,https://wrestling-spirits.jp/www/wp-content/data/80/ichiran_domestic/AllJapan-FF.pdf
tenno-cup,フリースタイル,2025,97kg,吉田アラシ,日大,https://wrestling-spirits.jp/www/wp-content/data/80/ichiran_domestic/AllJapan-FF.pdf
tenno-cup,フリースタイル,2025,125kg,山本泰輝,自衛隊,https://wrestling-spirits.jp/www/wp-content/data/80/ichiran_domestic/AllJapan-FF.pdf
tenno-cup,フリースタイル,2024,57kg,坂本 輪,CWC,https://wrestling-spirits.jp/www/wp-content/data/80/ichiran_domestic/AllJapan-FF.pdf
tenno-cup,フリースタイル,2024,61kg,須田 宝,山梨学院大,https://wrestling-spirits.jp/www/wp-content/data/80/ichiran_domestic/AllJapan-FF.pdf
tenno-cup,フリースタイル,2024,65kg,田南部魁星,日体大,https://wrestling-spirits.jp/www/wp-content/data/80/ichiran_domestic/AllJapan-FF.pdf
tenno-cup,フリースタイル,2024,70kg,青柳善の輔,クリナップ,https://wrestling-spirits.jp/www/wp-content/data/80/ichiran_domestic/AllJapan-FF.pdf
tenno-cup,フリースタイル,2024,74kg,高田 煕,自衛隊,https://wrestling-spirits.jp/www/wp-content/data/80/ichiran_domestic/AllJapan-FF.pdf
tenno-cup,フリースタイル,2024,79kg,神谷龍之介,日体大,https://wrestling-spirits.jp/www/wp-content/data/80/ichiran_domestic/AllJapan-FF.pdf
tenno-cup,フリースタイル,2024,86kg,白井 達也,佐賀県スポーツ協会,https://wrestling-spirits.jp/www/wp-content/data/80/ichiran_domestic/AllJapan-FF.pdf
tenno-cup,フリースタイル,2024,92kg,石黒 峻士,MTX GOLDKIDS,https://wrestling-spirits.jp/www/wp-content/data/80/ichiran_domestic/AllJapan-FF.pdf
tenno-cup,フリースタイル,2024,97kg,吉田アラシ,日大,https://wrestling-spirits.jp/www/wp-content/data/80/ichiran_domestic/AllJapan-FF.pdf
tenno-cup,フリースタイル,2024,125kg,山本 泰輝,自衛隊,https://wrestling-spirits.jp/www/wp-content/data/80/ichiran_domestic/AllJapan-FF.pdf
tenno-cup,フリースタイル,2023,57kg,弓矢 健人,日体大,https://wrestling-spirits.jp/www/wp-content/data/80/ichiran_domestic/AllJapan-FF.pdf
tenno-cup,フリースタイル,2023,61kg,田南部魁星,日体大,https://wrestling-spirits.jp/www/wp-content/data/80/ichiran_domestic/AllJapan-FF.pdf
tenno-cup,フリースタイル,2023,65kg,清岡幸大郎,日体大,https://wrestling-spirits.jp/www/wp-content/data/80/ichiran_domestic/AllJapan-FF.pdf
tenno-cup,フリースタイル,2023,70kg,青柳善の輔,山梨学院大,https://wrestling-spirits.jp/www/wp-content/data/80/ichiran_domestic/AllJapan-FF.pdf
tenno-cup,フリースタイル,2023,74kg,髙橋 海大,日体大,https://wrestling-spirits.jp/www/wp-content/data/80/ichiran_domestic/AllJapan-FF.pdf
tenno-cup,フリースタイル,2023,79kg,神谷龍之介,日体大,https://wrestling-spirits.jp/www/wp-content/data/80/ichiran_domestic/AllJapan-FF.pdf
tenno-cup,フリースタイル,2023,86kg,石黒 隼士,自衛隊,https://wrestling-spirits.jp/www/wp-content/data/80/ichiran_domestic/AllJapan-FF.pdf
tenno-cup,フリースタイル,2023,92kg,三浦 哲史,拓大,https://wrestling-spirits.jp/www/wp-content/data/80/ichiran_domestic/AllJapan-FF.pdf
tenno-cup,フリースタイル,2023,97kg,吉田アラシ,日大,https://wrestling-spirits.jp/www/wp-content/data/80/ichiran_domestic/AllJapan-FF.pdf
tenno-cup,フリースタイル,2023,125kg,山本 泰輝,自衛隊,https://wrestling-spirits.jp/www/wp-content/data/80/ichiran_domestic/AllJapan-FF.pdf
tenno-cup,フリースタイル,2022,57kg,樋口 黎,ミキハウス,https://wrestling-spirits.jp/www/wp-content/data/80/ichiran_domestic/AllJapan-FF.pdf
tenno-cup,フリースタイル,2022,61kg,小川 航大,自衛隊,https://wrestling-spirits.jp/www/wp-content/data/80/ichiran_domestic/AllJapan-FF.pdf
tenno-cup,フリースタイル,2022,65kg,乙黒 拓斗,自衛隊,https://wrestling-spirits.jp/www/wp-content/data/80/ichiran_domestic/AllJapan-FF.pdf
tenno-cup,フリースタイル,2022,70kg,青柳善の輔,山梨学院大,https://wrestling-spirits.jp/www/wp-content/data/80/ichiran_domestic/AllJapan-FF.pdf
tenno-cup,フリースタイル,2022,74kg,高谷 大地,自衛隊,https://wrestling-spirits.jp/www/wp-content/data/80/ichiran_domestic/AllJapan-FF.pdf
tenno-cup,フリースタイル,2022,79kg,山﨑弥十朗,サイサン,https://wrestling-spirits.jp/www/wp-content/data/80/ichiran_domestic/AllJapan-FF.pdf
tenno-cup,フリースタイル,2022,86kg,石黒 隼士,自衛隊,https://wrestling-spirits.jp/www/wp-content/data/80/ichiran_domestic/AllJapan-FF.pdf
tenno-cup,フリースタイル,2022,92kg,高谷 惣亮,ALSOK,https://wrestling-spirits.jp/www/wp-content/data/80/ichiran_domestic/AllJapan-FF.pdf
tenno-cup,フリースタイル,2022,97kg,石黒 峻士,新日本プロレス職,https://wrestling-spirits.jp/www/wp-content/data/80/ichiran_domestic/AllJapan-FF.pdf
tenno-cup,フリースタイル,2022,125kg,山本 泰輝,自衛隊,https://wrestling-spirits.jp/www/wp-content/data/80/ichiran_domestic/AllJapan-FF.pdf
tenno-cup,フリースタイル,2021,57kg,長谷川敏裕,三恵海運,https://wrestling-spirits.jp/www/wp-content/data/80/ichiran_domestic/AllJapan-FF.pdf
tenno-cup,フリースタイル,2021,61kg,榊 流斗,山梨学院大,https://wrestling-spirits.jp/www/wp-content/data/80/ichiran_domestic/AllJapan-FF.pdf
tenno-cup,フリースタイル,2021,65kg,山口 輝海,日体大,https://wrestling-spirits.jp/www/wp-content/data/80/ichiran_domestic/AllJapan-FF.pdf
tenno-cup,フリースタイル,2021,70kg,成國 大志,ゴールドキッズ,https://wrestling-spirits.jp/www/wp-content/data/80/ichiran_domestic/AllJapan-FF.pdf
tenno-cup,フリースタイル,2021,74kg,高谷 大地,自衛隊,https://wrestling-spirits.jp/www/wp-content/data/80/ichiran_domestic/AllJapan-FF.pdf
tenno-cup,フリースタイル,2021,79kg,高橋 夢大,日体大,https://wrestling-spirits.jp/www/wp-content/data/80/ichiran_domestic/AllJapan-FF.pdf
tenno-cup,フリースタイル,2021,86kg,白井 勝太,HAKOBEE SPORTS,https://wrestling-spirits.jp/www/wp-content/data/80/ichiran_domestic/AllJapan-FF.pdf
tenno-cup,フリースタイル,2021,92kg,高谷 惣亮,ALSOK,https://wrestling-spirits.jp/www/wp-content/data/80/ichiran_domestic/AllJapan-FF.pdf
tenno-cup,フリースタイル,2021,97kg,石黒 峻士,新日本プロレス職,https://wrestling-spirits.jp/www/wp-content/data/80/ichiran_domestic/AllJapan-FF.pdf
tenno-cup,フリースタイル,2021,125kg,山本 泰輝,自衛隊,https://wrestling-spirits.jp/www/wp-content/data/80/ichiran_domestic/AllJapan-FF.pdf
tenno-cup,フリースタイル,2020,57kg,高橋 侑希,ALSOK,https://wrestling-spirits.jp/www/wp-content/data/80/ichiran_domestic/AllJapan-FF.pdf
tenno-cup,フリースタイル,2020,61kg,小川 航大,日体大,https://wrestling-spirits.jp/www/wp-content/data/80/ichiran_domestic/AllJapan-FF.pdf
tenno-cup,フリースタイル,2020,65kg,山口 輝海,日体大,https://wrestling-spirits.jp/www/wp-content/data/80/ichiran_domestic/AllJapan-FF.pdf
tenno-cup,フリースタイル,2020,70kg,基山仁太郎,日体大,https://wrestling-spirits.jp/www/wp-content/data/80/ichiran_domestic/AllJapan-FF.pdf
tenno-cup,フリースタイル,2020,74kg,木下 貴輪,クリナップ,https://wrestling-spirits.jp/www/wp-content/data/80/ichiran_domestic/AllJapan-FF.pdf
tenno-cup,フリースタイル,2020,79kg,吉田 隆起,自衛隊,https://wrestling-spirits.jp/www/wp-content/data/80/ichiran_domestic/AllJapan-FF.pdf
tenno-cup,フリースタイル,2020,86kg,石黒 隼士,日大,https://wrestling-spirits.jp/www/wp-content/data/80/ichiran_domestic/AllJapan-FF.pdf
tenno-cup,フリースタイル,2020,92kg,高谷 惣亮,ALSOK,https://wrestling-spirits.jp/www/wp-content/data/80/ichiran_domestic/AllJapan-FF.pdf
tenno-cup,フリースタイル,2020,97kg,赤熊 猶弥,自衛隊,https://wrestling-spirits.jp/www/wp-content/data/80/ichiran_domestic/AllJapan-FF.pdf
tenno-cup,フリースタイル,2020,125kg,山本 泰輝,自衛隊,https://wrestling-spirits.jp/www/wp-content/data/80/ichiran_domestic/AllJapan-FF.pdf
tenno-cup,フリースタイル,2019,57kg,樋口 黎,日体大助手,https://wrestling-spirits.jp/www/wp-content/data/80/ichiran_domestic/AllJapan-FF.pdf
tenno-cup,フリースタイル,2019,61kg,榊 流斗,山梨学院大,https://wrestling-spirits.jp/www/wp-content/data/80/ichiran_domestic/AllJapan-FF.pdf
tenno-cup,フリースタイル,2019,65kg,乙黒 拓斗,山梨学院大,https://wrestling-spirits.jp/www/wp-content/data/80/ichiran_domestic/AllJapan-FF.pdf
tenno-cup,フリースタイル,2019,70kg,原口 伸,国士舘大,https://wrestling-spirits.jp/www/wp-content/data/80/ichiran_domestic/AllJapan-FF.pdf
tenno-cup,フリースタイル,2019,74kg,乙黒 圭祐,自衛隊,https://wrestling-spirits.jp/www/wp-content/data/80/ichiran_domestic/AllJapan-FF.pdf
tenno-cup,フリースタイル,2019,79kg,奥井 真吉,国士舘大,https://wrestling-spirits.jp/www/wp-content/data/80/ichiran_domestic/AllJapan-FF.pdf
tenno-cup,フリースタイル,2019,86kg,高谷 惣亮,ALSOK,https://wrestling-spirits.jp/www/wp-content/data/80/ichiran_domestic/AllJapan-FF.pdf
tenno-cup,フリースタイル,2019,92kg,大津 拓馬,山梨学院大,https://wrestling-spirits.jp/www/wp-content/data/80/ichiran_domestic/AllJapan-FF.pdf
tenno-cup,フリースタイル,2019,97kg,赤熊 猶弥,自衛隊,https://wrestling-spirits.jp/www/wp-content/data/80/ichiran_domestic/AllJapan-FF.pdf
tenno-cup,フリースタイル,2019,125kg,田中 哲矢,自衛隊,https://wrestling-spirits.jp/www/wp-content/data/80/ichiran_domestic/AllJapan-FF.pdf
tenno-cup,フリースタイル,2018,57kg,高橋 侑希,ALSOK,https://wrestling-spirits.jp/www/wp-content/data/80/ichiran_domestic/AllJapan-FF.pdf
tenno-cup,フリースタイル,2018,61kg,藤田雄大,青山学院大,https://wrestling-spirits.jp/www/wp-content/data/80/ichiran_domestic/AllJapan-FF.pdf
tenno-cup,フリースタイル,2018,65kg,乙黒拓斗,山梨学院大,https://wrestling-spirits.jp/www/wp-content/data/80/ichiran_domestic/AllJapan-FF.pdf
tenno-cup,フリースタイル,2018,70kg,志賀晃次郎,拓大,https://wrestling-spirits.jp/www/wp-content/data/80/ichiran_domestic/AllJapan-FF.pdf
tenno-cup,フリースタイル,2018,74kg,藤波 勇飛,山梨学院大,https://wrestling-spirits.jp/www/wp-content/data/80/ichiran_domestic/AllJapan-FF.pdf
tenno-cup,フリースタイル,2018,79kg,阿部侑太,日体大,https://wrestling-spirits.jp/www/wp-content/data/80/ichiran_domestic/AllJapan-FF.pdf
tenno-cup,フリースタイル,2018,86kg,高谷 惣亮,ALSOK,https://wrestling-spirits.jp/www/wp-content/data/80/ichiran_domestic/AllJapan-FF.pdf
tenno-cup,フリースタイル,2018,92kg,松本 篤史,警視庁,https://wrestling-spirits.jp/www/wp-content/data/80/ichiran_domestic/AllJapan-FF.pdf
tenno-cup,フリースタイル,2018,97kg,赤熊 猶弥,自衛隊,https://wrestling-spirits.jp/www/wp-content/data/80/ichiran_domestic/AllJapan-FF.pdf
tenno-cup,フリースタイル,2018,125kg,荒木田進謙,athletic camp LION,https://wrestling-spirits.jp/www/wp-content/data/80/ichiran_domestic/AllJapan-FF.pdf
tenno-cup,フリースタイル,2017,57kg,高橋 侑希,ALSOK,https://wrestling-spirits.jp/www/wp-content/data/80/ichiran_domestic/AllJapan-FF.pdf
tenno-cup,フリースタイル,2017,61kg,小栁 和也,山梨学院大,https://wrestling-spirits.jp/www/wp-content/data/80/ichiran_domestic/AllJapan-FF.pdf
tenno-cup,フリースタイル,2017,65kg,高谷 大地,自衛隊,https://wrestling-spirits.jp/www/wp-content/data/80/ichiran_domestic/AllJapan-FF.pdf
tenno-cup,フリースタイル,2017,70kg,乙黒 圭祐,山梨学院大,https://wrestling-spirits.jp/www/wp-content/data/80/ichiran_domestic/AllJapan-FF.pdf
tenno-cup,フリースタイル,2017,74kg,藤波 勇飛,山梨学院大,https://wrestling-spirits.jp/www/wp-content/data/80/ichiran_domestic/AllJapan-FF.pdf
tenno-cup,フリースタイル,2017,79kg,高谷 惣亮,ALSOK,https://wrestling-spirits.jp/www/wp-content/data/80/ichiran_domestic/AllJapan-FF.pdf
tenno-cup,フリースタイル,2017,86kg,白井 勝太,日大,https://wrestling-spirits.jp/www/wp-content/data/80/ichiran_domestic/AllJapan-FF.pdf
tenno-cup,フリースタイル,2017,92kg,石黒 峻士,日大,https://wrestling-spirits.jp/www/wp-content/data/80/ichiran_domestic/AllJapan-FF.pdf
tenno-cup,フリースタイル,2017,97kg,山口 剛,ブシロード,https://wrestling-spirits.jp/www/wp-content/data/80/ichiran_domestic/AllJapan-FF.pdf
tenno-cup,フリースタイル,2017,125kg,荒木田進謙,青森県協会,https://wrestling-spirits.jp/www/wp-content/data/80/ichiran_domestic/AllJapan-FF.pdf
tenno-cup,フリースタイル,2016,57kg,高橋 侑希,ALSOK,https://wrestling-spirits.jp/www/wp-content/data/80/ichiran_domestic/AllJapan-FF.pdf
tenno-cup,フリースタイル,2016,61kg,樋口 黎,日体大,https://wrestling-spirits.jp/www/wp-content/data/80/ichiran_domestic/AllJapan-FF.pdf
tenno-cup,フリースタイル,2016,65kg,鴨居 正和,自衛隊,https://wrestling-spirits.jp/www/wp-content/data/80/ichiran_domestic/AllJapan-FF.pdf
tenno-cup,フリースタイル,2016,70kg,中村 百次郎,日体大助手,https://wrestling-spirits.jp/www/wp-content/data/80/ichiran_domestic/AllJapan-FF.pdf
tenno-cup,フリースタイル,2016,74kg,高谷 惣亮,ALSOK,https://wrestling-spirits.jp/www/wp-content/data/80/ichiran_domestic/AllJapan-FF.pdf
tenno-cup,フリースタイル,2016,86kg,松坂 誠應,日体大,https://wrestling-spirits.jp/www/wp-content/data/80/ichiran_domestic/AllJapan-FF.pdf
tenno-cup,フリースタイル,2016,97kg,赤熊 猶弥,自衛隊,https://wrestling-spirits.jp/www/wp-content/data/80/ichiran_domestic/AllJapan-FF.pdf
tenno-cup,フリースタイル,2016,125kg,山本 泰輝,拓大,https://wrestling-spirits.jp/www/wp-content/data/80/ichiran_domestic/AllJapan-FF.pdf
tenno-cup,フリースタイル,2015,57kg,樋口 黎,日体大,https://wrestling-spirits.jp/www/wp-content/data/80/ichiran_domestic/AllJapan-FF.pdf
tenno-cup,フリースタイル,2015,61kg,乙黒 圭祐,山梨学院大,https://wrestling-spirits.jp/www/wp-content/data/80/ichiran_domestic/AllJapan-FF.pdf
tenno-cup,フリースタイル,2015,65kg,前田 翔吾,クリナップ,https://wrestling-spirits.jp/www/wp-content/data/80/ichiran_domestic/AllJapan-FF.pdf
tenno-cup,フリースタイル,2015,70kg,多胡島 伸佳,早大,https://wrestling-spirits.jp/www/wp-content/data/80/ichiran_domestic/AllJapan-FF.pdf
tenno-cup,フリースタイル,2015,74kg,高谷 惣亮,ALSOK,https://wrestling-spirits.jp/www/wp-content/data/80/ichiran_domestic/AllJapan-FF.pdf
tenno-cup,フリースタイル,2015,86kg,松本 真也,警視庁,https://wrestling-spirits.jp/www/wp-content/data/80/ichiran_domestic/AllJapan-FF.pdf
tenno-cup,フリースタイル,2015,97kg,山口 剛,ブシロード,https://wrestling-spirits.jp/www/wp-content/data/80/ichiran_domestic/AllJapan-FF.pdf
tenno-cup,フリースタイル,2015,125kg,山本 泰輝,拓大,https://wrestling-spirits.jp/www/wp-content/data/80/ichiran_domestic/AllJapan-FF.pdf
tenno-cup,フリースタイル,2014,57kg,森下 史崇,ぼてぢゅう&Bum's,https://wrestling-spirits.jp/www/wp-content/data/80/ichiran_domestic/AllJapan-FF.pdf
tenno-cup,フリースタイル,2014,61kg,鴨居 正和,山梨学院大,https://wrestling-spirits.jp/www/wp-content/data/80/ichiran_domestic/AllJapan-FF.pdf
tenno-cup,フリースタイル,2014,65kg,石田 智嗣,警視庁,https://wrestling-spirits.jp/www/wp-content/data/80/ichiran_domestic/AllJapan-FF.pdf
tenno-cup,フリースタイル,2014,70kg,小島 豪臣,神奈川・中原養護学校教,https://wrestling-spirits.jp/www/wp-content/data/80/ichiran_domestic/AllJapan-FF.pdf
tenno-cup,フリースタイル,2014,74kg,高谷 惣亮,ALSOK,https://wrestling-spirits.jp/www/wp-content/data/80/ichiran_domestic/AllJapan-FF.pdf
tenno-cup,フリースタイル,2014,86kg,松本 篤史,ALSOK,https://wrestling-spirits.jp/www/wp-content/data/80/ichiran_domestic/AllJapan-FF.pdf
tenno-cup,フリースタイル,2014,97kg,山口 剛,ブシロード,https://wrestling-spirits.jp/www/wp-content/data/80/ichiran_domestic/AllJapan-FF.pdf
tenno-cup,フリースタイル,2014,125kg,荒木田 進謙,警視庁,https://wrestling-spirits.jp/www/wp-content/data/80/ichiran_domestic/AllJapan-FF.pdf
tenno-cup,フリースタイル,2013,55kg,森下 史崇,日体大,https://wrestling-spirits.jp/www/wp-content/data/80/ichiran_domestic/AllJapan-FF.pdf
tenno-cup,フリースタイル,2013,60kg,高塚 紀行,自衛隊,https://wrestling-spirits.jp/www/wp-content/data/80/ichiran_domestic/AllJapan-FF.pdf
tenno-cup,フリースタイル,2013,66kg,石田 智嗣,警視庁,https://wrestling-spirits.jp/www/wp-content/data/80/ichiran_domestic/AllJapan-FF.pdf
tenno-cup,フリースタイル,2013,74kg,高谷 惣亮,ALSOK,https://wrestling-spirits.jp/www/wp-content/data/80/ichiran_domestic/AllJapan-FF.pdf
tenno-cup,フリースタイル,2013,84kg,松本 篤史,ALSOK,https://wrestling-spirits.jp/www/wp-content/data/80/ichiran_domestic/AllJapan-FF.pdf
tenno-cup,フリースタイル,2013,96kg,山口 剛,ブシロード,https://wrestling-spirits.jp/www/wp-content/data/80/ichiran_domestic/AllJapan-FF.pdf
tenno-cup,フリースタイル,2013,120kg,荒木田 進謙,警視庁,https://wrestling-spirits.jp/www/wp-content/data/80/ichiran_domestic/AllJapan-FF.pdf
tenno-cup,フリースタイル,2012,55kg,森下 史崇,日体大,https://wrestling-spirits.jp/www/wp-content/data/80/ichiran_domestic/AllJapan-FF.pdf
tenno-cup,フリースタイル,2012,60kg,前田 翔吾,ニューギン,https://wrestling-spirits.jp/www/wp-content/data/80/ichiran_domestic/AllJapan-FF.pdf
tenno-cup,フリースタイル,2012,66kg,石田 智嗣,警視庁,https://wrestling-spirits.jp/www/wp-content/data/80/ichiran_domestic/AllJapan-FF.pdf
tenno-cup,フリースタイル,2012,74kg,高谷 惣亮,ALSOK,https://wrestling-spirits.jp/www/wp-content/data/80/ichiran_domestic/AllJapan-FF.pdf
tenno-cup,フリースタイル,2012,84kg,松本 真也,警視庁,https://wrestling-spirits.jp/www/wp-content/data/80/ichiran_domestic/AllJapan-FF.pdf
tenno-cup,フリースタイル,2012,96kg,山口 剛,ブシロード,https://wrestling-spirits.jp/www/wp-content/data/80/ichiran_domestic/AllJapan-FF.pdf
tenno-cup,フリースタイル,2012,120kg,岡 倫之,日大,https://wrestling-spirits.jp/www/wp-content/data/80/ichiran_domestic/AllJapan-FF.pdf
tenno-cup,フリースタイル,2011,55kg,湯元 進一,自衛隊,https://wrestling-spirits.jp/www/wp-content/data/80/ichiran_domestic/AllJapan-FF.pdf
tenno-cup,フリースタイル,2011,60kg,前田 翔吾,ニューギン,https://wrestling-spirits.jp/www/wp-content/data/80/ichiran_domestic/AllJapan-FF.pdf
tenno-cup,フリースタイル,2011,66kg,米満 達弘,自衛隊,https://wrestling-spirits.jp/www/wp-content/data/80/ichiran_domestic/AllJapan-FF.pdf
tenno-cup,フリースタイル,2011,74kg,高谷 惣亮,拓大,https://wrestling-spirits.jp/www/wp-content/data/80/ichiran_domestic/AllJapan-FF.pdf
tenno-cup,フリースタイル,2011,84kg,松本 篤史,ALSOK,https://wrestling-spirits.jp/www/wp-content/data/80/ichiran_domestic/AllJapan-FF.pdf
tenno-cup,フリースタイル,2011,96kg,磯川 孝生,徳山大職,https://wrestling-spirits.jp/www/wp-content/data/80/ichiran_domestic/AllJapan-FF.pdf
tenno-cup,フリースタイル,2011,120kg,荒木田 進謙,専大クラブ,https://wrestling-spirits.jp/www/wp-content/data/80/ichiran_domestic/AllJapan-FF.pdf
tenno-cup,フリースタイル,2010,55kg,湯元 進一,自衛隊,https://wrestling-spirits.jp/www/wp-content/data/80/ichiran_domestic/AllJapan-FF.pdf
tenno-cup,フリースタイル,2010,60kg,湯元 健一,ALSOK,https://wrestling-spirits.jp/www/wp-content/data/80/ichiran_domestic/AllJapan-FF.pdf
tenno-cup,フリースタイル,2010,66kg,米満 達弘,自衛隊,https://wrestling-spirits.jp/www/wp-content/data/80/ichiran_domestic/AllJapan-FF.pdf
tenno-cup,フリースタイル,2010,74kg,長島 和幸,クリナップ,https://wrestling-spirits.jp/www/wp-content/data/80/ichiran_domestic/AllJapan-FF.pdf
tenno-cup,フリースタイル,2010,84kg,松本 真也,警視庁,https://wrestling-spirits.jp/www/wp-content/data/80/ichiran_domestic/AllJapan-FF.pdf
tenno-cup,フリースタイル,2010,96kg,磯川 孝生,徳山大職,https://wrestling-spirits.jp/www/wp-content/data/80/ichiran_domestic/AllJapan-FF.pdf
tenno-cup,フリースタイル,2010,120kg,荒木田 進謙,専大クラブ,https://wrestling-spirits.jp/www/wp-content/data/80/ichiran_domestic/AllJapan-FF.pdf
tenno-cup,フリースタイル,2009,55kg,稲葉 泰弘,警視庁,https://wrestling-spirits.jp/www/wp-content/data/80/ichiran_domestic/AllJapan-FF.pdf
tenno-cup,フリースタイル,2009,60kg,小田 裕之,国士舘大,https://wrestling-spirits.jp/www/wp-content/data/80/ichiran_domestic/AllJapan-FF.pdf
tenno-cup,フリースタイル,2009,66kg,池松 和彦,福岡大助手,https://wrestling-spirits.jp/www/wp-content/data/80/ichiran_domestic/AllJapan-FF.pdf
tenno-cup,フリースタイル,2009,74kg,長島 和幸,クリナップ,https://wrestling-spirits.jp/www/wp-content/data/80/ichiran_domestic/AllJapan-FF.pdf
tenno-cup,フリースタイル,2009,84kg,松本 真也,警視庁,https://wrestling-spirits.jp/www/wp-content/data/80/ichiran_domestic/AllJapan-FF.pdf
tenno-cup,フリースタイル,2009,96kg,磯川 孝生,徳山大職,https://wrestling-spirits.jp/www/wp-content/data/80/ichiran_domestic/AllJapan-FF.pdf
tenno-cup,フリースタイル,2009,120kg,下中 隆広,国士舘大大学院,https://wrestling-spirits.jp/www/wp-content/data/80/ichiran_domestic/AllJapan-FF.pdf
tenno-cup,フリースタイル,2008,55kg,湯元 進一,自衛隊,https://wrestling-spirits.jp/www/wp-content/data/80/ichiran_domestic/AllJapan-FF.pdf
tenno-cup,フリースタイル,2008,60kg,前田 翔吾,日体大,https://wrestling-spirits.jp/www/wp-content/data/80/ichiran_domestic/AllJapan-FF.pdf
tenno-cup,フリースタイル,2008,66kg,米満 達弘,拓大,https://wrestling-spirits.jp/www/wp-content/data/80/ichiran_domestic/AllJapan-FF.pdf
tenno-cup,フリースタイル,2008,74kg,長島 和幸,クリナップ,https://wrestling-spirits.jp/www/wp-content/data/80/ichiran_domestic/AllJapan-FF.pdf
tenno-cup,フリースタイル,2008,84kg,小幡 邦彦,ALSOK綜合警備保障,https://wrestling-spirits.jp/www/wp-content/data/80/ichiran_domestic/AllJapan-FF.pdf
tenno-cup,フリースタイル,2008,96kg,松本 慎吾,一宮運輸,https://wrestling-spirits.jp/www/wp-content/data/80/ichiran_domestic/AllJapan-FF.pdf
tenno-cup,フリースタイル,2008,120kg,荒木田 進謙,専大,https://wrestling-spirits.jp/www/wp-content/data/80/ichiran_domestic/AllJapan-FF.pdf
tenno-cup,フリースタイル,2007,55kg,松永 共広,ALSOK綜合警備保障,https://wrestling-spirits.jp/www/wp-content/data/80/ichiran_domestic/AllJapan-FF.pdf
tenno-cup,フリースタイル,2007,60kg,高塚 紀行,日大,https://wrestling-spirits.jp/www/wp-content/data/80/ichiran_domestic/AllJapan-FF.pdf
tenno-cup,フリースタイル,2007,66kg,池松 和彦,K~POWERS,https://wrestling-spirits.jp/www/wp-content/data/80/ichiran_domestic/AllJapan-FF.pdf
tenno-cup,フリースタイル,2007,74kg,長島 和幸,クリナップ,https://wrestling-spirits.jp/www/wp-content/data/80/ichiran_domestic/AllJapan-FF.pdf
tenno-cup,フリースタイル,2007,84kg,鈴木 豊,自衛隊,https://wrestling-spirits.jp/www/wp-content/data/80/ichiran_domestic/AllJapan-FF.pdf
tenno-cup,フリースタイル,2007,96kg,小平 清貴,警視庁,https://wrestling-spirits.jp/www/wp-content/data/80/ichiran_domestic/AllJapan-FF.pdf
tenno-cup,フリースタイル,2007,120kg,田中 章仁,FEG,https://wrestling-spirits.jp/www/wp-content/data/80/ichiran_domestic/AllJapan-FF.pdf
tenno-cup,フリースタイル,2006,55kg,松永 共広,ALSOK綜合警備保障,https://wrestling-spirits.jp/www/wp-content/data/80/ichiran_domestic/AllJapan-FF.pdf
tenno-cup,フリースタイル,2006,60kg,湯元 健一,日体大,https://wrestling-spirits.jp/www/wp-content/data/80/ichiran_domestic/AllJapan-FF.pdf
tenno-cup,フリースタイル,2006,66kg,小島 豪臣,周南システム産業,https://wrestling-spirits.jp/www/wp-content/data/80/ichiran_domestic/AllJapan-FF.pdf
tenno-cup,フリースタイル,2006,74kg,長島 和幸,クリナップ,https://wrestling-spirits.jp/www/wp-content/data/80/ichiran_domestic/AllJapan-FF.pdf
tenno-cup,フリースタイル,2006,84kg,鈴木 豊,自衛隊,https://wrestling-spirits.jp/www/wp-content/data/80/ichiran_domestic/AllJapan-FF.pdf
tenno-cup,フリースタイル,2006,96kg,小平 清貴,警視庁,https://wrestling-spirits.jp/www/wp-content/data/80/ichiran_domestic/AllJapan-FF.pdf
tenno-cup,フリースタイル,2006,120kg,田中 章仁,FEG,https://wrestling-spirits.jp/www/wp-content/data/80/ichiran_domestic/AllJapan-FF.pdf
tenno-cup,フリースタイル,2005,55kg,松永 共広,ALSOK綜合警備保障,https://wrestling-spirits.jp/www/wp-content/data/80/ichiran_domestic/AllJapan-FF.pdf
tenno-cup,フリースタイル,2005,60kg,湯元 健一,日体大,https://wrestling-spirits.jp/www/wp-content/data/80/ichiran_domestic/AllJapan-FF.pdf
tenno-cup,フリースタイル,2005,66kg,佐藤 吏,早大,https://wrestling-spirits.jp/www/wp-content/data/80/ichiran_domestic/AllJapan-FF.pdf
tenno-cup,フリースタイル,2005,74kg,小幡 邦彦,ALSOK綜合警備保障,https://wrestling-spirits.jp/www/wp-content/data/80/ichiran_domestic/AllJapan-FF.pdf
tenno-cup,フリースタイル,2005,84kg,松本 真也,日大,https://wrestling-spirits.jp/www/wp-content/data/80/ichiran_domestic/AllJapan-FF.pdf
tenno-cup,フリースタイル,2005,96kg,小平 清貴,警視庁,https://wrestling-spirits.jp/www/wp-content/data/80/ichiran_domestic/AllJapan-FF.pdf
tenno-cup,フリースタイル,2005,120kg,田中 章仁,FEG,https://wrestling-spirits.jp/www/wp-content/data/80/ichiran_domestic/AllJapan-FF.pdf
tenno-cup,フリースタイル,2004,55kg,松永 共広,綜合警備保障,https://wrestling-spirits.jp/www/wp-content/data/80/ichiran_domestic/AllJapan-FF.pdf
tenno-cup,フリースタイル,2004,60kg,小島 豪臣,日体大,https://wrestling-spirits.jp/www/wp-content/data/80/ichiran_domestic/AllJapan-FF.pdf
tenno-cup,フリースタイル,2004,66kg,池松 和彦,日体大助,https://wrestling-spirits.jp/www/wp-content/data/80/ichiran_domestic/AllJapan-FF.pdf
tenno-cup,フリースタイル,2004,74kg,小幡 邦彦,綜合警備保障,https://wrestling-spirits.jp/www/wp-content/data/80/ichiran_domestic/AllJapan-FF.pdf
tenno-cup,フリースタイル,2004,84kg,磯川 孝生,拓大,https://wrestling-spirits.jp/www/wp-content/data/80/ichiran_domestic/AllJapan-FF.pdf
tenno-cup,フリースタイル,2004,96kg,小平 清貴,警視庁,https://wrestling-spirits.jp/www/wp-content/data/80/ichiran_domestic/AllJapan-FF.pdf
tenno-cup,フリースタイル,2004,120kg,田中 章仁,専大,https://wrestling-spirits.jp/www/wp-content/data/80/ichiran_domestic/AllJapan-FF.pdf
tenno-cup,フリースタイル,2003,55kg,田南部 力,警視庁,https://wrestling-spirits.jp/www/wp-content/data/80/ichiran_domestic/AllJapan-FF.pdf
tenno-cup,フリースタイル,2003,60kg,山本 英典,自衛隊,https://wrestling-spirits.jp/www/wp-content/data/80/ichiran_domestic/AllJapan-FF.pdf
tenno-cup,フリースタイル,2003,66kg,池松 和彦,日体大助,https://wrestling-spirits.jp/www/wp-content/data/80/ichiran_domestic/AllJapan-FF.pdf
tenno-cup,フリースタイル,2003,74kg,小幡 邦彦,綜合警備保障,https://wrestling-spirits.jp/www/wp-content/data/80/ichiran_domestic/AllJapan-FF.pdf
tenno-cup,フリースタイル,2003,84kg,横山 秀和,秋田・秋田商高教,https://wrestling-spirits.jp/www/wp-content/data/80/ichiran_domestic/AllJapan-FF.pdf
tenno-cup,フリースタイル,2003,96kg,小平 清貴,警視庁,https://wrestling-spirits.jp/www/wp-content/data/80/ichiran_domestic/AllJapan-FF.pdf
tenno-cup,フリースタイル,2003,120kg,田中 章仁,専大,https://wrestling-spirits.jp/www/wp-content/data/80/ichiran_domestic/AllJapan-FF.pdf
tenno-cup,フリースタイル,2002,55kg,田南部 力,警視庁,https://wrestling-spirits.jp/www/wp-content/data/80/ichiran_domestic/AllJapan-FF.pdf
tenno-cup,フリースタイル,2002,60kg,太田 亮介,警視庁,https://wrestling-spirits.jp/www/wp-content/data/80/ichiran_domestic/AllJapan-FF.pdf
tenno-cup,フリースタイル,2002,66kg,宮田 和幸,クリナップ,https://wrestling-spirits.jp/www/wp-content/data/80/ichiran_domestic/AllJapan-FF.pdf
tenno-cup,フリースタイル,2002,74kg,小幡 邦彦,山梨学院大,https://wrestling-spirits.jp/www/wp-content/data/80/ichiran_domestic/AllJapan-FF.pdf
tenno-cup,フリースタイル,2002,84kg,横山 秀和,秋田・秋田商高教,https://wrestling-spirits.jp/www/wp-content/data/80/ichiran_domestic/AllJapan-FF.pdf
tenno-cup,フリースタイル,2002,96kg,中尾 芳広,エス・ピー・ネットワーク,https://wrestling-spirits.jp/www/wp-content/data/80/ichiran_domestic/AllJapan-FF.pdf
tenno-cup,フリースタイル,2002,120kg,田中 章仁,専大,https://wrestling-spirits.jp/www/wp-content/data/80/ichiran_domestic/AllJapan-FF.pdf
tenno-cup,フリースタイル,2001,54kg,松永 共広,日体大,https://wrestling-spirits.jp/www/wp-content/data/80/ichiran_domestic/AllJapan-FF.pdf
tenno-cup,フリースタイル,2001,58kg,平井 進悟,綜合警備保障,https://wrestling-spirits.jp/www/wp-content/data/80/ichiran_domestic/AllJapan-FF.pdf
tenno-cup,フリースタイル,2001,63kg,金渕 清文,国士大助,https://wrestling-spirits.jp/www/wp-content/data/80/ichiran_domestic/AllJapan-FF.pdf
tenno-cup,フリースタイル,2001,69kg,宮田 和幸,クリナップ,https://wrestling-spirits.jp/www/wp-content/data/80/ichiran_domestic/AllJapan-FF.pdf
tenno-cup,フリースタイル,2001,76kg,小幡 邦彦,山梨学院大,https://wrestling-spirits.jp/www/wp-content/data/80/ichiran_domestic/AllJapan-FF.pdf
tenno-cup,フリースタイル,2001,85kg,川合 達夫,群馬・板倉高教,https://wrestling-spirits.jp/www/wp-content/data/80/ichiran_domestic/AllJapan-FF.pdf
tenno-cup,フリースタイル,2001,97kg,中尾 芳広,エス・ピー・ネットワーク,https://wrestling-spirits.jp/www/wp-content/data/80/ichiran_domestic/AllJapan-FF.pdf
tenno-cup,フリースタイル,2001,130kg,田中 章仁,専大,https://wrestling-spirits.jp/www/wp-content/data/80/ichiran_domestic/AllJapan-FF.pdf
tenno-cup,フリースタイル,2000,54kg,田南部 力,警視庁,https://wrestling-spirits.jp/www/wp-content/data/80/ichiran_domestic/AllJapan-FF.pdf
tenno-cup,フリースタイル,2000,58kg,関川 博紀,新潟・三条工高教,https://wrestling-spirits.jp/www/wp-content/data/80/ichiran_domestic/AllJapan-FF.pdf
tenno-cup,フリースタイル,2000,63kg,金渕 清文,国士大,https://wrestling-spirits.jp/www/wp-content/data/80/ichiran_domestic/AllJapan-FF.pdf
tenno-cup,フリースタイル,2000,69kg,天谷 博満,茨城・土浦日大高教,https://wrestling-spirits.jp/www/wp-content/data/80/ichiran_domestic/AllJapan-FF.pdf
tenno-cup,フリースタイル,2000,76kg,小幡 邦彦,山梨学院大,https://wrestling-spirits.jp/www/wp-content/data/80/ichiran_domestic/AllJapan-FF.pdf
tenno-cup,フリースタイル,2000,85kg,川合 達夫,群馬・板倉高教,https://wrestling-spirits.jp/www/wp-content/data/80/ichiran_domestic/AllJapan-FF.pdf
tenno-cup,フリースタイル,2000,97kg,小平 清貴,山梨学院大,https://wrestling-spirits.jp/www/wp-content/data/80/ichiran_domestic/AllJapan-FF.pdf
tenno-cup,フリースタイル,2000,130kg,今村 雄介,高田道場,https://wrestling-spirits.jp/www/wp-content/data/80/ichiran_domestic/AllJapan-FF.pdf
tenno-cup,フリースタイル,1999,54kg,田南部 力,警視庁,https://wrestling-spirits.jp/www/wp-content/data/80/ichiran_domestic/AllJapan-FF.pdf
tenno-cup,フリースタイル,1999,58kg,関川 博紀,新潟県体協,https://wrestling-spirits.jp/www/wp-content/data/80/ichiran_domestic/AllJapan-FF.pdf
tenno-cup,フリースタイル,1999,63kg,宮田 和幸,クリナップ,https://wrestling-spirits.jp/www/wp-content/data/80/ichiran_domestic/AllJapan-FF.pdf
tenno-cup,フリースタイル,1999,69kg,和田 貴広,和歌山県教育庁,https://wrestling-spirits.jp/www/wp-content/data/80/ichiran_domestic/AllJapan-FF.pdf
tenno-cup,フリースタイル,1999,76kg,小幡 邦彦,山梨学院大,https://wrestling-spirits.jp/www/wp-content/data/80/ichiran_domestic/AllJapan-FF.pdf
tenno-cup,フリースタイル,1999,85kg,川合 達夫,日体大研,https://wrestling-spirits.jp/www/wp-content/data/80/ichiran_domestic/AllJapan-FF.pdf
tenno-cup,フリースタイル,1999,97kg,小菅 裕司,日体大,https://wrestling-spirits.jp/www/wp-content/data/80/ichiran_domestic/AllJapan-FF.pdf
tenno-cup,フリースタイル,1999,130kg,小幡 弘之,警視庁,https://wrestling-spirits.jp/www/wp-content/data/80/ichiran_domestic/AllJapan-FF.pdf
tenno-cup,フリースタイル,1998,54kg,田村 茂一,自衛隊,https://wrestling-spirits.jp/www/wp-content/data/80/ichiran_domestic/AllJapan-FF.pdf
tenno-cup,フリースタイル,1998,58kg,関川 博紀,日体大助,https://wrestling-spirits.jp/www/wp-content/data/80/ichiran_domestic/AllJapan-FF.pdf
tenno-cup,フリースタイル,1998,63kg,栗尾 直樹,日体大,https://wrestling-spirits.jp/www/wp-content/data/80/ichiran_domestic/AllJapan-FF.pdf
tenno-cup,フリースタイル,1998,69kg,天谷 博満,警視庁,https://wrestling-spirits.jp/www/wp-content/data/80/ichiran_domestic/AllJapan-FF.pdf
tenno-cup,フリースタイル,1998,76kg,太田 拓弥,和歌山県協会,https://wrestling-spirits.jp/www/wp-content/data/80/ichiran_domestic/AllJapan-FF.pdf
tenno-cup,フリースタイル,1998,85kg,川合 達夫,日体大研,https://wrestling-spirits.jp/www/wp-content/data/80/ichiran_domestic/AllJapan-FF.pdf
tenno-cup,フリースタイル,1998,97kg,小菅 裕司,日体大,https://wrestling-spirits.jp/www/wp-content/data/80/ichiran_domestic/AllJapan-FF.pdf
tenno-cup,フリースタイル,1998,130kg,小幡 弘之,警視庁,https://wrestling-spirits.jp/www/wp-content/data/80/ichiran_domestic/AllJapan-FF.pdf
tenno-cup,フリースタイル,1997,54kg,笹山 秀雄,自衛隊,https://wrestling-spirits.jp/www/wp-content/data/80/ichiran_domestic/AllJapan-FF.pdf
tenno-cup,フリースタイル,1997,58kg,石島 勇次,綜合警備保障,https://wrestling-spirits.jp/www/wp-content/data/80/ichiran_domestic/AllJapan-FF.pdf
tenno-cup,フリースタイル,1997,63kg,和田 貴広,国士大助,https://wrestling-spirits.jp/www/wp-content/data/80/ichiran_domestic/AllJapan-FF.pdf
tenno-cup,フリースタイル,1997,69kg,勝 龍三郎,綜合警備保障,https://wrestling-spirits.jp/www/wp-content/data/80/ichiran_domestic/AllJapan-FF.pdf
tenno-cup,フリースタイル,1997,76kg,小柴 健二,自衛隊,https://wrestling-spirits.jp/www/wp-content/data/80/ichiran_domestic/AllJapan-FF.pdf
tenno-cup,フリースタイル,1997,85kg,川合 達夫,日体大研,https://wrestling-spirits.jp/www/wp-content/data/80/ichiran_domestic/AllJapan-FF.pdf
tenno-cup,フリースタイル,1997,97kg,小菅 裕司,日体大,https://wrestling-spirits.jp/www/wp-content/data/80/ichiran_domestic/AllJapan-FF.pdf
tenno-cup,フリースタイル,1997,130kg,小幡 弘之,警視庁,https://wrestling-spirits.jp/www/wp-content/data/80/ichiran_domestic/AllJapan-FF.pdf
tenno-cup,フリースタイル,1996,54kg,田南部 力,日体大,https://wrestling-spirits.jp/www/wp-content/data/80/ichiran_domestic/AllJapan-FF.pdf
tenno-cup,フリースタイル,1996,58kg,石島 勇次,綜合警備保障,https://wrestling-spirits.jp/www/wp-content/data/80/ichiran_domestic/AllJapan-FF.pdf
tenno-cup,フリースタイル,1996,63kg,坪井 勇,四倉高教,https://wrestling-spirits.jp/www/wp-content/data/80/ichiran_domestic/AllJapan-FF.pdf
tenno-cup,フリースタイル,1996,69kg,勝 龍三郎,綜合警備保障,https://wrestling-spirits.jp/www/wp-content/data/80/ichiran_domestic/AllJapan-FF.pdf
tenno-cup,フリースタイル,1996,76kg,太田 拓弥,茨城・霞ヶ浦高教,https://wrestling-spirits.jp/www/wp-content/data/80/ichiran_domestic/AllJapan-FF.pdf
tenno-cup,フリースタイル,1996,85kg,川合 達夫,日体大研,https://wrestling-spirits.jp/www/wp-content/data/80/ichiran_domestic/AllJapan-FF.pdf
tenno-cup,フリースタイル,1996,97kg,小菅 裕司,日体大,https://wrestling-spirits.jp/www/wp-content/data/80/ichiran_domestic/AllJapan-FF.pdf
tenno-cup,フリースタイル,1996,130kg,小幡 弘之,警視庁,https://wrestling-spirits.jp/www/wp-content/data/80/ichiran_domestic/AllJapan-FF.pdf
tenno-cup,フリースタイル,1995,48kg,佐伯 豊,クリナップ,https://wrestling-spirits.jp/www/wp-content/data/80/ichiran_domestic/AllJapan-FF.pdf
tenno-cup,フリースタイル,1995,52kg,笹山 秀雄,自衛隊,https://wrestling-spirits.jp/www/wp-content/data/80/ichiran_domestic/AllJapan-FF.pdf
tenno-cup,フリースタイル,1995,57kg,阿部 三子郎,ペンシルベニア州大,https://wrestling-spirits.jp/www/wp-content/data/80/ichiran_domestic/AllJapan-FF.pdf
tenno-cup,フリースタイル,1995,62kg,和田 貴広,国士大助,https://wrestling-spirits.jp/www/wp-content/data/80/ichiran_domestic/AllJapan-FF.pdf
tenno-cup,フリースタイル,1995,68kg,勝 龍三郎,綜合警備保障,https://wrestling-spirits.jp/www/wp-content/data/80/ichiran_domestic/AllJapan-FF.pdf
tenno-cup,フリースタイル,1995,74kg,太田 拓弥,茨城・霞ヶ浦高教,https://wrestling-spirits.jp/www/wp-content/data/80/ichiran_domestic/AllJapan-FF.pdf
tenno-cup,フリースタイル,1995,82kg,横山 秀和,日体大助,https://wrestling-spirits.jp/www/wp-content/data/80/ichiran_domestic/AllJapan-FF.pdf
tenno-cup,フリースタイル,1995,90kg,川合 達夫,日体大,https://wrestling-spirits.jp/www/wp-content/data/80/ichiran_domestic/AllJapan-FF.pdf
tenno-cup,フリースタイル,1995,100kg,藤田 和之,新日プロレス職,https://wrestling-spirits.jp/www/wp-content/data/80/ichiran_domestic/AllJapan-FF.pdf
tenno-cup,フリースタイル,1995,130kg,小幡 弘之,警視庁,https://wrestling-spirits.jp/www/wp-content/data/80/ichiran_domestic/AllJapan-FF.pdf
tenno-cup,フリースタイル,1994,48kg,戸井田 昌教,国士大,https://wrestling-spirits.jp/www/wp-content/data/80/ichiran_domestic/AllJapan-FF.pdf
tenno-cup,フリースタイル,1994,52kg,笹山 秀雄,自衛隊,https://wrestling-spirits.jp/www/wp-content/data/80/ichiran_domestic/AllJapan-FF.pdf
tenno-cup,フリースタイル,1994,57kg,入江 格,福島・平商高教,https://wrestling-spirits.jp/www/wp-content/data/80/ichiran_domestic/AllJapan-FF.pdf
tenno-cup,フリースタイル,1994,62kg,和田 貴広,国士大助,https://wrestling-spirits.jp/www/wp-content/data/80/ichiran_domestic/AllJapan-FF.pdf
tenno-cup,フリースタイル,1994,68kg,小柴 健二,新日プロ職,https://wrestling-spirits.jp/www/wp-content/data/80/ichiran_domestic/AllJapan-FF.pdf
tenno-cup,フリースタイル,1994,74kg,太田 拓弥,茨城・霞ヶ浦高教,https://wrestling-spirits.jp/www/wp-content/data/80/ichiran_domestic/AllJapan-FF.pdf
tenno-cup,フリースタイル,1994,82kg,横山 秀和,日体大助,https://wrestling-spirits.jp/www/wp-content/data/80/ichiran_domestic/AllJapan-FF.pdf
tenno-cup,フリースタイル,1994,90kg,エリック・ドウス,コスモ・スペース,https://wrestling-spirits.jp/www/wp-content/data/80/ichiran_domestic/AllJapan-FF.pdf
tenno-cup,フリースタイル,1994,100kg,浅沼 俊幸,自衛隊,https://wrestling-spirits.jp/www/wp-content/data/80/ichiran_domestic/AllJapan-FF.pdf
tenno-cup,フリースタイル,1994,130kg,小幡 弘之,警視庁,https://wrestling-spirits.jp/www/wp-content/data/80/ichiran_domestic/AllJapan-FF.pdf
tenno-cup,フリースタイル,1993,48kg,佐伯 豊,日大,https://wrestling-spirits.jp/www/wp-content/data/80/ichiran_domestic/AllJapan-FF.pdf
tenno-cup,フリースタイル,1993,52kg,笹山 秀雄,自衛隊,https://wrestling-spirits.jp/www/wp-content/data/80/ichiran_domestic/AllJapan-FF.pdf
tenno-cup,フリースタイル,1993,57kg,奥山 恵二,ユニデン,https://wrestling-spirits.jp/www/wp-content/data/80/ichiran_domestic/AllJapan-FF.pdf
tenno-cup,フリースタイル,1993,62kg,和田 貴広,国士大,https://wrestling-spirits.jp/www/wp-content/data/80/ichiran_domestic/AllJapan-FF.pdf
tenno-cup,フリースタイル,1993,68kg,小柴 健二,日体大,https://wrestling-spirits.jp/www/wp-content/data/80/ichiran_domestic/AllJapan-FF.pdf
tenno-cup,フリースタイル,1993,74kg,赤石 光生,ユニマット,https://wrestling-spirits.jp/www/wp-content/data/80/ichiran_domestic/AllJapan-FF.pdf
tenno-cup,フリースタイル,1993,82kg,横山 秀和,日体大,https://wrestling-spirits.jp/www/wp-content/data/80/ichiran_domestic/AllJapan-FF.pdf
tenno-cup,フリースタイル,1993,90kg,藤田 和之,新日プロレス職,https://wrestling-spirits.jp/www/wp-content/data/80/ichiran_domestic/AllJapan-FF.pdf
tenno-cup,フリースタイル,1993,100kg,浅沼 俊幸,自衛隊,https://wrestling-spirits.jp/www/wp-content/data/80/ichiran_domestic/AllJapan-FF.pdf
tenno-cup,フリースタイル,1993,130kg,小幡 弘之,警視庁,https://wrestling-spirits.jp/www/wp-content/data/80/ichiran_domestic/AllJapan-FF.pdf
tenno-cup,フリースタイル,1992,48kg,入江 隆,自衛隊,https://wrestling-spirits.jp/www/wp-content/data/80/ichiran_domestic/AllJapan-FF.pdf
tenno-cup,フリースタイル,1992,52kg,佐藤 満,日本体育会,https://wrestling-spirits.jp/www/wp-content/data/80/ichiran_domestic/AllJapan-FF.pdf
tenno-cup,フリースタイル,1992,57kg,奥山 恵二,山形・山形南高教,https://wrestling-spirits.jp/www/wp-content/data/80/ichiran_domestic/AllJapan-FF.pdf
tenno-cup,フリースタイル,1992,62kg,安達 巧,日体大助,https://wrestling-spirits.jp/www/wp-content/data/80/ichiran_domestic/AllJapan-FF.pdf
tenno-cup,フリースタイル,1992,68kg,赤石 光生,ユニマット,https://wrestling-spirits.jp/www/wp-content/data/80/ichiran_domestic/AllJapan-FF.pdf
tenno-cup,フリースタイル,1992,74kg,原 喜彦,新潟・新潟北高教,https://wrestling-spirits.jp/www/wp-content/data/80/ichiran_domestic/AllJapan-FF.pdf
tenno-cup,フリースタイル,1992,82kg,伊藤 敦,京都府体協,https://wrestling-spirits.jp/www/wp-content/data/80/ichiran_domestic/AllJapan-FF.pdf
tenno-cup,フリースタイル,1992,90kg,太田 章,早大教,https://wrestling-spirits.jp/www/wp-content/data/80/ichiran_domestic/AllJapan-FF.pdf
tenno-cup,フリースタイル,1992,100kg,中西 学,新日プロレス職,https://wrestling-spirits.jp/www/wp-content/data/80/ichiran_domestic/AllJapan-FF.pdf
tenno-cup,フリースタイル,1992,130kg,本田 多聞,自衛隊,https://wrestling-spirits.jp/www/wp-content/data/80/ichiran_domestic/AllJapan-FF.pdf
tenno-cup,フリースタイル,1991,48kg,平野 孝喜,京樽,https://wrestling-spirits.jp/www/wp-content/data/80/ichiran_domestic/AllJapan-FF.pdf
tenno-cup,フリースタイル,1991,52kg,佐藤 満,日本体育会,https://wrestling-spirits.jp/www/wp-content/data/80/ichiran_domestic/AllJapan-FF.pdf
tenno-cup,フリースタイル,1991,57kg,奥山 恵二,山形・山形南高教,https://wrestling-spirits.jp/www/wp-content/data/80/ichiran_domestic/AllJapan-FF.pdf
tenno-cup,フリースタイル,1991,62kg,藤田 隆和,国士大助,https://wrestling-spirits.jp/www/wp-content/data/80/ichiran_domestic/AllJapan-FF.pdf
tenno-cup,フリースタイル,1991,68kg,赤石 光生,ユニマット,https://wrestling-spirits.jp/www/wp-content/data/80/ichiran_domestic/AllJapan-FF.pdf
tenno-cup,フリースタイル,1991,74kg,原 喜彦,新潟・新潟北高教,https://wrestling-spirits.jp/www/wp-content/data/80/ichiran_domestic/AllJapan-FF.pdf
tenno-cup,フリースタイル,1991,82kg,石沢 常光,新日プロレス職,https://wrestling-spirits.jp/www/wp-content/data/80/ichiran_domestic/AllJapan-FF.pdf
tenno-cup,フリースタイル,1991,90kg,赤石 明雄,長田玉夫商会,https://wrestling-spirits.jp/www/wp-content/data/80/ichiran_domestic/AllJapan-FF.pdf
tenno-cup,フリースタイル,1991,100kg,中西 学,新日プロレス職,https://wrestling-spirits.jp/www/wp-content/data/80/ichiran_domestic/AllJapan-FF.pdf
tenno-cup,フリースタイル,1991,130kg,小幡 弘之,警視庁,https://wrestling-spirits.jp/www/wp-content/data/80/ichiran_domestic/AllJapan-FF.pdf
tenno-cup,フリースタイル,1990,48kg,小林 孝至,ユナイテッド・スティール,https://wrestling-spirits.jp/www/wp-content/data/80/ichiran_domestic/AllJapan-FF.pdf
tenno-cup,フリースタイル,1990,52kg,高田 裕司,山梨学院大教,https://wrestling-spirits.jp/www/wp-content/data/80/ichiran_domestic/AllJapan-FF.pdf
tenno-cup,フリースタイル,1990,57kg,朝倉 利夫,国士大教,https://wrestling-spirits.jp/www/wp-content/data/80/ichiran_domestic/AllJapan-FF.pdf
tenno-cup,フリースタイル,1990,62kg,安達 巧,日体大助,https://wrestling-spirits.jp/www/wp-content/data/80/ichiran_domestic/AllJapan-FF.pdf
tenno-cup,フリースタイル,1990,68kg,赤石 光生,ユナイテッド・スティール,https://wrestling-spirits.jp/www/wp-content/data/80/ichiran_domestic/AllJapan-FF.pdf
tenno-cup,フリースタイル,1990,74kg,原 喜彦,新潟・新潟北高教,https://wrestling-spirits.jp/www/wp-content/data/80/ichiran_domestic/AllJapan-FF.pdf
tenno-cup,フリースタイル,1990,82kg,菊地 隆,和歌山県教委,https://wrestling-spirits.jp/www/wp-content/data/80/ichiran_domestic/AllJapan-FF.pdf
tenno-cup,フリースタイル,1990,90kg,赤石 明雄,東山梨教育事務所,https://wrestling-spirits.jp/www/wp-content/data/80/ichiran_domestic/AllJapan-FF.pdf
tenno-cup,フリースタイル,1990,100kg,中西 学,和歌山県教委,https://wrestling-spirits.jp/www/wp-content/data/80/ichiran_domestic/AllJapan-FF.pdf
tenno-cup,フリースタイル,1990,130kg,本田 多聞,自衛隊,https://wrestling-spirits.jp/www/wp-content/data/80/ichiran_domestic/AllJapan-FF.pdf
tenno-cup,フリースタイル,1989,48kg,小林 孝至,ユナイテッド・スティール,https://wrestling-spirits.jp/www/wp-content/data/80/ichiran_domestic/AllJapan-FF.pdf
tenno-cup,フリースタイル,1989,52kg,石島 勇次,茨城・霞ヶ浦高,https://wrestling-spirits.jp/www/wp-content/data/80/ichiran_domestic/AllJapan-FF.pdf
tenno-cup,フリースタイル,1989,57kg,金浜 良,ユナイテッド・スティール,https://wrestling-spirits.jp/www/wp-content/data/80/ichiran_domestic/AllJapan-FF.pdf
tenno-cup,フリースタイル,1989,62kg,栄 和人,奈良県教委,https://wrestling-spirits.jp/www/wp-content/data/80/ichiran_domestic/AllJapan-FF.pdf
tenno-cup,フリースタイル,1989,68kg,赤石 光生,ユナイテッド・スティール,https://wrestling-spirits.jp/www/wp-content/data/80/ichiran_domestic/AllJapan-FF.pdf
tenno-cup,フリースタイル,1989,74kg,原 喜彦,新潟・新潟北高教,https://wrestling-spirits.jp/www/wp-content/data/80/ichiran_domestic/AllJapan-FF.pdf
tenno-cup,フリースタイル,1989,82kg,菊地 隆,和歌山県教委,https://wrestling-spirits.jp/www/wp-content/data/80/ichiran_domestic/AllJapan-FF.pdf
tenno-cup,フリースタイル,1989,90kg,太田 章,早大教,https://wrestling-spirits.jp/www/wp-content/data/80/ichiran_domestic/AllJapan-FF.pdf
tenno-cup,フリースタイル,1989,100kg,中西 学,和歌山県教委,https://wrestling-spirits.jp/www/wp-content/data/80/ichiran_domestic/AllJapan-FF.pdf
tenno-cup,フリースタイル,1989,130kg,小幡 弘之,日大,https://wrestling-spirits.jp/www/wp-content/data/80/ichiran_domestic/AllJapan-FF.pdf
tenno-cup,フリースタイル,1988,48kg,小林 孝至,ユナイテッド・スティール,https://wrestling-spirits.jp/www/wp-content/data/80/ichiran_domestic/AllJapan-FF.pdf
tenno-cup,フリースタイル,1988,52kg,佐藤 満,日体大助手,https://wrestling-spirits.jp/www/wp-content/data/80/ichiran_domestic/AllJapan-FF.pdf
tenno-cup,フリースタイル,1988,57kg,金浜 良,日大,https://wrestling-spirits.jp/www/wp-content/data/80/ichiran_domestic/AllJapan-FF.pdf
tenno-cup,フリースタイル,1988,62kg,栄 和人,奈良県教委,https://wrestling-spirits.jp/www/wp-content/data/80/ichiran_domestic/AllJapan-FF.pdf
tenno-cup,フリースタイル,1988,68kg,赤石 光生,ユナイテッド・スティール,https://wrestling-spirits.jp/www/wp-content/data/80/ichiran_domestic/AllJapan-FF.pdf
tenno-cup,フリースタイル,1988,74kg,原 喜彦,日体大研,https://wrestling-spirits.jp/www/wp-content/data/80/ichiran_domestic/AllJapan-FF.pdf
tenno-cup,フリースタイル,1988,82kg,菊地 隆,和歌山県教委,https://wrestling-spirits.jp/www/wp-content/data/80/ichiran_domestic/AllJapan-FF.pdf
tenno-cup,フリースタイル,1988,90kg,太田 章,早大教,https://wrestling-spirits.jp/www/wp-content/data/80/ichiran_domestic/AllJapan-FF.pdf
tenno-cup,フリースタイル,1988,100kg,本田 多聞,自衛隊,https://wrestling-spirits.jp/www/wp-content/data/80/ichiran_domestic/AllJapan-FF.pdf
tenno-cup,フリースタイル,1988,130kg,小幡 弘之,日大,https://wrestling-spirits.jp/www/wp-content/data/80/ichiran_domestic/AllJapan-FF.pdf
tenno-cup,フリースタイル,1987,48kg,小林 孝至,ユナイテッド・スティール,https://wrestling-spirits.jp/www/wp-content/data/80/ichiran_domestic/AllJapan-FF.pdf
tenno-cup,フリースタイル,1987,52kg,佐藤 満,日体大助手,https://wrestling-spirits.jp/www/wp-content/data/80/ichiran_domestic/AllJapan-FF.pdf
tenno-cup,フリースタイル,1987,57kg,朝倉 利夫,国士大教,https://wrestling-spirits.jp/www/wp-content/data/80/ichiran_domestic/AllJapan-FF.pdf
tenno-cup,フリースタイル,1987,62kg,栄 和人,奈良県教委,https://wrestling-spirits.jp/www/wp-content/data/80/ichiran_domestic/AllJapan-FF.pdf
tenno-cup,フリースタイル,1987,68kg,赤石 光生,ユナイテッド・スティール,https://wrestling-spirits.jp/www/wp-content/data/80/ichiran_domestic/AllJapan-FF.pdf
tenno-cup,フリースタイル,1987,74kg,高橋 信明,専大,https://wrestling-spirits.jp/www/wp-content/data/80/ichiran_domestic/AllJapan-FF.pdf
tenno-cup,フリースタイル,1987,82kg,菊地 隆,和歌山県教委,https://wrestling-spirits.jp/www/wp-content/data/80/ichiran_domestic/AllJapan-FF.pdf
tenno-cup,フリースタイル,1987,90kg,赤石 明雄,東山梨教育事務所,https://wrestling-spirits.jp/www/wp-content/data/80/ichiran_domestic/AllJapan-FF.pdf
tenno-cup,フリースタイル,1987,100kg,本田 多聞,自衛隊,https://wrestling-spirits.jp/www/wp-content/data/80/ichiran_domestic/AllJapan-FF.pdf
tenno-cup,フリースタイル,1987,130kg,猿田 充,甲府西高教,https://wrestling-spirits.jp/www/wp-content/data/80/ichiran_domestic/AllJapan-FF.pdf
tenno-cup,フリースタイル,1986,48kg,入江 隆,自衛隊,https://wrestling-spirits.jp/www/wp-content/data/80/ichiran_domestic/AllJapan-FF.pdf
tenno-cup,フリースタイル,1986,52kg,佐藤 満,日体大大学院,https://wrestling-spirits.jp/www/wp-content/data/80/ichiran_domestic/AllJapan-FF.pdf
tenno-cup,フリースタイル,1986,57kg,朝倉 利夫,国士大教,https://wrestling-spirits.jp/www/wp-content/data/80/ichiran_domestic/AllJapan-FF.pdf
tenno-cup,フリースタイル,1986,62kg,栄 和人,奈良県教委,https://wrestling-spirits.jp/www/wp-content/data/80/ichiran_domestic/AllJapan-FF.pdf
tenno-cup,フリースタイル,1986,68kg,赤石 光生,日大,https://wrestling-spirits.jp/www/wp-content/data/80/ichiran_domestic/AllJapan-FF.pdf
tenno-cup,フリースタイル,1986,74kg,角崎 朋博,日体大,https://wrestling-spirits.jp/www/wp-content/data/80/ichiran_domestic/AllJapan-FF.pdf
tenno-cup,フリースタイル,1986,82kg,菊地 隆,和歌山県教委,https://wrestling-spirits.jp/www/wp-content/data/80/ichiran_domestic/AllJapan-FF.pdf
tenno-cup,フリースタイル,1986,90kg,保坂 竹道,自衛隊,https://wrestling-spirits.jp/www/wp-content/data/80/ichiran_domestic/AllJapan-FF.pdf
tenno-cup,フリースタイル,1986,100kg,本田 多聞,自衛隊,https://wrestling-spirits.jp/www/wp-content/data/80/ichiran_domestic/AllJapan-FF.pdf
tenno-cup,フリースタイル,1986,130kg,谷津 嘉章,ジャパン・プロレス,https://wrestling-spirits.jp/www/wp-content/data/80/ichiran_domestic/AllJapan-FF.pdf
tenno-cup,フリースタイル,1985,48kg,入江 隆,自衛隊,https://wrestling-spirits.jp/www/wp-content/data/80/ichiran_domestic/AllJapan-FF.pdf
tenno-cup,フリースタイル,1985,52kg,佐藤 満,日体大大学院,https://wrestling-spirits.jp/www/wp-content/data/80/ichiran_domestic/AllJapan-FF.pdf
tenno-cup,フリースタイル,1985,57kg,朝倉 利夫,国士大教,https://wrestling-spirits.jp/www/wp-content/data/80/ichiran_domestic/AllJapan-FF.pdf
tenno-cup,フリースタイル,1985,62kg,栄 和人,奈良県教委,https://wrestling-spirits.jp/www/wp-content/data/80/ichiran_domestic/AllJapan-FF.pdf
tenno-cup,フリースタイル,1985,68kg,五位塚 悟,山梨・韮崎工高教,https://wrestling-spirits.jp/www/wp-content/data/80/ichiran_domestic/AllJapan-FF.pdf
tenno-cup,フリースタイル,1985,74kg,平山 宣伸,日体大,https://wrestling-spirits.jp/www/wp-content/data/80/ichiran_domestic/AllJapan-FF.pdf
tenno-cup,フリースタイル,1985,82kg,菊地 隆,和歌山県教委,https://wrestling-spirits.jp/www/wp-content/data/80/ichiran_domestic/AllJapan-FF.pdf
tenno-cup,フリースタイル,1985,90kg,保坂 竹道,自衛隊,https://wrestling-spirits.jp/www/wp-content/data/80/ichiran_domestic/AllJapan-FF.pdf
tenno-cup,フリースタイル,1985,100kg,本田 多聞,日大,https://wrestling-spirits.jp/www/wp-content/data/80/ichiran_domestic/AllJapan-FF.pdf
tenno-cup,フリースタイル,1985,130kg,大川 浩一,警視庁,https://wrestling-spirits.jp/www/wp-content/data/80/ichiran_domestic/AllJapan-FF.pdf
tenno-cup,フリースタイル,1984,48kg,入江 隆,自衛隊,https://wrestling-spirits.jp/www/wp-content/data/80/ichiran_domestic/AllJapan-FF.pdf
tenno-cup,フリースタイル,1984,52kg,高田 裕司,群馬・館林高教,https://wrestling-spirits.jp/www/wp-content/data/80/ichiran_domestic/AllJapan-FF.pdf
tenno-cup,フリースタイル,1984,57kg,富山 英明,日大教,https://wrestling-spirits.jp/www/wp-content/data/80/ichiran_domestic/AllJapan-FF.pdf
tenno-cup,フリースタイル,1984,62kg,赤石 光生,日大,https://wrestling-spirits.jp/www/wp-content/data/80/ichiran_domestic/AllJapan-FF.pdf
tenno-cup,フリースタイル,1984,68kg,上村 政和,日大,https://wrestling-spirits.jp/www/wp-content/data/80/ichiran_domestic/AllJapan-FF.pdf
tenno-cup,フリースタイル,1984,74kg,樋口 直巳,奈良県体教,https://wrestling-spirits.jp/www/wp-content/data/80/ichiran_domestic/AllJapan-FF.pdf
tenno-cup,フリースタイル,1984,82kg,長島 偉之,栃木・足利工高教,https://wrestling-spirits.jp/www/wp-content/data/80/ichiran_domestic/AllJapan-FF.pdf
tenno-cup,フリースタイル,1984,90kg,太田 章,早大教,https://wrestling-spirits.jp/www/wp-content/data/80/ichiran_domestic/AllJapan-FF.pdf
tenno-cup,フリースタイル,1984,100kg,本田 多聞,日大,https://wrestling-spirits.jp/www/wp-content/data/80/ichiran_domestic/AllJapan-FF.pdf
tenno-cup,フリースタイル,1984,100kg以上,石森 宏一,大体大,https://wrestling-spirits.jp/www/wp-content/data/80/ichiran_domestic/AllJapan-FF.pdf
tenno-cup,フリースタイル,1983,48kg,入江 隆,自衛隊,https://wrestling-spirits.jp/www/wp-content/data/80/ichiran_domestic/AllJapan-FF.pdf
tenno-cup,フリースタイル,1983,52kg,朝倉 利夫,国士大教,https://wrestling-spirits.jp/www/wp-content/data/80/ichiran_domestic/AllJapan-FF.pdf
tenno-cup,フリースタイル,1983,57kg,富山 英明,日大教,https://wrestling-spirits.jp/www/wp-content/data/80/ichiran_domestic/AllJapan-FF.pdf
tenno-cup,フリースタイル,1983,62kg,栄 和人,奈良県協会,https://wrestling-spirits.jp/www/wp-content/data/80/ichiran_domestic/AllJapan-FF.pdf
tenno-cup,フリースタイル,1983,68kg,杉野 浩吉,自衛隊,https://wrestling-spirits.jp/www/wp-content/data/80/ichiran_domestic/AllJapan-FF.pdf
tenno-cup,フリースタイル,1983,74kg,菊地 隆,和歌山県教委,https://wrestling-spirits.jp/www/wp-content/data/80/ichiran_domestic/AllJapan-FF.pdf
tenno-cup,フリースタイル,1983,82kg,長島 偉之,栃木・足利工高教,https://wrestling-spirits.jp/www/wp-content/data/80/ichiran_domestic/AllJapan-FF.pdf
tenno-cup,フリースタイル,1983,90kg,太田 章,早大教,https://wrestling-spirits.jp/www/wp-content/data/80/ichiran_domestic/AllJapan-FF.pdf
tenno-cup,フリースタイル,1983,100kg,本田 多聞,日大,https://wrestling-spirits.jp/www/wp-content/data/80/ichiran_domestic/AllJapan-FF.pdf
tenno-cup,フリースタイル,1983,100kg以上,石森 宏一,大体大,https://wrestling-spirits.jp/www/wp-content/data/80/ichiran_domestic/AllJapan-FF.pdf
tenno-cup,フリースタイル,1982,48kg,石川 真一,国士大,https://wrestling-spirits.jp/www/wp-content/data/80/ichiran_domestic/AllJapan-FF.pdf
tenno-cup,フリースタイル,1982,52kg,朝倉 利夫,鹿児島県体教,https://wrestling-spirits.jp/www/wp-content/data/80/ichiran_domestic/AllJapan-FF.pdf
tenno-cup,フリースタイル,1982,57kg,富山 英明,日大教,https://wrestling-spirits.jp/www/wp-content/data/80/ichiran_domestic/AllJapan-FF.pdf
tenno-cup,フリースタイル,1982,62kg,金子 博,西邑楽高教,https://wrestling-spirits.jp/www/wp-content/data/80/ichiran_domestic/AllJapan-FF.pdf
tenno-cup,フリースタイル,1982,68kg,上村 政和,日大,https://wrestling-spirits.jp/www/wp-content/data/80/ichiran_domestic/AllJapan-FF.pdf
tenno-cup,フリースタイル,1982,74kg,菊地 隆,和歌山県教委,https://wrestling-spirits.jp/www/wp-content/data/80/ichiran_domestic/AllJapan-FF.pdf
tenno-cup,フリースタイル,1982,82kg,茂木 優,秋田・秋田商高教,https://wrestling-spirits.jp/www/wp-content/data/80/ichiran_domestic/AllJapan-FF.pdf
tenno-cup,フリースタイル,1982,90kg,太田 章,早大教,https://wrestling-spirits.jp/www/wp-content/data/80/ichiran_domestic/AllJapan-FF.pdf
tenno-cup,フリースタイル,1982,100kg,石川 淳,自衛隊,https://wrestling-spirits.jp/www/wp-content/data/80/ichiran_domestic/AllJapan-FF.pdf
tenno-cup,フリースタイル,1982,100kg以上,松永 清志,和歌山県教委,https://wrestling-spirits.jp/www/wp-content/data/80/ichiran_domestic/AllJapan-FF.pdf
tenno-cup,フリースタイル,1981,48kg,入江 隆,自衛隊,https://wrestling-spirits.jp/www/wp-content/data/80/ichiran_domestic/AllJapan-FF.pdf
tenno-cup,フリースタイル,1981,52kg,朝倉 利夫,国士大助,https://wrestling-spirits.jp/www/wp-content/data/80/ichiran_domestic/AllJapan-FF.pdf
tenno-cup,フリースタイル,1981,57kg,富山 英明,日大教,https://wrestling-spirits.jp/www/wp-content/data/80/ichiran_domestic/AllJapan-FF.pdf
tenno-cup,フリースタイル,1981,62kg,杉野 浩吉,自衛隊,https://wrestling-spirits.jp/www/wp-content/data/80/ichiran_domestic/AllJapan-FF.pdf
tenno-cup,フリースタイル,1981,68kg,上村 政和,日大,https://wrestling-spirits.jp/www/wp-content/data/80/ichiran_domestic/AllJapan-FF.pdf
tenno-cup,フリースタイル,1981,74kg,田谷 久男,自衛隊,https://wrestling-spirits.jp/www/wp-content/data/80/ichiran_domestic/AllJapan-FF.pdf
tenno-cup,フリースタイル,1981,82kg,太田 章,早大助,https://wrestling-spirits.jp/www/wp-content/data/80/ichiran_domestic/AllJapan-FF.pdf
tenno-cup,フリースタイル,1981,90kg,鈴木 光,ユナイテッド・スティール,https://wrestling-spirits.jp/www/wp-content/data/80/ichiran_domestic/AllJapan-FF.pdf
tenno-cup,フリースタイル,1981,100kg,安藤 正哉,日体大,https://wrestling-spirits.jp/www/wp-content/data/80/ichiran_domestic/AllJapan-FF.pdf
tenno-cup,フリースタイル,1981,100kg以上,松永 清志,和歌山県教委,https://wrestling-spirits.jp/www/wp-content/data/80/ichiran_domestic/AllJapan-FF.pdf
tenno-cup,フリースタイル,1980,48kg,入江 隆,自衛隊,https://wrestling-spirits.jp/www/wp-content/data/80/ichiran_domestic/AllJapan-FF.pdf
tenno-cup,フリースタイル,1980,52kg,高田 裕司,日体大研,https://wrestling-spirits.jp/www/wp-content/data/80/ichiran_domestic/AllJapan-FF.pdf
tenno-cup,フリースタイル,1980,57kg,富山 英明,日大研,https://wrestling-spirits.jp/www/wp-content/data/80/ichiran_domestic/AllJapan-FF.pdf
tenno-cup,フリースタイル,1980,62kg,多賀 恒雄,国士大助,https://wrestling-spirits.jp/www/wp-content/data/80/ichiran_domestic/AllJapan-FF.pdf
tenno-cup,フリースタイル,1980,68kg,宮原 章,松永製あん,https://wrestling-spirits.jp/www/wp-content/data/80/ichiran_domestic/AllJapan-FF.pdf
tenno-cup,フリースタイル,1980,74kg,伊達 治一郎,国士大教,https://wrestling-spirits.jp/www/wp-content/data/80/ichiran_domestic/AllJapan-FF.pdf
tenno-cup,フリースタイル,1980,82kg,太田 章,早大,https://wrestling-spirits.jp/www/wp-content/data/80/ichiran_domestic/AllJapan-FF.pdf
tenno-cup,フリースタイル,1980,90kg,清水 一夫,岡山・岡山日大高教,https://wrestling-spirits.jp/www/wp-content/data/80/ichiran_domestic/AllJapan-FF.pdf
tenno-cup,フリースタイル,1980,100kg,谷津 嘉章,栃木・足利工大研,https://wrestling-spirits.jp/www/wp-content/data/80/ichiran_domestic/AllJapan-FF.pdf
tenno-cup,フリースタイル,1980,100kg以上,森 康哲,自衛隊,https://wrestling-spirits.jp/www/wp-content/data/80/ichiran_domestic/AllJapan-FF.pdf
tenno-cup,フリースタイル,1979,48kg,藤沢 信雄,大東大職,https://wrestling-spirits.jp/www/wp-content/data/80/ichiran_domestic/AllJapan-FF.pdf
tenno-cup,フリースタイル,1979,52kg,高田 裕司,日体大研,https://wrestling-spirits.jp/www/wp-content/data/80/ichiran_domestic/AllJapan-FF.pdf
tenno-cup,フリースタイル,1979,57kg,富山 英明,日大,https://wrestling-spirits.jp/www/wp-content/data/80/ichiran_domestic/AllJapan-FF.pdf
tenno-cup,フリースタイル,1979,62kg,多賀 恒雄,国士大,https://wrestling-spirits.jp/www/wp-content/data/80/ichiran_domestic/AllJapan-FF.pdf
tenno-cup,フリースタイル,1979,68kg,宮原 章,松永製あん,https://wrestling-spirits.jp/www/wp-content/data/80/ichiran_domestic/AllJapan-FF.pdf
tenno-cup,フリースタイル,1979,74kg,伊達 治一郎,国士大教,https://wrestling-spirits.jp/www/wp-content/data/80/ichiran_domestic/AllJapan-FF.pdf
tenno-cup,フリースタイル,1979,82kg,茂木 優,秋田・秋田商高教,https://wrestling-spirits.jp/www/wp-content/data/80/ichiran_domestic/AllJapan-FF.pdf
tenno-cup,フリースタイル,1979,90kg,鈴木 光,ユナイテッド・スティール,https://wrestling-spirits.jp/www/wp-content/data/80/ichiran_domestic/AllJapan-FF.pdf
tenno-cup,フリースタイル,1979,100kg,谷津 嘉章,足利工大研,https://wrestling-spirits.jp/www/wp-content/data/80/ichiran_domestic/AllJapan-FF.pdf
tenno-cup,フリースタイル,1979,100kg以上,山本 邦寿,日体大,https://wrestling-spirits.jp/www/wp-content/data/80/ichiran_domestic/AllJapan-FF.pdf
tenno-cup,フリースタイル,1978,48kg,藤沢 信雄,大東大職,https://wrestling-spirits.jp/www/wp-content/data/80/ichiran_domestic/AllJapan-FF.pdf
tenno-cup,フリースタイル,1978,52kg,高田 裕司,日体大研,https://wrestling-spirits.jp/www/wp-content/data/80/ichiran_domestic/AllJapan-FF.pdf
tenno-cup,フリースタイル,1978,57kg,富山 英明,日大,https://wrestling-spirits.jp/www/wp-content/data/80/ichiran_domestic/AllJapan-FF.pdf
tenno-cup,フリースタイル,1978,62kg,山崎 徳夫,城東中教,https://wrestling-spirits.jp/www/wp-content/data/80/ichiran_domestic/AllJapan-FF.pdf
tenno-cup,フリースタイル,1978,68kg,宮原 章,松永製あん,https://wrestling-spirits.jp/www/wp-content/data/80/ichiran_domestic/AllJapan-FF.pdf
tenno-cup,フリースタイル,1978,74kg,川田 勝也,日大,https://wrestling-spirits.jp/www/wp-content/data/80/ichiran_domestic/AllJapan-FF.pdf
tenno-cup,フリースタイル,1978,82kg,茂木 優,秋田・秋田商高教,https://wrestling-spirits.jp/www/wp-content/data/80/ichiran_domestic/AllJapan-FF.pdf
tenno-cup,フリースタイル,1978,90kg,清水 一夫,岡山・岡山日大高教,https://wrestling-spirits.jp/www/wp-content/data/80/ichiran_domestic/AllJapan-FF.pdf
tenno-cup,フリースタイル,1978,100kg,山本 博,日大,https://wrestling-spirits.jp/www/wp-content/data/80/ichiran_domestic/AllJapan-FF.pdf
tenno-cup,フリースタイル,1978,100kg以上,谷津 嘉章,日大,https://wrestling-spirits.jp/www/wp-content/data/80/ichiran_domestic/AllJapan-FF.pdf
tenno-cup,フリースタイル,1977,48kg,藤沢 信雄,大東大職,https://wrestling-spirits.jp/www/wp-content/data/80/ichiran_domestic/AllJapan-FF.pdf
tenno-cup,フリースタイル,1977,52kg,高田 裕司,日体大研,https://wrestling-spirits.jp/www/wp-content/data/80/ichiran_domestic/AllJapan-FF.pdf
tenno-cup,フリースタイル,1977,57kg,佐々木 禎,静岡・稲取高教,https://wrestling-spirits.jp/www/wp-content/data/80/ichiran_domestic/AllJapan-FF.pdf
tenno-cup,フリースタイル,1977,62kg,堀井 健一,国士大教,https://wrestling-spirits.jp/www/wp-content/data/80/ichiran_domestic/AllJapan-FF.pdf
tenno-cup,フリースタイル,1977,68kg,平松 義高,自衛隊,https://wrestling-spirits.jp/www/wp-content/data/80/ichiran_domestic/AllJapan-FF.pdf
tenno-cup,フリースタイル,1977,74kg,藤田 末広,自衛隊,https://wrestling-spirits.jp/www/wp-content/data/80/ichiran_domestic/AllJapan-FF.pdf
tenno-cup,フリースタイル,1977,82kg,鈴木 光,日大,https://wrestling-spirits.jp/www/wp-content/data/80/ichiran_domestic/AllJapan-FF.pdf
tenno-cup,フリースタイル,1977,90kg,清水 一夫,岡山・岡山日大高教,https://wrestling-spirits.jp/www/wp-content/data/80/ichiran_domestic/AllJapan-FF.pdf
tenno-cup,フリースタイル,1977,100kg,谷津 嘉章,日大,https://wrestling-spirits.jp/www/wp-content/data/80/ichiran_domestic/AllJapan-FF.pdf
tenno-cup,フリースタイル,1977,100kg以上,森 康哲,自衛隊,https://wrestling-spirits.jp/www/wp-content/data/80/ichiran_domestic/AllJapan-FF.pdf
tenno-cup,フリースタイル,1976,48kg,工藤 章,三信電気,https://wrestling-spirits.jp/www/wp-content/data/80/ichiran_domestic/AllJapan-FF.pdf
tenno-cup,フリースタイル,1976,52kg,高田 裕司,日体大研,https://wrestling-spirits.jp/www/wp-content/data/80/ichiran_domestic/AllJapan-FF.pdf
tenno-cup,フリースタイル,1976,57kg,山路 明,国士大,https://wrestling-spirits.jp/www/wp-content/data/80/ichiran_domestic/AllJapan-FF.pdf
tenno-cup,フリースタイル,1976,62kg,上田 保隆,日体大研,https://wrestling-spirits.jp/www/wp-content/data/80/ichiran_domestic/AllJapan-FF.pdf
tenno-cup,フリースタイル,1976,68kg,菅原 弥三郎,国士大,https://wrestling-spirits.jp/www/wp-content/data/80/ichiran_domestic/AllJapan-FF.pdf
tenno-cup,フリースタイル,1976,74kg,伊達 治一郎,国士大教,https://wrestling-spirits.jp/www/wp-content/data/80/ichiran_domestic/AllJapan-FF.pdf
tenno-cup,フリースタイル,1976,82kg,出河 満男,自衛隊,https://wrestling-spirits.jp/www/wp-content/data/80/ichiran_domestic/AllJapan-FF.pdf
tenno-cup,フリースタイル,1976,90kg,谷津 嘉章,日大,https://wrestling-spirits.jp/www/wp-content/data/80/ichiran_domestic/AllJapan-FF.pdf
tenno-cup,フリースタイル,1976,100kg,清水 一夫,大東大,https://wrestling-spirits.jp/www/wp-content/data/80/ichiran_domestic/AllJapan-FF.pdf
tenno-cup,フリースタイル,1976,100kg以上,磯貝 頼秀,ゼネラル石油,https://wrestling-spirits.jp/www/wp-content/data/80/ichiran_domestic/AllJapan-FF.pdf
tenno-cup,フリースタイル,1975,48kg,工藤 章,専大,https://wrestling-spirits.jp/www/wp-content/data/80/ichiran_domestic/AllJapan-FF.pdf
tenno-cup,フリースタイル,1975,52kg,高田 裕司,日体大,https://wrestling-spirits.jp/www/wp-content/data/80/ichiran_domestic/AllJapan-FF.pdf
tenno-cup,フリースタイル,1975,57kg,荒井 政雄,斎藤道場,https://wrestling-spirits.jp/www/wp-content/data/80/ichiran_domestic/AllJapan-FF.pdf
tenno-cup,フリースタイル,1975,62kg,梁 正模,韓国,https://wrestling-spirits.jp/www/wp-content/data/80/ichiran_domestic/AllJapan-FF.pdf
tenno-cup,フリースタイル,1975,68kg,菅原 弥三郎,国士大,https://wrestling-spirits.jp/www/wp-content/data/80/ichiran_domestic/AllJapan-FF.pdf
tenno-cup,フリースタイル,1975,74kg,出河 満男,自衛隊,https://wrestling-spirits.jp/www/wp-content/data/80/ichiran_domestic/AllJapan-FF.pdf
tenno-cup,フリースタイル,1975,82kg,茂木 優,秋田・秋田商高教,https://wrestling-spirits.jp/www/wp-content/data/80/ichiran_domestic/AllJapan-FF.pdf
tenno-cup,フリースタイル,1975,90kg,鎌田 誠,自衛隊,https://wrestling-spirits.jp/www/wp-content/data/80/ichiran_domestic/AllJapan-FF.pdf
tenno-cup,フリースタイル,1975,100kg,斉藤 真,浦安高教,https://wrestling-spirits.jp/www/wp-content/data/80/ichiran_domestic/AllJapan-FF.pdf
tenno-cup,フリースタイル,1975,100kg以上,磯貝 頼秀,ゼネラル石油,https://wrestling-spirits.jp/www/wp-content/data/80/ichiran_domestic/AllJapan-FF.pdf
tenno-cup,フリースタイル,1974,48kg,工藤 章,専大,https://wrestling-spirits.jp/www/wp-content/data/80/ichiran_domestic/AllJapan-FF.pdf
tenno-cup,フリースタイル,1974,52kg,高田 裕司,日体大,https://wrestling-spirits.jp/www/wp-content/data/80/ichiran_domestic/AllJapan-FF.pdf
tenno-cup,フリースタイル,1974,57kg,佐々木 禎,日体大,https://wrestling-spirits.jp/www/wp-content/data/80/ichiran_domestic/AllJapan-FF.pdf
tenno-cup,フリースタイル,1974,62kg,斎藤 勝彦,秋田・秋田経法大付高教,https://wrestling-spirits.jp/www/wp-content/data/80/ichiran_domestic/AllJapan-FF.pdf
tenno-cup,フリースタイル,1974,68kg,菅原 弥三郎,国士大,https://wrestling-spirits.jp/www/wp-content/data/80/ichiran_domestic/AllJapan-FF.pdf
tenno-cup,フリースタイル,1974,74kg,出河 満男,自衛隊,https://wrestling-spirits.jp/www/wp-content/data/80/ichiran_domestic/AllJapan-FF.pdf
tenno-cup,フリースタイル,1974,82kg,茂木 優,秋田・秋田商高教,https://wrestling-spirits.jp/www/wp-content/data/80/ichiran_domestic/AllJapan-FF.pdf
tenno-cup,フリースタイル,1974,90kg,鎌田 誠,自衛隊,https://wrestling-spirits.jp/www/wp-content/data/80/ichiran_domestic/AllJapan-FF.pdf
tenno-cup,フリースタイル,1974,100kg,斉藤 真,浦安高教,https://wrestling-spirits.jp/www/wp-content/data/80/ichiran_domestic/AllJapan-FF.pdf
tenno-cup,フリースタイル,1974,100kg以上,磯貝 頼秀,ゼネラル石油,https://wrestling-spirits.jp/www/wp-content/data/80/ichiran_domestic/AllJapan-FF.pdf
tenno-cup,フリースタイル,1973,48kg,工藤 章,専大,https://wrestling-spirits.jp/www/wp-content/data/80/ichiran_domestic/AllJapan-FF.pdf
tenno-cup,フリースタイル,1973,52kg,高田 裕司,日体大,https://wrestling-spirits.jp/www/wp-content/data/80/ichiran_domestic/AllJapan-FF.pdf
tenno-cup,フリースタイル,1973,57kg,吉田 栄勝,専大,https://wrestling-spirits.jp/www/wp-content/data/80/ichiran_domestic/AllJapan-FF.pdf
tenno-cup,フリースタイル,1973,62kg,斎藤 勝彦,秋田・秋田経法大付高教,https://wrestling-spirits.jp/www/wp-content/data/80/ichiran_domestic/AllJapan-FF.pdf
tenno-cup,フリースタイル,1973,68kg,和田 喜久夫,大都リッチランド,https://wrestling-spirits.jp/www/wp-content/data/80/ichiran_domestic/AllJapan-FF.pdf
tenno-cup,フリースタイル,1973,74kg,出河 満男,自衛隊,https://wrestling-spirits.jp/www/wp-content/data/80/ichiran_domestic/AllJapan-FF.pdf
tenno-cup,フリースタイル,1973,82kg,永野 要祐,和歌山・田辺高教,https://wrestling-spirits.jp/www/wp-content/data/80/ichiran_domestic/AllJapan-FF.pdf
tenno-cup,フリースタイル,1973,90kg,飯野 祐郎,明大,https://wrestling-spirits.jp/www/wp-content/data/80/ichiran_domestic/AllJapan-FF.pdf
tenno-cup,フリースタイル,1973,100kg,吉田 光雄,専大,https://wrestling-spirits.jp/www/wp-content/data/80/ichiran_domestic/AllJapan-FF.pdf
tenno-cup,フリースタイル,1973,100kg以上,磯貝 頼秀,ゼネラル石油,https://wrestling-spirits.jp/www/wp-content/data/80/ichiran_domestic/AllJapan-FF.pdf
tenno-cup,フリースタイル,1972,48kg,梅田 昭彦,米盛商事,https://wrestling-spirits.jp/www/wp-content/data/80/ichiran_domestic/AllJapan-FF.pdf
tenno-cup,フリースタイル,1972,52kg,加藤 喜代美,三信電気,https://wrestling-spirits.jp/www/wp-content/data/80/ichiran_domestic/AllJapan-FF.pdf
tenno-cup,フリースタイル,1972,57kg,柳田 英明,大都リッチランド,https://wrestling-spirits.jp/www/wp-content/data/80/ichiran_domestic/AllJapan-FF.pdf
tenno-cup,フリースタイル,1972,62kg,阿部 巨史,自衛隊,https://wrestling-spirits.jp/www/wp-content/data/80/ichiran_domestic/AllJapan-FF.pdf
tenno-cup,フリースタイル,1972,68kg,和田 喜久夫,明大,https://wrestling-spirits.jp/www/wp-content/data/80/ichiran_domestic/AllJapan-FF.pdf
tenno-cup,フリースタイル,1972,74kg,吉田 敏忠,アイシン精機,https://wrestling-spirits.jp/www/wp-content/data/80/ichiran_domestic/AllJapan-FF.pdf
tenno-cup,フリースタイル,1972,82kg,佐々木 竜雄,自衛隊,https://wrestling-spirits.jp/www/wp-content/data/80/ichiran_domestic/AllJapan-FF.pdf
tenno-cup,フリースタイル,1972,90kg,鎌田 誠,中大,https://wrestling-spirits.jp/www/wp-content/data/80/ichiran_domestic/AllJapan-FF.pdf
tenno-cup,フリースタイル,1972,100kg,矢田 静雄,和歌山・粉河高教,https://wrestling-spirits.jp/www/wp-content/data/80/ichiran_domestic/AllJapan-FF.pdf
tenno-cup,フリースタイル,1972,100kg以上,磯貝頼秀,早大,https://wrestling-spirits.jp/www/wp-content/data/80/ichiran_domestic/AllJapan-FF.pdf
tenno-cup,フリースタイル,1972,100kg以上,鶴田友美,中大,https://wrestling-spirits.jp/www/wp-content/data/80/ichiran_domestic/AllJapan-FF.pdf
tenno-cup,フリースタイル,1971,48kg,梅田 昭彦,米盛商事,https://wrestling-spirits.jp/www/wp-content/data/80/ichiran_domestic/AllJapan-FF.pdf
tenno-cup,フリースタイル,1971,52kg,加藤 喜代美,三信電気,https://wrestling-spirits.jp/www/wp-content/data/80/ichiran_domestic/AllJapan-FF.pdf
tenno-cup,フリースタイル,1971,57kg,柳田 英明,大都リッチランド,https://wrestling-spirits.jp/www/wp-content/data/80/ichiran_domestic/AllJapan-FF.pdf
tenno-cup,フリースタイル,1971,62kg,阿部 巨史,自衛隊,https://wrestling-spirits.jp/www/wp-content/data/80/ichiran_domestic/AllJapan-FF.pdf
tenno-cup,フリースタイル,1971,68kg,田上 高,・甲南高教,https://wrestling-spirits.jp/www/wp-content/data/80/ichiran_domestic/AllJapan-FF.pdf
tenno-cup,フリースタイル,1971,74kg,永野 要祐,和歌山県教育庁,https://wrestling-spirits.jp/www/wp-content/data/80/ichiran_domestic/AllJapan-FF.pdf
tenno-cup,フリースタイル,1971,82kg,佐々木 竜雄,自衛隊,https://wrestling-spirits.jp/www/wp-content/data/80/ichiran_domestic/AllJapan-FF.pdf
tenno-cup,フリースタイル,1971,90kg,谷 公市,和歌山県教育庁,https://wrestling-spirits.jp/www/wp-content/data/80/ichiran_domestic/AllJapan-FF.pdf
tenno-cup,フリースタイル,1971,100kg,矢田 静雄,和歌山・粉河高教,https://wrestling-spirits.jp/www/wp-content/data/80/ichiran_domestic/AllJapan-FF.pdf
tenno-cup,フリースタイル,1971,100kg以上,鶴田 友美,中大,https://wrestling-spirits.jp/www/wp-content/data/80/ichiran_domestic/AllJapan-FF.pdf
tenno-cup,フリースタイル,1970,48kg,松橋 義行,青森・八戸電波工高,https://wrestling-spirits.jp/www/wp-content/data/80/ichiran_domestic/AllJapan-FF.pdf
tenno-cup,フリースタイル,1970,52kg,加藤 喜代美,専大,https://wrestling-spirits.jp/www/wp-content/data/80/ichiran_domestic/AllJapan-FF.pdf
tenno-cup,フリースタイル,1970,57kg,柳田 英明,明大OB,https://wrestling-spirits.jp/www/wp-content/data/80/ichiran_domestic/AllJapan-FF.pdf
tenno-cup,フリースタイル,1970,62kg,阿部 巨史,自衛隊,https://wrestling-spirits.jp/www/wp-content/data/80/ichiran_domestic/AllJapan-FF.pdf
tenno-cup,フリースタイル,1970,68kg,和田 喜久夫,明大,https://wrestling-spirits.jp/www/wp-content/data/80/ichiran_domestic/AllJapan-FF.pdf
tenno-cup,フリースタイル,1970,74kg,吉田 敏忠,アイシン精機,https://wrestling-spirits.jp/www/wp-content/data/80/ichiran_domestic/AllJapan-FF.pdf
tenno-cup,フリースタイル,1970,82kg,佐々木 竜雄,自衛隊,https://wrestling-spirits.jp/www/wp-content/data/80/ichiran_domestic/AllJapan-FF.pdf
tenno-cup,フリースタイル,1970,90kg,谷 公市,国士大,https://wrestling-spirits.jp/www/wp-content/data/80/ichiran_domestic/AllJapan-FF.pdf
tenno-cup,フリースタイル,1970,100kg,磯貝 頼秀,早大,https://wrestling-spirits.jp/www/wp-content/data/80/ichiran_domestic/AllJapan-FF.pdf
tenno-cup,フリースタイル,1969,48kg,梅田 昭彦,東洋大,https://wrestling-spirits.jp/www/wp-content/data/80/ichiran_domestic/AllJapan-FF.pdf
tenno-cup,フリースタイル,1969,52kg,加藤 喜代美,専大,https://wrestling-spirits.jp/www/wp-content/data/80/ichiran_domestic/AllJapan-FF.pdf
tenno-cup,フリースタイル,1969,57kg,柳田 英明,明大OB,https://wrestling-spirits.jp/www/wp-content/data/80/ichiran_domestic/AllJapan-FF.pdf
tenno-cup,フリースタイル,1969,62kg,池野 哲也,中大,https://wrestling-spirits.jp/www/wp-content/data/80/ichiran_domestic/AllJapan-FF.pdf
tenno-cup,フリースタイル,1969,68kg,田上 高,日体大,https://wrestling-spirits.jp/www/wp-content/data/80/ichiran_domestic/AllJapan-FF.pdf
tenno-cup,フリースタイル,1969,74kg,吉田 敏忠,日大,https://wrestling-spirits.jp/www/wp-content/data/80/ichiran_domestic/AllJapan-FF.pdf
tenno-cup,フリースタイル,1969,82kg,佐々木 竜雄,自衛隊,https://wrestling-spirits.jp/www/wp-content/data/80/ichiran_domestic/AllJapan-FF.pdf
tenno-cup,フリースタイル,1969,90kg,谷 公市,国士大,https://wrestling-spirits.jp/www/wp-content/data/80/ichiran_domestic/AllJapan-FF.pdf
tenno-cup,フリースタイル,1969,100kg,下田 正二郎,大東大,https://wrestling-spirits.jp/www/wp-content/data/80/ichiran_domestic/AllJapan-FF.pdf
tenno-cup,フリースタイル,1969,100kg以上,矢田 静雄,日体大,https://wrestling-spirits.jp/www/wp-content/data/80/ichiran_domestic/AllJapan-FF.pdf
tenno-cup,フリースタイル,1968,ウエルター級,佐藤 明弘,大東大教,https://wrestling-spirits.jp/www/wp-content/data/80/ichiran_domestic/AllJapan-FF.pdf
tenno-cup,フリースタイル,1968,バンタム級,中島 俊美,日体大,https://wrestling-spirits.jp/www/wp-content/data/80/ichiran_domestic/AllJapan-FF.pdf
tenno-cup,フリースタイル,1968,フェザー級,藤本 英男,日体大教,https://wrestling-spirits.jp/www/wp-content/data/80/ichiran_domestic/AllJapan-FF.pdf
tenno-cup,フリースタイル,1968,フライ級,加藤 喜代美,専大,https://wrestling-spirits.jp/www/wp-content/data/80/ichiran_domestic/AllJapan-FF.pdf
tenno-cup,フリースタイル,1968,ミドル級,三戸 豊治,専大,https://wrestling-spirits.jp/www/wp-content/data/80/ichiran_domestic/AllJapan-FF.pdf
tenno-cup,フリースタイル,1968,ライトヘビー級,正木 照夫,拓大,https://wrestling-spirits.jp/www/wp-content/data/80/ichiran_domestic/AllJapan-FF.pdf
tenno-cup,フリースタイル,1968,ライト級,渡辺 正孝,早大,https://wrestling-spirits.jp/www/wp-content/data/80/ichiran_domestic/AllJapan-FF.pdf
tenno-cup,フリースタイル,1967,ウエルター級,シャクムラドフ,ソ連,https://wrestling-spirits.jp/www/wp-content/data/80/ichiran_domestic/AllJapan-FF.pdf
tenno-cup,フリースタイル,1967,バンタム級,上武 洋次郎,オクラホマ州立大,https://wrestling-spirits.jp/www/wp-content/data/80/ichiran_domestic/AllJapan-FF.pdf
tenno-cup,フリースタイル,1967,フェザー級,森田 武雄,群馬・館林高教,https://wrestling-spirits.jp/www/wp-content/data/80/ichiran_domestic/AllJapan-FF.pdf
tenno-cup,フリースタイル,1967,フライ級,吉田 義勝,明治乳業,https://wrestling-spirits.jp/www/wp-content/data/80/ichiran_domestic/AllJapan-FF.pdf
tenno-cup,フリースタイル,1967,ヘビー級,滝沢 信也,日大,https://wrestling-spirits.jp/www/wp-content/data/80/ichiran_domestic/AllJapan-FF.pdf
tenno-cup,フリースタイル,1967,ミドル級,グレビッチ,ソ連,https://wrestling-spirits.jp/www/wp-content/data/80/ichiran_domestic/AllJapan-FF.pdf
tenno-cup,フリースタイル,1967,ライトヘビー級,ロミーゼ,ソ連,https://wrestling-spirits.jp/www/wp-content/data/80/ichiran_domestic/AllJapan-FF.pdf
tenno-cup,フリースタイル,1967,ライト級,ベリアシビリ,ソ連,https://wrestling-spirits.jp/www/wp-content/data/80/ichiran_domestic/AllJapan-FF.pdf
tenno-cup,フリースタイル,1966,ウエルター級,渡辺 保夫,横山寝具店,https://wrestling-spirits.jp/www/wp-content/data/80/ichiran_domestic/AllJapan-FF.pdf
tenno-cup,フリースタイル,1966,バンタム級,田中 忠道,法大,https://wrestling-spirits.jp/www/wp-content/data/80/ichiran_domestic/AllJapan-FF.pdf
tenno-cup,フリースタイル,1966,フェザー級,金子 正明,自衛隊,https://wrestling-spirits.jp/www/wp-content/data/80/ichiran_domestic/AllJapan-FF.pdf
tenno-cup,フリースタイル,1966,フライ級,中田 茂男,中大,https://wrestling-spirits.jp/www/wp-content/data/80/ichiran_domestic/AllJapan-FF.pdf
tenno-cup,フリースタイル,1966,ヘビー級,滝沢 信也,日大,https://wrestling-spirits.jp/www/wp-content/data/80/ichiran_domestic/AllJapan-FF.pdf
tenno-cup,フリースタイル,1966,ミドル級,佐々木 竜雄,自衛隊,https://wrestling-spirits.jp/www/wp-content/data/80/ichiran_domestic/AllJapan-FF.pdf
tenno-cup,フリースタイル,1966,ライトヘビー級,川野 俊一,自衛隊,https://wrestling-spirits.jp/www/wp-content/data/80/ichiran_domestic/AllJapan-FF.pdf
tenno-cup,フリースタイル,1966,ライト級,飛田 義治,中大,https://wrestling-spirits.jp/www/wp-content/data/80/ichiran_domestic/AllJapan-FF.pdf
tenno-cup,フリースタイル,1965,ウエルター級,渡辺 保夫,明大,https://wrestling-spirits.jp/www/wp-content/data/80/ichiran_domestic/AllJapan-FF.pdf
tenno-cup,フリースタイル,1965,バンタム級,福田 富昭,日大,https://wrestling-spirits.jp/www/wp-content/data/80/ichiran_domestic/AllJapan-FF.pdf
tenno-cup,フリースタイル,1965,フェザー級,金子 正明,自衛隊,https://wrestling-spirits.jp/www/wp-content/data/80/ichiran_domestic/AllJapan-FF.pdf
tenno-cup,フリースタイル,1965,フライ級,吉田 嘉久,法大,https://wrestling-spirits.jp/www/wp-content/data/80/ichiran_domestic/AllJapan-FF.pdf
tenno-cup,フリースタイル,1965,ヘビー級,妹尾 武三郎,専大,https://wrestling-spirits.jp/www/wp-content/data/80/ichiran_domestic/AllJapan-FF.pdf
tenno-cup,フリースタイル,1965,ミドル級,佐々木 竜雄,自衛隊,https://wrestling-spirits.jp/www/wp-content/data/80/ichiran_domestic/AllJapan-FF.pdf
tenno-cup,フリースタイル,1965,ライトヘビー級,平塚 博,法大,https://wrestling-spirits.jp/www/wp-content/data/80/ichiran_domestic/AllJapan-FF.pdf
tenno-cup,フリースタイル,1965,ライト級,河内 政彦,明大,https://wrestling-spirits.jp/www/wp-content/data/80/ichiran_domestic/AllJapan-FF.pdf
tenno-cup,フリースタイル,1964,ウエルター級,渡辺 保夫,明大,https://wrestling-spirits.jp/www/wp-content/data/80/ichiran_domestic/AllJapan-FF.pdf
tenno-cup,フリースタイル,1964,バンタム級,上武 洋次郎,オクラホマ州立大,https://wrestling-spirits.jp/www/wp-content/data/80/ichiran_domestic/AllJapan-FF.pdf
tenno-cup,フリースタイル,1964,フェザー級,渡辺 長武,中大OB,https://wrestling-spirits.jp/www/wp-content/data/80/ichiran_domestic/AllJapan-FF.pdf
tenno-cup,フリースタイル,1964,フライ級,吉田 義勝,日大,https://wrestling-spirits.jp/www/wp-content/data/80/ichiran_domestic/AllJapan-FF.pdf
tenno-cup,フリースタイル,1964,ヘビー級,斎藤 昌典,明大,https://wrestling-spirits.jp/www/wp-content/data/80/ichiran_domestic/AllJapan-FF.pdf
tenno-cup,フリースタイル,1964,ミドル級,佐々木 竜雄,日大,https://wrestling-spirits.jp/www/wp-content/data/80/ichiran_domestic/AllJapan-FF.pdf
tenno-cup,フリースタイル,1964,ライトヘビー級,川野 俊一,自衛隊,https://wrestling-spirits.jp/www/wp-content/data/80/ichiran_domestic/AllJapan-FF.pdf
tenno-cup,フリースタイル,1964,ライト級,堀内 岩雄,電電公社,https://wrestling-spirits.jp/www/wp-content/data/80/ichiran_domestic/AllJapan-FF.pdf
tenno-cup,フリースタイル,1963,ウエルター級,兼子 隆,中大学友会,https://wrestling-spirits.jp/www/wp-content/data/80/ichiran_domestic/AllJapan-FF.pdf
tenno-cup,フリースタイル,1963,バンタム級,原 三男,立大,https://wrestling-spirits.jp/www/wp-content/data/80/ichiran_domestic/AllJapan-FF.pdf
tenno-cup,フリースタイル,1963,フェザー級,渡辺 長武,中大OB,https://wrestling-spirits.jp/www/wp-content/data/80/ichiran_domestic/AllJapan-FF.pdf
tenno-cup,フリースタイル,1963,フライ級,今泉 雄策,杉浦製作所,https://wrestling-spirits.jp/www/wp-content/data/80/ichiran_domestic/AllJapan-FF.pdf
tenno-cup,フリースタイル,1963,ヘビー級,クリストフ,米国,https://wrestling-spirits.jp/www/wp-content/data/80/ichiran_domestic/AllJapan-FF.pdf
tenno-cup,フリースタイル,1963,ミドル級,佐々木 竜雄,日大,https://wrestling-spirits.jp/www/wp-content/data/80/ichiran_domestic/AllJapan-FF.pdf
tenno-cup,フリースタイル,1963,ライトヘビー級,ブランド,米国,https://wrestling-spirits.jp/www/wp-content/data/80/ichiran_domestic/AllJapan-FF.pdf
tenno-cup,フリースタイル,1963,ライト級,堀内 岩雄,日大,https://wrestling-spirits.jp/www/wp-content/data/80/ichiran_domestic/AllJapan-FF.pdf
tenno-cup,フリースタイル,1962,ウエルター級,兼子 隆,中大OB,https://wrestling-spirits.jp/www/wp-content/data/80/ichiran_domestic/AllJapan-FF.pdf
tenno-cup,フリースタイル,1962,バンタム級,浅井 正,中大OB,https://wrestling-spirits.jp/www/wp-content/data/80/ichiran_domestic/AllJapan-FF.pdf
tenno-cup,フリースタイル,1962,フェザー級,渡辺 長武,中大,https://wrestling-spirits.jp/www/wp-content/data/80/ichiran_domestic/AllJapan-FF.pdf
tenno-cup,フリースタイル,1962,フライ級,原田 紀之,自衛隊,https://wrestling-spirits.jp/www/wp-content/data/80/ichiran_domestic/AllJapan-FF.pdf
tenno-cup,フリースタイル,1962,ミドル級,川野 俊一,自衛隊,https://wrestling-spirits.jp/www/wp-content/data/80/ichiran_domestic/AllJapan-FF.pdf
tenno-cup,フリースタイル,1962,ライトヘビー級,高木 春雄,明大OB,https://wrestling-spirits.jp/www/wp-content/data/80/ichiran_domestic/AllJapan-FF.pdf
tenno-cup,フリースタイル,1962,ライト級,阿部 一男,明大OB,https://wrestling-spirits.jp/www/wp-content/data/80/ichiran_domestic/AllJapan-FF.pdf
tenno-cup,フリースタイル,1961,ウエルター級,兼子 隆,中大OB,https://wrestling-spirits.jp/www/wp-content/data/80/ichiran_domestic/AllJapan-FF.pdf
tenno-cup,フリースタイル,1961,バンタム級,風間 貞勝,中大OB,https://wrestling-spirits.jp/www/wp-content/data/80/ichiran_domestic/AllJapan-FF.pdf
tenno-cup,フリースタイル,1961,フェザー級,渡辺 長武,中大,https://wrestling-spirits.jp/www/wp-content/data/80/ichiran_domestic/AllJapan-FF.pdf
tenno-cup,フリースタイル,1961,フライ級,今泉 雄策,中大,https://wrestling-spirits.jp/www/wp-content/data/80/ichiran_domestic/AllJapan-FF.pdf
tenno-cup,フリースタイル,1961,ヘビー級,杉山 恒治,明大,https://wrestling-spirits.jp/www/wp-content/data/80/ichiran_domestic/AllJapan-FF.pdf
tenno-cup,フリースタイル,1961,ミドル級,石川 忠男,日大OB,https://wrestling-spirits.jp/www/wp-content/data/80/ichiran_domestic/AllJapan-FF.pdf
tenno-cup,フリースタイル,1961,ライトヘビー級,川野 俊一,法大OB,https://wrestling-spirits.jp/www/wp-content/data/80/ichiran_domestic/AllJapan-FF.pdf
tenno-cup,フリースタイル,1961,ライト級,阿部 一男,明大OB,https://wrestling-spirits.jp/www/wp-content/data/80/ichiran_domestic/AllJapan-FF.pdf
tenno-cup,フリースタイル,1960,ウエルター級,井川 三千男,中大,https://wrestling-spirits.jp/www/wp-content/data/80/ichiran_domestic/AllJapan-FF.pdf
tenno-cup,フリースタイル,1960,バンタム級,金子 正明,専大,https://wrestling-spirits.jp/www/wp-content/data/80/ichiran_domestic/AllJapan-FF.pdf
tenno-cup,フリースタイル,1960,フェザー級,渡辺 長武,中大,https://wrestling-spirits.jp/www/wp-content/data/80/ichiran_domestic/AllJapan-FF.pdf
tenno-cup,フリースタイル,1960,フライ級,今泉 雄策,中大,https://wrestling-spirits.jp/www/wp-content/data/80/ichiran_domestic/AllJapan-FF.pdf
tenno-cup,フリースタイル,1960,ヘビー級,尾形 武,拓大,https://wrestling-spirits.jp/www/wp-content/data/80/ichiran_domestic/AllJapan-FF.pdf
tenno-cup,フリースタイル,1960,ミドル級,石川 忠男,日大,https://wrestling-spirits.jp/www/wp-content/data/80/ichiran_domestic/AllJapan-FF.pdf
tenno-cup,フリースタイル,1960,ライトヘビー級,川野 俊一,法大OB,https://wrestling-spirits.jp/www/wp-content/data/80/ichiran_domestic/AllJapan-FF.pdf
tenno-cup,フリースタイル,1960,ライト級,三田 守,中大,https://wrestling-spirits.jp/www/wp-content/data/80/ichiran_domestic/AllJapan-FF.pdf
tenno-cup,フリースタイル,1959,ウエルター級,武田 幸彦,中大OB,https://wrestling-spirits.jp/www/wp-content/data/80/ichiran_domestic/AllJapan-FF.pdf
tenno-cup,フリースタイル,1959,バンタム級,大橋 弘次,明大,https://wrestling-spirits.jp/www/wp-content/data/80/ichiran_domestic/AllJapan-FF.pdf
tenno-cup,フリースタイル,1959,フェザー級,島村 保行,慶大,https://wrestling-spirits.jp/www/wp-content/data/80/ichiran_domestic/AllJapan-FF.pdf
tenno-cup,フリースタイル,1959,フライ級,松原 正之,日大,https://wrestling-spirits.jp/www/wp-content/data/80/ichiran_domestic/AllJapan-FF.pdf
tenno-cup,フリースタイル,1959,ミドル級,石川 忠男,日大,https://wrestling-spirits.jp/www/wp-content/data/80/ichiran_domestic/AllJapan-FF.pdf
tenno-cup,フリースタイル,1959,ライトヘビー級,川野 俊一,法大OB,https://wrestling-spirits.jp/www/wp-content/data/80/ichiran_domestic/AllJapan-FF.pdf
tenno-cup,フリースタイル,1959,ライト級,山本 寛司,法大,https://wrestling-spirits.jp/www/wp-content/data/80/ichiran_domestic/AllJapan-FF.pdf
tenno-cup,フリースタイル,1958,ウエルター級,武田 幸彦,中大OB,https://wrestling-spirits.jp/www/wp-content/data/80/ichiran_domestic/AllJapan-FF.pdf
tenno-cup,フリースタイル,1958,バンタム級,浅井 正,中大,https://wrestling-spirits.jp/www/wp-content/data/80/ichiran_domestic/AllJapan-FF.pdf
tenno-cup,フリースタイル,1958,フェザー級,味方 正宏,明大OB,https://wrestling-spirits.jp/www/wp-content/data/80/ichiran_domestic/AllJapan-FF.pdf
tenno-cup,フリースタイル,1958,フライ級,平田 孝,法大OB,https://wrestling-spirits.jp/www/wp-content/data/80/ichiran_domestic/AllJapan-FF.pdf
tenno-cup,フリースタイル,1958,ヘビー級,重岡 完治,,https://wrestling-spirits.jp/www/wp-content/data/80/ichiran_domestic/AllJapan-FF.pdf
tenno-cup,フリースタイル,1958,ミドル級,青海 上,明大,https://wrestling-spirits.jp/www/wp-content/data/80/ichiran_domestic/AllJapan-FF.pdf
tenno-cup,フリースタイル,1958,ライトヘビー級,川野 俊一,法大,https://wrestling-spirits.jp/www/wp-content/data/80/ichiran_domestic/AllJapan-FF.pdf
tenno-cup,フリースタイル,1958,ライト級,阿部 一男,明大OB,https://wrestling-spirits.jp/www/wp-content/data/80/ichiran_domestic/AllJapan-FF.pdf
tenno-cup,フリースタイル,1957,ウエルター級,鈴木 啓三,専大,https://wrestling-spirits.jp/www/wp-content/data/80/ichiran_domestic/AllJapan-FF.pdf
tenno-cup,フリースタイル,1957,バンタム級,浅井 正,中大,https://wrestling-spirits.jp/www/wp-content/data/80/ichiran_domestic/AllJapan-FF.pdf
tenno-cup,フリースタイル,1957,フェザー級,矢田 良彦,明大,https://wrestling-spirits.jp/www/wp-content/data/80/ichiran_domestic/AllJapan-FF.pdf
tenno-cup,フリースタイル,1957,フライ級,吉田 亮治,中大,https://wrestling-spirits.jp/www/wp-content/data/80/ichiran_domestic/AllJapan-FF.pdf
tenno-cup,フリースタイル,1957,ミドル級,永井 隆,中大,https://wrestling-spirits.jp/www/wp-content/data/80/ichiran_domestic/AllJapan-FF.pdf
tenno-cup,フリースタイル,1957,ライトヘビー級,川野 俊一,法大,https://wrestling-spirits.jp/www/wp-content/data/80/ichiran_domestic/AllJapan-FF.pdf
tenno-cup,フリースタイル,1957,ライト級,大倉 繁男,早大,https://wrestling-spirits.jp/www/wp-content/data/80/ichiran_domestic/AllJapan-FF.pdf
tenno-cup,フリースタイル,1956,ウエルター級,池田 三男,中大,https://wrestling-spirits.jp/www/wp-content/data/80/ichiran_domestic/AllJapan-FF.pdf
tenno-cup,フリースタイル,1956,バンタム級,飯塚 実,明大OB,https://wrestling-spirits.jp/www/wp-content/data/80/ichiran_domestic/AllJapan-FF.pdf
tenno-cup,フリースタイル,1956,フェザー級,笹原 正三,中大OB,https://wrestling-spirits.jp/www/wp-content/data/80/ichiran_domestic/AllJapan-FF.pdf
tenno-cup,フリースタイル,1956,フライ級,浅井 正,中大,https://wrestling-spirits.jp/www/wp-content/data/80/ichiran_domestic/AllJapan-FF.pdf
tenno-cup,フリースタイル,1956,ヘビー級,大平 光洋,早大,https://wrestling-spirits.jp/www/wp-content/data/80/ichiran_domestic/AllJapan-FF.pdf
tenno-cup,フリースタイル,1956,ミドル級,桂本 和男,中大,https://wrestling-spirits.jp/www/wp-content/data/80/ichiran_domestic/AllJapan-FF.pdf
tenno-cup,フリースタイル,1956,ライトヘビー級,木村 勝,明大,https://wrestling-spirits.jp/www/wp-content/data/80/ichiran_domestic/AllJapan-FF.pdf
tenno-cup,フリースタイル,1956,ライト級,笠原 茂,明大OB,https://wrestling-spirits.jp/www/wp-content/data/80/ichiran_domestic/AllJapan-FF.pdf
tenno-cup,フリースタイル,1955,ウエルター級,池田 三男,中大,https://wrestling-spirits.jp/www/wp-content/data/80/ichiran_domestic/AllJapan-FF.pdf
tenno-cup,フリースタイル,1955,バンタム級,風間 由男,中大,https://wrestling-spirits.jp/www/wp-content/data/80/ichiran_domestic/AllJapan-FF.pdf
tenno-cup,フリースタイル,1955,フェザー級,米盛 勝義,中大OB,https://wrestling-spirits.jp/www/wp-content/data/80/ichiran_domestic/AllJapan-FF.pdf
tenno-cup,フリースタイル,1955,フライ級,兼坂 孝次,中大,https://wrestling-spirits.jp/www/wp-content/data/80/ichiran_domestic/AllJapan-FF.pdf
tenno-cup,フリースタイル,1955,ヘビー級,木村 勝,明大,https://wrestling-spirits.jp/www/wp-content/data/80/ichiran_domestic/AllJapan-FF.pdf
tenno-cup,フリースタイル,1955,ミドル級,桂本 和男,中大,https://wrestling-spirits.jp/www/wp-content/data/80/ichiran_domestic/AllJapan-FF.pdf
tenno-cup,フリースタイル,1955,ライトヘビー級,関 二郎,中大,https://wrestling-spirits.jp/www/wp-content/data/80/ichiran_domestic/AllJapan-FF.pdf
tenno-cup,フリースタイル,1955,ライト級,笠原 茂,明大,https://wrestling-spirits.jp/www/wp-content/data/80/ichiran_domestic/AllJapan-FF.pdf
tenno-cup,フリースタイル,1954,ウエルター級,兼子 隆,中大,https://wrestling-spirits.jp/www/wp-content/data/80/ichiran_domestic/AllJapan-FF.pdf
tenno-cup,フリースタイル,1954,バンタム級,飯塚 実,明大,https://wrestling-spirits.jp/www/wp-content/data/80/ichiran_domestic/AllJapan-FF.pdf
tenno-cup,フリースタイル,1954,フェザー級,笹原 正三,中大,https://wrestling-spirits.jp/www/wp-content/data/80/ichiran_domestic/AllJapan-FF.pdf
tenno-cup,フリースタイル,1954,フライ級,岩井 善瞭,中大,https://wrestling-spirits.jp/www/wp-content/data/80/ichiran_domestic/AllJapan-FF.pdf
tenno-cup,フリースタイル,1954,ヘビー級,関 二郎,中大,https://wrestling-spirits.jp/www/wp-content/data/80/ichiran_domestic/AllJapan-FF.pdf
tenno-cup,フリースタイル,1954,ミドル級,池田 三男,中大,https://wrestling-spirits.jp/www/wp-content/data/80/ichiran_domestic/AllJapan-FF.pdf
tenno-cup,フリースタイル,1954,ライトヘビー級,桂本 和男,中大,https://wrestling-spirits.jp/www/wp-content/data/80/ichiran_domestic/AllJapan-FF.pdf
tenno-cup,フリースタイル,1954,ライト級,笠原 茂,明大,https://wrestling-spirits.jp/www/wp-content/data/80/ichiran_domestic/AllJapan-FF.pdf
tenno-cup,フリースタイル,1953,ウエルター級,池田 三男,中大,https://wrestling-spirits.jp/www/wp-content/data/80/ichiran_domestic/AllJapan-FF.pdf
tenno-cup,フリースタイル,1953,バンタム級,飯塚 実,明大,https://wrestling-spirits.jp/www/wp-content/data/80/ichiran_domestic/AllJapan-FF.pdf
tenno-cup,フリースタイル,1953,フェザー級,笹原 正三,中大,https://wrestling-spirits.jp/www/wp-content/data/80/ichiran_domestic/AllJapan-FF.pdf
tenno-cup,フリースタイル,1953,フライ級,北野 祐秀,慶大,https://wrestling-spirits.jp/www/wp-content/data/80/ichiran_domestic/AllJapan-FF.pdf
tenno-cup,フリースタイル,1953,ヘビー級,福田 建二,中大OB,https://wrestling-spirits.jp/www/wp-content/data/80/ichiran_domestic/AllJapan-FF.pdf
tenno-cup,フリースタイル,1953,ミドル級,小倉 国雄,明大,https://wrestling-spirits.jp/www/wp-content/data/80/ichiran_domestic/AllJapan-FF.pdf
tenno-cup,フリースタイル,1953,ライトヘビー級,伊藤 信夫,明大OB,https://wrestling-spirits.jp/www/wp-content/data/80/ichiran_domestic/AllJapan-FF.pdf
tenno-cup,フリースタイル,1953,ライト級,川野 茂,中大OB,https://wrestling-spirits.jp/www/wp-content/data/80/ichiran_domestic/AllJapan-FF.pdf
tenno-cup,フリースタイル,1952,ウエルター級,島谷 清晴,中大OB,https://wrestling-spirits.jp/www/wp-content/data/80/ichiran_domestic/AllJapan-FF.pdf
tenno-cup,フリースタイル,1952,バンタム級,米盛 勝義,中大,https://wrestling-spirits.jp/www/wp-content/data/80/ichiran_domestic/AllJapan-FF.pdf
tenno-cup,フリースタイル,1952,フェザー級,富永 利三郎,明大,https://wrestling-spirits.jp/www/wp-content/data/80/ichiran_domestic/AllJapan-FF.pdf
tenno-cup,フリースタイル,1952,フライ級,北野 祐秀,慶大,https://wrestling-spirits.jp/www/wp-content/data/80/ichiran_domestic/AllJapan-FF.pdf
tenno-cup,フリースタイル,1952,ヘビー級,曽根 康治,明大,https://wrestling-spirits.jp/www/wp-content/data/80/ichiran_domestic/AllJapan-FF.pdf
tenno-cup,フリースタイル,1952,ミドル級,平野 藤次,中大,https://wrestling-spirits.jp/www/wp-content/data/80/ichiran_domestic/AllJapan-FF.pdf
tenno-cup,フリースタイル,1952,ライトヘビー級,伊藤 信夫,明大OB,https://wrestling-spirits.jp/www/wp-content/data/80/ichiran_domestic/AllJapan-FF.pdf
tenno-cup,フリースタイル,1952,ライト級,霜鳥 武雄,明大,https://wrestling-spirits.jp/www/wp-content/data/80/ichiran_domestic/AllJapan-FF.pdf
tenno-cup,フリースタイル,1951,ウエルター級,米陀 嘉信,早大,https://wrestling-spirits.jp/www/wp-content/data/80/ichiran_domestic/AllJapan-FF.pdf
tenno-cup,フリースタイル,1951,バンタム級,石井 庄八,中大,https://wrestling-spirits.jp/www/wp-content/data/80/ichiran_domestic/AllJapan-FF.pdf
tenno-cup,フリースタイル,1951,フェザー級,永里 高平,早大,https://wrestling-spirits.jp/www/wp-content/data/80/ichiran_domestic/AllJapan-FF.pdf
tenno-cup,フリースタイル,1951,フライ級,武藤 清助,慶大OB,https://wrestling-spirits.jp/www/wp-content/data/80/ichiran_domestic/AllJapan-FF.pdf
tenno-cup,フリースタイル,1951,ミドル級,土肥 善晴,早大OB,https://wrestling-spirits.jp/www/wp-content/data/80/ichiran_domestic/AllJapan-FF.pdf
tenno-cup,フリースタイル,1951,ライト級,霜鳥 武雄,明大,https://wrestling-spirits.jp/www/wp-content/data/80/ichiran_domestic/AllJapan-FF.pdf
tenno-cup,フリースタイル,1950,ウエルター級,風間 栄一,早大OB,https://wrestling-spirits.jp/www/wp-content/data/80/ichiran_domestic/AllJapan-FF.pdf
tenno-cup,フリースタイル,1950,バンタム級,福田 一郎,早大OB,https://wrestling-spirits.jp/www/wp-content/data/80/ichiran_domestic/AllJapan-FF.pdf
tenno-cup,フリースタイル,1950,フェザー級,永里 高平,早大,https://wrestling-spirits.jp/www/wp-content/data/80/ichiran_domestic/AllJapan-FF.pdf
tenno-cup,フリースタイル,1950,フライ級,帽田 次郎,早大,https://wrestling-spirits.jp/www/wp-content/data/80/ichiran_domestic/AllJapan-FF.pdf
tenno-cup,フリースタイル,1950,ミドル級,菊間 勝彦,関大OB,https://wrestling-spirits.jp/www/wp-content/data/80/ichiran_domestic/AllJapan-FF.pdf
tenno-cup,フリースタイル,1950,ライト級,霜鳥 武雄,明大,https://wrestling-spirits.jp/www/wp-content/data/80/ichiran_domestic/AllJapan-FF.pdf
tenno-cup,フリースタイル,1949,ウエルター級,風間 栄一,早大OB,https://wrestling-spirits.jp/www/wp-content/data/80/ichiran_domestic/AllJapan-FF.pdf
tenno-cup,フリースタイル,1949,バンタム級,武藤 清助,慶大,https://wrestling-spirits.jp/www/wp-content/data/80/ichiran_domestic/AllJapan-FF.pdf
tenno-cup,フリースタイル,1949,フェザー級,福本 善次,早大,https://wrestling-spirits.jp/www/wp-content/data/80/ichiran_domestic/AllJapan-FF.pdf
tenno-cup,フリースタイル,1949,フライ級,岩橋 健爾,早大OB,https://wrestling-spirits.jp/www/wp-content/data/80/ichiran_domestic/AllJapan-FF.pdf
tenno-cup,フリースタイル,1949,ミドル級,土肥 善晴,早大,https://wrestling-spirits.jp/www/wp-content/data/80/ichiran_domestic/AllJapan-FF.pdf
tenno-cup,フリースタイル,1949,ライト級,霜鳥 武雄,明大,https://wrestling-spirits.jp/www/wp-content/data/80/ichiran_domestic/AllJapan-FF.pdf
tenno-cup,フリースタイル,1948,ウエルター級,風間 栄一,早大OB,https://wrestling-spirits.jp/www/wp-content/data/80/ichiran_domestic/AllJapan-FF.pdf
tenno-cup,フリースタイル,1948,バンタム級,岩橋 健爾,早大,https://wrestling-spirits.jp/www/wp-content/data/80/ichiran_domestic/AllJapan-FF.pdf
tenno-cup,フリースタイル,1948,フェザー級,富永 利三郎,明大,https://wrestling-spirits.jp/www/wp-content/data/80/ichiran_domestic/AllJapan-FF.pdf
tenno-cup,フリースタイル,1948,フライ級,帽田 次郎,早大,https://wrestling-spirits.jp/www/wp-content/data/80/ichiran_domestic/AllJapan-FF.pdf
tenno-cup,フリースタイル,1948,ミドル級,土肥 善晴,早大,https://wrestling-spirits.jp/www/wp-content/data/80/ichiran_domestic/AllJapan-FF.pdf
tenno-cup,フリースタイル,1948,ライト級,霜鳥 武雄,明大,https://wrestling-spirits.jp/www/wp-content/data/80/ichiran_domestic/AllJapan-FF.pdf
tenno-cup,フリースタイル,1947,ウエルター級,風間 栄一,早大OB,https://wrestling-spirits.jp/www/wp-content/data/80/ichiran_domestic/AllJapan-FF.pdf
tenno-cup,フリースタイル,1947,バンタム級,星野 茂夫,早大,https://wrestling-spirits.jp/www/wp-content/data/80/ichiran_domestic/AllJapan-FF.pdf
tenno-cup,フリースタイル,1947,フェザー級,村田 恒太郎,明大,https://wrestling-spirits.jp/www/wp-content/data/80/ichiran_domestic/AllJapan-FF.pdf
tenno-cup,フリースタイル,1947,フライ級,栗原 盤,明大OB,https://wrestling-spirits.jp/www/wp-content/data/80/ichiran_domestic/AllJapan-FF.pdf
tenno-cup,フリースタイル,1947,ミドル級,三原 和夫,慶大,https://wrestling-spirits.jp/www/wp-content/data/80/ichiran_domestic/AllJapan-FF.pdf
tenno-cup,フリースタイル,1947,ライト級,水谷 英男,慶大,https://wrestling-spirits.jp/www/wp-content/data/80/ichiran_domestic/AllJapan-FF.pdf
tenno-cup,フリースタイル,1946,ウエルター級,風間 栄一,早大OB,https://wrestling-spirits.jp/www/wp-content/data/80/ichiran_domestic/AllJapan-FF.pdf
tenno-cup,フリースタイル,1946,バンタム級,佐藤 達郎,早大OB,https://wrestling-spirits.jp/www/wp-content/data/80/ichiran_domestic/AllJapan-FF.pdf
tenno-cup,フリースタイル,1946,フェザー級,渡辺 秀夫,慶大OB,https://wrestling-spirits.jp/www/wp-content/data/80/ichiran_domestic/AllJapan-FF.pdf
tenno-cup,フリースタイル,1946,フライ級,武藤 清助,慶大,https://wrestling-spirits.jp/www/wp-content/data/80/ichiran_domestic/AllJapan-FF.pdf
tenno-cup,フリースタイル,1946,ミドル級,土肥 善晴,早大,https://wrestling-spirits.jp/www/wp-content/data/80/ichiran_domestic/AllJapan-FF.pdf
tenno-cup,フリースタイル,1946,ライト級,道明 博,早大OB,https://wrestling-spirits.jp/www/wp-content/data/80/ichiran_domestic/AllJapan-FF.pdf
tenno-cup,フリースタイル,1942,ウエルター級,島谷 一美,日大,https://wrestling-spirits.jp/www/wp-content/data/80/ichiran_domestic/AllJapan-FF.pdf
tenno-cup,フリースタイル,1942,バンタム級,安次富 長睦,慶大,https://wrestling-spirits.jp/www/wp-content/data/80/ichiran_domestic/AllJapan-FF.pdf
tenno-cup,フリースタイル,1942,フェザー級,村田 恒太郎,明大,https://wrestling-spirits.jp/www/wp-content/data/80/ichiran_domestic/AllJapan-FF.pdf
tenno-cup,フリースタイル,1942,フライ級,立沢 弘,立大,https://wrestling-spirits.jp/www/wp-content/data/80/ichiran_domestic/AllJapan-FF.pdf
tenno-cup,フリースタイル,1942,ミドル級,佐藤 徹,早大,https://wrestling-spirits.jp/www/wp-content/data/80/ichiran_domestic/AllJapan-FF.pdf
tenno-cup,フリースタイル,1942,ライト級,余越 政美,明大,https://wrestling-spirits.jp/www/wp-content/data/80/ichiran_domestic/AllJapan-FF.pdf
tenno-cup,フリースタイル,1941,ウエルター級,島谷 一美,日大,https://wrestling-spirits.jp/www/wp-content/data/80/ichiran_domestic/AllJapan-FF.pdf
tenno-cup,フリースタイル,1941,バンタム級,道明 晃,早大,https://wrestling-spirits.jp/www/wp-content/data/80/ichiran_domestic/AllJapan-FF.pdf
tenno-cup,フリースタイル,1941,フェザー級,賀来 羊三郎,早大,https://wrestling-spirits.jp/www/wp-content/data/80/ichiran_domestic/AllJapan-FF.pdf
tenno-cup,フリースタイル,1941,フライ級,植木 泰,早大,https://wrestling-spirits.jp/www/wp-content/data/80/ichiran_domestic/AllJapan-FF.pdf
tenno-cup,フリースタイル,1941,ミドル級,黄 柄寛,明大,https://wrestling-spirits.jp/www/wp-content/data/80/ichiran_domestic/AllJapan-FF.pdf
tenno-cup,フリースタイル,1941,ライト級,道明 博,早大,https://wrestling-spirits.jp/www/wp-content/data/80/ichiran_domestic/AllJapan-FF.pdf
tenno-cup,フリースタイル,1940,ウエルター級,鷲見 了園,明大,https://wrestling-spirits.jp/www/wp-content/data/80/ichiran_domestic/AllJapan-FF.pdf
tenno-cup,フリースタイル,1940,バンタム級,道明 晃,早大,https://wrestling-spirits.jp/www/wp-content/data/80/ichiran_domestic/AllJapan-FF.pdf
tenno-cup,フリースタイル,1940,フェザー級,道明 博,早大,https://wrestling-spirits.jp/www/wp-content/data/80/ichiran_domestic/AllJapan-FF.pdf
tenno-cup,フリースタイル,1940,フライ級,佐藤 達郎,早大,https://wrestling-spirits.jp/www/wp-content/data/80/ichiran_domestic/AllJapan-FF.pdf
tenno-cup,フリースタイル,1940,ミドル級,金 石永,明大,https://wrestling-spirits.jp/www/wp-content/data/80/ichiran_domestic/AllJapan-FF.pdf
tenno-cup,フリースタイル,1940,ライト級,清水 礼吉,明大,https://wrestling-spirits.jp/www/wp-content/data/80/ichiran_domestic/AllJapan-FF.pdf
tenno-cup,フリースタイル,1939,ウエルター級,鷲見 了園,明大,https://wrestling-spirits.jp/www/wp-content/data/80/ichiran_domestic/AllJapan-FF.pdf
tenno-cup,フリースタイル,1939,バンタム級,道明 晃,早大,https://wrestling-spirits.jp/www/wp-content/data/80/ichiran_domestic/AllJapan-FF.pdf
tenno-cup,フリースタイル,1939,フェザー級,大宮 兼義,早大,https://wrestling-spirits.jp/www/wp-content/data/80/ichiran_domestic/AllJapan-FF.pdf
tenno-cup,フリースタイル,1939,ミドル級,黄 柄寛,明大,https://wrestling-spirits.jp/www/wp-content/data/80/ichiran_domestic/AllJapan-FF.pdf
tenno-cup,フリースタイル,1939,ライト級,稲葉 利勝,慶大,https://wrestling-spirits.jp/www/wp-content/data/80/ichiran_domestic/AllJapan-FF.pdf
tenno-cup,フリースタイル,1938,ウエルター級,風間 栄一,早大,https://wrestling-spirits.jp/www/wp-content/data/80/ichiran_domestic/AllJapan-FF.pdf
tenno-cup,フリースタイル,1938,バンタム級,栗原 盤,明大,https://wrestling-spirits.jp/www/wp-content/data/80/ichiran_domestic/AllJapan-FF.pdf
tenno-cup,フリースタイル,1938,フェザー級,石黒 清三,専大,https://wrestling-spirits.jp/www/wp-content/data/80/ichiran_domestic/AllJapan-FF.pdf
tenno-cup,フリースタイル,1938,ミドル級,レーマン,ドイツ,https://wrestling-spirits.jp/www/wp-content/data/80/ichiran_domestic/AllJapan-FF.pdf
tenno-cup,フリースタイル,1938,ライト級,吉岡 秀市,明大,https://wrestling-spirits.jp/www/wp-content/data/80/ichiran_domestic/AllJapan-FF.pdf
tenno-cup,フリースタイル,1937,ウエルター級,風間 栄一,早大,https://wrestling-spirits.jp/www/wp-content/data/80/ichiran_domestic/AllJapan-FF.pdf
tenno-cup,フリースタイル,1937,バンタム級,黒田 豊之,早大,https://wrestling-spirits.jp/www/wp-content/data/80/ichiran_domestic/AllJapan-FF.pdf
tenno-cup,フリースタイル,1937,フェザー級,吉岡 秀市,明大,https://wrestling-spirits.jp/www/wp-content/data/80/ichiran_domestic/AllJapan-FF.pdf
tenno-cup,フリースタイル,1937,ミドル級,畠山 達郎,専大,https://wrestling-spirits.jp/www/wp-content/data/80/ichiran_domestic/AllJapan-FF.pdf
tenno-cup,フリースタイル,1937,ライト級,金 鐘奭,明大,https://wrestling-spirits.jp/www/wp-content/data/80/ichiran_domestic/AllJapan-FF.pdf
tenno-cup,フリースタイル,1936,ウエルター級,豊田 清,明大,https://wrestling-spirits.jp/www/wp-content/data/80/ichiran_domestic/AllJapan-FF.pdf
tenno-cup,フリースタイル,1936,バンタム級,石井 勝郎,専大,https://wrestling-spirits.jp/www/wp-content/data/80/ichiran_domestic/AllJapan-FF.pdf
tenno-cup,フリースタイル,1936,フェザー級,吉岡 秀市,明大,https://wrestling-spirits.jp/www/wp-content/data/80/ichiran_domestic/AllJapan-FF.pdf
tenno-cup,フリースタイル,1936,フライ級,倉垣 至明,明大,https://wrestling-spirits.jp/www/wp-content/data/80/ichiran_domestic/AllJapan-FF.pdf
tenno-cup,フリースタイル,1936,ミドル級,ボロビヨフ,早大,https://wrestling-spirits.jp/www/wp-content/data/80/ichiran_domestic/AllJapan-FF.pdf
tenno-cup,フリースタイル,1936,ライト級,風間 栄一,早大,https://wrestling-spirits.jp/www/wp-content/data/80/ichiran_domestic/AllJapan-FF.pdf
tenno-cup,フリースタイル,1935,ウエルター級,増富 省市,早大,https://wrestling-spirits.jp/www/wp-content/data/80/ichiran_domestic/AllJapan-FF.pdf
tenno-cup,フリースタイル,1935,バンタム級,倉恒 至明,明大,https://wrestling-spirits.jp/www/wp-content/data/80/ichiran_domestic/AllJapan-FF.pdf
tenno-cup,フリースタイル,1935,フェザー級,西出 武,早大,https://wrestling-spirits.jp/www/wp-content/data/80/ichiran_domestic/AllJapan-FF.pdf
tenno-cup,フリースタイル,1935,フライ級,加藤 忠一,神戸,https://wrestling-spirits.jp/www/wp-content/data/80/ichiran_domestic/AllJapan-FF.pdf
tenno-cup,フリースタイル,1935,ライト級,風間 栄一,早大,https://wrestling-spirits.jp/www/wp-content/data/80/ichiran_domestic/AllJapan-FF.pdf
tenno-cup,フリースタイル,1934,ウエルター級,秋田 勇太郎,早大,https://wrestling-spirits.jp/www/wp-content/data/80/ichiran_domestic/AllJapan-FF.pdf
tenno-cup,フリースタイル,1934,バンタム級,富永 虎雄,YMCA,https://wrestling-spirits.jp/www/wp-content/data/80/ichiran_domestic/AllJapan-FF.pdf
tenno-cup,フリースタイル,1934,フェザー級,川守田 順一郎,早大,https://wrestling-spirits.jp/www/wp-content/data/80/ichiran_domestic/AllJapan-FF.pdf
tenno-cup,フリースタイル,1934,ライト級,風間 栄一,早大,https://wrestling-spirits.jp/www/wp-content/data/80/ichiran_domestic/AllJapan-FF.pdf
tenno-cup,グレコローマン,2025,55kg,大楠 健太,日体大,https://wrestling-spirits.jp/www/wp-content/data/80/ichiran_domestic/AllJapan-GR.pdf
tenno-cup,グレコローマン,2025,60kg,五味 虹登,育英大,https://wrestling-spirits.jp/www/wp-content/data/80/ichiran_domestic/AllJapan-GR.pdf
tenno-cup,グレコローマン,2025,63kg,田南部魁星,ミキハウス,https://wrestling-spirits.jp/www/wp-content/data/80/ichiran_domestic/AllJapan-GR.pdf
tenno-cup,グレコローマン,2025,67kg,遠藤 功章,東和エンジニアリング,https://wrestling-spirits.jp/www/wp-content/data/80/ichiran_domestic/AllJapan-GR.pdf
tenno-cup,グレコローマン,2025,72kg,成國 大志,筒井メディカルグループ,https://wrestling-spirits.jp/www/wp-content/data/80/ichiran_domestic/AllJapan-GR.pdf
tenno-cup,グレコローマン,2025,77kg,日下 尚,マルハン北日本,https://wrestling-spirits.jp/www/wp-content/data/80/ichiran_domestic/AllJapan-GR.pdf
tenno-cup,グレコローマン,2025,82kg,藤井 達哉,滋賀県スポーツ協会,https://wrestling-spirits.jp/www/wp-content/data/80/ichiran_domestic/AllJapan-GR.pdf
tenno-cup,グレコローマン,2025,87kg,吉田 泰造,日体大,https://wrestling-spirits.jp/www/wp-content/data/80/ichiran_domestic/AllJapan-GR.pdf
tenno-cup,グレコローマン,2025,97kg,鶴田 峻大,自衛隊,https://wrestling-spirits.jp/www/wp-content/data/80/ichiran_domestic/AllJapan-GR.pdf
tenno-cup,グレコローマン,2025,130kg,奈良 勇太,警視庁,https://wrestling-spirits.jp/www/wp-content/data/80/ichiran_domestic/AllJapan-GR.pdf
tenno-cup,グレコローマン,2024,55kg,山際 航平,日体大,https://wrestling-spirits.jp/www/wp-content/data/80/ichiran_domestic/AllJapan-GR.pdf
tenno-cup,グレコローマン,2024,60kg,稲葉 海人,滋賀県スポーツ協会,https://wrestling-spirits.jp/www/wp-content/data/80/ichiran_domestic/AllJapan-GR.pdf
tenno-cup,グレコローマン,2024,63kg,三谷 剛大,育英大,https://wrestling-spirits.jp/www/wp-content/data/80/ichiran_domestic/AllJapan-GR.pdf
tenno-cup,グレコローマン,2024,67kg,遠藤 功章,東和エンジニアリング,https://wrestling-spirits.jp/www/wp-content/data/80/ichiran_domestic/AllJapan-GR.pdf
tenno-cup,グレコローマン,2024,72kg,本名 一晟,育英大,https://wrestling-spirits.jp/www/wp-content/data/80/ichiran_domestic/AllJapan-GR.pdf
tenno-cup,グレコローマン,2024,77kg,櫻庭 功大,自衛隊,https://wrestling-spirits.jp/www/wp-content/data/80/ichiran_domestic/AllJapan-GR.pdf
tenno-cup,グレコローマン,2024,82kg,吉田 泰造,香川・高松北高,https://wrestling-spirits.jp/www/wp-content/data/80/ichiran_domestic/AllJapan-GR.pdf
tenno-cup,グレコローマン,2024,87kg,阪部 創,自衛隊,https://wrestling-spirits.jp/www/wp-content/data/80/ichiran_domestic/AllJapan-GR.pdf
tenno-cup,グレコローマン,2024,97kg,仲里 優力,佐賀県スポーツ協会,https://wrestling-spirits.jp/www/wp-content/data/80/ichiran_domestic/AllJapan-GR.pdf
tenno-cup,グレコローマン,2024,130kg,奈良 勇太,警視庁,https://wrestling-spirits.jp/www/wp-content/data/80/ichiran_domestic/AllJapan-GR.pdf
tenno-cup,グレコローマン,2023,55kg,岡本 景虎,専大クラブ,https://wrestling-spirits.jp/www/wp-content/data/80/ichiran_domestic/AllJapan-GR.pdf
tenno-cup,グレコローマン,2023,60kg,稲葉 海人,日体大大学院,https://wrestling-spirits.jp/www/wp-content/data/80/ichiran_domestic/AllJapan-GR.pdf
tenno-cup,グレコローマン,2023,63kg,鈴木 絢大,レスターHD,https://wrestling-spirits.jp/www/wp-content/data/80/ichiran_domestic/AllJapan-GR.pdf
tenno-cup,グレコローマン,2023,67kg,曽我部京太郎,日体大,https://wrestling-spirits.jp/www/wp-content/data/80/ichiran_domestic/AllJapan-GR.pdf
tenno-cup,グレコローマン,2023,72kg,原田 真吾,ソネット,https://wrestling-spirits.jp/www/wp-content/data/80/ichiran_domestic/AllJapan-GR.pdf
tenno-cup,グレコローマン,2023,77kg,堀北一咲望,日体大,https://wrestling-spirits.jp/www/wp-content/data/80/ichiran_domestic/AllJapan-GR.pdf
tenno-cup,グレコローマン,2023,82kg,玉岡 颯斗,早大,https://wrestling-spirits.jp/www/wp-content/data/80/ichiran_domestic/AllJapan-GR.pdf
tenno-cup,グレコローマン,2023,87kg,阪部 創,自衛隊,https://wrestling-spirits.jp/www/wp-content/data/80/ichiran_domestic/AllJapan-GR.pdf
tenno-cup,グレコローマン,2023,97kg,仲里 優力,佐賀県スポーツ協会,https://wrestling-spirits.jp/www/wp-content/data/80/ichiran_domestic/AllJapan-GR.pdf
tenno-cup,グレコローマン,2023,130kg,奥村 総太,自衛隊,https://wrestling-spirits.jp/www/wp-content/data/80/ichiran_domestic/AllJapan-GR.pdf
tenno-cup,グレコローマン,2022,55kg,金澤 孝羽,東京・自由ヶ丘学園高,https://wrestling-spirits.jp/www/wp-content/data/80/ichiran_domestic/AllJapan-GR.pdf
tenno-cup,グレコローマン,2022,60kg,文田健一郎,ミキハウス,https://wrestling-spirits.jp/www/wp-content/data/80/ichiran_domestic/AllJapan-GR.pdf
tenno-cup,グレコローマン,2022,63kg,丸山千恵蔵,日体大,https://wrestling-spirits.jp/www/wp-content/data/80/ichiran_domestic/AllJapan-GR.pdf
tenno-cup,グレコローマン,2022,67kg,曽我部京太郎,日体大,https://wrestling-spirits.jp/www/wp-content/data/80/ichiran_domestic/AllJapan-GR.pdf
tenno-cup,グレコローマン,2022,72kg,堀江 耐志,自衛隊,https://wrestling-spirits.jp/www/wp-content/data/80/ichiran_domestic/AllJapan-GR.pdf
tenno-cup,グレコローマン,2022,77kg,櫻庭 功大,自衛隊,https://wrestling-spirits.jp/www/wp-content/data/80/ichiran_domestic/AllJapan-GR.pdf
tenno-cup,グレコローマン,2022,82kg,前田 祐也,鳥取県協会,https://wrestling-spirits.jp/www/wp-content/data/80/ichiran_domestic/AllJapan-GR.pdf
tenno-cup,グレコローマン,2022,87kg,角 雅人,自衛隊,https://wrestling-spirits.jp/www/wp-content/data/80/ichiran_domestic/AllJapan-GR.pdf
tenno-cup,グレコローマン,2022,97kg,奈良 勇太,警視庁,https://wrestling-spirits.jp/www/wp-content/data/80/ichiran_domestic/AllJapan-GR.pdf
tenno-cup,グレコローマン,2022,130kg,奥村 総太,拓大,https://wrestling-spirits.jp/www/wp-content/data/80/ichiran_domestic/AllJapan-GR.pdf
tenno-cup,グレコローマン,2021,55kg,塩谷 優,拓大,https://wrestling-spirits.jp/www/wp-content/data/80/ichiran_domestic/AllJapan-GR.pdf
tenno-cup,グレコローマン,2021,60kg,鈴木 絢大,レスターHD,https://wrestling-spirits.jp/www/wp-content/data/80/ichiran_domestic/AllJapan-GR.pdf
tenno-cup,グレコローマン,2021,63kg,清水 賢亮,拓大,https://wrestling-spirits.jp/www/wp-content/data/80/ichiran_domestic/AllJapan-GR.pdf
tenno-cup,グレコローマン,2021,67kg,遠藤 功章,東和エンジニアリング,https://wrestling-spirits.jp/www/wp-content/data/80/ichiran_domestic/AllJapan-GR.pdf
tenno-cup,グレコローマン,2021,72kg,井上 智裕,FUJIOH,https://wrestling-spirits.jp/www/wp-content/data/80/ichiran_domestic/AllJapan-GR.pdf
tenno-cup,グレコローマン,2021,77kg,櫻庭 功大,自衛隊,https://wrestling-spirits.jp/www/wp-content/data/80/ichiran_domestic/AllJapan-GR.pdf
tenno-cup,グレコローマン,2021,82kg,岡嶋 勇也,警視庁,https://wrestling-spirits.jp/www/wp-content/data/80/ichiran_domestic/AllJapan-GR.pdf
tenno-cup,グレコローマン,2021,87kg,角 雅人,自衛隊,https://wrestling-spirits.jp/www/wp-content/data/80/ichiran_domestic/AllJapan-GR.pdf
tenno-cup,グレコローマン,2021,97kg,鶴田 峻大,自衛隊,https://wrestling-spirits.jp/www/wp-content/data/80/ichiran_domestic/AllJapan-GR.pdf
tenno-cup,グレコローマン,2021,130kg,園田 新,ALSOK,https://wrestling-spirits.jp/www/wp-content/data/80/ichiran_domestic/AllJapan-GR.pdf
tenno-cup,グレコローマン,2020,55kg,片桐 大夢,拓大,https://wrestling-spirits.jp/www/wp-content/data/80/ichiran_domestic/AllJapan-GR.pdf
tenno-cup,グレコローマン,2020,60kg,文田健一郎,ミキハウス,https://wrestling-spirits.jp/www/wp-content/data/80/ichiran_domestic/AllJapan-GR.pdf
tenno-cup,グレコローマン,2020,63kg,清水 賢亮,拓大,https://wrestling-spirits.jp/www/wp-content/data/80/ichiran_domestic/AllJapan-GR.pdf
tenno-cup,グレコローマン,2020,67kg,下山田 培,警視庁,https://wrestling-spirits.jp/www/wp-content/data/80/ichiran_domestic/AllJapan-GR.pdf
tenno-cup,グレコローマン,2020,72kg,高橋 昭五,警視庁,https://wrestling-spirits.jp/www/wp-content/data/80/ichiran_domestic/AllJapan-GR.pdf
tenno-cup,グレコローマン,2020,77kg,屋比久翔平,ALSOK,https://wrestling-spirits.jp/www/wp-content/data/80/ichiran_domestic/AllJapan-GR.pdf
tenno-cup,グレコローマン,2020,82kg,向井 識起,自衛隊,https://wrestling-spirits.jp/www/wp-content/data/80/ichiran_domestic/AllJapan-GR.pdf
tenno-cup,グレコローマン,2020,87kg,阪部 創,自衛隊,https://wrestling-spirits.jp/www/wp-content/data/80/ichiran_domestic/AllJapan-GR.pdf
tenno-cup,グレコローマン,2020,97kg,天野 雅之,中大職,https://wrestling-spirits.jp/www/wp-content/data/80/ichiran_domestic/AllJapan-GR.pdf
tenno-cup,グレコローマン,2020,130kg,園田 新,ALSOK,https://wrestling-spirits.jp/www/wp-content/data/80/ichiran_domestic/AllJapan-GR.pdf
tenno-cup,グレコローマン,2019,55kg,片桐 大夢,拓大,https://wrestling-spirits.jp/www/wp-content/data/80/ichiran_domestic/AllJapan-GR.pdf
tenno-cup,グレコローマン,2019,60kg,鈴木 絢大,日体大,https://wrestling-spirits.jp/www/wp-content/data/80/ichiran_domestic/AllJapan-GR.pdf
tenno-cup,グレコローマン,2019,63kg,山田 義起,日体大,https://wrestling-spirits.jp/www/wp-content/data/80/ichiran_domestic/AllJapan-GR.pdf
tenno-cup,グレコローマン,2019,67kg,高橋 昭五,警視庁,https://wrestling-spirits.jp/www/wp-content/data/80/ichiran_domestic/AllJapan-GR.pdf
tenno-cup,グレコローマン,2019,72kg,日下 尚,日体大,https://wrestling-spirits.jp/www/wp-content/data/80/ichiran_domestic/AllJapan-GR.pdf
tenno-cup,グレコローマン,2019,77kg,屋比久翔平,ALSOK,https://wrestling-spirits.jp/www/wp-content/data/80/ichiran_domestic/AllJapan-GR.pdf
tenno-cup,グレコローマン,2019,82kg,向井 識起,自衛隊,https://wrestling-spirits.jp/www/wp-content/data/80/ichiran_domestic/AllJapan-GR.pdf
tenno-cup,グレコローマン,2019,87kg,角 雅人,自衛隊,https://wrestling-spirits.jp/www/wp-content/data/80/ichiran_domestic/AllJapan-GR.pdf
tenno-cup,グレコローマン,2019,97kg,奈良 勇太,警視庁,https://wrestling-spirits.jp/www/wp-content/data/80/ichiran_domestic/AllJapan-GR.pdf
tenno-cup,グレコローマン,2019,130kg,園田 新,ALSOK,https://wrestling-spirits.jp/www/wp-content/data/80/ichiran_domestic/AllJapan-GR.pdf
tenno-cup,グレコローマン,2018,55kg,片桐 大夢,拓大,https://wrestling-spirits.jp/www/wp-content/data/80/ichiran_domestic/AllJapan-GR.pdf
tenno-cup,グレコローマン,2018,60kg,文田健一郎,ミキハウス,https://wrestling-spirits.jp/www/wp-content/data/80/ichiran_domestic/AllJapan-GR.pdf
tenno-cup,グレコローマン,2018,63kg,遠藤 功章,日体大,https://wrestling-spirits.jp/www/wp-content/data/80/ichiran_domestic/AllJapan-GR.pdf
tenno-cup,グレコローマン,2018,67kg,高橋 昭五,警視庁,https://wrestling-spirits.jp/www/wp-content/data/80/ichiran_domestic/AllJapan-GR.pdf
tenno-cup,グレコローマン,2018,72kg,井上 智裕,FUJIOH,https://wrestling-spirits.jp/www/wp-content/data/80/ichiran_domestic/AllJapan-GR.pdf
tenno-cup,グレコローマン,2018,77kg,小路 直頌,自衛隊,https://wrestling-spirits.jp/www/wp-content/data/80/ichiran_domestic/AllJapan-GR.pdf
tenno-cup,グレコローマン,2018,82kg,岡嶋 勇也,警視庁,https://wrestling-spirits.jp/www/wp-content/data/80/ichiran_domestic/AllJapan-GR.pdf
tenno-cup,グレコローマン,2018,87kg,角 雅人,自衛隊,https://wrestling-spirits.jp/www/wp-content/data/80/ichiran_domestic/AllJapan-GR.pdf
tenno-cup,グレコローマン,2018,97kg,奈良 勇太,警視庁,https://wrestling-spirits.jp/www/wp-content/data/80/ichiran_domestic/AllJapan-GR.pdf
tenno-cup,グレコローマン,2018,130kg,園田 新,ALSOK,https://wrestling-spirits.jp/www/wp-content/data/80/ichiran_domestic/AllJapan-GR.pdf
tenno-cup,グレコローマン,2017,55kg,田野倉 翔太,東京・自由ヶ丘学園高教,https://wrestling-spirits.jp/www/wp-content/data/80/ichiran_domestic/AllJapan-GR.pdf
tenno-cup,グレコローマン,2017,60kg,太田 忍,ALSOK,https://wrestling-spirits.jp/www/wp-content/data/80/ichiran_domestic/AllJapan-GR.pdf
tenno-cup,グレコローマン,2017,63kg,井ノ口 崇之,自衛隊,https://wrestling-spirits.jp/www/wp-content/data/80/ichiran_domestic/AllJapan-GR.pdf
tenno-cup,グレコローマン,2017,67kg,下山田 培,警視庁,https://wrestling-spirits.jp/www/wp-content/data/80/ichiran_domestic/AllJapan-GR.pdf
tenno-cup,グレコローマン,2017,72kg,井上 智裕,富士工業,https://wrestling-spirits.jp/www/wp-content/data/80/ichiran_domestic/AllJapan-GR.pdf
tenno-cup,グレコローマン,2017,77kg,屋比久 翔平,ALSOK,https://wrestling-spirits.jp/www/wp-content/data/80/ichiran_domestic/AllJapan-GR.pdf
tenno-cup,グレコローマン,2017,82kg,前田 祐也,鳥取・鳥取中央育英高職,https://wrestling-spirits.jp/www/wp-content/data/80/ichiran_domestic/AllJapan-GR.pdf
tenno-cup,グレコローマン,2017,87kg,角 雅人,自衛隊,https://wrestling-spirits.jp/www/wp-content/data/80/ichiran_domestic/AllJapan-GR.pdf
tenno-cup,グレコローマン,2017,97kg,奈良 勇太,日体大,https://wrestling-spirits.jp/www/wp-content/data/80/ichiran_domestic/AllJapan-GR.pdf
tenno-cup,グレコローマン,2017,130kg,園田 新,ALSOK,https://wrestling-spirits.jp/www/wp-content/data/80/ichiran_domestic/AllJapan-GR.pdf
tenno-cup,グレコローマン,2016,59kg,文田 健一郎,日体大,https://wrestling-spirits.jp/www/wp-content/data/80/ichiran_domestic/AllJapan-GR.pdf
tenno-cup,グレコローマン,2016,66kg,高橋 昭五,日体大,https://wrestling-spirits.jp/www/wp-content/data/80/ichiran_domestic/AllJapan-GR.pdf
tenno-cup,グレコローマン,2016,71kg,泉 武志,一宮グループ,https://wrestling-spirits.jp/www/wp-content/data/80/ichiran_domestic/AllJapan-GR.pdf
tenno-cup,グレコローマン,2016,75kg,屋比久 翔平,日体大,https://wrestling-spirits.jp/www/wp-content/data/80/ichiran_domestic/AllJapan-GR.pdf
tenno-cup,グレコローマン,2016,80kg,前田 祐也,鳥取県立武道館,https://wrestling-spirits.jp/www/wp-content/data/80/ichiran_domestic/AllJapan-GR.pdf
tenno-cup,グレコローマン,2016,85kg,松本 篤史,ALSOK,https://wrestling-spirits.jp/www/wp-content/data/80/ichiran_domestic/AllJapan-GR.pdf
tenno-cup,グレコローマン,2016,98kg,奈良 勇太,日体大,https://wrestling-spirits.jp/www/wp-content/data/80/ichiran_domestic/AllJapan-GR.pdf
tenno-cup,グレコローマン,2016,130kg,園田 新,拓大,https://wrestling-spirits.jp/www/wp-content/data/80/ichiran_domestic/AllJapan-GR.pdf
tenno-cup,グレコローマン,2015,59kg,太田 忍,日体大,https://wrestling-spirits.jp/www/wp-content/data/80/ichiran_domestic/AllJapan-GR.pdf
tenno-cup,グレコローマン,2015,66kg,井上 智裕,三恵海運,https://wrestling-spirits.jp/www/wp-content/data/80/ichiran_domestic/AllJapan-GR.pdf
tenno-cup,グレコローマン,2015,71kg,永田 克彦,レッスルウィン,https://wrestling-spirits.jp/www/wp-content/data/80/ichiran_domestic/AllJapan-GR.pdf
tenno-cup,グレコローマン,2015,75kg,屋比久 翔平,日体大,https://wrestling-spirits.jp/www/wp-content/data/80/ichiran_domestic/AllJapan-GR.pdf
tenno-cup,グレコローマン,2015,80kg,前田 祐也,拓大,https://wrestling-spirits.jp/www/wp-content/data/80/ichiran_domestic/AllJapan-GR.pdf
tenno-cup,グレコローマン,2015,85kg,岡 太一,自衛隊,https://wrestling-spirits.jp/www/wp-content/data/80/ichiran_domestic/AllJapan-GR.pdf
tenno-cup,グレコローマン,2015,98kg,斎川 哲克,栃木・足利工高教,https://wrestling-spirits.jp/www/wp-content/data/80/ichiran_domestic/AllJapan-GR.pdf
tenno-cup,グレコローマン,2015,130kg,園田 新,拓大,https://wrestling-spirits.jp/www/wp-content/data/80/ichiran_domestic/AllJapan-GR.pdf
tenno-cup,グレコローマン,2014,59kg,倉本 一真,自衛隊,https://wrestling-spirits.jp/www/wp-content/data/80/ichiran_domestic/AllJapan-GR.pdf
tenno-cup,グレコローマン,2014,66kg,泉 武志,愛媛県協会,https://wrestling-spirits.jp/www/wp-content/data/80/ichiran_domestic/AllJapan-GR.pdf
tenno-cup,グレコローマン,2014,71kg,井上 智裕,三恵海運,https://wrestling-spirits.jp/www/wp-content/data/80/ichiran_domestic/AllJapan-GR.pdf
tenno-cup,グレコローマン,2014,75kg,金久保 武大,ALSOK,https://wrestling-spirits.jp/www/wp-content/data/80/ichiran_domestic/AllJapan-GR.pdf
tenno-cup,グレコローマン,2014,80kg,角 雅人,自衛隊,https://wrestling-spirits.jp/www/wp-content/data/80/ichiran_domestic/AllJapan-GR.pdf
tenno-cup,グレコローマン,2014,85kg,岡 太一,自衛隊,https://wrestling-spirits.jp/www/wp-content/data/80/ichiran_domestic/AllJapan-GR.pdf
tenno-cup,グレコローマン,2014,98kg,斎川 哲克,栃木・足利工高教,https://wrestling-spirits.jp/www/wp-content/data/80/ichiran_domestic/AllJapan-GR.pdf
tenno-cup,グレコローマン,2014,130kg,園田 新,拓大,https://wrestling-spirits.jp/www/wp-content/data/80/ichiran_domestic/AllJapan-GR.pdf
tenno-cup,グレコローマン,2013,55kg,田野倉 翔太,クリナップ,https://wrestling-spirits.jp/www/wp-content/data/80/ichiran_domestic/AllJapan-GR.pdf
tenno-cup,グレコローマン,2013,60kg,倉本 一真,自衛隊,https://wrestling-spirits.jp/www/wp-content/data/80/ichiran_domestic/AllJapan-GR.pdf
tenno-cup,グレコローマン,2013,66kg,音泉 秀幸,ALSOK,https://wrestling-spirits.jp/www/wp-content/data/80/ichiran_domestic/AllJapan-GR.pdf
tenno-cup,グレコローマン,2013,74kg,藤村 義,自衛隊,https://wrestling-spirits.jp/www/wp-content/data/80/ichiran_domestic/AllJapan-GR.pdf
tenno-cup,グレコローマン,2013,84kg,鶴巻 宰,自衛隊,https://wrestling-spirits.jp/www/wp-content/data/80/ichiran_domestic/AllJapan-GR.pdf
tenno-cup,グレコローマン,2013,96kg,斎川 哲克,両毛ヤクルト販売,https://wrestling-spirits.jp/www/wp-content/data/80/ichiran_domestic/AllJapan-GR.pdf
tenno-cup,グレコローマン,2013,120kg,前川 勝利,早大,https://wrestling-spirits.jp/www/wp-content/data/80/ichiran_domestic/AllJapan-GR.pdf
tenno-cup,グレコローマン,2012,55kg,田野倉 翔太,日体大,https://wrestling-spirits.jp/www/wp-content/data/80/ichiran_domestic/AllJapan-GR.pdf
tenno-cup,グレコローマン,2012,60kg,倉本 一真,自衛隊,https://wrestling-spirits.jp/www/wp-content/data/80/ichiran_domestic/AllJapan-GR.pdf
tenno-cup,グレコローマン,2012,66kg,清水 博之,自衛隊,https://wrestling-spirits.jp/www/wp-content/data/80/ichiran_domestic/AllJapan-GR.pdf
tenno-cup,グレコローマン,2012,74kg,井上 智裕,兵庫・育英高教,https://wrestling-spirits.jp/www/wp-content/data/80/ichiran_domestic/AllJapan-GR.pdf
tenno-cup,グレコローマン,2012,84kg,岡 太一,自衛隊,https://wrestling-spirits.jp/www/wp-content/data/80/ichiran_domestic/AllJapan-GR.pdf
tenno-cup,グレコローマン,2012,96kg,斎川 哲克,両毛ヤクルト販売,https://wrestling-spirits.jp/www/wp-content/data/80/ichiran_domestic/AllJapan-GR.pdf
tenno-cup,グレコローマン,2012,120kg,前川 勝利,早大,https://wrestling-spirits.jp/www/wp-content/data/80/ichiran_domestic/AllJapan-GR.pdf
tenno-cup,グレコローマン,2011,55kg,長谷川 恒平,福一漁業,https://wrestling-spirits.jp/www/wp-content/data/80/ichiran_domestic/AllJapan-GR.pdf
tenno-cup,グレコローマン,2011,60kg,松本 隆太郎,群馬ヤクルト販売,https://wrestling-spirits.jp/www/wp-content/data/80/ichiran_domestic/AllJapan-GR.pdf
tenno-cup,グレコローマン,2011,66kg,藤村 義,自衛隊,https://wrestling-spirits.jp/www/wp-content/data/80/ichiran_domestic/AllJapan-GR.pdf
tenno-cup,グレコローマン,2011,74kg,鶴巻 宰,自衛隊,https://wrestling-spirits.jp/www/wp-content/data/80/ichiran_domestic/AllJapan-GR.pdf
tenno-cup,グレコローマン,2011,84kg,天野 雅之,中大職,https://wrestling-spirits.jp/www/wp-content/data/80/ichiran_domestic/AllJapan-GR.pdf
tenno-cup,グレコローマン,2011,96kg,斎川 哲克,両毛ヤクルト販売,https://wrestling-spirits.jp/www/wp-content/data/80/ichiran_domestic/AllJapan-GR.pdf
tenno-cup,グレコローマン,2011,120kg,新庄 寛和,自衛隊,https://wrestling-spirits.jp/www/wp-content/data/80/ichiran_domestic/AllJapan-GR.pdf
tenno-cup,グレコローマン,2010,55kg,長谷川 恒平,福一漁業,https://wrestling-spirits.jp/www/wp-content/data/80/ichiran_domestic/AllJapan-GR.pdf
tenno-cup,グレコローマン,2010,60kg,松本 隆太郎,群馬ヤクルト販売,https://wrestling-spirits.jp/www/wp-content/data/80/ichiran_domestic/AllJapan-GR.pdf
tenno-cup,グレコローマン,2010,66kg,岡本 佑士,拓大,https://wrestling-spirits.jp/www/wp-content/data/80/ichiran_domestic/AllJapan-GR.pdf
tenno-cup,グレコローマン,2010,74kg,田村 和男,早大,https://wrestling-spirits.jp/www/wp-content/data/80/ichiran_domestic/AllJapan-GR.pdf
tenno-cup,グレコローマン,2010,84kg,岡 太一,拓大,https://wrestling-spirits.jp/www/wp-content/data/80/ichiran_domestic/AllJapan-GR.pdf
tenno-cup,グレコローマン,2010,96kg,北村 克哉,ドン・キホーテ,https://wrestling-spirits.jp/www/wp-content/data/80/ichiran_domestic/AllJapan-GR.pdf
tenno-cup,グレコローマン,2010,120kg,新庄 寛和,自衛隊,https://wrestling-spirits.jp/www/wp-content/data/80/ichiran_domestic/AllJapan-GR.pdf
tenno-cup,グレコローマン,2009,55kg,長谷川 恒平,福一漁業,https://wrestling-spirits.jp/www/wp-content/data/80/ichiran_domestic/AllJapan-GR.pdf
tenno-cup,グレコローマン,2009,60kg,松本 隆太郎,群馬ヤクルト販売,https://wrestling-spirits.jp/www/wp-content/data/80/ichiran_domestic/AllJapan-GR.pdf
tenno-cup,グレコローマン,2009,66kg,清水 博之,自衛隊,https://wrestling-spirits.jp/www/wp-content/data/80/ichiran_domestic/AllJapan-GR.pdf
tenno-cup,グレコローマン,2009,74kg,鶴巻 宰,自衛隊,https://wrestling-spirits.jp/www/wp-content/data/80/ichiran_domestic/AllJapan-GR.pdf
tenno-cup,グレコローマン,2009,84kg,斎川 哲克,両毛ヤクルト販売,https://wrestling-spirits.jp/www/wp-content/data/80/ichiran_domestic/AllJapan-GR.pdf
tenno-cup,グレコローマン,2009,96kg,北村 克哉,FEG,https://wrestling-spirits.jp/www/wp-content/data/80/ichiran_domestic/AllJapan-GR.pdf
tenno-cup,グレコローマン,2009,120kg,新庄 寛和,自衛隊,https://wrestling-spirits.jp/www/wp-content/data/80/ichiran_domestic/AllJapan-GR.pdf
tenno-cup,グレコローマン,2008,55kg,長谷川 恒平,福一漁業,https://wrestling-spirits.jp/www/wp-content/data/80/ichiran_domestic/AllJapan-GR.pdf
tenno-cup,グレコローマン,2008,60kg,佐藤 亮太,日体大,https://wrestling-spirits.jp/www/wp-content/data/80/ichiran_domestic/AllJapan-GR.pdf
tenno-cup,グレコローマン,2008,66kg,藤村 義,自衛隊,https://wrestling-spirits.jp/www/wp-content/data/80/ichiran_domestic/AllJapan-GR.pdf
tenno-cup,グレコローマン,2008,74kg,鶴巻 宰,自衛隊,https://wrestling-spirits.jp/www/wp-content/data/80/ichiran_domestic/AllJapan-GR.pdf
tenno-cup,グレコローマン,2008,84kg,斎川 哲克,両毛ヤクルト販売,https://wrestling-spirits.jp/www/wp-content/data/80/ichiran_domestic/AllJapan-GR.pdf
tenno-cup,グレコローマン,2008,96kg,北村 克哉,FEG,https://wrestling-spirits.jp/www/wp-content/data/80/ichiran_domestic/AllJapan-GR.pdf
tenno-cup,グレコローマン,2008,120kg,中村 淳志,カンサイ,https://wrestling-spirits.jp/www/wp-content/data/80/ichiran_domestic/AllJapan-GR.pdf
tenno-cup,グレコローマン,2007,55kg,長谷川 恒平,福一漁業,https://wrestling-spirits.jp/www/wp-content/data/80/ichiran_domestic/AllJapan-GR.pdf
tenno-cup,グレコローマン,2007,60kg,笹本 睦,ALSOK綜合警備保障,https://wrestling-spirits.jp/www/wp-content/data/80/ichiran_domestic/AllJapan-GR.pdf
tenno-cup,グレコローマン,2007,66kg,飯室 雅規,自衛隊,https://wrestling-spirits.jp/www/wp-content/data/80/ichiran_domestic/AllJapan-GR.pdf
tenno-cup,グレコローマン,2007,74kg,岩崎 裕樹,銀水荘,https://wrestling-spirits.jp/www/wp-content/data/80/ichiran_domestic/AllJapan-GR.pdf
tenno-cup,グレコローマン,2007,84kg,松本 慎吾,一宮運輸,https://wrestling-spirits.jp/www/wp-content/data/80/ichiran_domestic/AllJapan-GR.pdf
tenno-cup,グレコローマン,2007,96kg,加藤 賢三,自衛隊,https://wrestling-spirits.jp/www/wp-content/data/80/ichiran_domestic/AllJapan-GR.pdf
tenno-cup,グレコローマン,2007,120kg,新庄 寛和,自衛隊,https://wrestling-spirits.jp/www/wp-content/data/80/ichiran_domestic/AllJapan-GR.pdf
tenno-cup,グレコローマン,2006,55kg,豊田 雅俊,警視庁,https://wrestling-spirits.jp/www/wp-content/data/80/ichiran_domestic/AllJapan-GR.pdf
tenno-cup,グレコローマン,2006,60kg,笹本 睦,ALSOK綜合警備保障,https://wrestling-spirits.jp/www/wp-content/data/80/ichiran_domestic/AllJapan-GR.pdf
tenno-cup,グレコローマン,2006,66kg,飯室 雅規,自衛隊,https://wrestling-spirits.jp/www/wp-content/data/80/ichiran_domestic/AllJapan-GR.pdf
tenno-cup,グレコローマン,2006,74kg,菅 太一,警視庁,https://wrestling-spirits.jp/www/wp-content/data/80/ichiran_domestic/AllJapan-GR.pdf
tenno-cup,グレコローマン,2006,84kg,松本 慎吾,一宮運輸,https://wrestling-spirits.jp/www/wp-content/data/80/ichiran_domestic/AllJapan-GR.pdf
tenno-cup,グレコローマン,2006,96kg,加藤 賢三,自衛隊,https://wrestling-spirits.jp/www/wp-content/data/80/ichiran_domestic/AllJapan-GR.pdf
tenno-cup,グレコローマン,2006,120kg,沢田 直樹,山口県協会,https://wrestling-spirits.jp/www/wp-content/data/80/ichiran_domestic/AllJapan-GR.pdf
tenno-cup,グレコローマン,2005,55kg,豊田 雅俊,警視庁,https://wrestling-spirits.jp/www/wp-content/data/80/ichiran_domestic/AllJapan-GR.pdf
tenno-cup,グレコローマン,2005,60kg,笹本 睦,ALSOK綜合警備保障,https://wrestling-spirits.jp/www/wp-content/data/80/ichiran_domestic/AllJapan-GR.pdf
tenno-cup,グレコローマン,2005,66kg,飯室 雅規,自衛隊,https://wrestling-spirits.jp/www/wp-content/data/80/ichiran_domestic/AllJapan-GR.pdf
tenno-cup,グレコローマン,2005,74kg,岩崎 裕樹,銀水荘,https://wrestling-spirits.jp/www/wp-content/data/80/ichiran_domestic/AllJapan-GR.pdf
tenno-cup,グレコローマン,2005,84kg,松本 慎吾,一宮運輸,https://wrestling-spirits.jp/www/wp-content/data/80/ichiran_domestic/AllJapan-GR.pdf
tenno-cup,グレコローマン,2005,96kg,加藤 賢三,自衛隊,https://wrestling-spirits.jp/www/wp-content/data/80/ichiran_domestic/AllJapan-GR.pdf
tenno-cup,グレコローマン,2005,120kg,鈴木 克彰,警視庁,https://wrestling-spirits.jp/www/wp-content/data/80/ichiran_domestic/AllJapan-GR.pdf
tenno-cup,グレコローマン,2004,55kg,平井 進悟,綜合警備保障,https://wrestling-spirits.jp/www/wp-content/data/80/ichiran_domestic/AllJapan-GR.pdf
tenno-cup,グレコローマン,2004,60kg,笹本 睦,綜合警備保障,https://wrestling-spirits.jp/www/wp-content/data/80/ichiran_domestic/AllJapan-GR.pdf
tenno-cup,グレコローマン,2004,66kg,飯室 雅規,自衛隊,https://wrestling-spirits.jp/www/wp-content/data/80/ichiran_domestic/AllJapan-GR.pdf
tenno-cup,グレコローマン,2004,74kg,鶴巻 宰,国士大,https://wrestling-spirits.jp/www/wp-content/data/80/ichiran_domestic/AllJapan-GR.pdf
tenno-cup,グレコローマン,2004,84kg,松本 慎吾,一宮運輸,https://wrestling-spirits.jp/www/wp-content/data/80/ichiran_domestic/AllJapan-GR.pdf
tenno-cup,グレコローマン,2004,96kg,森角 裕介,長野県協会,https://wrestling-spirits.jp/www/wp-content/data/80/ichiran_domestic/AllJapan-GR.pdf
tenno-cup,グレコローマン,2004,120kg,新庄 寛和,国士大,https://wrestling-spirits.jp/www/wp-content/data/80/ichiran_domestic/AllJapan-GR.pdf
tenno-cup,グレコローマン,2003,55kg,豊田 雅俊,警視庁,https://wrestling-spirits.jp/www/wp-content/data/80/ichiran_domestic/AllJapan-GR.pdf
tenno-cup,グレコローマン,2003,60kg,笹本 睦,綜合警備保障,https://wrestling-spirits.jp/www/wp-content/data/80/ichiran_domestic/AllJapan-GR.pdf
tenno-cup,グレコローマン,2003,66kg,飯室 雅規,自衛隊,https://wrestling-spirits.jp/www/wp-content/data/80/ichiran_domestic/AllJapan-GR.pdf
tenno-cup,グレコローマン,2003,74kg,菅 太一,警視庁,https://wrestling-spirits.jp/www/wp-content/data/80/ichiran_domestic/AllJapan-GR.pdf
tenno-cup,グレコローマン,2003,84kg,松本 慎吾,一宮運輸,https://wrestling-spirits.jp/www/wp-content/data/80/ichiran_domestic/AllJapan-GR.pdf
tenno-cup,グレコローマン,2003,96kg,加藤 賢三,自衛隊,https://wrestling-spirits.jp/www/wp-content/data/80/ichiran_domestic/AllJapan-GR.pdf
tenno-cup,グレコローマン,2003,120kg,鈴木 克彰,警視庁,https://wrestling-spirits.jp/www/wp-content/data/80/ichiran_domestic/AllJapan-GR.pdf
tenno-cup,グレコローマン,2002,55kg,豊田 雅俊,警視庁,https://wrestling-spirits.jp/www/wp-content/data/80/ichiran_domestic/AllJapan-GR.pdf
tenno-cup,グレコローマン,2002,60kg,笹本 睦,綜合警備保障,https://wrestling-spirits.jp/www/wp-content/data/80/ichiran_domestic/AllJapan-GR.pdf
tenno-cup,グレコローマン,2002,66kg,飯室 雅規,自衛隊,https://wrestling-spirits.jp/www/wp-content/data/80/ichiran_domestic/AllJapan-GR.pdf
tenno-cup,グレコローマン,2002,74kg,永田 克彦,新日プロレス職,https://wrestling-spirits.jp/www/wp-content/data/80/ichiran_domestic/AllJapan-GR.pdf
tenno-cup,グレコローマン,2002,84kg,松本 慎吾,一宮運輸,https://wrestling-spirits.jp/www/wp-content/data/80/ichiran_domestic/AllJapan-GR.pdf
tenno-cup,グレコローマン,2002,96kg,加藤 賢三,大東大,https://wrestling-spirits.jp/www/wp-content/data/80/ichiran_domestic/AllJapan-GR.pdf
tenno-cup,グレコローマン,2002,120kg,鈴木 克彰,警視庁,https://wrestling-spirits.jp/www/wp-content/data/80/ichiran_domestic/AllJapan-GR.pdf
tenno-cup,グレコローマン,2001,54kg,村田 知也,日野ク,https://wrestling-spirits.jp/www/wp-content/data/80/ichiran_domestic/AllJapan-GR.pdf
tenno-cup,グレコローマン,2001,58kg,笹本 睦,綜合警備保障,https://wrestling-spirits.jp/www/wp-content/data/80/ichiran_domestic/AllJapan-GR.pdf
tenno-cup,グレコローマン,2001,63kg,飯室 雅規,自衛隊,https://wrestling-spirits.jp/www/wp-content/data/80/ichiran_domestic/AllJapan-GR.pdf
tenno-cup,グレコローマン,2001,69kg,永田 克彦,新日プロ職,https://wrestling-spirits.jp/www/wp-content/data/80/ichiran_domestic/AllJapan-GR.pdf
tenno-cup,グレコローマン,2001,76kg,菅 太一,日大,https://wrestling-spirits.jp/www/wp-content/data/80/ichiran_domestic/AllJapan-GR.pdf
tenno-cup,グレコローマン,2001,85kg,松本 慎吾,一宮運輸,https://wrestling-spirits.jp/www/wp-content/data/80/ichiran_domestic/AllJapan-GR.pdf
tenno-cup,グレコローマン,2001,97kg,森角 裕介,新日プロレス職,https://wrestling-spirits.jp/www/wp-content/data/80/ichiran_domestic/AllJapan-GR.pdf
tenno-cup,グレコローマン,2001,130kg,鈴木 克彰,警視庁,https://wrestling-spirits.jp/www/wp-content/data/80/ichiran_domestic/AllJapan-GR.pdf
tenno-cup,グレコローマン,2000,54kg,村田 知也,日野ク,https://wrestling-spirits.jp/www/wp-content/data/80/ichiran_domestic/AllJapan-GR.pdf
tenno-cup,グレコローマン,2000,58kg,笹本 睦,綜合警備保障,https://wrestling-spirits.jp/www/wp-content/data/80/ichiran_domestic/AllJapan-GR.pdf
tenno-cup,グレコローマン,2000,63kg,飯室 雅規,自衛隊,https://wrestling-spirits.jp/www/wp-content/data/80/ichiran_domestic/AllJapan-GR.pdf
tenno-cup,グレコローマン,2000,69kg,永田 克彦,警視庁,https://wrestling-spirits.jp/www/wp-content/data/80/ichiran_domestic/AllJapan-GR.pdf
tenno-cup,グレコローマン,2000,76kg,菅 太一,日大,https://wrestling-spirits.jp/www/wp-content/data/80/ichiran_domestic/AllJapan-GR.pdf
tenno-cup,グレコローマン,2000,85kg,松本 慎吾,一宮運輸,https://wrestling-spirits.jp/www/wp-content/data/80/ichiran_domestic/AllJapan-GR.pdf
tenno-cup,グレコローマン,2000,97kg,森角 裕介,日体大,https://wrestling-spirits.jp/www/wp-content/data/80/ichiran_domestic/AllJapan-GR.pdf
tenno-cup,グレコローマン,2000,130kg,鈴木 克彰,警視庁,https://wrestling-spirits.jp/www/wp-content/data/80/ichiran_domestic/AllJapan-GR.pdf
tenno-cup,グレコローマン,1999,54kg,佐々木 昌常,自衛隊,https://wrestling-spirits.jp/www/wp-content/data/80/ichiran_domestic/AllJapan-GR.pdf
tenno-cup,グレコローマン,1999,58kg,西見 健吉,自衛隊,https://wrestling-spirits.jp/www/wp-content/data/80/ichiran_domestic/AllJapan-GR.pdf
tenno-cup,グレコローマン,1999,63kg,平井 満生,日体大,https://wrestling-spirits.jp/www/wp-content/data/80/ichiran_domestic/AllJapan-GR.pdf
tenno-cup,グレコローマン,1999,69kg,永田 克彦,警視庁,https://wrestling-spirits.jp/www/wp-content/data/80/ichiran_domestic/AllJapan-GR.pdf
tenno-cup,グレコローマン,1999,76kg,片山 貴光,自衛隊,https://wrestling-spirits.jp/www/wp-content/data/80/ichiran_domestic/AllJapan-GR.pdf
tenno-cup,グレコローマン,1999,85kg,松本 慎吾,日体大,https://wrestling-spirits.jp/www/wp-content/data/80/ichiran_domestic/AllJapan-GR.pdf
tenno-cup,グレコローマン,1999,97kg,篠崎 正二,自衛隊,https://wrestling-spirits.jp/www/wp-content/data/80/ichiran_domestic/AllJapan-GR.pdf
tenno-cup,グレコローマン,1999,130kg,浜上 稔,宮崎・宮崎農高教,https://wrestling-spirits.jp/www/wp-content/data/80/ichiran_domestic/AllJapan-GR.pdf
tenno-cup,グレコローマン,1998,54kg,佐々木 昌常,自衛隊,https://wrestling-spirits.jp/www/wp-content/data/80/ichiran_domestic/AllJapan-GR.pdf
tenno-cup,グレコローマン,1998,58kg,西見 健吉,自衛隊,https://wrestling-spirits.jp/www/wp-content/data/80/ichiran_domestic/AllJapan-GR.pdf
tenno-cup,グレコローマン,1998,63kg,元木 康年,自衛隊,https://wrestling-spirits.jp/www/wp-content/data/80/ichiran_domestic/AllJapan-GR.pdf
tenno-cup,グレコローマン,1998,69kg,永田 克彦,警視庁,https://wrestling-spirits.jp/www/wp-content/data/80/ichiran_domestic/AllJapan-GR.pdf
tenno-cup,グレコローマン,1998,76kg,片山 貴光,自衛隊,https://wrestling-spirits.jp/www/wp-content/data/80/ichiran_domestic/AllJapan-GR.pdf
tenno-cup,グレコローマン,1998,85kg,横山 秀和,秋田・秋田経法大付高教,https://wrestling-spirits.jp/www/wp-content/data/80/ichiran_domestic/AllJapan-GR.pdf
tenno-cup,グレコローマン,1998,97kg,瀬川 浩寿,警視庁,https://wrestling-spirits.jp/www/wp-content/data/80/ichiran_domestic/AllJapan-GR.pdf
tenno-cup,グレコローマン,1998,130kg,浜上 稔,宮崎・宮崎農高教,https://wrestling-spirits.jp/www/wp-content/data/80/ichiran_domestic/AllJapan-GR.pdf
tenno-cup,グレコローマン,1997,54kg,嘉戸 洋,国士大助,https://wrestling-spirits.jp/www/wp-content/data/80/ichiran_domestic/AllJapan-GR.pdf
tenno-cup,グレコローマン,1997,58kg,西見 健吉,自衛隊,https://wrestling-spirits.jp/www/wp-content/data/80/ichiran_domestic/AllJapan-GR.pdf
tenno-cup,グレコローマン,1997,63kg,花原 大介,警視庁,https://wrestling-spirits.jp/www/wp-content/data/80/ichiran_domestic/AllJapan-GR.pdf
tenno-cup,グレコローマン,1997,69kg,永田 克彦,警視庁,https://wrestling-spirits.jp/www/wp-content/data/80/ichiran_domestic/AllJapan-GR.pdf
tenno-cup,グレコローマン,1997,76kg,片山 貴光,自衛隊,https://wrestling-spirits.jp/www/wp-content/data/80/ichiran_domestic/AllJapan-GR.pdf
tenno-cup,グレコローマン,1997,85kg,横山 秀和,秋田・秋田経法大付高教,https://wrestling-spirits.jp/www/wp-content/data/80/ichiran_domestic/AllJapan-GR.pdf
tenno-cup,グレコローマン,1997,97kg,篠崎 正二,自衛隊,https://wrestling-spirits.jp/www/wp-content/data/80/ichiran_domestic/AllJapan-GR.pdf
tenno-cup,グレコローマン,1997,130kg,浜上 稔,宮崎・宮崎農高教,https://wrestling-spirits.jp/www/wp-content/data/80/ichiran_domestic/AllJapan-GR.pdf
tenno-cup,グレコローマン,1996,54kg,佐々木 昌常,自衛隊,https://wrestling-spirits.jp/www/wp-content/data/80/ichiran_domestic/AllJapan-GR.pdf
tenno-cup,グレコローマン,1996,58kg,西見 健吉,自衛隊,https://wrestling-spirits.jp/www/wp-content/data/80/ichiran_domestic/AllJapan-GR.pdf
tenno-cup,グレコローマン,1996,63kg,元木 康年,自衛隊,https://wrestling-spirits.jp/www/wp-content/data/80/ichiran_domestic/AllJapan-GR.pdf
tenno-cup,グレコローマン,1996,69kg,三宅 靖志,東海商船,https://wrestling-spirits.jp/www/wp-content/data/80/ichiran_domestic/AllJapan-GR.pdf
tenno-cup,グレコローマン,1996,76kg,片山 貴光,自衛隊,https://wrestling-spirits.jp/www/wp-content/data/80/ichiran_domestic/AllJapan-GR.pdf
tenno-cup,グレコローマン,1996,85kg,佐々木 秀幸,香川・飯山中教,https://wrestling-spirits.jp/www/wp-content/data/80/ichiran_domestic/AllJapan-GR.pdf
tenno-cup,グレコローマン,1996,97kg,山口 孝二,自衛隊,https://wrestling-spirits.jp/www/wp-content/data/80/ichiran_domestic/AllJapan-GR.pdf
tenno-cup,グレコローマン,1996,130kg,浜上 稔,福島・磐城農高教,https://wrestling-spirits.jp/www/wp-content/data/80/ichiran_domestic/AllJapan-GR.pdf
tenno-cup,グレコローマン,1995,48kg,中村 吉元,日体大,https://wrestling-spirits.jp/www/wp-content/data/80/ichiran_domestic/AllJapan-GR.pdf
tenno-cup,グレコローマン,1995,52kg,内 浩二,自衛隊,https://wrestling-spirits.jp/www/wp-content/data/80/ichiran_domestic/AllJapan-GR.pdf
tenno-cup,グレコローマン,1995,57kg,西見 健吉,自衛隊,https://wrestling-spirits.jp/www/wp-content/data/80/ichiran_domestic/AllJapan-GR.pdf
tenno-cup,グレコローマン,1995,62kg,西口 茂樹,拓大職,https://wrestling-spirits.jp/www/wp-content/data/80/ichiran_domestic/AllJapan-GR.pdf
tenno-cup,グレコローマン,1995,68kg,三宅 靖志,東海商船,https://wrestling-spirits.jp/www/wp-content/data/80/ichiran_domestic/AllJapan-GR.pdf
tenno-cup,グレコローマン,1995,74kg,片山 貴光,自衛隊,https://wrestling-spirits.jp/www/wp-content/data/80/ichiran_domestic/AllJapan-GR.pdf
tenno-cup,グレコローマン,1995,82kg,杉浦 貴,自衛隊,https://wrestling-spirits.jp/www/wp-content/data/80/ichiran_domestic/AllJapan-GR.pdf
tenno-cup,グレコローマン,1995,90kg,森山 泰年,自衛隊,https://wrestling-spirits.jp/www/wp-content/data/80/ichiran_domestic/AllJapan-GR.pdf
tenno-cup,グレコローマン,1995,100kg,野々村 孝,香川・多度津工高教,https://wrestling-spirits.jp/www/wp-content/data/80/ichiran_domestic/AllJapan-GR.pdf
tenno-cup,グレコローマン,1995,130kg,鈴木 賢一,読売千葉広告社,https://wrestling-spirits.jp/www/wp-content/data/80/ichiran_domestic/AllJapan-GR.pdf
tenno-cup,グレコローマン,1994,48kg,嘉戸 洋,国士大助,https://wrestling-spirits.jp/www/wp-content/data/80/ichiran_domestic/AllJapan-GR.pdf
tenno-cup,グレコローマン,1994,52kg,中森 昭平,広島県教育事業団,https://wrestling-spirits.jp/www/wp-content/data/80/ichiran_domestic/AllJapan-GR.pdf
tenno-cup,グレコローマン,1994,57kg,西見 健吉,自衛隊,https://wrestling-spirits.jp/www/wp-content/data/80/ichiran_domestic/AllJapan-GR.pdf
tenno-cup,グレコローマン,1994,62kg,林 雄一,新潟県体協,https://wrestling-spirits.jp/www/wp-content/data/80/ichiran_domestic/AllJapan-GR.pdf
tenno-cup,グレコローマン,1994,74kg,片山 貴光,自衛隊,https://wrestling-spirits.jp/www/wp-content/data/80/ichiran_domestic/AllJapan-GR.pdf
tenno-cup,グレコローマン,1994,82kg,佐々木 秀幸,飯山中教,https://wrestling-spirits.jp/www/wp-content/data/80/ichiran_domestic/AllJapan-GR.pdf
tenno-cup,グレコローマン,1994,90kg,森山 泰年,自衛隊,https://wrestling-spirits.jp/www/wp-content/data/80/ichiran_domestic/AllJapan-GR.pdf
tenno-cup,グレコローマン,1994,100kg,野々村 孝,香川・多度津工高教,https://wrestling-spirits.jp/www/wp-content/data/80/ichiran_domestic/AllJapan-GR.pdf
tenno-cup,グレコローマン,1994,130kg,浜上 稔,福島・好間高教,https://wrestling-spirits.jp/www/wp-content/data/80/ichiran_domestic/AllJapan-GR.pdf
tenno-cup,グレコローマン,1993,48kg,佐々木 昌常,自衛隊,https://wrestling-spirits.jp/www/wp-content/data/80/ichiran_domestic/AllJapan-GR.pdf
tenno-cup,グレコローマン,1993,52kg,中森 昭平,広島県教育事業団,https://wrestling-spirits.jp/www/wp-content/data/80/ichiran_domestic/AllJapan-GR.pdf
tenno-cup,グレコローマン,1993,57kg,西見 健吉,自衛隊,https://wrestling-spirits.jp/www/wp-content/data/80/ichiran_domestic/AllJapan-GR.pdf
tenno-cup,グレコローマン,1993,62kg,栗本 秀樹,日泉化学,https://wrestling-spirits.jp/www/wp-content/data/80/ichiran_domestic/AllJapan-GR.pdf
tenno-cup,グレコローマン,1993,68kg,三宅 靖志,東海商船,https://wrestling-spirits.jp/www/wp-content/data/80/ichiran_domestic/AllJapan-GR.pdf
tenno-cup,グレコローマン,1993,74kg,片山 貴光,日体大,https://wrestling-spirits.jp/www/wp-content/data/80/ichiran_domestic/AllJapan-GR.pdf
tenno-cup,グレコローマン,1993,82kg,向井 孝博,ヤマサン,https://wrestling-spirits.jp/www/wp-content/data/80/ichiran_domestic/AllJapan-GR.pdf
tenno-cup,グレコローマン,1993,90kg,森山 泰年,自衛隊,https://wrestling-spirits.jp/www/wp-content/data/80/ichiran_domestic/AllJapan-GR.pdf
tenno-cup,グレコローマン,1993,100kg,野々村 孝,香川県スポーツ振興財団,https://wrestling-spirits.jp/www/wp-content/data/80/ichiran_domestic/AllJapan-GR.pdf
tenno-cup,グレコローマン,1993,130kg,鈴木 賢一,読売千葉広告社,https://wrestling-spirits.jp/www/wp-content/data/80/ichiran_domestic/AllJapan-GR.pdf
tenno-cup,グレコローマン,1992,48kg,大橋 正教,ユニマット,https://wrestling-spirits.jp/www/wp-content/data/80/ichiran_domestic/AllJapan-GR.pdf
tenno-cup,グレコローマン,1992,52kg,中森 昭平,警視庁,https://wrestling-spirits.jp/www/wp-content/data/80/ichiran_domestic/AllJapan-GR.pdf
tenno-cup,グレコローマン,1992,57kg,花原 大介,警視庁,https://wrestling-spirits.jp/www/wp-content/data/80/ichiran_domestic/AllJapan-GR.pdf
tenno-cup,グレコローマン,1992,62kg,西口 茂樹,日体大大学院,https://wrestling-spirits.jp/www/wp-content/data/80/ichiran_domestic/AllJapan-GR.pdf
tenno-cup,グレコローマン,1992,74kg,湯浅 邦茂,甲府養護学教,https://wrestling-spirits.jp/www/wp-content/data/80/ichiran_domestic/AllJapan-GR.pdf
tenno-cup,グレコローマン,1992,82kg,永田 裕志,日体大助手,https://wrestling-spirits.jp/www/wp-content/data/80/ichiran_domestic/AllJapan-GR.pdf
tenno-cup,グレコローマン,1992,90kg,森山 泰年,自衛隊,https://wrestling-spirits.jp/www/wp-content/data/80/ichiran_domestic/AllJapan-GR.pdf
tenno-cup,グレコローマン,1992,100kg,野々村 孝,香川県スポーツ振興財団,https://wrestling-spirits.jp/www/wp-content/data/80/ichiran_domestic/AllJapan-GR.pdf
tenno-cup,グレコローマン,1992,130kg,鈴木 賢一,読売千葉広告社,https://wrestling-spirits.jp/www/wp-content/data/80/ichiran_domestic/AllJapan-GR.pdf
tenno-cup,グレコローマン,1991,48kg,大橋 正教,ユニマット,https://wrestling-spirits.jp/www/wp-content/data/80/ichiran_domestic/AllJapan-GR.pdf
tenno-cup,グレコローマン,1991,52kg,西見 健吉,自衛隊,https://wrestling-spirits.jp/www/wp-content/data/80/ichiran_domestic/AllJapan-GR.pdf
tenno-cup,グレコローマン,1991,57kg,藤岡 道三,奈良県体協,https://wrestling-spirits.jp/www/wp-content/data/80/ichiran_domestic/AllJapan-GR.pdf
tenno-cup,グレコローマン,1991,62kg,西口 茂樹,日体大助,https://wrestling-spirits.jp/www/wp-content/data/80/ichiran_domestic/AllJapan-GR.pdf
tenno-cup,グレコローマン,1991,74kg,伊藤 広道,自衛隊,https://wrestling-spirits.jp/www/wp-content/data/80/ichiran_domestic/AllJapan-GR.pdf
tenno-cup,グレコローマン,1991,82kg,屋比久 保,沖縄・北中城高教,https://wrestling-spirits.jp/www/wp-content/data/80/ichiran_domestic/AllJapan-GR.pdf
tenno-cup,グレコローマン,1991,90kg,森山 泰年,自衛隊,https://wrestling-spirits.jp/www/wp-content/data/80/ichiran_domestic/AllJapan-GR.pdf
tenno-cup,グレコローマン,1991,100kg,近藤 務,自衛隊,https://wrestling-spirits.jp/www/wp-content/data/80/ichiran_domestic/AllJapan-GR.pdf
tenno-cup,グレコローマン,1991,130kg,奈良 英則,警視庁,https://wrestling-spirits.jp/www/wp-content/data/80/ichiran_domestic/AllJapan-GR.pdf
tenno-cup,グレコローマン,1990,48kg,蛯名 康一,自衛隊,https://wrestling-spirits.jp/www/wp-content/data/80/ichiran_domestic/AllJapan-GR.pdf
tenno-cup,グレコローマン,1990,52kg,中森 昭平,警視庁,https://wrestling-spirits.jp/www/wp-content/data/80/ichiran_domestic/AllJapan-GR.pdf
tenno-cup,グレコローマン,1990,57kg,藤岡 道三,日体大,https://wrestling-spirits.jp/www/wp-content/data/80/ichiran_domestic/AllJapan-GR.pdf
tenno-cup,グレコローマン,1990,62kg,西口 茂樹,日体大助,https://wrestling-spirits.jp/www/wp-content/data/80/ichiran_domestic/AllJapan-GR.pdf
tenno-cup,グレコローマン,1990,74kg,伊藤 広道,自衛隊,https://wrestling-spirits.jp/www/wp-content/data/80/ichiran_domestic/AllJapan-GR.pdf
tenno-cup,グレコローマン,1990,82kg,小林 希,群馬・中之条高教,https://wrestling-spirits.jp/www/wp-content/data/80/ichiran_domestic/AllJapan-GR.pdf
tenno-cup,グレコローマン,1990,90kg,森山 泰年,自衛隊,https://wrestling-spirits.jp/www/wp-content/data/80/ichiran_domestic/AllJapan-GR.pdf
tenno-cup,グレコローマン,1990,100kg,近藤 務,自衛隊,https://wrestling-spirits.jp/www/wp-content/data/80/ichiran_domestic/AllJapan-GR.pdf
tenno-cup,グレコローマン,1990,130kg,奈良 英則,警視庁,https://wrestling-spirits.jp/www/wp-content/data/80/ichiran_domestic/AllJapan-GR.pdf
tenno-cup,グレコローマン,1989,48kg,大橋 正教,山梨学院大職,https://wrestling-spirits.jp/www/wp-content/data/80/ichiran_domestic/AllJapan-GR.pdf
tenno-cup,グレコローマン,1989,52kg,中森 昭平,警視庁,https://wrestling-spirits.jp/www/wp-content/data/80/ichiran_domestic/AllJapan-GR.pdf
tenno-cup,グレコローマン,1989,57kg,藤岡 道三,日体大,https://wrestling-spirits.jp/www/wp-content/data/80/ichiran_domestic/AllJapan-GR.pdf
tenno-cup,グレコローマン,1989,62kg,西口 茂樹,日体大助,https://wrestling-spirits.jp/www/wp-content/data/80/ichiran_domestic/AllJapan-GR.pdf
tenno-cup,グレコローマン,1989,68kg,大久保 康裕,自衛隊,https://wrestling-spirits.jp/www/wp-content/data/80/ichiran_domestic/AllJapan-GR.pdf
tenno-cup,グレコローマン,1989,74kg,伊藤 広道,自衛隊,https://wrestling-spirits.jp/www/wp-content/data/80/ichiran_domestic/AllJapan-GR.pdf
tenno-cup,グレコローマン,1989,82kg,屋比久 保,沖縄・北中城高教,https://wrestling-spirits.jp/www/wp-content/data/80/ichiran_domestic/AllJapan-GR.pdf
tenno-cup,グレコローマン,1989,90kg,森山 泰年,自衛隊,https://wrestling-spirits.jp/www/wp-content/data/80/ichiran_domestic/AllJapan-GR.pdf
tenno-cup,グレコローマン,1989,100kg,近藤 務,自衛隊,https://wrestling-spirits.jp/www/wp-content/data/80/ichiran_domestic/AllJapan-GR.pdf
tenno-cup,グレコローマン,1989,130kg,出口 一也,和歌山県体育館,https://wrestling-spirits.jp/www/wp-content/data/80/ichiran_domestic/AllJapan-GR.pdf
tenno-cup,グレコローマン,1988,48kg,斉藤 育造,和歌山県教委,https://wrestling-spirits.jp/www/wp-content/data/80/ichiran_domestic/AllJapan-GR.pdf
tenno-cup,グレコローマン,1988,52kg,宮原 厚次,自衛隊,https://wrestling-spirits.jp/www/wp-content/data/80/ichiran_domestic/AllJapan-GR.pdf
tenno-cup,グレコローマン,1988,57kg,中留 俊司,京都・南八幡高教,https://wrestling-spirits.jp/www/wp-content/data/80/ichiran_domestic/AllJapan-GR.pdf
tenno-cup,グレコローマン,1988,62kg,西口 茂樹,日体大助,https://wrestling-spirits.jp/www/wp-content/data/80/ichiran_domestic/AllJapan-GR.pdf
tenno-cup,グレコローマン,1988,68kg,大久保 康裕,自衛隊,https://wrestling-spirits.jp/www/wp-content/data/80/ichiran_domestic/AllJapan-GR.pdf
tenno-cup,グレコローマン,1988,74kg,伊藤 広道,自衛隊,https://wrestling-spirits.jp/www/wp-content/data/80/ichiran_domestic/AllJapan-GR.pdf
tenno-cup,グレコローマン,1988,82kg,向井 孝博,自衛隊,https://wrestling-spirits.jp/www/wp-content/data/80/ichiran_domestic/AllJapan-GR.pdf
tenno-cup,グレコローマン,1988,90kg,森山 泰年,自衛隊,https://wrestling-spirits.jp/www/wp-content/data/80/ichiran_domestic/AllJapan-GR.pdf
tenno-cup,グレコローマン,1988,100kg,福辺 雅彦,奈良・御所工高教,https://wrestling-spirits.jp/www/wp-content/data/80/ichiran_domestic/AllJapan-GR.pdf
tenno-cup,グレコローマン,1988,130kg,出口 一也,国士大,https://wrestling-spirits.jp/www/wp-content/data/80/ichiran_domestic/AllJapan-GR.pdf
tenno-cup,グレコローマン,1987,48kg,斉藤 育造,和歌山県教委,https://wrestling-spirits.jp/www/wp-content/data/80/ichiran_domestic/AllJapan-GR.pdf
tenno-cup,グレコローマン,1987,52kg,宮原 厚次,自衛隊,https://wrestling-spirits.jp/www/wp-content/data/80/ichiran_domestic/AllJapan-GR.pdf
tenno-cup,グレコローマン,1987,57kg,河本 勲,自衛隊,https://wrestling-spirits.jp/www/wp-content/data/80/ichiran_domestic/AllJapan-GR.pdf
tenno-cup,グレコローマン,1987,62kg,西口 茂樹,日体大,https://wrestling-spirits.jp/www/wp-content/data/80/ichiran_domestic/AllJapan-GR.pdf
tenno-cup,グレコローマン,1987,74kg,伊藤 広道,自衛隊,https://wrestling-spirits.jp/www/wp-content/data/80/ichiran_domestic/AllJapan-GR.pdf
tenno-cup,グレコローマン,1987,82kg,向井 孝博,自衛隊,https://wrestling-spirits.jp/www/wp-content/data/80/ichiran_domestic/AllJapan-GR.pdf
tenno-cup,グレコローマン,1987,90kg,森山 泰年,自衛隊,https://wrestling-spirits.jp/www/wp-content/data/80/ichiran_domestic/AllJapan-GR.pdf
tenno-cup,グレコローマン,1987,100kg,近藤 務,自衛隊,https://wrestling-spirits.jp/www/wp-content/data/80/ichiran_domestic/AllJapan-GR.pdf
tenno-cup,グレコローマン,1987,130kg,出口 一也,国士大,https://wrestling-spirits.jp/www/wp-content/data/80/ichiran_domestic/AllJapan-GR.pdf
tenno-cup,グレコローマン,1986,48kg,斉藤 育造,和歌山県教委,https://wrestling-spirits.jp/www/wp-content/data/80/ichiran_domestic/AllJapan-GR.pdf
tenno-cup,グレコローマン,1986,52kg,宮原 厚次,自衛隊,https://wrestling-spirits.jp/www/wp-content/data/80/ichiran_domestic/AllJapan-GR.pdf
tenno-cup,グレコローマン,1986,57kg,中留 俊司,日体大,https://wrestling-spirits.jp/www/wp-content/data/80/ichiran_domestic/AllJapan-GR.pdf
tenno-cup,グレコローマン,1986,62kg,長内 清一,三八教育事務所,https://wrestling-spirits.jp/www/wp-content/data/80/ichiran_domestic/AllJapan-GR.pdf
tenno-cup,グレコローマン,1986,74kg,谷 一郎,徳島・徳島工高教,https://wrestling-spirits.jp/www/wp-content/data/80/ichiran_domestic/AllJapan-GR.pdf
tenno-cup,グレコローマン,1986,82kg,向井 孝博,自衛隊,https://wrestling-spirits.jp/www/wp-content/data/80/ichiran_domestic/AllJapan-GR.pdf
tenno-cup,グレコローマン,1986,90kg,森山 泰年,自衛隊,https://wrestling-spirits.jp/www/wp-content/data/80/ichiran_domestic/AllJapan-GR.pdf
tenno-cup,グレコローマン,1986,100kg,近藤 務,自衛隊,https://wrestling-spirits.jp/www/wp-content/data/80/ichiran_domestic/AllJapan-GR.pdf
tenno-cup,グレコローマン,1986,130kg,安藤 正哉,安藤コンクリート,https://wrestling-spirits.jp/www/wp-content/data/80/ichiran_domestic/AllJapan-GR.pdf
tenno-cup,グレコローマン,1985,48kg,斉藤 育造,和歌山県教委,https://wrestling-spirits.jp/www/wp-content/data/80/ichiran_domestic/AllJapan-GR.pdf
tenno-cup,グレコローマン,1985,52kg,宮原 厚次,自衛隊,https://wrestling-spirits.jp/www/wp-content/data/80/ichiran_domestic/AllJapan-GR.pdf
tenno-cup,グレコローマン,1985,57kg,三宅 正徳,岐阜・岐阜養護学教,https://wrestling-spirits.jp/www/wp-content/data/80/ichiran_domestic/AllJapan-GR.pdf
tenno-cup,グレコローマン,1985,62kg,芦野 茂美,日体大,https://wrestling-spirits.jp/www/wp-content/data/80/ichiran_domestic/AllJapan-GR.pdf
tenno-cup,グレコローマン,1985,68kg,作田 勝広,自衛隊,https://wrestling-spirits.jp/www/wp-content/data/80/ichiran_domestic/AllJapan-GR.pdf
tenno-cup,グレコローマン,1985,74kg,伊藤 広道,自衛隊,https://wrestling-spirits.jp/www/wp-content/data/80/ichiran_domestic/AllJapan-GR.pdf
tenno-cup,グレコローマン,1985,82kg,向井 孝博,自衛隊,https://wrestling-spirits.jp/www/wp-content/data/80/ichiran_domestic/AllJapan-GR.pdf
tenno-cup,グレコローマン,1985,90kg,森山 泰年,自衛隊,https://wrestling-spirits.jp/www/wp-content/data/80/ichiran_domestic/AllJapan-GR.pdf
tenno-cup,グレコローマン,1985,100kg,藤森 安一,警視庁,https://wrestling-spirits.jp/www/wp-content/data/80/ichiran_domestic/AllJapan-GR.pdf
tenno-cup,グレコローマン,1985,130kg,秋山 安成,自衛隊,https://wrestling-spirits.jp/www/wp-content/data/80/ichiran_domestic/AllJapan-GR.pdf
tenno-cup,グレコローマン,1984,48kg,斉藤 育造,和歌山県教委,https://wrestling-spirits.jp/www/wp-content/data/80/ichiran_domestic/AllJapan-GR.pdf
tenno-cup,グレコローマン,1984,52kg,宮原 厚次,自衛隊,https://wrestling-spirits.jp/www/wp-content/data/80/ichiran_domestic/AllJapan-GR.pdf
tenno-cup,グレコローマン,1984,57kg,江藤 正基,自衛隊,https://wrestling-spirits.jp/www/wp-content/data/80/ichiran_domestic/AllJapan-GR.pdf
tenno-cup,グレコローマン,1984,62kg,長内 清一,三八教育事務所,https://wrestling-spirits.jp/www/wp-content/data/80/ichiran_domestic/AllJapan-GR.pdf
tenno-cup,グレコローマン,1984,68kg,根本 誠次,茨城・藤代紫水高教,https://wrestling-spirits.jp/www/wp-content/data/80/ichiran_domestic/AllJapan-GR.pdf
tenno-cup,グレコローマン,1984,74kg,向井 孝博,自衛隊,https://wrestling-spirits.jp/www/wp-content/data/80/ichiran_domestic/AllJapan-GR.pdf
tenno-cup,グレコローマン,1984,82kg,森山 泰年,自衛隊,https://wrestling-spirits.jp/www/wp-content/data/80/ichiran_domestic/AllJapan-GR.pdf
tenno-cup,グレコローマン,1984,100kg,藤田 芳弘,和歌山・和歌山北高教,https://wrestling-spirits.jp/www/wp-content/data/80/ichiran_domestic/AllJapan-GR.pdf
tenno-cup,グレコローマン,1984,100kg以上,安藤 正哉,安藤コンクリート,https://wrestling-spirits.jp/www/wp-content/data/80/ichiran_domestic/AllJapan-GR.pdf
tenno-cup,グレコローマン,1983,48kg,佐々木 文和,島根・松江四中教,https://wrestling-spirits.jp/www/wp-content/data/80/ichiran_domestic/AllJapan-GR.pdf
tenno-cup,グレコローマン,1983,52kg,宮原 厚次,自衛隊,https://wrestling-spirits.jp/www/wp-content/data/80/ichiran_domestic/AllJapan-GR.pdf
tenno-cup,グレコローマン,1983,57kg,江藤 正基,自衛隊,https://wrestling-spirits.jp/www/wp-content/data/80/ichiran_domestic/AllJapan-GR.pdf
tenno-cup,グレコローマン,1983,62kg,大久保 康裕,自衛隊,https://wrestling-spirits.jp/www/wp-content/data/80/ichiran_domestic/AllJapan-GR.pdf
tenno-cup,グレコローマン,1983,68kg,山口 勝之,和歌山県教育庁,https://wrestling-spirits.jp/www/wp-content/data/80/ichiran_domestic/AllJapan-GR.pdf
tenno-cup,グレコローマン,1983,74kg,向井 孝博,自衛隊,https://wrestling-spirits.jp/www/wp-content/data/80/ichiran_domestic/AllJapan-GR.pdf
tenno-cup,グレコローマン,1983,82kg,森山 泰年,自衛隊,https://wrestling-spirits.jp/www/wp-content/data/80/ichiran_domestic/AllJapan-GR.pdf
tenno-cup,グレコローマン,1983,90kg,今村 民夫,自衛隊,https://wrestling-spirits.jp/www/wp-content/data/80/ichiran_domestic/AllJapan-GR.pdf
tenno-cup,グレコローマン,1983,100kg,藤田 芳弘,和歌山・和歌山北高教,https://wrestling-spirits.jp/www/wp-content/data/80/ichiran_domestic/AllJapan-GR.pdf
tenno-cup,グレコローマン,1983,100kg以上,松永 清志,和歌山教委,https://wrestling-spirits.jp/www/wp-content/data/80/ichiran_domestic/AllJapan-GR.pdf
tenno-cup,グレコローマン,1982,48kg,斉藤 育造,専大,https://wrestling-spirits.jp/www/wp-content/data/80/ichiran_domestic/AllJapan-GR.pdf
tenno-cup,グレコローマン,1982,52kg,宮原 厚次,自衛隊,https://wrestling-spirits.jp/www/wp-content/data/80/ichiran_domestic/AllJapan-GR.pdf
tenno-cup,グレコローマン,1982,57kg,柏木 究,国士大助,https://wrestling-spirits.jp/www/wp-content/data/80/ichiran_domestic/AllJapan-GR.pdf
tenno-cup,グレコローマン,1982,62kg,長内 清一,三八教育事務所,https://wrestling-spirits.jp/www/wp-content/data/80/ichiran_domestic/AllJapan-GR.pdf
tenno-cup,グレコローマン,1982,68kg,南 敏文,滋賀県体教,https://wrestling-spirits.jp/www/wp-content/data/80/ichiran_domestic/AllJapan-GR.pdf
tenno-cup,グレコローマン,1982,74kg,向井 孝博,自衛隊,https://wrestling-spirits.jp/www/wp-content/data/80/ichiran_domestic/AllJapan-GR.pdf
tenno-cup,グレコローマン,1982,82kg,森山 泰年,自衛隊,https://wrestling-spirits.jp/www/wp-content/data/80/ichiran_domestic/AllJapan-GR.pdf
tenno-cup,グレコローマン,1982,90kg,保坂 竹道,北日本通商,https://wrestling-spirits.jp/www/wp-content/data/80/ichiran_domestic/AllJapan-GR.pdf
tenno-cup,グレコローマン,1982,100kg,藤田 芳弘,和歌山・和歌山北高教,https://wrestling-spirits.jp/www/wp-content/data/80/ichiran_domestic/AllJapan-GR.pdf
tenno-cup,グレコローマン,1982,100kg以上,三宅 勝,専大,https://wrestling-spirits.jp/www/wp-content/data/80/ichiran_domestic/AllJapan-GR.pdf
tenno-cup,グレコローマン,1981,48kg,佐々木 文和,島根県協会,https://wrestling-spirits.jp/www/wp-content/data/80/ichiran_domestic/AllJapan-GR.pdf
tenno-cup,グレコローマン,1981,52kg,宮原 厚次,自衛隊,https://wrestling-spirits.jp/www/wp-content/data/80/ichiran_domestic/AllJapan-GR.pdf
tenno-cup,グレコローマン,1981,57kg,阿佐 雄二,自衛隊,https://wrestling-spirits.jp/www/wp-content/data/80/ichiran_domestic/AllJapan-GR.pdf
tenno-cup,グレコローマン,1981,62kg,長内 清一,三八教育事務所,https://wrestling-spirits.jp/www/wp-content/data/80/ichiran_domestic/AllJapan-GR.pdf
tenno-cup,グレコローマン,1981,68kg,南 敏文,滋賀県体教,https://wrestling-spirits.jp/www/wp-content/data/80/ichiran_domestic/AllJapan-GR.pdf
tenno-cup,グレコローマン,1981,74kg,谷 一郎,日体大,https://wrestling-spirits.jp/www/wp-content/data/80/ichiran_domestic/AllJapan-GR.pdf
tenno-cup,グレコローマン,1981,82kg,伊沢 厚,警視庁,https://wrestling-spirits.jp/www/wp-content/data/80/ichiran_domestic/AllJapan-GR.pdf
tenno-cup,グレコローマン,1981,90kg,今村 民夫,自衛隊,https://wrestling-spirits.jp/www/wp-content/data/80/ichiran_domestic/AllJapan-GR.pdf
tenno-cup,グレコローマン,1981,100kg,藤田 芳弘,和歌山・和歌山北高教,https://wrestling-spirits.jp/www/wp-content/data/80/ichiran_domestic/AllJapan-GR.pdf
tenno-cup,グレコローマン,1981,100kg以上,竹中 徹,中大,https://wrestling-spirits.jp/www/wp-content/data/80/ichiran_domestic/AllJapan-GR.pdf
tenno-cup,グレコローマン,1980,48kg,佐々木 文和,日体大,https://wrestling-spirits.jp/www/wp-content/data/80/ichiran_domestic/AllJapan-GR.pdf
tenno-cup,グレコローマン,1980,52kg,朝倉 利夫,国士大助,https://wrestling-spirits.jp/www/wp-content/data/80/ichiran_domestic/AllJapan-GR.pdf
tenno-cup,グレコローマン,1980,57kg,柏木 究,国士大助,https://wrestling-spirits.jp/www/wp-content/data/80/ichiran_domestic/AllJapan-GR.pdf
tenno-cup,グレコローマン,1980,62kg,長内 清一,三八教育事務所,https://wrestling-spirits.jp/www/wp-content/data/80/ichiran_domestic/AllJapan-GR.pdf
tenno-cup,グレコローマン,1980,68kg,南 敏文,滋賀県体教,https://wrestling-spirits.jp/www/wp-content/data/80/ichiran_domestic/AllJapan-GR.pdf
tenno-cup,グレコローマン,1980,74kg,野口 次男,自衛隊,https://wrestling-spirits.jp/www/wp-content/data/80/ichiran_domestic/AllJapan-GR.pdf
tenno-cup,グレコローマン,1980,82kg,高西 一宏,徳島・徳島中央高教,https://wrestling-spirits.jp/www/wp-content/data/80/ichiran_domestic/AllJapan-GR.pdf
tenno-cup,グレコローマン,1980,90kg,今村 民夫,自衛隊,https://wrestling-spirits.jp/www/wp-content/data/80/ichiran_domestic/AllJapan-GR.pdf
tenno-cup,グレコローマン,1980,100kg,藤森 安一,警視庁,https://wrestling-spirits.jp/www/wp-content/data/80/ichiran_domestic/AllJapan-GR.pdf
tenno-cup,グレコローマン,1980,100kg以上,宮内 輝和,日大,https://wrestling-spirits.jp/www/wp-content/data/80/ichiran_domestic/AllJapan-GR.pdf
tenno-cup,グレコローマン,1979,48kg,宮原 厚次,自衛隊,https://wrestling-spirits.jp/www/wp-content/data/80/ichiran_domestic/AllJapan-GR.pdf
tenno-cup,グレコローマン,1979,52kg,朝倉 利夫,国士大助,https://wrestling-spirits.jp/www/wp-content/data/80/ichiran_domestic/AllJapan-GR.pdf
tenno-cup,グレコローマン,1979,57kg,柏木 究,国士大助,https://wrestling-spirits.jp/www/wp-content/data/80/ichiran_domestic/AllJapan-GR.pdf
tenno-cup,グレコローマン,1979,62kg,藤田 隆康,日体大OB,https://wrestling-spirits.jp/www/wp-content/data/80/ichiran_domestic/AllJapan-GR.pdf
tenno-cup,グレコローマン,1979,68kg,南 敏文,滋賀県体教,https://wrestling-spirits.jp/www/wp-content/data/80/ichiran_domestic/AllJapan-GR.pdf
tenno-cup,グレコローマン,1979,74kg,野口 次男,自衛隊,https://wrestling-spirits.jp/www/wp-content/data/80/ichiran_domestic/AllJapan-GR.pdf
tenno-cup,グレコローマン,1979,82kg,伊沢 厚,警視庁,https://wrestling-spirits.jp/www/wp-content/data/80/ichiran_domestic/AllJapan-GR.pdf
tenno-cup,グレコローマン,1979,90kg,藤田 芳弘,和歌山・和歌山北高教,https://wrestling-spirits.jp/www/wp-content/data/80/ichiran_domestic/AllJapan-GR.pdf
tenno-cup,グレコローマン,1979,100kg,藤森 安一,警視庁,https://wrestling-spirits.jp/www/wp-content/data/80/ichiran_domestic/AllJapan-GR.pdf
tenno-cup,グレコローマン,1979,100kg以上,松永 清志,和歌山武道館,https://wrestling-spirits.jp/www/wp-content/data/80/ichiran_domestic/AllJapan-GR.pdf
tenno-cup,グレコローマン,1978,48kg,森脇 由晃,和歌山県教委,https://wrestling-spirits.jp/www/wp-content/data/80/ichiran_domestic/AllJapan-GR.pdf
tenno-cup,グレコローマン,1978,52kg,円 大海,自衛隊,https://wrestling-spirits.jp/www/wp-content/data/80/ichiran_domestic/AllJapan-GR.pdf
tenno-cup,グレコローマン,1978,57kg,阿佐 雄二,自衛隊,https://wrestling-spirits.jp/www/wp-content/data/80/ichiran_domestic/AllJapan-GR.pdf
tenno-cup,グレコローマン,1978,62kg,田上 高,伊佐農林高教,https://wrestling-spirits.jp/www/wp-content/data/80/ichiran_domestic/AllJapan-GR.pdf
tenno-cup,グレコローマン,1978,68kg,南 敏文,日体大,https://wrestling-spirits.jp/www/wp-content/data/80/ichiran_domestic/AllJapan-GR.pdf
tenno-cup,グレコローマン,1978,74kg,野口 次男,自衛隊,https://wrestling-spirits.jp/www/wp-content/data/80/ichiran_domestic/AllJapan-GR.pdf
tenno-cup,グレコローマン,1978,82kg,伊沢 厚,警視庁,https://wrestling-spirits.jp/www/wp-content/data/80/ichiran_domestic/AllJapan-GR.pdf
tenno-cup,グレコローマン,1978,90kg,藤田 芳弘,和歌山・和歌山北高教,https://wrestling-spirits.jp/www/wp-content/data/80/ichiran_domestic/AllJapan-GR.pdf
tenno-cup,グレコローマン,1978,100kg,藤森 安一,警視庁,https://wrestling-spirits.jp/www/wp-content/data/80/ichiran_domestic/AllJapan-GR.pdf
tenno-cup,グレコローマン,1978,100kg以上,松永 清志,和歌山武道館,https://wrestling-spirits.jp/www/wp-content/data/80/ichiran_domestic/AllJapan-GR.pdf
tenno-cup,グレコローマン,1977,48kg,森脇 由晃,和歌山県教委,https://wrestling-spirits.jp/www/wp-content/data/80/ichiran_domestic/AllJapan-GR.pdf
tenno-cup,グレコローマン,1977,52kg,宇野 勝彦,三重・桑名工高教,https://wrestling-spirits.jp/www/wp-content/data/80/ichiran_domestic/AllJapan-GR.pdf
tenno-cup,グレコローマン,1977,57kg,長内 清一,青森・八戸商高教,https://wrestling-spirits.jp/www/wp-content/data/80/ichiran_domestic/AllJapan-GR.pdf
tenno-cup,グレコローマン,1977,62kg,西依 道雄,日体大,https://wrestling-spirits.jp/www/wp-content/data/80/ichiran_domestic/AllJapan-GR.pdf
tenno-cup,グレコローマン,1977,68kg,南 敏文,日体大,https://wrestling-spirits.jp/www/wp-content/data/80/ichiran_domestic/AllJapan-GR.pdf
tenno-cup,グレコローマン,1977,74kg,鈴木 寛,法大,https://wrestling-spirits.jp/www/wp-content/data/80/ichiran_domestic/AllJapan-GR.pdf
tenno-cup,グレコローマン,1977,82kg,長谷川 正治,近藤建設,https://wrestling-spirits.jp/www/wp-content/data/80/ichiran_domestic/AllJapan-GR.pdf
tenno-cup,グレコローマン,1977,90kg,藤田 芳弘,和歌山・和歌山北高教,https://wrestling-spirits.jp/www/wp-content/data/80/ichiran_domestic/AllJapan-GR.pdf
tenno-cup,グレコローマン,1977,100kg,吉田 幸雄,八戸体育館,https://wrestling-spirits.jp/www/wp-content/data/80/ichiran_domestic/AllJapan-GR.pdf
tenno-cup,グレコローマン,1977,100kg以上,松永 清志,日体大,https://wrestling-spirits.jp/www/wp-content/data/80/ichiran_domestic/AllJapan-GR.pdf
tenno-cup,グレコローマン,1976,48kg,森脇 由晃,日体大,https://wrestling-spirits.jp/www/wp-content/data/80/ichiran_domestic/AllJapan-GR.pdf
tenno-cup,グレコローマン,1976,52kg,平山 紘一郎,自衛隊,https://wrestling-spirits.jp/www/wp-content/data/80/ichiran_domestic/AllJapan-GR.pdf
tenno-cup,グレコローマン,1976,57kg,菅 芳松,自衛隊,https://wrestling-spirits.jp/www/wp-content/data/80/ichiran_domestic/AllJapan-GR.pdf
tenno-cup,グレコローマン,1976,62kg,宮原 照彦,長崎・鹿町工高教,https://wrestling-spirits.jp/www/wp-content/data/80/ichiran_domestic/AllJapan-GR.pdf
tenno-cup,グレコローマン,1976,68kg,伊藤 公洋,佐賀県職,https://wrestling-spirits.jp/www/wp-content/data/80/ichiran_domestic/AllJapan-GR.pdf
tenno-cup,グレコローマン,1976,74kg,長友 寧雄,警視庁,https://wrestling-spirits.jp/www/wp-content/data/80/ichiran_domestic/AllJapan-GR.pdf
tenno-cup,グレコローマン,1976,82kg,高西 一宏,国士大職,https://wrestling-spirits.jp/www/wp-content/data/80/ichiran_domestic/AllJapan-GR.pdf
tenno-cup,グレコローマン,1976,90kg,佐藤 貞雄,徳山大職,https://wrestling-spirits.jp/www/wp-content/data/80/ichiran_domestic/AllJapan-GR.pdf
tenno-cup,グレコローマン,1976,100kg,秋山 安成,自衛隊,https://wrestling-spirits.jp/www/wp-content/data/80/ichiran_domestic/AllJapan-GR.pdf
tenno-cup,グレコローマン,1976,100kg以上,松永 清志,日体大,https://wrestling-spirits.jp/www/wp-content/data/80/ichiran_domestic/AllJapan-GR.pdf
tenno-cup,グレコローマン,1975,48kg,石田 和春,小玉合名,https://wrestling-spirits.jp/www/wp-content/data/80/ichiran_domestic/AllJapan-GR.pdf
tenno-cup,グレコローマン,1975,52kg,平山 紘一郎,自衛隊,https://wrestling-spirits.jp/www/wp-content/data/80/ichiran_domestic/AllJapan-GR.pdf
tenno-cup,グレコローマン,1975,57kg,長内 清一,青森・八戸商高教,https://wrestling-spirits.jp/www/wp-content/data/80/ichiran_domestic/AllJapan-GR.pdf
tenno-cup,グレコローマン,1975,62kg,宮原 照彦,佐賀・鹿島実高教,https://wrestling-spirits.jp/www/wp-content/data/80/ichiran_domestic/AllJapan-GR.pdf
tenno-cup,グレコローマン,1975,68kg,小林 武,自衛隊,https://wrestling-spirits.jp/www/wp-content/data/80/ichiran_domestic/AllJapan-GR.pdf
tenno-cup,グレコローマン,1975,74kg,長友 寧雄,警視庁,https://wrestling-spirits.jp/www/wp-content/data/80/ichiran_domestic/AllJapan-GR.pdf
tenno-cup,グレコローマン,1975,82kg,伊沢 厚,警視庁,https://wrestling-spirits.jp/www/wp-content/data/80/ichiran_domestic/AllJapan-GR.pdf
tenno-cup,グレコローマン,1975,90kg,藤森 安一,日体大,https://wrestling-spirits.jp/www/wp-content/data/80/ichiran_domestic/AllJapan-GR.pdf
tenno-cup,グレコローマン,1975,100kg,秋山 安成,自衛隊,https://wrestling-spirits.jp/www/wp-content/data/80/ichiran_domestic/AllJapan-GR.pdf
tenno-cup,グレコローマン,1975,100kg以上,松永 清志,日体大,https://wrestling-spirits.jp/www/wp-content/data/80/ichiran_domestic/AllJapan-GR.pdf
tenno-cup,グレコローマン,1974,48kg,石田 和春,小玉合名,https://wrestling-spirits.jp/www/wp-content/data/80/ichiran_domestic/AllJapan-GR.pdf
tenno-cup,グレコローマン,1974,52kg,平山 紘一郎,自衛隊,https://wrestling-spirits.jp/www/wp-content/data/80/ichiran_domestic/AllJapan-GR.pdf
tenno-cup,グレコローマン,1974,57kg,桜間 洋二,自衛隊,https://wrestling-spirits.jp/www/wp-content/data/80/ichiran_domestic/AllJapan-GR.pdf
tenno-cup,グレコローマン,1974,62kg,宮原 照彦,佐賀・鹿島実高教,https://wrestling-spirits.jp/www/wp-content/data/80/ichiran_domestic/AllJapan-GR.pdf
tenno-cup,グレコローマン,1974,68kg,小林 武,自衛隊,https://wrestling-spirits.jp/www/wp-content/data/80/ichiran_domestic/AllJapan-GR.pdf
tenno-cup,グレコローマン,1974,74kg,長友 寧雄,警視庁,https://wrestling-spirits.jp/www/wp-content/data/80/ichiran_domestic/AllJapan-GR.pdf
tenno-cup,グレコローマン,1974,82kg,佐藤 貞雄,大東大,https://wrestling-spirits.jp/www/wp-content/data/80/ichiran_domestic/AllJapan-GR.pdf
tenno-cup,グレコローマン,1974,90kg,藤田 芳弘,国士大,https://wrestling-spirits.jp/www/wp-content/data/80/ichiran_domestic/AllJapan-GR.pdf
tenno-cup,グレコローマン,1974,100kg,谷 公市,和歌山・古座高教,https://wrestling-spirits.jp/www/wp-content/data/80/ichiran_domestic/AllJapan-GR.pdf
tenno-cup,グレコローマン,1974,100kg以上,矢田 静雄,粉河高教,https://wrestling-spirits.jp/www/wp-content/data/80/ichiran_domestic/AllJapan-GR.pdf
tenno-cup,グレコローマン,1973,48kg,今野 隆三,丸紅,https://wrestling-spirits.jp/www/wp-content/data/80/ichiran_domestic/AllJapan-GR.pdf
tenno-cup,グレコローマン,1973,52kg,平山 紘一郎,自衛隊,https://wrestling-spirits.jp/www/wp-content/data/80/ichiran_domestic/AllJapan-GR.pdf
tenno-cup,グレコローマン,1973,57kg,桜間 洋二,自衛隊,https://wrestling-spirits.jp/www/wp-content/data/80/ichiran_domestic/AllJapan-GR.pdf
tenno-cup,グレコローマン,1973,62kg,平井 一十司,自衛隊,https://wrestling-spirits.jp/www/wp-content/data/80/ichiran_domestic/AllJapan-GR.pdf
tenno-cup,グレコローマン,1973,68kg,上東 正,日体大,https://wrestling-spirits.jp/www/wp-content/data/80/ichiran_domestic/AllJapan-GR.pdf
tenno-cup,グレコローマン,1973,74kg,伊沢 厚,法大,https://wrestling-spirits.jp/www/wp-content/data/80/ichiran_domestic/AllJapan-GR.pdf
tenno-cup,グレコローマン,1973,82kg,茂木 優,国士大,https://wrestling-spirits.jp/www/wp-content/data/80/ichiran_domestic/AllJapan-GR.pdf
tenno-cup,グレコローマン,1973,90kg,藤田 芳弘,国士大,https://wrestling-spirits.jp/www/wp-content/data/80/ichiran_domestic/AllJapan-GR.pdf
tenno-cup,グレコローマン,1973,100kg,吉田 光雄,専大,https://wrestling-spirits.jp/www/wp-content/data/80/ichiran_domestic/AllJapan-GR.pdf
tenno-cup,グレコローマン,1972,48kg,石田 和春,小玉合名,https://wrestling-spirits.jp/www/wp-content/data/80/ichiran_domestic/AllJapan-GR.pdf
tenno-cup,グレコローマン,1972,52kg,杉山 三郎,三重・松阪工高教,https://wrestling-spirits.jp/www/wp-content/data/80/ichiran_domestic/AllJapan-GR.pdf
tenno-cup,グレコローマン,1972,57kg,山本 郁栄,日体大教,https://wrestling-spirits.jp/www/wp-content/data/80/ichiran_domestic/AllJapan-GR.pdf
tenno-cup,グレコローマン,1972,62kg,藤本 英男,日体大教,https://wrestling-spirits.jp/www/wp-content/data/80/ichiran_domestic/AllJapan-GR.pdf
tenno-cup,グレコローマン,1972,68kg,田上 高,甲南高教,https://wrestling-spirits.jp/www/wp-content/data/80/ichiran_domestic/AllJapan-GR.pdf
tenno-cup,グレコローマン,1972,74kg,伊達 治一郎,国士大,https://wrestling-spirits.jp/www/wp-content/data/80/ichiran_domestic/AllJapan-GR.pdf
tenno-cup,グレコローマン,1972,82kg,開 健二郎,自衛隊,https://wrestling-spirits.jp/www/wp-content/data/80/ichiran_domestic/AllJapan-GR.pdf
tenno-cup,グレコローマン,1972,90kg,佐藤 貞雄,大東大,https://wrestling-spirits.jp/www/wp-content/data/80/ichiran_domestic/AllJapan-GR.pdf
tenno-cup,グレコローマン,1972,100kg以上,鶴田 友美,中大,https://wrestling-spirits.jp/www/wp-content/data/80/ichiran_domestic/AllJapan-GR.pdf
tenno-cup,グレコローマン,1971,48kg,松田 敏夫,和歌山・和歌山北高教,https://wrestling-spirits.jp/www/wp-content/data/80/ichiran_domestic/AllJapan-GR.pdf
tenno-cup,グレコローマン,1971,52kg,平山 紘一郎,自衛隊,https://wrestling-spirits.jp/www/wp-content/data/80/ichiran_domestic/AllJapan-GR.pdf
tenno-cup,グレコローマン,1971,57kg,七尾 秀樹,自衛隊,https://wrestling-spirits.jp/www/wp-content/data/80/ichiran_domestic/AllJapan-GR.pdf
tenno-cup,グレコローマン,1971,62kg,藤本 英男,日体大教,https://wrestling-spirits.jp/www/wp-content/data/80/ichiran_domestic/AllJapan-GR.pdf
tenno-cup,グレコローマン,1971,68kg,田上 高,鹿児島・甲南高教,https://wrestling-spirits.jp/www/wp-content/data/80/ichiran_domestic/AllJapan-GR.pdf
tenno-cup,グレコローマン,1971,74kg,岡 唯勝,徳島・池田高教,https://wrestling-spirits.jp/www/wp-content/data/80/ichiran_domestic/AllJapan-GR.pdf
tenno-cup,グレコローマン,1971,82kg,茂木 優,国士大,https://wrestling-spirits.jp/www/wp-content/data/80/ichiran_domestic/AllJapan-GR.pdf
tenno-cup,グレコローマン,1971,90kg,谷 公市,和歌山県教育庁,https://wrestling-spirits.jp/www/wp-content/data/80/ichiran_domestic/AllJapan-GR.pdf
tenno-cup,グレコローマン,1971,100kg,矢田 静雄,和歌山・粉河高教,https://wrestling-spirits.jp/www/wp-content/data/80/ichiran_domestic/AllJapan-GR.pdf
tenno-cup,グレコローマン,1971,100kg以上,鶴田 友美,中大,https://wrestling-spirits.jp/www/wp-content/data/80/ichiran_domestic/AllJapan-GR.pdf
tenno-cup,グレコローマン,1970,48kg,松田 敏夫,日体大,https://wrestling-spirits.jp/www/wp-content/data/80/ichiran_domestic/AllJapan-GR.pdf
tenno-cup,グレコローマン,1970,52kg,杉山 三郎,三重・松阪工高教,https://wrestling-spirits.jp/www/wp-content/data/80/ichiran_domestic/AllJapan-GR.pdf
tenno-cup,グレコローマン,1970,57kg,山本 郁栄,日体大OB,https://wrestling-spirits.jp/www/wp-content/data/80/ichiran_domestic/AllJapan-GR.pdf
tenno-cup,グレコローマン,1970,62kg,藤本 英男,日体大教,https://wrestling-spirits.jp/www/wp-content/data/80/ichiran_domestic/AllJapan-GR.pdf
tenno-cup,グレコローマン,1970,68kg,田上 高,鹿児島県庁,https://wrestling-spirits.jp/www/wp-content/data/80/ichiran_domestic/AllJapan-GR.pdf
tenno-cup,グレコローマン,1970,74kg,永野 要祐,国士大,https://wrestling-spirits.jp/www/wp-content/data/80/ichiran_domestic/AllJapan-GR.pdf
tenno-cup,グレコローマン,1970,82kg,茂木 優,国士大,https://wrestling-spirits.jp/www/wp-content/data/80/ichiran_domestic/AllJapan-GR.pdf
tenno-cup,グレコローマン,1970,90kg,谷 公市,国士大,https://wrestling-spirits.jp/www/wp-content/data/80/ichiran_domestic/AllJapan-GR.pdf
tenno-cup,グレコローマン,1970,100kg,矢田 静雄,和歌山・粉河高教,https://wrestling-spirits.jp/www/wp-content/data/80/ichiran_domestic/AllJapan-GR.pdf
tenno-cup,グレコローマン,1969,48kg,石田 和春,小玉合名,https://wrestling-spirits.jp/www/wp-content/data/80/ichiran_domestic/AllJapan-GR.pdf
tenno-cup,グレコローマン,1969,52kg,杉山 三郎,三重・松阪工高教,https://wrestling-spirits.jp/www/wp-content/data/80/ichiran_domestic/AllJapan-GR.pdf
tenno-cup,グレコローマン,1969,57kg,山本 郁栄,日体大,https://wrestling-spirits.jp/www/wp-content/data/80/ichiran_domestic/AllJapan-GR.pdf
tenno-cup,グレコローマン,1969,62kg,藤浦 義高,プール学院教,https://wrestling-spirits.jp/www/wp-content/data/80/ichiran_domestic/AllJapan-GR.pdf
tenno-cup,グレコローマン,1969,68kg,田上 高,日体大,https://wrestling-spirits.jp/www/wp-content/data/80/ichiran_domestic/AllJapan-GR.pdf
tenno-cup,グレコローマン,1969,74kg,永野 要祐,国士大,https://wrestling-spirits.jp/www/wp-content/data/80/ichiran_domestic/AllJapan-GR.pdf
tenno-cup,グレコローマン,1969,82kg,開 健二郎,自衛隊,https://wrestling-spirits.jp/www/wp-content/data/80/ichiran_domestic/AllJapan-GR.pdf
tenno-cup,グレコローマン,1969,90kg,谷 公市,国士大,https://wrestling-spirits.jp/www/wp-content/data/80/ichiran_domestic/AllJapan-GR.pdf
tenno-cup,グレコローマン,1969,100kg,山口 勇雄,自衛隊,https://wrestling-spirits.jp/www/wp-content/data/80/ichiran_domestic/AllJapan-GR.pdf
tenno-cup,グレコローマン,1969,100kg以上,矢田 静雄,日体大,https://wrestling-spirits.jp/www/wp-content/data/80/ichiran_domestic/AllJapan-GR.pdf
tenno-cup,グレコローマン,1968,ウエルター級,岡 唯勝,国士大教,https://wrestling-spirits.jp/www/wp-content/data/80/ichiran_domestic/AllJapan-GR.pdf
tenno-cup,グレコローマン,1968,バンタム級,七尾 秀樹,国士大,https://wrestling-spirits.jp/www/wp-content/data/80/ichiran_domestic/AllJapan-GR.pdf
tenno-cup,グレコローマン,1968,フェザー級,藤本 英男,日体大教,https://wrestling-spirits.jp/www/wp-content/data/80/ichiran_domestic/AllJapan-GR.pdf
tenno-cup,グレコローマン,1968,フライ級,平山 紘一郎,自衛隊,https://wrestling-spirits.jp/www/wp-content/data/80/ichiran_domestic/AllJapan-GR.pdf
tenno-cup,グレコローマン,1968,ミドル級,谷 公市,国士大,https://wrestling-spirits.jp/www/wp-content/data/80/ichiran_domestic/AllJapan-GR.pdf
tenno-cup,グレコローマン,1968,ライトヘビー級,矢田 静雄,日体大,https://wrestling-spirits.jp/www/wp-content/data/80/ichiran_domestic/AllJapan-GR.pdf
tenno-cup,グレコローマン,1968,ライト級,荒木 祐治,日体大,https://wrestling-spirits.jp/www/wp-content/data/80/ichiran_domestic/AllJapan-GR.pdf
tenno-cup,グレコローマン,1967,ウエルター級,イグメノフ,ソ連,https://wrestling-spirits.jp/www/wp-content/data/80/ichiran_domestic/AllJapan-GR.pdf
tenno-cup,グレコローマン,1967,バンタム級,カザコフ,ソ蓮,https://wrestling-spirits.jp/www/wp-content/data/80/ichiran_domestic/AllJapan-GR.pdf
tenno-cup,グレコローマン,1967,フェザー級,藤本 英男,日体大教,https://wrestling-spirits.jp/www/wp-content/data/80/ichiran_domestic/AllJapan-GR.pdf
tenno-cup,グレコローマン,1967,フライ級,杉山 三郎,日体大,https://wrestling-spirits.jp/www/wp-content/data/80/ichiran_domestic/AllJapan-GR.pdf
tenno-cup,グレコローマン,1967,ヘビー級,矢田 静雄,日体大,https://wrestling-spirits.jp/www/wp-content/data/80/ichiran_domestic/AllJapan-GR.pdf
tenno-cup,グレコローマン,1967,ミドル級,ブリアーゼ,ソ連,https://wrestling-spirits.jp/www/wp-content/data/80/ichiran_domestic/AllJapan-GR.pdf
tenno-cup,グレコローマン,1967,ライトヘビー級,ヤコベンコ,ソ連,https://wrestling-spirits.jp/www/wp-content/data/80/ichiran_domestic/AllJapan-GR.pdf
tenno-cup,グレコローマン,1967,ライト級,宗村 宗二,明大,https://wrestling-spirits.jp/www/wp-content/data/80/ichiran_domestic/AllJapan-GR.pdf
tenno-cup,グレコローマン,1966,ウエルター級,藤井 照雄,明大,https://wrestling-spirits.jp/www/wp-content/data/80/ichiran_domestic/AllJapan-GR.pdf
tenno-cup,グレコローマン,1966,バンタム級,服部 正男,明大,https://wrestling-spirits.jp/www/wp-content/data/80/ichiran_domestic/AllJapan-GR.pdf
tenno-cup,グレコローマン,1966,フェザー級,岩室 好純,明大OB,https://wrestling-spirits.jp/www/wp-content/data/80/ichiran_domestic/AllJapan-GR.pdf
tenno-cup,グレコローマン,1966,フライ級,月岡 金四郎,藤本企業,https://wrestling-spirits.jp/www/wp-content/data/80/ichiran_domestic/AllJapan-GR.pdf
tenno-cup,グレコローマン,1966,ミドル級,開 健二郎,自衛隊,https://wrestling-spirits.jp/www/wp-content/data/80/ichiran_domestic/AllJapan-GR.pdf
tenno-cup,グレコローマン,1966,ライトヘビー級,服部 勤,日体大,https://wrestling-spirits.jp/www/wp-content/data/80/ichiran_domestic/AllJapan-GR.pdf
tenno-cup,グレコローマン,1966,ライト級,宗村 宗二,明大,https://wrestling-spirits.jp/www/wp-content/data/80/ichiran_domestic/AllJapan-GR.pdf
tenno-cup,グレコローマン,1965,ウエルター級,田代 俊郎,中大OB,https://wrestling-spirits.jp/www/wp-content/data/80/ichiran_domestic/AllJapan-GR.pdf
tenno-cup,グレコローマン,1965,バンタム級,花原 勉,日体大OB,https://wrestling-spirits.jp/www/wp-content/data/80/ichiran_domestic/AllJapan-GR.pdf
tenno-cup,グレコローマン,1965,フェザー級,間庭 秀夫,日体大OB,https://wrestling-spirits.jp/www/wp-content/data/80/ichiran_domestic/AllJapan-GR.pdf
tenno-cup,グレコローマン,1965,フライ級,加藤 融,日体大,https://wrestling-spirits.jp/www/wp-content/data/80/ichiran_domestic/AllJapan-GR.pdf
tenno-cup,グレコローマン,1965,ミドル級,開 健二郎,自衛隊,https://wrestling-spirits.jp/www/wp-content/data/80/ichiran_domestic/AllJapan-GR.pdf
tenno-cup,グレコローマン,1965,ライトヘビー級,服部 勤,日体大,https://wrestling-spirits.jp/www/wp-content/data/80/ichiran_domestic/AllJapan-GR.pdf
tenno-cup,グレコローマン,1965,ライト級,宗村 宗二,明大,https://wrestling-spirits.jp/www/wp-content/data/80/ichiran_domestic/AllJapan-GR.pdf
tenno-cup,グレコローマン,1964,ウエルター級,風間 貞夫,新潟放送,https://wrestling-spirits.jp/www/wp-content/data/80/ichiran_domestic/AllJapan-GR.pdf
tenno-cup,グレコローマン,1964,バンタム級,市口 政光,辰野KK,https://wrestling-spirits.jp/www/wp-content/data/80/ichiran_domestic/AllJapan-GR.pdf
tenno-cup,グレコローマン,1964,フェザー級,桜間 幸次,自衛隊,https://wrestling-spirits.jp/www/wp-content/data/80/ichiran_domestic/AllJapan-GR.pdf
tenno-cup,グレコローマン,1964,フライ級,花原 勉,日体大OB,https://wrestling-spirits.jp/www/wp-content/data/80/ichiran_domestic/AllJapan-GR.pdf
tenno-cup,グレコローマン,1964,ヘビー級,斎藤 昌典,明大,https://wrestling-spirits.jp/www/wp-content/data/80/ichiran_domestic/AllJapan-GR.pdf
tenno-cup,グレコローマン,1964,ミドル級,波山 竜美,明大OB,https://wrestling-spirits.jp/www/wp-content/data/80/ichiran_domestic/AllJapan-GR.pdf
tenno-cup,グレコローマン,1964,ライトヘビー級,中浦 章,東レ,https://wrestling-spirits.jp/www/wp-content/data/80/ichiran_domestic/AllJapan-GR.pdf
tenno-cup,グレコローマン,1964,ライト級,宗村 宗二,明大,https://wrestling-spirits.jp/www/wp-content/data/80/ichiran_domestic/AllJapan-GR.pdf
tenno-cup,グレコローマン,1963,ウエルター級,風間 貞夫,新潟放送,https://wrestling-spirits.jp/www/wp-content/data/80/ichiran_domestic/AllJapan-GR.pdf
tenno-cup,グレコローマン,1963,バンタム級,市口 政光,富士商会,https://wrestling-spirits.jp/www/wp-content/data/80/ichiran_domestic/AllJapan-GR.pdf
tenno-cup,グレコローマン,1963,フェザー級,大島 紀夫,三友製作所,https://wrestling-spirits.jp/www/wp-content/data/80/ichiran_domestic/AllJapan-GR.pdf
tenno-cup,グレコローマン,1963,フライ級,花原 勉,日体大OB,https://wrestling-spirits.jp/www/wp-content/data/80/ichiran_domestic/AllJapan-GR.pdf
tenno-cup,グレコローマン,1963,ヘビー級,バビチュビッチ,ユーゴスラビア,https://wrestling-spirits.jp/www/wp-content/data/80/ichiran_domestic/AllJapan-GR.pdf
tenno-cup,グレコローマン,1963,ミドル級,タナシク,ユーゴスラビア,https://wrestling-spirits.jp/www/wp-content/data/80/ichiran_domestic/AllJapan-GR.pdf
tenno-cup,グレコローマン,1963,ライトヘビー級,チュチチ,ユーゴスラビア,https://wrestling-spirits.jp/www/wp-content/data/80/ichiran_domestic/AllJapan-GR.pdf
tenno-cup,グレコローマン,1963,ライト級,ブラニカ,ルーマニア,https://wrestling-spirits.jp/www/wp-content/data/80/ichiran_domestic/AllJapan-GR.pdf
tenno-cup,グレコローマン,1962,ウエルター級,井川 三千男,中大,https://wrestling-spirits.jp/www/wp-content/data/80/ichiran_domestic/AllJapan-GR.pdf
tenno-cup,グレコローマン,1962,バンタム級,市口 政光,富士商会,https://wrestling-spirits.jp/www/wp-content/data/80/ichiran_domestic/AllJapan-GR.pdf
tenno-cup,グレコローマン,1962,フェザー級,藤田 徳明,日体大,https://wrestling-spirits.jp/www/wp-content/data/80/ichiran_domestic/AllJapan-GR.pdf
tenno-cup,グレコローマン,1962,フライ級,花原 勉,日体大OB,https://wrestling-spirits.jp/www/wp-content/data/80/ichiran_domestic/AllJapan-GR.pdf
tenno-cup,グレコローマン,1962,ミドル級,波山 竜美,明大,https://wrestling-spirits.jp/www/wp-content/data/80/ichiran_domestic/AllJapan-GR.pdf
tenno-cup,グレコローマン,1962,ライトヘビー級,浦田 昇,中大,https://wrestling-spirits.jp/www/wp-content/data/80/ichiran_domestic/AllJapan-GR.pdf
tenno-cup,グレコローマン,1962,ライト級,佐々木 洋一,明大,https://wrestling-spirits.jp/www/wp-content/data/80/ichiran_domestic/AllJapan-GR.pdf
tenno-cup,グレコローマン,1961,ウエルター級,佐々木 洋一,明大,https://wrestling-spirits.jp/www/wp-content/data/80/ichiran_domestic/AllJapan-GR.pdf
tenno-cup,グレコローマン,1961,バンタム級,市口 政光,関大,https://wrestling-spirits.jp/www/wp-content/data/80/ichiran_domestic/AllJapan-GR.pdf
tenno-cup,グレコローマン,1961,フェザー級,藤田 徳明,日体大,https://wrestling-spirits.jp/www/wp-content/data/80/ichiran_domestic/AllJapan-GR.pdf
tenno-cup,グレコローマン,1961,フライ級,梶川 雅史,明大,https://wrestling-spirits.jp/www/wp-content/data/80/ichiran_domestic/AllJapan-GR.pdf
tenno-cup,グレコローマン,1961,ヘビー級,稲葉 泰久,日大,https://wrestling-spirits.jp/www/wp-content/data/80/ichiran_domestic/AllJapan-GR.pdf
tenno-cup,グレコローマン,1961,ミドル級,風間 貞夫,明大,https://wrestling-spirits.jp/www/wp-content/data/80/ichiran_domestic/AllJapan-GR.pdf
tenno-cup,グレコローマン,1961,ライトヘビー級,浦田 昇,中大,https://wrestling-spirits.jp/www/wp-content/data/80/ichiran_domestic/AllJapan-GR.pdf
tenno-cup,グレコローマン,1961,ライト級,沢内 敏行,専大,https://wrestling-spirits.jp/www/wp-content/data/80/ichiran_domestic/AllJapan-GR.pdf
tenno-cup,グレコローマン,1960,ウエルター級,高橋 秀夫,近大,https://wrestling-spirits.jp/www/wp-content/data/80/ichiran_domestic/AllJapan-GR.pdf
tenno-cup,グレコローマン,1960,バンタム級,利 光紀,早大,https://wrestling-spirits.jp/www/wp-content/data/80/ichiran_domestic/AllJapan-GR.pdf
tenno-cup,グレコローマン,1960,フェザー級,村野 力,中大,https://wrestling-spirits.jp/www/wp-content/data/80/ichiran_domestic/AllJapan-GR.pdf
tenno-cup,グレコローマン,1960,フライ級,花原 勉,日体大,https://wrestling-spirits.jp/www/wp-content/data/80/ichiran_domestic/AllJapan-GR.pdf
tenno-cup,グレコローマン,1960,ヘビー級,杉山 恒治,明大,https://wrestling-spirits.jp/www/wp-content/data/80/ichiran_domestic/AllJapan-GR.pdf
tenno-cup,グレコローマン,1960,ミドル級,波山 竜美,明大,https://wrestling-spirits.jp/www/wp-content/data/80/ichiran_domestic/AllJapan-GR.pdf
tenno-cup,グレコローマン,1960,ライトヘビー級,高比良 昭男,拓大OB,https://wrestling-spirits.jp/www/wp-content/data/80/ichiran_domestic/AllJapan-GR.pdf
tenno-cup,グレコローマン,1960,ライト級,阿久津 英紀,明大,https://wrestling-spirits.jp/www/wp-content/data/80/ichiran_domestic/AllJapan-GR.pdf
tenno-cup,グレコローマン,1959,ウエルター級,石倉 俊太,明大,https://wrestling-spirits.jp/www/wp-content/data/80/ichiran_domestic/AllJapan-GR.pdf
tenno-cup,グレコローマン,1959,バンタム級,吉田 有朋,中大OB,https://wrestling-spirits.jp/www/wp-content/data/80/ichiran_domestic/AllJapan-GR.pdf
tenno-cup,グレコローマン,1959,フェザー級,佐藤 多美治,中大,https://wrestling-spirits.jp/www/wp-content/data/80/ichiran_domestic/AllJapan-GR.pdf
tenno-cup,グレコローマン,1959,フライ級,田代 孝,早大,https://wrestling-spirits.jp/www/wp-content/data/80/ichiran_domestic/AllJapan-GR.pdf
tenno-cup,グレコローマン,1959,ヘビー級,石黒 治,中大OB,https://wrestling-spirits.jp/www/wp-content/data/80/ichiran_domestic/AllJapan-GR.pdf
tenno-cup,グレコローマン,1959,ミドル級,青海 上,明大,https://wrestling-spirits.jp/www/wp-content/data/80/ichiran_domestic/AllJapan-GR.pdf
tenno-cup,グレコローマン,1959,ライトヘビー級,川野 俊一,法大OB,https://wrestling-spirits.jp/www/wp-content/data/80/ichiran_domestic/AllJapan-GR.pdf
tenno-cup,グレコローマン,1959,ライト級,稲葉 哲也,中大OB,https://wrestling-spirits.jp/www/wp-content/data/80/ichiran_domestic/AllJapan-GR.pdf
tenno-cup,グレコローマン,1958,ウエルター級,武田 幸彦,中大,https://wrestling-spirits.jp/www/wp-content/data/80/ichiran_domestic/AllJapan-GR.pdf
tenno-cup,グレコローマン,1958,バンタム級,吉田 有朋,中大,https://wrestling-spirits.jp/www/wp-content/data/80/ichiran_domestic/AllJapan-GR.pdf
tenno-cup,グレコローマン,1958,フェザー級,植木 宏,関学大OB,https://wrestling-spirits.jp/www/wp-content/data/80/ichiran_domestic/AllJapan-GR.pdf
tenno-cup,グレコローマン,1958,フライ級,平田 孝,法大OB,https://wrestling-spirits.jp/www/wp-content/data/80/ichiran_domestic/AllJapan-GR.pdf
tenno-cup,グレコローマン,1958,ミドル級,石倉 俊太,明大,https://wrestling-spirits.jp/www/wp-content/data/80/ichiran_domestic/AllJapan-GR.pdf
tenno-cup,グレコローマン,1958,ライトヘビー級,高木 春雄,明大,https://wrestling-spirits.jp/www/wp-content/data/80/ichiran_domestic/AllJapan-GR.pdf
tenno-cup,グレコローマン,1958,ライト級,稲葉 哲也,中大,https://wrestling-spirits.jp/www/wp-content/data/80/ichiran_domestic/AllJapan-GR.pdf
tenno-cup,グレコローマン,1957,ウエルター級,石倉 俊太,明大,https://wrestling-spirits.jp/www/wp-content/data/80/ichiran_domestic/AllJapan-GR.pdf
tenno-cup,グレコローマン,1957,バンタム級,榊原 弥吉,中大,https://wrestling-spirits.jp/www/wp-content/data/80/ichiran_domestic/AllJapan-GR.pdf
tenno-cup,グレコローマン,1957,フェザー級,植木 宏,関学大,https://wrestling-spirits.jp/www/wp-content/data/80/ichiran_domestic/AllJapan-GR.pdf
tenno-cup,グレコローマン,1957,フライ級,平田 孝,法大,https://wrestling-spirits.jp/www/wp-content/data/80/ichiran_domestic/AllJapan-GR.pdf
tenno-cup,グレコローマン,1957,ミドル級,永井 隆,中大,https://wrestling-spirits.jp/www/wp-content/data/80/ichiran_domestic/AllJapan-GR.pdf
tenno-cup,グレコローマン,1957,ライトヘビー級,高木 春雄,明大,https://wrestling-spirits.jp/www/wp-content/data/80/ichiran_domestic/AllJapan-GR.pdf
tenno-cup,グレコローマン,1957,ライト級,大倉 茂男,早大,https://wrestling-spirits.jp/www/wp-content/data/80/ichiran_domestic/AllJapan-GR.pdf
tenno-cup,女子,2025,50kg,須﨑 優衣,キッツ,https://wrestling-spirits.jp/www/wp-content/data/80/ichiran_domestic/AllJapan-Fe.pdf
tenno-cup,女子,2025,53kg,清岡 もえ,育英大,https://wrestling-spirits.jp/www/wp-content/data/80/ichiran_domestic/AllJapan-Fe.pdf
tenno-cup,女子,2025,55kg,内田 颯夏,日大,https://wrestling-spirits.jp/www/wp-content/data/80/ichiran_domestic/AllJapan-Fe.pdf
tenno-cup,女子,2025,57kg,藤波 朱理,日体大,https://wrestling-spirits.jp/www/wp-content/data/80/ichiran_domestic/AllJapan-Fe.pdf
tenno-cup,女子,2025,59kg,永本 聖奈,アイシン,https://wrestling-spirits.jp/www/wp-content/data/80/ichiran_domestic/AllJapan-Fe.pdf
tenno-cup,女子,2025,62kg,尾﨑野乃香,慶大,https://wrestling-spirits.jp/www/wp-content/data/80/ichiran_domestic/AllJapan-Fe.pdf
tenno-cup,女子,2025,65kg,池畑 菜々,育英大,https://wrestling-spirits.jp/www/wp-content/data/80/ichiran_domestic/AllJapan-Fe.pdf
tenno-cup,女子,2025,68kg,森川 美和,ALSOK,https://wrestling-spirits.jp/www/wp-content/data/80/ichiran_domestic/AllJapan-Fe.pdf
tenno-cup,女子,2025,72kg,吉武まひろ,長崎県協会,https://wrestling-spirits.jp/www/wp-content/data/80/ichiran_domestic/AllJapan-Fe.pdf
tenno-cup,女子,2025,76kg,松雪 泰葉,ジェイテクト,https://wrestling-spirits.jp/www/wp-content/data/80/ichiran_domestic/AllJapan-Fe.pdf
tenno-cup,女子,2024,50kg,吉元玲美那,KeePer技研,https://wrestling-spirits.jp/www/wp-content/data/80/ichiran_domestic/AllJapan-Fe.pdf
tenno-cup,女子,2024,53kg,清岡 もえ,育英大,https://wrestling-spirits.jp/www/wp-content/data/80/ichiran_domestic/AllJapan-Fe.pdf
tenno-cup,女子,2024,55kg,村山 春菜,自衛隊,https://wrestling-spirits.jp/www/wp-content/data/80/ichiran_domestic/AllJapan-Fe.pdf
tenno-cup,女子,2024,57kg,屶網 さら,KeePer技研,https://wrestling-spirits.jp/www/wp-content/data/80/ichiran_domestic/AllJapan-Fe.pdf
tenno-cup,女子,2024,59kg,尾西 桜,日体大,https://wrestling-spirits.jp/www/wp-content/data/80/ichiran_domestic/AllJapan-Fe.pdf
tenno-cup,女子,2024,62kg,尾﨑野乃香,慶大,https://wrestling-spirits.jp/www/wp-content/data/80/ichiran_domestic/AllJapan-Fe.pdf
tenno-cup,女子,2024,65kg,森川 美和,ALSOK,https://wrestling-spirits.jp/www/wp-content/data/80/ichiran_domestic/AllJapan-Fe.pdf
tenno-cup,女子,2024,68kg,石井 亜海,育英大,https://wrestling-spirits.jp/www/wp-content/data/80/ichiran_domestic/AllJapan-Fe.pdf
tenno-cup,女子,2024,72kg,古市 雅子,自衛隊,https://wrestling-spirits.jp/www/wp-content/data/80/ichiran_domestic/AllJapan-Fe.pdf
tenno-cup,女子,2024,76kg,山本 和佳,至学館大,https://wrestling-spirits.jp/www/wp-content/data/80/ichiran_domestic/AllJapan-Fe.pdf
tenno-cup,女子,2023,50kg,吉元玲美那,KeePer技研,https://wrestling-spirits.jp/www/wp-content/data/80/ichiran_domestic/AllJapan-Fe.pdf
tenno-cup,女子,2023,53kg,片岡 梨乃,早大,https://wrestling-spirits.jp/www/wp-content/data/80/ichiran_domestic/AllJapan-Fe.pdf
tenno-cup,女子,2023,55kg,清岡 もえ,育英大,https://wrestling-spirits.jp/www/wp-content/data/80/ichiran_domestic/AllJapan-Fe.pdf
tenno-cup,女子,2023,57kg,南條 早映,東新住建,https://wrestling-spirits.jp/www/wp-content/data/80/ichiran_domestic/AllJapan-Fe.pdf
tenno-cup,女子,2023,59kg,金城梨紗子,サントリービバレッジ,https://wrestling-spirits.jp/www/wp-content/data/80/ichiran_domestic/AllJapan-Fe.pdf
tenno-cup,女子,2023,62kg,稲垣 柚香,至学館大,https://wrestling-spirits.jp/www/wp-content/data/80/ichiran_domestic/AllJapan-Fe.pdf
tenno-cup,女子,2023,65kg,吉武まひろ,日体大,https://wrestling-spirits.jp/www/wp-content/data/80/ichiran_domestic/AllJapan-Fe.pdf
tenno-cup,女子,2023,68kg,尾﨑野乃香,慶大,https://wrestling-spirits.jp/www/wp-content/data/80/ichiran_domestic/AllJapan-Fe.pdf
tenno-cup,女子,2023,72kg,茂呂 綾乃,山梨学院大,https://wrestling-spirits.jp/www/wp-content/data/80/ichiran_domestic/AllJapan-Fe.pdf
tenno-cup,女子,2023,76kg,長島 水城,大東大,https://wrestling-spirits.jp/www/wp-content/data/80/ichiran_domestic/AllJapan-Fe.pdf
tenno-cup,女子,2022,50kg,須﨑 優衣,キッツ,https://wrestling-spirits.jp/www/wp-content/data/80/ichiran_domestic/AllJapan-Fe.pdf
tenno-cup,女子,2022,53kg,藤波 朱理,日体大,https://wrestling-spirits.jp/www/wp-content/data/80/ichiran_domestic/AllJapan-Fe.pdf
tenno-cup,女子,2022,55kg,清岡 もえ,育英大,https://wrestling-spirits.jp/www/wp-content/data/80/ichiran_domestic/AllJapan-Fe.pdf
tenno-cup,女子,2022,57kg,南條 早映,東新住建,https://wrestling-spirits.jp/www/wp-content/data/80/ichiran_domestic/AllJapan-Fe.pdf
tenno-cup,女子,2022,59kg,金城梨紗子,サントリービバレッジ,https://wrestling-spirits.jp/www/wp-content/data/80/ichiran_domestic/AllJapan-Fe.pdf
tenno-cup,女子,2022,62kg,元木 咲良,育英大,https://wrestling-spirits.jp/www/wp-content/data/80/ichiran_domestic/AllJapan-Fe.pdf
tenno-cup,女子,2022,65kg,吉武まひろ,日体大,https://wrestling-spirits.jp/www/wp-content/data/80/ichiran_domestic/AllJapan-Fe.pdf
tenno-cup,女子,2022,68kg,石井 亜海,育英大,https://wrestling-spirits.jp/www/wp-content/data/80/ichiran_domestic/AllJapan-Fe.pdf
tenno-cup,女子,2022,72kg,新倉すみれ,神奈川大,https://wrestling-spirits.jp/www/wp-content/data/80/ichiran_domestic/AllJapan-Fe.pdf
tenno-cup,女子,2022,76kg,茂呂 綾乃,東京・安部学院高,https://wrestling-spirits.jp/www/wp-content/data/80/ichiran_domestic/AllJapan-Fe.pdf
tenno-cup,女子,2021,50kg,吉元玲美那,至学館大,https://wrestling-spirits.jp/www/wp-content/data/80/ichiran_domestic/AllJapan-Fe.pdf
tenno-cup,女子,2021,53kg,藤波 朱理,三重・いなべ総合学園高,https://wrestling-spirits.jp/www/wp-content/data/80/ichiran_domestic/AllJapan-Fe.pdf
tenno-cup,女子,2021,55kg,今井 佑海,日大,https://wrestling-spirits.jp/www/wp-content/data/80/ichiran_domestic/AllJapan-Fe.pdf
tenno-cup,女子,2021,57kg,櫻井つぐみ,育英大,https://wrestling-spirits.jp/www/wp-content/data/80/ichiran_domestic/AllJapan-Fe.pdf
tenno-cup,女子,2021,59kg,屶網 さら,至学館大,https://wrestling-spirits.jp/www/wp-content/data/80/ichiran_domestic/AllJapan-Fe.pdf
tenno-cup,女子,2021,62kg,尾﨑野乃香,JWA/東京・帝京高,https://wrestling-spirits.jp/www/wp-content/data/80/ichiran_domestic/AllJapan-Fe.pdf
tenno-cup,女子,2021,65kg,森川 美和,日体大,https://wrestling-spirits.jp/www/wp-content/data/80/ichiran_domestic/AllJapan-Fe.pdf
tenno-cup,女子,2021,68kg,松雪 成葉,至学館大,https://wrestling-spirits.jp/www/wp-content/data/80/ichiran_domestic/AllJapan-Fe.pdf
tenno-cup,女子,2021,72kg,新倉すみれ,神奈川大,https://wrestling-spirits.jp/www/wp-content/data/80/ichiran_domestic/AllJapan-Fe.pdf
tenno-cup,女子,2021,76kg,鏡 優翔,東洋大,https://wrestling-spirits.jp/www/wp-content/data/80/ichiran_domestic/AllJapan-Fe.pdf
tenno-cup,女子,2020,50kg,吉元玲美那,至学館大,https://wrestling-spirits.jp/www/wp-content/data/80/ichiran_domestic/AllJapan-Fe.pdf
tenno-cup,女子,2020,53kg,藤波 朱理,三重・いなべ総合学園高,https://wrestling-spirits.jp/www/wp-content/data/80/ichiran_domestic/AllJapan-Fe.pdf
tenno-cup,女子,2020,55kg,櫻井つぐみ,育英大,https://wrestling-spirits.jp/www/wp-content/data/80/ichiran_domestic/AllJapan-Fe.pdf
tenno-cup,女子,2020,57kg,南條 早映,至学館大,https://wrestling-spirits.jp/www/wp-content/data/80/ichiran_domestic/AllJapan-Fe.pdf
tenno-cup,女子,2020,59kg,花井 瑛絵,至学館大,https://wrestling-spirits.jp/www/wp-content/data/80/ichiran_domestic/AllJapan-Fe.pdf
tenno-cup,女子,2020,62kg,尾﨑野乃香,JWA/東京・帝京高,https://wrestling-spirits.jp/www/wp-content/data/80/ichiran_domestic/AllJapan-Fe.pdf
tenno-cup,女子,2020,65kg,森川 美和,日体大,https://wrestling-spirits.jp/www/wp-content/data/80/ichiran_domestic/AllJapan-Fe.pdf
tenno-cup,女子,2020,68kg,松雪 成葉,至学館大,https://wrestling-spirits.jp/www/wp-content/data/80/ichiran_domestic/AllJapan-Fe.pdf
tenno-cup,女子,2020,72kg,古市 雅子,自衛隊,https://wrestling-spirits.jp/www/wp-content/data/80/ichiran_domestic/AllJapan-Fe.pdf
tenno-cup,女子,2020,76kg,鏡 優翔,東洋大,https://wrestling-spirits.jp/www/wp-content/data/80/ichiran_domestic/AllJapan-Fe.pdf
tenno-cup,女子,2019,50kg,須﨑 優衣,早大,https://wrestling-spirits.jp/www/wp-content/data/80/ichiran_domestic/AllJapan-Fe.pdf
tenno-cup,女子,2019,53kg,奥野 春菜,至学館大,https://wrestling-spirits.jp/www/wp-content/data/80/ichiran_domestic/AllJapan-Fe.pdf
tenno-cup,女子,2019,55kg,東川 加奈,至学館大,https://wrestling-spirits.jp/www/wp-content/data/80/ichiran_domestic/AllJapan-Fe.pdf
tenno-cup,女子,2019,57kg,南條 早映,至学館大,https://wrestling-spirits.jp/www/wp-content/data/80/ichiran_domestic/AllJapan-Fe.pdf
tenno-cup,女子,2019,59kg,屶網 さら,至学館大,https://wrestling-spirits.jp/www/wp-content/data/80/ichiran_domestic/AllJapan-Fe.pdf
tenno-cup,女子,2019,62kg,石井 亜海,東京・安部学院高,https://wrestling-spirits.jp/www/wp-content/data/80/ichiran_domestic/AllJapan-Fe.pdf
tenno-cup,女子,2019,65kg,類家 直美,愛知・至学館高,https://wrestling-spirits.jp/www/wp-content/data/80/ichiran_domestic/AllJapan-Fe.pdf
tenno-cup,女子,2019,68kg,森川 美和,日体大,https://wrestling-spirits.jp/www/wp-content/data/80/ichiran_domestic/AllJapan-Fe.pdf
tenno-cup,女子,2019,72kg,進藤 芽伊,日体大,https://wrestling-spirits.jp/www/wp-content/data/80/ichiran_domestic/AllJapan-Fe.pdf
tenno-cup,女子,2019,76kg,松雪 泰葉,至学館大,https://wrestling-spirits.jp/www/wp-content/data/80/ichiran_domestic/AllJapan-Fe.pdf
tenno-cup,女子,2018,50kg,入江 ゆき,自衛隊,https://wrestling-spirits.jp/www/wp-content/data/80/ichiran_domestic/AllJapan-Fe.pdf
tenno-cup,女子,2018,53kg,向田 真優,至学館大,https://wrestling-spirits.jp/www/wp-content/data/80/ichiran_domestic/AllJapan-Fe.pdf
tenno-cup,女子,2018,55kg,谷山菜緒,法大,https://wrestling-spirits.jp/www/wp-content/data/80/ichiran_domestic/AllJapan-Fe.pdf
tenno-cup,女子,2018,57kg,伊調 馨,ALSOK,https://wrestling-spirits.jp/www/wp-content/data/80/ichiran_domestic/AllJapan-Fe.pdf
tenno-cup,女子,2018,59kg,稲垣柚香,愛知・至学館高,https://wrestling-spirits.jp/www/wp-content/data/80/ichiran_domestic/AllJapan-Fe.pdf
tenno-cup,女子,2018,62kg,川井 友香子,至学館大,https://wrestling-spirits.jp/www/wp-content/data/80/ichiran_domestic/AllJapan-Fe.pdf
tenno-cup,女子,2018,65kg,類家直美,愛知・至学館高,https://wrestling-spirits.jp/www/wp-content/data/80/ichiran_domestic/AllJapan-Fe.pdf
tenno-cup,女子,2018,68kg,土性 沙羅,東新住建,https://wrestling-spirits.jp/www/wp-content/data/80/ichiran_domestic/AllJapan-Fe.pdf
tenno-cup,女子,2018,72kg,鏡 優翔,JWA/東京・帝京高,https://wrestling-spirits.jp/www/wp-content/data/80/ichiran_domestic/AllJapan-Fe.pdf
tenno-cup,女子,2018,76kg,鈴木 博恵,クリナップ,https://wrestling-spirits.jp/www/wp-content/data/80/ichiran_domestic/AllJapan-Fe.pdf
tenno-cup,女子,2017,50kg,入江 ゆき,自衛隊,https://wrestling-spirits.jp/www/wp-content/data/80/ichiran_domestic/AllJapan-Fe.pdf
tenno-cup,女子,2017,53kg,奥野 春菜,至学館大,https://wrestling-spirits.jp/www/wp-content/data/80/ichiran_domestic/AllJapan-Fe.pdf
tenno-cup,女子,2017,55kg,向田 真優,至学館大,https://wrestling-spirits.jp/www/wp-content/data/80/ichiran_domestic/AllJapan-Fe.pdf
tenno-cup,女子,2017,57kg,坂上 嘉津季,ALSOK,https://wrestling-spirits.jp/www/wp-content/data/80/ichiran_domestic/AllJapan-Fe.pdf
tenno-cup,女子,2017,59kg,川井 友香子,至学館大,https://wrestling-spirits.jp/www/wp-content/data/80/ichiran_domestic/AllJapan-Fe.pdf
tenno-cup,女子,2017,62kg,川井 梨紗子,ジャパンビバレッジ,https://wrestling-spirits.jp/www/wp-content/data/80/ichiran_domestic/AllJapan-Fe.pdf
tenno-cup,女子,2017,65kg,源平 彩南,至学館大,https://wrestling-spirits.jp/www/wp-content/data/80/ichiran_domestic/AllJapan-Fe.pdf
tenno-cup,女子,2017,68kg,土性 沙羅,東新住建,https://wrestling-spirits.jp/www/wp-content/data/80/ichiran_domestic/AllJapan-Fe.pdf
tenno-cup,女子,2017,72kg,松雪 成葉,愛知・至学館高,https://wrestling-spirits.jp/www/wp-content/data/80/ichiran_domestic/AllJapan-Fe.pdf
tenno-cup,女子,2017,76kg,鈴木 博恵,クリナップ,https://wrestling-spirits.jp/www/wp-content/data/80/ichiran_domestic/AllJapan-Fe.pdf
tenno-cup,女子,2016,48kg,須崎 優衣,JWA/東京・安部学院高,https://wrestling-spirits.jp/www/wp-content/data/80/ichiran_domestic/AllJapan-Fe.pdf
tenno-cup,女子,2016,53kg,向田 真優,至学館大,https://wrestling-spirits.jp/www/wp-content/data/80/ichiran_domestic/AllJapan-Fe.pdf
tenno-cup,女子,2016,55kg,南條 早映,JWA/東京・安部学院高,https://wrestling-spirits.jp/www/wp-content/data/80/ichiran_domestic/AllJapan-Fe.pdf
tenno-cup,女子,2016,58kg,川井 梨紗子,至学館大,https://wrestling-spirits.jp/www/wp-content/data/80/ichiran_domestic/AllJapan-Fe.pdf
tenno-cup,女子,2016,60kg,坂上 嘉津季,ALSOK,https://wrestling-spirits.jp/www/wp-content/data/80/ichiran_domestic/AllJapan-Fe.pdf
tenno-cup,女子,2016,63kg,伊藤 彩香,東新住建,https://wrestling-spirits.jp/www/wp-content/data/80/ichiran_domestic/AllJapan-Fe.pdf
tenno-cup,女子,2016,69kg,土性 沙羅,至学館大,https://wrestling-spirits.jp/www/wp-content/data/80/ichiran_domestic/AllJapan-Fe.pdf
tenno-cup,女子,2016,75kg,鈴木 博恵,クリナップ,https://wrestling-spirits.jp/www/wp-content/data/80/ichiran_domestic/AllJapan-Fe.pdf
tenno-cup,女子,2015,48kg,入江 ゆき,自衛隊,https://wrestling-spirits.jp/www/wp-content/data/80/ichiran_domestic/AllJapan-Fe.pdf
tenno-cup,女子,2015,53kg,登坂 絵莉,至学館大,https://wrestling-spirits.jp/www/wp-content/data/80/ichiran_domestic/AllJapan-Fe.pdf
tenno-cup,女子,2015,55kg,吉田 沙保里,ALSOK,https://wrestling-spirits.jp/www/wp-content/data/80/ichiran_domestic/AllJapan-Fe.pdf
tenno-cup,女子,2015,58kg,伊調 馨,ALSOK,https://wrestling-spirits.jp/www/wp-content/data/80/ichiran_domestic/AllJapan-Fe.pdf
tenno-cup,女子,2015,60kg,川井 梨紗子,至学館大,https://wrestling-spirits.jp/www/wp-content/data/80/ichiran_domestic/AllJapan-Fe.pdf
tenno-cup,女子,2015,63kg,伊藤 彩香,東新住建,https://wrestling-spirits.jp/www/wp-content/data/80/ichiran_domestic/AllJapan-Fe.pdf
tenno-cup,女子,2015,69kg,土性 沙羅,至学館大,https://wrestling-spirits.jp/www/wp-content/data/80/ichiran_domestic/AllJapan-Fe.pdf
tenno-cup,女子,2015,75kg,渡利 璃穏,アイシン・エィ・ダブリュ,https://wrestling-spirits.jp/www/wp-content/data/80/ichiran_domestic/AllJapan-Fe.pdf
tenno-cup,女子,2014,48kg,登坂 絵莉,至学館大,https://wrestling-spirits.jp/www/wp-content/data/80/ichiran_domestic/AllJapan-Fe.pdf
tenno-cup,女子,2014,53kg,吉田 沙保里,ALSOK,https://wrestling-spirits.jp/www/wp-content/data/80/ichiran_domestic/AllJapan-Fe.pdf
tenno-cup,女子,2014,55kg,菅原 ひかり,至学館大,https://wrestling-spirits.jp/www/wp-content/data/80/ichiran_domestic/AllJapan-Fe.pdf
tenno-cup,女子,2014,58kg,伊調 馨,ALSOK,https://wrestling-spirits.jp/www/wp-content/data/80/ichiran_domestic/AllJapan-Fe.pdf
tenno-cup,女子,2014,60kg,栄 希和,至学館大,https://wrestling-spirits.jp/www/wp-content/data/80/ichiran_domestic/AllJapan-Fe.pdf
tenno-cup,女子,2014,63kg,伊藤 友莉香,自衛隊,https://wrestling-spirits.jp/www/wp-content/data/80/ichiran_domestic/AllJapan-Fe.pdf
tenno-cup,女子,2014,69kg,土性 沙羅,至学館大,https://wrestling-spirits.jp/www/wp-content/data/80/ichiran_domestic/AllJapan-Fe.pdf
tenno-cup,女子,2014,75kg,鈴木 博恵,クリナップ,https://wrestling-spirits.jp/www/wp-content/data/80/ichiran_domestic/AllJapan-Fe.pdf
tenno-cup,女子,2013,48kg,登坂 絵莉,至学館大,https://wrestling-spirits.jp/www/wp-content/data/80/ichiran_domestic/AllJapan-Fe.pdf
tenno-cup,女子,2013,51kg,宮原 優,東洋大,https://wrestling-spirits.jp/www/wp-content/data/80/ichiran_domestic/AllJapan-Fe.pdf
tenno-cup,女子,2013,55kg,吉田 沙保里,ALSOK,https://wrestling-spirits.jp/www/wp-content/data/80/ichiran_domestic/AllJapan-Fe.pdf
tenno-cup,女子,2013,59kg,伊調 馨,ALSOK,https://wrestling-spirits.jp/www/wp-content/data/80/ichiran_domestic/AllJapan-Fe.pdf
tenno-cup,女子,2013,63kg,渡利 璃穏,至学館大,https://wrestling-spirits.jp/www/wp-content/data/80/ichiran_domestic/AllJapan-Fe.pdf
tenno-cup,女子,2013,67kg,土性 沙羅,至学館大,https://wrestling-spirits.jp/www/wp-content/data/80/ichiran_domestic/AllJapan-Fe.pdf
tenno-cup,女子,2013,72kg,浜口 京子,ジャパンビバレッジ,https://wrestling-spirits.jp/www/wp-content/data/80/ichiran_domestic/AllJapan-Fe.pdf
tenno-cup,女子,2012,48kg,登坂 絵莉,至学館大,https://wrestling-spirits.jp/www/wp-content/data/80/ichiran_domestic/AllJapan-Fe.pdf
tenno-cup,女子,2012,51kg,菅原 ひかり,至学館大,https://wrestling-spirits.jp/www/wp-content/data/80/ichiran_domestic/AllJapan-Fe.pdf
tenno-cup,女子,2012,55kg,村田 夏南子,日大,https://wrestling-spirits.jp/www/wp-content/data/80/ichiran_domestic/AllJapan-Fe.pdf
tenno-cup,女子,2012,59kg,伊藤 彩香,至学館大,https://wrestling-spirits.jp/www/wp-content/data/80/ichiran_domestic/AllJapan-Fe.pdf
tenno-cup,女子,2012,63kg,工藤 佳代子,自衛隊,https://wrestling-spirits.jp/www/wp-content/data/80/ichiran_domestic/AllJapan-Fe.pdf
tenno-cup,女子,2012,67kg,土性 沙羅,愛知・至学館高,https://wrestling-spirits.jp/www/wp-content/data/80/ichiran_domestic/AllJapan-Fe.pdf
tenno-cup,女子,2012,72kg,鈴木 博恵,クリナップ,https://wrestling-spirits.jp/www/wp-content/data/80/ichiran_domestic/AllJapan-Fe.pdf
tenno-cup,女子,2011,48kg,小原 日登美,自衛隊,https://wrestling-spirits.jp/www/wp-content/data/80/ichiran_domestic/AllJapan-Fe.pdf
tenno-cup,女子,2011,51kg,宮原 優,東京・安部学院高/JOCアカデミー,https://wrestling-spirits.jp/www/wp-content/data/80/ichiran_domestic/AllJapan-Fe.pdf
tenno-cup,女子,2011,55kg,吉田 沙保里,ALSOK,https://wrestling-spirits.jp/www/wp-content/data/80/ichiran_domestic/AllJapan-Fe.pdf
tenno-cup,女子,2011,59kg,斎藤 貴子,自衛隊,https://wrestling-spirits.jp/www/wp-content/data/80/ichiran_domestic/AllJapan-Fe.pdf
tenno-cup,女子,2011,63kg,伊調 馨,ALSOK,https://wrestling-spirits.jp/www/wp-content/data/80/ichiran_domestic/AllJapan-Fe.pdf
tenno-cup,女子,2011,67kg,土性 沙羅,愛知・至学館高,https://wrestling-spirits.jp/www/wp-content/data/80/ichiran_domestic/AllJapan-Fe.pdf
tenno-cup,女子,2011,72kg,浜口 京子,ジャパンビバレッジ,https://wrestling-spirits.jp/www/wp-content/data/80/ichiran_domestic/AllJapan-Fe.pdf
tenno-cup,女子,2010,48kg,坂本 日登美,自衛隊,https://wrestling-spirits.jp/www/wp-content/data/80/ichiran_domestic/AllJapan-Fe.pdf
tenno-cup,女子,2010,51kg,堀内 優,日大,https://wrestling-spirits.jp/www/wp-content/data/80/ichiran_domestic/AllJapan-Fe.pdf
tenno-cup,女子,2010,55kg,吉田 沙保里,ALSOK,https://wrestling-spirits.jp/www/wp-content/data/80/ichiran_domestic/AllJapan-Fe.pdf
tenno-cup,女子,2010,59kg,斎藤 貴子,自衛隊,https://wrestling-spirits.jp/www/wp-content/data/80/ichiran_domestic/AllJapan-Fe.pdf
tenno-cup,女子,2010,63kg,伊調 馨,ALSOK,https://wrestling-spirits.jp/www/wp-content/data/80/ichiran_domestic/AllJapan-Fe.pdf
tenno-cup,女子,2010,67kg,井上 佳子,至学館大,https://wrestling-spirits.jp/www/wp-content/data/80/ichiran_domestic/AllJapan-Fe.pdf
tenno-cup,女子,2010,72kg,浜口 京子,ジャパンビバレッジ,https://wrestling-spirits.jp/www/wp-content/data/80/ichiran_domestic/AllJapan-Fe.pdf
tenno-cup,女子,2009,48kg,坂本 真喜子,自衛隊,https://wrestling-spirits.jp/www/wp-content/data/80/ichiran_domestic/AllJapan-Fe.pdf
tenno-cup,女子,2009,51kg,甲斐 友梨,アイシン・エィ・ダブリュ,https://wrestling-spirits.jp/www/wp-content/data/80/ichiran_domestic/AllJapan-Fe.pdf
tenno-cup,女子,2009,55kg,吉田 沙保里,ALSOK綜合警備保障,https://wrestling-spirits.jp/www/wp-content/data/80/ichiran_domestic/AllJapan-Fe.pdf
tenno-cup,女子,2009,59kg,正田 絢子,京都・網野高教,https://wrestling-spirits.jp/www/wp-content/data/80/ichiran_domestic/AllJapan-Fe.pdf
tenno-cup,女子,2009,63kg,伊調 馨,ALSOK綜合警備保障,https://wrestling-spirits.jp/www/wp-content/data/80/ichiran_domestic/AllJapan-Fe.pdf
tenno-cup,女子,2009,67kg,新海 真美,アイシン・エィ・ダブリュ,https://wrestling-spirits.jp/www/wp-content/data/80/ichiran_domestic/AllJapan-Fe.pdf
tenno-cup,女子,2009,72kg,浜口 京子,ジャパンビバレッジ,https://wrestling-spirits.jp/www/wp-content/data/80/ichiran_domestic/AllJapan-Fe.pdf
tenno-cup,女子,2008,48kg,坂本 真喜子,自衛隊,https://wrestling-spirits.jp/www/wp-content/data/80/ichiran_domestic/AllJapan-Fe.pdf
tenno-cup,女子,2008,51kg,堀内 優,京都・網野高,https://wrestling-spirits.jp/www/wp-content/data/80/ichiran_domestic/AllJapan-Fe.pdf
tenno-cup,女子,2008,55kg,吉田 沙保里,ALSOK綜合警備保障,https://wrestling-spirits.jp/www/wp-content/data/80/ichiran_domestic/AllJapan-Fe.pdf
tenno-cup,女子,2008,59kg,山名 慧,中京女大,https://wrestling-spirits.jp/www/wp-content/data/80/ichiran_domestic/AllJapan-Fe.pdf
tenno-cup,女子,2008,63kg,西牧 未央,中京女大,https://wrestling-spirits.jp/www/wp-content/data/80/ichiran_domestic/AllJapan-Fe.pdf
tenno-cup,女子,2008,67kg,井上 佳子,中京女大,https://wrestling-spirits.jp/www/wp-content/data/80/ichiran_domestic/AllJapan-Fe.pdf
tenno-cup,女子,2008,72kg,佐野 明日香,自衛隊,https://wrestling-spirits.jp/www/wp-content/data/80/ichiran_domestic/AllJapan-Fe.pdf
tenno-cup,女子,2007,48kg,伊調 千春,ALSOK綜合警備保障,https://wrestling-spirits.jp/www/wp-content/data/80/ichiran_domestic/AllJapan-Fe.pdf
tenno-cup,女子,2007,51kg,坂本 日登美,自衛隊,https://wrestling-spirits.jp/www/wp-content/data/80/ichiran_domestic/AllJapan-Fe.pdf
tenno-cup,女子,2007,55kg,吉田 沙保里,ALSOK綜合警備保障,https://wrestling-spirits.jp/www/wp-content/data/80/ichiran_domestic/AllJapan-Fe.pdf
tenno-cup,女子,2007,59kg,梶田 瑞華,中京女大,https://wrestling-spirits.jp/www/wp-content/data/80/ichiran_domestic/AllJapan-Fe.pdf
tenno-cup,女子,2007,63kg,伊調 馨,ALSOK綜合警備保障,https://wrestling-spirits.jp/www/wp-content/data/80/ichiran_domestic/AllJapan-Fe.pdf
tenno-cup,女子,2007,67kg,西牧 未央,中京女大,https://wrestling-spirits.jp/www/wp-content/data/80/ichiran_domestic/AllJapan-Fe.pdf
tenno-cup,女子,2007,72kg,浜口 京子,ジャパンビバレッジ,https://wrestling-spirits.jp/www/wp-content/data/80/ichiran_domestic/AllJapan-Fe.pdf
tenno-cup,女子,2006,48kg,伊調 千春,ALSOK綜合警備保障,https://wrestling-spirits.jp/www/wp-content/data/80/ichiran_domestic/AllJapan-Fe.pdf
tenno-cup,女子,2006,51kg,服部 担子,中京女大大学院,https://wrestling-spirits.jp/www/wp-content/data/80/ichiran_domestic/AllJapan-Fe.pdf
tenno-cup,女子,2006,55kg,吉田 沙保里,ALSOK綜合警備保障,https://wrestling-spirits.jp/www/wp-content/data/80/ichiran_domestic/AllJapan-Fe.pdf
tenno-cup,女子,2006,59kg,西牧 未央,中京女大,https://wrestling-spirits.jp/www/wp-content/data/80/ichiran_domestic/AllJapan-Fe.pdf
tenno-cup,女子,2006,63kg,伊調 馨,中京女大,https://wrestling-spirits.jp/www/wp-content/data/80/ichiran_domestic/AllJapan-Fe.pdf
tenno-cup,女子,2006,67kg,井上 佳子,愛知・至学館高,https://wrestling-spirits.jp/www/wp-content/data/80/ichiran_domestic/AllJapan-Fe.pdf
tenno-cup,女子,2006,72kg,浜口 京子,ジャパンビバレッジ,https://wrestling-spirits.jp/www/wp-content/data/80/ichiran_domestic/AllJapan-Fe.pdf
tenno-cup,女子,2005,48kg,伊調 千春,中京女大,https://wrestling-spirits.jp/www/wp-content/data/80/ichiran_domestic/AllJapan-Fe.pdf
tenno-cup,女子,2005,51kg,坂本 日登美,自衛隊,https://wrestling-spirits.jp/www/wp-content/data/80/ichiran_domestic/AllJapan-Fe.pdf
tenno-cup,女子,2005,55kg,吉田 沙保里,ALSOK綜合警備保障,https://wrestling-spirits.jp/www/wp-content/data/80/ichiran_domestic/AllJapan-Fe.pdf
tenno-cup,女子,2005,59kg,山本 聖子,ジャパンビバレッジ,https://wrestling-spirits.jp/www/wp-content/data/80/ichiran_domestic/AllJapan-Fe.pdf
tenno-cup,女子,2005,63kg,伊調 馨,中京女大,https://wrestling-spirits.jp/www/wp-content/data/80/ichiran_domestic/AllJapan-Fe.pdf
tenno-cup,女子,2005,67kg,坂本 襟,ワァークスジャパン,https://wrestling-spirits.jp/www/wp-content/data/80/ichiran_domestic/AllJapan-Fe.pdf
tenno-cup,女子,2005,72kg,浜口 京子,ジャパンビバレッジ,https://wrestling-spirits.jp/www/wp-content/data/80/ichiran_domestic/AllJapan-Fe.pdf
tenno-cup,女子,2004,48kg,坂本 真喜子,中京女大,https://wrestling-spirits.jp/www/wp-content/data/80/ichiran_domestic/AllJapan-Fe.pdf
tenno-cup,女子,2004,51kg,坂本 日登美,和光ク,https://wrestling-spirits.jp/www/wp-content/data/80/ichiran_domestic/AllJapan-Fe.pdf
tenno-cup,女子,2004,55kg,吉田 沙保里,中京女大,https://wrestling-spirits.jp/www/wp-content/data/80/ichiran_domestic/AllJapan-Fe.pdf
tenno-cup,女子,2004,59kg,中西 はつみ,中京女大大学院,https://wrestling-spirits.jp/www/wp-content/data/80/ichiran_domestic/AllJapan-Fe.pdf
tenno-cup,女子,2004,63kg,伊調 馨,中京女大,https://wrestling-spirits.jp/www/wp-content/data/80/ichiran_domestic/AllJapan-Fe.pdf
tenno-cup,女子,2004,67kg,斉藤 紀江,ジャパンビバレッジ,https://wrestling-spirits.jp/www/wp-content/data/80/ichiran_domestic/AllJapan-Fe.pdf
tenno-cup,女子,2004,72kg,浜口 京子,ジャパンビバレッジ,https://wrestling-spirits.jp/www/wp-content/data/80/ichiran_domestic/AllJapan-Fe.pdf
tenno-cup,女子,2003,48kg,伊調 千春,中京女大,https://wrestling-spirits.jp/www/wp-content/data/80/ichiran_domestic/AllJapan-Fe.pdf
tenno-cup,女子,2003,51kg,服部 担子,中京女大,https://wrestling-spirits.jp/www/wp-content/data/80/ichiran_domestic/AllJapan-Fe.pdf
tenno-cup,女子,2003,55kg,吉田 沙保里,中京女大,https://wrestling-spirits.jp/www/wp-content/data/80/ichiran_domestic/AllJapan-Fe.pdf
tenno-cup,女子,2003,59kg,岩間 怜那,リプレ,https://wrestling-spirits.jp/www/wp-content/data/80/ichiran_domestic/AllJapan-Fe.pdf
tenno-cup,女子,2003,63kg,伊調 馨,中京女大,https://wrestling-spirits.jp/www/wp-content/data/80/ichiran_domestic/AllJapan-Fe.pdf
tenno-cup,女子,2003,67kg,菅原 美々,国士大,https://wrestling-spirits.jp/www/wp-content/data/80/ichiran_domestic/AllJapan-Fe.pdf
tenno-cup,女子,2003,72kg,浜口 京子,ジャパンビバレッジ,https://wrestling-spirits.jp/www/wp-content/data/80/ichiran_domestic/AllJapan-Fe.pdf
tenno-cup,女子,2002,48kg,坂本 真喜子,愛知・中京女大付高,https://wrestling-spirits.jp/www/wp-content/data/80/ichiran_domestic/AllJapan-Fe.pdf
tenno-cup,女子,2002,51kg,伊調 千春,中京女大,https://wrestling-spirits.jp/www/wp-content/data/80/ichiran_domestic/AllJapan-Fe.pdf
tenno-cup,女子,2002,55kg,吉田 沙保里,中京女大,https://wrestling-spirits.jp/www/wp-content/data/80/ichiran_domestic/AllJapan-Fe.pdf
tenno-cup,女子,2002,59kg,岩間 怜那,リプレ,https://wrestling-spirits.jp/www/wp-content/data/80/ichiran_domestic/AllJapan-Fe.pdf
tenno-cup,女子,2002,63kg,伊調 馨,愛知・中京女大付高,https://wrestling-spirits.jp/www/wp-content/data/80/ichiran_domestic/AllJapan-Fe.pdf
tenno-cup,女子,2002,67kg,斉藤 紀江,ジャパンビバレッジ,https://wrestling-spirits.jp/www/wp-content/data/80/ichiran_domestic/AllJapan-Fe.pdf
tenno-cup,女子,2002,72kg,浜口 京子,ジャパンビバレッジ,https://wrestling-spirits.jp/www/wp-content/data/80/ichiran_domestic/AllJapan-Fe.pdf
tenno-cup,女子,2001,46kg,吉村 祥子,TBC東京,https://wrestling-spirits.jp/www/wp-content/data/80/ichiran_domestic/AllJapan-Fe.pdf
tenno-cup,女子,2001,51kg,服部 担子,中京女大,https://wrestling-spirits.jp/www/wp-content/data/80/ichiran_domestic/AllJapan-Fe.pdf
tenno-cup,女子,2001,56kg,山本 聖子,日大,https://wrestling-spirits.jp/www/wp-content/data/80/ichiran_domestic/AllJapan-Fe.pdf
tenno-cup,女子,2001,62kg,岩間 怜那,中京女大,https://wrestling-spirits.jp/www/wp-content/data/80/ichiran_domestic/AllJapan-Fe.pdf
tenno-cup,女子,2001,68kg,斉藤 紀江,ジャパンビバレッジ,https://wrestling-spirits.jp/www/wp-content/data/80/ichiran_domestic/AllJapan-Fe.pdf
tenno-cup,女子,2001,75kg,浜口 京子,浜口ジム,https://wrestling-spirits.jp/www/wp-content/data/80/ichiran_domestic/AllJapan-Fe.pdf
tenno-cup,女子,2000,46kg,清水 美里,ジャパンビバレッジ,https://wrestling-spirits.jp/www/wp-content/data/80/ichiran_domestic/AllJapan-Fe.pdf
tenno-cup,女子,2000,51kg,坂本 日登美,中京女大,https://wrestling-spirits.jp/www/wp-content/data/80/ichiran_domestic/AllJapan-Fe.pdf
tenno-cup,女子,2000,56kg,山本 聖子,日大,https://wrestling-spirits.jp/www/wp-content/data/80/ichiran_domestic/AllJapan-Fe.pdf
tenno-cup,女子,2000,62kg,岩間 怜那,中京女大,https://wrestling-spirits.jp/www/wp-content/data/80/ichiran_domestic/AllJapan-Fe.pdf
tenno-cup,女子,2000,68kg,宮本 知恵,中京女大,https://wrestling-spirits.jp/www/wp-content/data/80/ichiran_domestic/AllJapan-Fe.pdf
tenno-cup,女子,2000,75kg,浜口 京子,浜口ジム,https://wrestling-spirits.jp/www/wp-content/data/80/ichiran_domestic/AllJapan-Fe.pdf
tenno-cup,女子,1999,46kg,山本 美憂,PUREBRED,https://wrestling-spirits.jp/www/wp-content/data/80/ichiran_domestic/AllJapan-Fe.pdf
tenno-cup,女子,1999,51kg,坂本 日登美,中京女大,https://wrestling-spirits.jp/www/wp-content/data/80/ichiran_domestic/AllJapan-Fe.pdf
tenno-cup,女子,1999,56kg,清水 真理子,埼玉・埼玉栄高教,https://wrestling-spirits.jp/www/wp-content/data/80/ichiran_domestic/AllJapan-Fe.pdf
tenno-cup,女子,1999,62kg,岩間 怜那,中京女大,https://wrestling-spirits.jp/www/wp-content/data/80/ichiran_domestic/AllJapan-Fe.pdf
tenno-cup,女子,1999,68kg,宮本 知恵,中京女大,https://wrestling-spirits.jp/www/wp-content/data/80/ichiran_domestic/AllJapan-Fe.pdf
tenno-cup,女子,1999,75kg,浜口 京子,浜口ジム,https://wrestling-spirits.jp/www/wp-content/data/80/ichiran_domestic/AllJapan-Fe.pdf
tenno-cup,女子,1998,46kg,清水 美里,代々木ク,https://wrestling-spirits.jp/www/wp-content/data/80/ichiran_domestic/AllJapan-Fe.pdf
tenno-cup,女子,1998,51kg,篠村 敦子,福岡大,https://wrestling-spirits.jp/www/wp-content/data/80/ichiran_domestic/AllJapan-Fe.pdf
tenno-cup,女子,1998,56kg,清水 真理子,埼玉・埼玉栄高教,https://wrestling-spirits.jp/www/wp-content/data/80/ichiran_domestic/AllJapan-Fe.pdf
tenno-cup,女子,1998,62kg,正田 絢子,京都・網野高,https://wrestling-spirits.jp/www/wp-content/data/80/ichiran_domestic/AllJapan-Fe.pdf
tenno-cup,女子,1998,68kg,宮本 知恵,リプレ中京女大,https://wrestling-spirits.jp/www/wp-content/data/80/ichiran_domestic/AllJapan-Fe.pdf
tenno-cup,女子,1998,75kg,浜口 京子,浜口ジム,https://wrestling-spirits.jp/www/wp-content/data/80/ichiran_domestic/AllJapan-Fe.pdf
tenno-cup,女子,1997,46kg,清水 美里,代々木ク,https://wrestling-spirits.jp/www/wp-content/data/80/ichiran_domestic/AllJapan-Fe.pdf
tenno-cup,女子,1997,51kg,足立 美穂,東洋大,https://wrestling-spirits.jp/www/wp-content/data/80/ichiran_domestic/AllJapan-Fe.pdf
tenno-cup,女子,1997,56kg,清水 真理子,埼玉・埼玉栄高教,https://wrestling-spirits.jp/www/wp-content/data/80/ichiran_domestic/AllJapan-Fe.pdf
tenno-cup,女子,1997,62kg,宮崎 未樹子,住友海上火災,https://wrestling-spirits.jp/www/wp-content/data/80/ichiran_domestic/AllJapan-Fe.pdf
tenno-cup,女子,1997,68kg,浦野 弥生,東京周栄ク,https://wrestling-spirits.jp/www/wp-content/data/80/ichiran_domestic/AllJapan-Fe.pdf
tenno-cup,女子,1997,75kg,浜口 京子,浜口ジム,https://wrestling-spirits.jp/www/wp-content/data/80/ichiran_domestic/AllJapan-Fe.pdf
tenno-cup,女子,1996,44kg,吉村 祥子,TBC東京,https://wrestling-spirits.jp/www/wp-content/data/80/ichiran_domestic/AllJapan-Fe.pdf
tenno-cup,女子,1996,47kg,足立 美穂,東洋大,https://wrestling-spirits.jp/www/wp-content/data/80/ichiran_domestic/AllJapan-Fe.pdf
tenno-cup,女子,1996,50kg,遠藤 美子,東洋大職,https://wrestling-spirits.jp/www/wp-content/data/80/ichiran_domestic/AllJapan-Fe.pdf
tenno-cup,女子,1996,53kg,栄 涼子,リプレ中京女大,https://wrestling-spirits.jp/www/wp-content/data/80/ichiran_domestic/AllJapan-Fe.pdf
tenno-cup,女子,1996,57kg,三田寺 由香,スポーツ東急,https://wrestling-spirits.jp/www/wp-content/data/80/ichiran_domestic/AllJapan-Fe.pdf
tenno-cup,女子,1996,61kg,宮崎 未樹子,住友海上火災,https://wrestling-spirits.jp/www/wp-content/data/80/ichiran_domestic/AllJapan-Fe.pdf
tenno-cup,女子,1996,65kg,浦野 弥生,京樽,https://wrestling-spirits.jp/www/wp-content/data/80/ichiran_domestic/AllJapan-Fe.pdf
tenno-cup,女子,1996,70kg,浜口 京子,東京周栄ク,https://wrestling-spirits.jp/www/wp-content/data/80/ichiran_domestic/AllJapan-Fe.pdf
tenno-cup,女子,1996,75kg,住谷 礼子,東洋大,https://wrestling-spirits.jp/www/wp-content/data/80/ichiran_domestic/AllJapan-Fe.pdf
tenno-cup,女子,1995,44kg,吉村 祥子,スポーツ東急,https://wrestling-spirits.jp/www/wp-content/data/80/ichiran_domestic/AllJapan-Fe.pdf
tenno-cup,女子,1995,47kg,山本 美憂,日体パンサーズ,https://wrestling-spirits.jp/www/wp-content/data/80/ichiran_domestic/AllJapan-Fe.pdf
tenno-cup,女子,1995,50kg,遠藤 美子,東洋大職,https://wrestling-spirits.jp/www/wp-content/data/80/ichiran_domestic/AllJapan-Fe.pdf
tenno-cup,女子,1995,53kg,木村 こず恵,東洋大倶楽部,https://wrestling-spirits.jp/www/wp-content/data/80/ichiran_domestic/AllJapan-Fe.pdf
tenno-cup,女子,1995,57kg,清水 真理子,東洋大,https://wrestling-spirits.jp/www/wp-content/data/80/ichiran_domestic/AllJapan-Fe.pdf
tenno-cup,女子,1995,61kg,宮崎 未樹子,住友海上火災,https://wrestling-spirits.jp/www/wp-content/data/80/ichiran_domestic/AllJapan-Fe.pdf
tenno-cup,女子,1995,65kg,浦野 弥生,京樽,https://wrestling-spirits.jp/www/wp-content/data/80/ichiran_domestic/AllJapan-Fe.pdf
tenno-cup,女子,1995,70kg,斉藤 紀江,茨城・土浦日大高,https://wrestling-spirits.jp/www/wp-content/data/80/ichiran_domestic/AllJapan-Fe.pdf
tenno-cup,女子,1995,75kg,船越 光子,ユニマット,https://wrestling-spirits.jp/www/wp-content/data/80/ichiran_domestic/AllJapan-Fe.pdf
tenno-cup,女子,1994,44kg,吉村 祥子,スポーツ東急,https://wrestling-spirits.jp/www/wp-content/data/80/ichiran_domestic/AllJapan-Fe.pdf
tenno-cup,女子,1994,47kg,上林 美穂,東洋大,https://wrestling-spirits.jp/www/wp-content/data/80/ichiran_domestic/AllJapan-Fe.pdf
tenno-cup,女子,1994,50kg,山本 美憂,日体パンサーズ,https://wrestling-spirits.jp/www/wp-content/data/80/ichiran_domestic/AllJapan-Fe.pdf
tenno-cup,女子,1994,53kg,川崎 明美,自衛隊,https://wrestling-spirits.jp/www/wp-content/data/80/ichiran_domestic/AllJapan-Fe.pdf
tenno-cup,女子,1994,57kg,三田寺 由香,スポーツ東急,https://wrestling-spirits.jp/www/wp-content/data/80/ichiran_domestic/AllJapan-Fe.pdf
tenno-cup,女子,1994,61kg,黒川 真由美,自衛隊,https://wrestling-spirits.jp/www/wp-content/data/80/ichiran_domestic/AllJapan-Fe.pdf
tenno-cup,女子,1994,65kg,浦野 弥生,京樽,https://wrestling-spirits.jp/www/wp-content/data/80/ichiran_domestic/AllJapan-Fe.pdf
tenno-cup,女子,1994,70kg,宮崎 未樹子,住友海上火災,https://wrestling-spirits.jp/www/wp-content/data/80/ichiran_domestic/AllJapan-Fe.pdf
tenno-cup,女子,1994,75kg,船越 光子,ユニマット,https://wrestling-spirits.jp/www/wp-content/data/80/ichiran_domestic/AllJapan-Fe.pdf
tenno-cup,女子,1993,44kg,吉村 祥子,スポーツ東急,https://wrestling-spirits.jp/www/wp-content/data/80/ichiran_domestic/AllJapan-Fe.pdf
tenno-cup,女子,1993,47kg,田中 真由美,自衛隊,https://wrestling-spirits.jp/www/wp-content/data/80/ichiran_domestic/AllJapan-Fe.pdf
tenno-cup,女子,1993,50kg,遠藤 美子,東洋大職,https://wrestling-spirits.jp/www/wp-content/data/80/ichiran_domestic/AllJapan-Fe.pdf
tenno-cup,女子,1993,53kg,川崎 明美,自衛隊,https://wrestling-spirits.jp/www/wp-content/data/80/ichiran_domestic/AllJapan-Fe.pdf
tenno-cup,女子,1993,57kg,栄 涼子,京樽ク,https://wrestling-spirits.jp/www/wp-content/data/80/ichiran_domestic/AllJapan-Fe.pdf
tenno-cup,女子,1993,61kg,三田寺 由香,スポーツ東急,https://wrestling-spirits.jp/www/wp-content/data/80/ichiran_domestic/AllJapan-Fe.pdf
tenno-cup,女子,1993,65kg,飯島 晶子,京樽,https://wrestling-spirits.jp/www/wp-content/data/80/ichiran_domestic/AllJapan-Fe.pdf
tenno-cup,女子,1993,70kg,浦野 弥生,京樽,https://wrestling-spirits.jp/www/wp-content/data/80/ichiran_domestic/AllJapan-Fe.pdf
tenno-cup,女子,1993,75kg,薪谷 翠,吹田市民教室,https://wrestling-spirits.jp/www/wp-content/data/80/ichiran_domestic/AllJapan-Fe.pdf
tenno-cup,女子,1993,75kg以上,三宅 由美,リプレ中京女大,https://wrestling-spirits.jp/www/wp-content/data/80/ichiran_domestic/AllJapan-Fe.pdf
tenno-cup,女子,1992,44kg,吉村 祥子,スポーツ東急,https://wrestling-spirits.jp/www/wp-content/data/80/ichiran_domestic/AllJapan-Fe.pdf
tenno-cup,女子,1992,47kg,上林 美穂,羽島市連盟,https://wrestling-spirits.jp/www/wp-content/data/80/ichiran_domestic/AllJapan-Fe.pdf
tenno-cup,女子,1992,50kg,パトリシア・サンダース,米国,https://wrestling-spirits.jp/www/wp-content/data/80/ichiran_domestic/AllJapan-Fe.pdf
tenno-cup,女子,1992,53kg,川崎 明美,自衛隊,https://wrestling-spirits.jp/www/wp-content/data/80/ichiran_domestic/AllJapan-Fe.pdf
tenno-cup,女子,1992,57kg,坂本 涼子,リプレ中京女大,https://wrestling-spirits.jp/www/wp-content/data/80/ichiran_domestic/AllJapan-Fe.pdf
tenno-cup,女子,1992,61kg,星川 君枝,ユニマット,https://wrestling-spirits.jp/www/wp-content/data/80/ichiran_domestic/AllJapan-Fe.pdf
tenno-cup,女子,1992,65kg,清水 真理子,群馬・富岡東高,https://wrestling-spirits.jp/www/wp-content/data/80/ichiran_domestic/AllJapan-Fe.pdf
tenno-cup,女子,1992,70kg,浦野 弥生,京樽,https://wrestling-spirits.jp/www/wp-content/data/80/ichiran_domestic/AllJapan-Fe.pdf
tenno-cup,女子,1992,75kg,船越 光子,栃木・壬生高,https://wrestling-spirits.jp/www/wp-content/data/80/ichiran_domestic/AllJapan-Fe.pdf
tenno-cup,女子,1992,75kg以上,三宅 由美,リプレ中京女大,https://wrestling-spirits.jp/www/wp-content/data/80/ichiran_domestic/AllJapan-Fe.pdf
tenno-cup,女子,1991,44kg,村田 智子,東洋大倶楽部,https://wrestling-spirits.jp/www/wp-content/data/80/ichiran_domestic/AllJapan-Fe.pdf
tenno-cup,女子,1991,47kg,山本 美憂,朝日住建ク,https://wrestling-spirits.jp/www/wp-content/data/80/ichiran_domestic/AllJapan-Fe.pdf
tenno-cup,女子,1991,50kg,木村 こず恵,東洋大倶楽部,https://wrestling-spirits.jp/www/wp-content/data/80/ichiran_domestic/AllJapan-Fe.pdf
tenno-cup,女子,1991,53kg,川崎 明美,自衛隊,https://wrestling-spirits.jp/www/wp-content/data/80/ichiran_domestic/AllJapan-Fe.pdf
tenno-cup,女子,1991,57kg,坂本 涼子,リプレ中京女大,https://wrestling-spirits.jp/www/wp-content/data/80/ichiran_domestic/AllJapan-Fe.pdf
tenno-cup,女子,1991,61kg,星川 君枝,ユナイテッド・スティール,https://wrestling-spirits.jp/www/wp-content/data/80/ichiran_domestic/AllJapan-Fe.pdf
tenno-cup,女子,1991,65kg,飯島 晶子,京樽,https://wrestling-spirits.jp/www/wp-content/data/80/ichiran_domestic/AllJapan-Fe.pdf
tenno-cup,女子,1991,70kg,浦野 弥生,京樽,https://wrestling-spirits.jp/www/wp-content/data/80/ichiran_domestic/AllJapan-Fe.pdf
tenno-cup,女子,1991,75kg,船越 光子,栃木・壬生高,https://wrestling-spirits.jp/www/wp-content/data/80/ichiran_domestic/AllJapan-Fe.pdf
tenno-cup,女子,1991,75kg以上,上野 弘子,盛岡大,https://wrestling-spirits.jp/www/wp-content/data/80/ichiran_domestic/AllJapan-Fe.pdf
tenno-cup,女子,1990,44kg,吉村 祥子,代々木ク,https://wrestling-spirits.jp/www/wp-content/data/80/ichiran_domestic/AllJapan-Fe.pdf
tenno-cup,女子,1990,47kg,山本 美憂,朝日住建日体ク,https://wrestling-spirits.jp/www/wp-content/data/80/ichiran_domestic/AllJapan-Fe.pdf
tenno-cup,女子,1990,50kg,福原 邦子,朝日住建日体ク,https://wrestling-spirits.jp/www/wp-content/data/80/ichiran_domestic/AllJapan-Fe.pdf
tenno-cup,女子,1990,53kg,遠藤 美子,東洋大,https://wrestling-spirits.jp/www/wp-content/data/80/ichiran_domestic/AllJapan-Fe.pdf
tenno-cup,女子,1990,57kg,坂本 涼子,中京女大,https://wrestling-spirits.jp/www/wp-content/data/80/ichiran_domestic/AllJapan-Fe.pdf
tenno-cup,女子,1990,61kg,星川 君枝,ユナイテッド・スティール,https://wrestling-spirits.jp/www/wp-content/data/80/ichiran_domestic/AllJapan-Fe.pdf
tenno-cup,女子,1990,65kg,飯島 晶子,朝日住建日体ク,https://wrestling-spirits.jp/www/wp-content/data/80/ichiran_domestic/AllJapan-Fe.pdf
tenno-cup,女子,1990,70kg,岩間 利香,ユナイテッド・スティール,https://wrestling-spirits.jp/www/wp-content/data/80/ichiran_domestic/AllJapan-Fe.pdf
tenno-cup,女子,1990,75kg,船越 光子,栃木・壬生高,https://wrestling-spirits.jp/www/wp-content/data/80/ichiran_domestic/AllJapan-Fe.pdf
tenno-cup,女子,1990,75kg以上,上野 弘子,盛岡大,https://wrestling-spirits.jp/www/wp-content/data/80/ichiran_domestic/AllJapan-Fe.pdf
tenno-cup,女子,1989,44kg,吉村 祥子,代々木ク,https://wrestling-spirits.jp/www/wp-content/data/80/ichiran_domestic/AllJapan-Fe.pdf
tenno-cup,女子,1989,47kg,山本 美憂,日体ク,https://wrestling-spirits.jp/www/wp-content/data/80/ichiran_domestic/AllJapan-Fe.pdf
tenno-cup,女子,1989,50kg,福田 京子,代々木ク,https://wrestling-spirits.jp/www/wp-content/data/80/ichiran_domestic/AllJapan-Fe.pdf
tenno-cup,女子,1989,53kg,小滝 初江,日体ク,https://wrestling-spirits.jp/www/wp-content/data/80/ichiran_domestic/AllJapan-Fe.pdf
tenno-cup,女子,1989,57kg,坂本 涼子,中京女大,https://wrestling-spirits.jp/www/wp-content/data/80/ichiran_domestic/AllJapan-Fe.pdf
tenno-cup,女子,1989,61kg,星川 君枝,ユナイテッド・スティール,https://wrestling-spirits.jp/www/wp-content/data/80/ichiran_domestic/AllJapan-Fe.pdf
tenno-cup,女子,1989,65kg,飯島 晶子,日体ク,https://wrestling-spirits.jp/www/wp-content/data/80/ichiran_domestic/AllJapan-Fe.pdf
tenno-cup,女子,1989,70kg,岩間 利香,ユナイテッド・スティール,https://wrestling-spirits.jp/www/wp-content/data/80/ichiran_domestic/AllJapan-Fe.pdf
tenno-cup,女子,1989,75kg,脇 恵衣子,全日本女子プロレス,https://wrestling-spirits.jp/www/wp-content/data/80/ichiran_domestic/AllJapan-Fe.pdf
tenno-cup,女子,1989,75kg以上,井上 京子,全日本女子プロレス,https://wrestling-spirits.jp/www/wp-content/data/80/ichiran_domestic/AllJapan-Fe.pdf
tenno-cup,女子,1988,44kg,山本 美憂,日体ク,https://wrestling-spirits.jp/www/wp-content/data/80/ichiran_domestic/AllJapan-Fe.pdf
tenno-cup,女子,1988,47kg,棗田 朋子,吹田市民教室,https://wrestling-spirits.jp/www/wp-content/data/80/ichiran_domestic/AllJapan-Fe.pdf
tenno-cup,女子,1988,50kg,小滝 初江,日体ク,https://wrestling-spirits.jp/www/wp-content/data/80/ichiran_domestic/AllJapan-Fe.pdf
tenno-cup,女子,1988,53kg,遠藤 美子,東洋大,https://wrestling-spirits.jp/www/wp-content/data/80/ichiran_domestic/AllJapan-Fe.pdf
tenno-cup,女子,1988,57kg,坂本 涼子,吹田市民教室,https://wrestling-spirits.jp/www/wp-content/data/80/ichiran_domestic/AllJapan-Fe.pdf
tenno-cup,女子,1988,61kg,星川 君枝,ユナイテッド・スティール,https://wrestling-spirits.jp/www/wp-content/data/80/ichiran_domestic/AllJapan-Fe.pdf
tenno-cup,女子,1988,65kg,岩間 利香,ユナイテッド・スティール,https://wrestling-spirits.jp/www/wp-content/data/80/ichiran_domestic/AllJapan-Fe.pdf
tenno-cup,女子,1988,70kg,浦野 弥生,日体ク,https://wrestling-spirits.jp/www/wp-content/data/80/ichiran_domestic/AllJapan-Fe.pdf
tenno-cup,女子,1988,75kg,脇 恵衣子,全日本女子プロレス,https://wrestling-spirits.jp/www/wp-content/data/80/ichiran_domestic/AllJapan-Fe.pdf
tenno-cup,女子,1988,75kg以上,川戸 明子,宇治高,https://wrestling-spirits.jp/www/wp-content/data/80/ichiran_domestic/AllJapan-Fe.pdf
tenno-cup,女子,1987,44kg,山本 美憂,神奈川・トキワ松学園中,https://wrestling-spirits.jp/www/wp-content/data/80/ichiran_domestic/AllJapan-Fe.pdf
tenno-cup,女子,1987,47kg,菅原 さとみ,代々木ク,https://wrestling-spirits.jp/www/wp-content/data/80/ichiran_domestic/AllJapan-Fe.pdf
tenno-cup,女子,1987,50kg,福田 京子,代々木ク,https://wrestling-spirits.jp/www/wp-content/data/80/ichiran_domestic/AllJapan-Fe.pdf
tenno-cup,女子,1987,53kg,坂本 涼子,吹田市民教室,https://wrestling-spirits.jp/www/wp-content/data/80/ichiran_domestic/AllJapan-Fe.pdf
tenno-cup,女子,1987,57kg,福原 邦子,代々木ク,https://wrestling-spirits.jp/www/wp-content/data/80/ichiran_domestic/AllJapan-Fe.pdf
tenno-cup,女子,1987,61kg,飯島 晶子,Cフィットネス藤沢,https://wrestling-spirits.jp/www/wp-content/data/80/ichiran_domestic/AllJapan-Fe.pdf
tenno-cup,女子,1987,65kg,豊田 真奈美,全日本女子プロ,https://wrestling-spirits.jp/www/wp-content/data/80/ichiran_domestic/AllJapan-Fe.pdf
tenno-cup,女子,1987,70kg,岩間 利香,代々木ク,https://wrestling-spirits.jp/www/wp-content/data/80/ichiran_domestic/AllJapan-Fe.pdf
tenno-cup,女子,1987,75kg,清水 美弥子,代々木ク,https://wrestling-spirits.jp/www/wp-content/data/80/ichiran_domestic/AllJapan-Fe.pdf
tenno-cup,女子,1987,75kg以上,市川 千秋,全日本女子プロレス,https://wrestling-spirits.jp/www/wp-content/data/80/ichiran_domestic/AllJapan-Fe.pdf
university-championship,フリースタイル,2025,57kg,勝目大翔,山梨学院大,https://wrestling-spirits.jp/www/wp-content/data/80/ichiran_domestic/Daigaku_FF.pdf
university-championship,フリースタイル,2025,61kg,須田 宝,山梨学院大,https://wrestling-spirits.jp/www/wp-content/data/80/ichiran_domestic/Daigaku_FF.pdf
university-championship,フリースタイル,2025,65kg,西内悠人,日体大,https://wrestling-spirits.jp/www/wp-content/data/80/ichiran_domestic/Daigaku_FF.pdf
university-championship,フリースタイル,2025,70kg,冨山悠真,山梨学院大,https://wrestling-spirits.jp/www/wp-content/data/80/ichiran_domestic/Daigaku_FF.pdf
university-championship,フリースタイル,2025,74kg,吉田アリヤ,日大,https://wrestling-spirits.jp/www/wp-content/data/80/ichiran_domestic/Daigaku_FF.pdf
university-championship,フリースタイル,2025,79kg,神谷龍之介,日体大,https://wrestling-spirits.jp/www/wp-content/data/80/ichiran_domestic/Daigaku_FF.pdf
university-championship,フリースタイル,2025,86kg,髙橋海大,日体大,https://wrestling-spirits.jp/www/wp-content/data/80/ichiran_domestic/Daigaku_FF.pdf
university-championship,フリースタイル,2025,92kg,本橋知大,拓大,https://wrestling-spirits.jp/www/wp-content/data/80/ichiran_domestic/Daigaku_FF.pdf
university-championship,フリースタイル,2025,97kg,吉田アラシ,日大,https://wrestling-spirits.jp/www/wp-content/data/80/ichiran_domestic/Daigaku_FF.pdf
university-championship,フリースタイル,2025,125kg,バドバヤル・ナムバルダグワ,育英大,https://wrestling-spirits.jp/www/wp-content/data/80/ichiran_domestic/Daigaku_FF.pdf
university-championship,フリースタイル,2024,57kg,菊地 優太,拓大,https://wrestling-spirits.jp/www/wp-content/data/80/ichiran_domestic/Daigaku_FF.pdf
university-championship,フリースタイル,2024,61kg,須田 宝,山梨学院大,https://wrestling-spirits.jp/www/wp-content/data/80/ichiran_domestic/Daigaku_FF.pdf
university-championship,フリースタイル,2024,65kg,荻野 海志,山梨学院大,https://wrestling-spirits.jp/www/wp-content/data/80/ichiran_domestic/Daigaku_FF.pdf
university-championship,フリースタイル,2024,70kg,小川 統己,東洋大,https://wrestling-spirits.jp/www/wp-content/data/80/ichiran_domestic/Daigaku_FF.pdf
university-championship,フリースタイル,2024,74kg,森田 魁人,山梨学院大,https://wrestling-spirits.jp/www/wp-content/data/80/ichiran_domestic/Daigaku_FF.pdf
university-championship,フリースタイル,2024,79kg,鈴木 大樹,山梨学院大,https://wrestling-spirits.jp/www/wp-content/data/80/ichiran_domestic/Daigaku_FF.pdf
university-championship,フリースタイル,2024,86kg,五十嵐文彌,山梨学院大,https://wrestling-spirits.jp/www/wp-content/data/80/ichiran_domestic/Daigaku_FF.pdf
university-championship,フリースタイル,2024,92kg,三浦 哲史,拓大,https://wrestling-spirits.jp/www/wp-content/data/80/ichiran_domestic/Daigaku_FF.pdf
university-championship,フリースタイル,2024,97kg,甫木元起,日体大,https://wrestling-spirits.jp/www/wp-content/data/80/ichiran_domestic/Daigaku_FF.pdf
university-championship,フリースタイル,2024,125kg,吉田アラシ,日大,https://wrestling-spirits.jp/www/wp-content/data/80/ichiran_domestic/Daigaku_FF.pdf
university-championship,フリースタイル,2023,57kg,佐々木風雅,日大,https://wrestling-spirits.jp/www/wp-content/data/80/ichiran_domestic/Daigaku_FF.pdf
university-championship,フリースタイル,2023,61kg,田南部魁星,日体大,https://wrestling-spirits.jp/www/wp-content/data/80/ichiran_domestic/Daigaku_FF.pdf
university-championship,フリースタイル,2023,65kg,清岡幸大郎,日体大,https://wrestling-spirits.jp/www/wp-content/data/80/ichiran_domestic/Daigaku_FF.pdf
university-championship,フリースタイル,2023,70kg,青柳善の輔,山梨学院大,https://wrestling-spirits.jp/www/wp-content/data/80/ichiran_domestic/Daigaku_FF.pdf
university-championship,フリースタイル,2023,74kg,山倉 孝介,早大,https://wrestling-spirits.jp/www/wp-content/data/80/ichiran_domestic/Daigaku_FF.pdf
university-championship,フリースタイル,2023,79kg,神谷龍之介,日体大,https://wrestling-spirits.jp/www/wp-content/data/80/ichiran_domestic/Daigaku_FF.pdf
university-championship,フリースタイル,2023,86kg,髙橋 夢大,日体大,https://wrestling-spirits.jp/www/wp-content/data/80/ichiran_domestic/Daigaku_FF.pdf
university-championship,フリースタイル,2023,92kg,三浦 哲史,拓大,https://wrestling-spirits.jp/www/wp-content/data/80/ichiran_domestic/Daigaku_FF.pdf
university-championship,フリースタイル,2023,97kg,吉田アラシ,日大,https://wrestling-spirits.jp/www/wp-content/data/80/ichiran_domestic/Daigaku_FF.pdf
university-championship,フリースタイル,2023,125kg,バドバヤル・ナムバルダグワ,育英大,https://wrestling-spirits.jp/www/wp-content/data/80/ichiran_domestic/Daigaku_FF.pdf
university-championship,フリースタイル,2022,57kg,弓矢 健人,日体大,https://wrestling-spirits.jp/www/wp-content/data/80/ichiran_domestic/Daigaku_FF.pdf
university-championship,フリースタイル,2022,61kg,田南部魁星,日体大,https://wrestling-spirits.jp/www/wp-content/data/80/ichiran_domestic/Daigaku_FF.pdf
university-championship,フリースタイル,2022,65kg,荻野 海志,山梨学院大,https://wrestling-spirits.jp/www/wp-content/data/80/ichiran_domestic/Daigaku_FF.pdf
university-championship,フリースタイル,2022,70kg,青柳善の輔,山梨学院大,https://wrestling-spirits.jp/www/wp-content/data/80/ichiran_domestic/Daigaku_FF.pdf
university-championship,フリースタイル,2022,74kg,高田 煕,日体大,https://wrestling-spirits.jp/www/wp-content/data/80/ichiran_domestic/Daigaku_FF.pdf
university-championship,フリースタイル,2022,79kg,山田 脩,日体大,https://wrestling-spirits.jp/www/wp-content/data/80/ichiran_domestic/Daigaku_FF.pdf
university-championship,フリースタイル,2022,86kg,五十嵐文彌,山梨学院大,https://wrestling-spirits.jp/www/wp-content/data/80/ichiran_domestic/Daigaku_FF.pdf
university-championship,フリースタイル,2022,92kg,坂井孝太朗,明大,https://wrestling-spirits.jp/www/wp-content/data/80/ichiran_domestic/Daigaku_FF.pdf
university-championship,フリースタイル,2022,97kg,吉田アラシ,日大,https://wrestling-spirits.jp/www/wp-content/data/80/ichiran_domestic/Daigaku_FF.pdf
university-championship,フリースタイル,2022,125kg,伊藤飛未来,日体大,https://wrestling-spirits.jp/www/wp-content/data/80/ichiran_domestic/Daigaku_FF.pdf
university-championship,フリースタイル,2021,57kg,弓矢 暖人,日体大,https://wrestling-spirits.jp/www/wp-content/data/80/ichiran_domestic/Daigaku_FF.pdf
university-championship,フリースタイル,2021,61kg,森川 海舟,拓大,https://wrestling-spirits.jp/www/wp-content/data/80/ichiran_domestic/Daigaku_FF.pdf
university-championship,フリースタイル,2021,65kg,山口 海輝,日体大,https://wrestling-spirits.jp/www/wp-content/data/80/ichiran_domestic/Daigaku_FF.pdf
university-championship,フリースタイル,2021,70kg,大野恵太郎,日体大,https://wrestling-spirits.jp/www/wp-content/data/80/ichiran_domestic/Daigaku_FF.pdf
university-championship,フリースタイル,2021,74kg,小柴 伊織,日体大,https://wrestling-spirits.jp/www/wp-content/data/80/ichiran_domestic/Daigaku_FF.pdf
university-championship,フリースタイル,2021,86kg,白井 達也,日体大,https://wrestling-spirits.jp/www/wp-content/data/80/ichiran_domestic/Daigaku_FF.pdf
university-championship,フリースタイル,2021,97kg,石黒 隼士,日大,https://wrestling-spirits.jp/www/wp-content/data/80/ichiran_domestic/Daigaku_FF.pdf
university-championship,フリースタイル,2021,125kg,吉田 ケイワン,日大,https://wrestling-spirits.jp/www/wp-content/data/80/ichiran_domestic/Daigaku_FF.pdf
university-championship,フリースタイル,2020,57kg,竹下 雄登,日体大,https://wrestling-spirits.jp/www/wp-content/data/80/ichiran_domestic/Daigaku_FF.pdf
university-championship,フリースタイル,2020,61kg,小川 航大,日体大,https://wrestling-spirits.jp/www/wp-content/data/80/ichiran_domestic/Daigaku_FF.pdf
university-championship,フリースタイル,2020,65kg,山口 海輝,日体大,https://wrestling-spirits.jp/www/wp-content/data/80/ichiran_domestic/Daigaku_FF.pdf
university-championship,フリースタイル,2020,70kg,谷山拓磨,拓大,https://wrestling-spirits.jp/www/wp-content/data/80/ichiran_domestic/Daigaku_FF.pdf
university-championship,フリースタイル,2020,74kg,志賀 晃次郎,拓大,https://wrestling-spirits.jp/www/wp-content/data/80/ichiran_domestic/Daigaku_FF.pdf
university-championship,フリースタイル,2020,86kg,石黒 隼士,日大,https://wrestling-spirits.jp/www/wp-content/data/80/ichiran_domestic/Daigaku_FF.pdf
university-championship,フリースタイル,2020,97kg,大津 拓馬,山梨学院大,https://wrestling-spirits.jp/www/wp-content/data/80/ichiran_domestic/Daigaku_FF.pdf
university-championship,フリースタイル,2020,125kg,バグダウレット・アルメンタイ,山梨学院大,https://wrestling-spirits.jp/www/wp-content/data/80/ichiran_domestic/Daigaku_FF.pdf
university-championship,フリースタイル,2019,57kg,新井 陸人,日体大,https://wrestling-spirits.jp/www/wp-content/data/80/ichiran_domestic/Daigaku_FF.pdf
university-championship,フリースタイル,2019,61kg,榊 流斗,山梨学院大,https://wrestling-spirits.jp/www/wp-content/data/80/ichiran_domestic/Daigaku_FF.pdf
university-championship,フリースタイル,2019,65kg,安楽 龍馬,早大,https://wrestling-spirits.jp/www/wp-content/data/80/ichiran_domestic/Daigaku_FF.pdf
university-championship,フリースタイル,2019,70kg,志賀 晃次郎,拓大,https://wrestling-spirits.jp/www/wp-content/data/80/ichiran_domestic/Daigaku_FF.pdf
university-championship,フリースタイル,2019,74kg,川畑 孔明,東洋大,https://wrestling-spirits.jp/www/wp-content/data/80/ichiran_domestic/Daigaku_FF.pdf
university-championship,フリースタイル,2019,86kg,石黒 隼士,日大,https://wrestling-spirits.jp/www/wp-content/data/80/ichiran_domestic/Daigaku_FF.pdf
university-championship,フリースタイル,2019,97kg,吉田 ケイワン,日大,https://wrestling-spirits.jp/www/wp-content/data/80/ichiran_domestic/Daigaku_FF.pdf
university-championship,フリースタイル,2019,125kg,バグダウレット・アルメンタイ,山梨学院大,https://wrestling-spirits.jp/www/wp-content/data/80/ichiran_domestic/Daigaku_FF.pdf
university-championship,フリースタイル,2018,57kg,新井 陸人,日体大,https://wrestling-spirits.jp/www/wp-content/data/80/ichiran_domestic/Daigaku_FF.pdf
university-championship,フリースタイル,2018,61kg,山口 海輝,日体大,https://wrestling-spirits.jp/www/wp-content/data/80/ichiran_domestic/Daigaku_FF.pdf
university-championship,フリースタイル,2018,65kg,谷山 拓磨,拓大,https://wrestling-spirits.jp/www/wp-content/data/80/ichiran_domestic/Daigaku_FF.pdf
university-championship,フリースタイル,2018,70kg,志賀 晃次郎,拓大,https://wrestling-spirits.jp/www/wp-content/data/80/ichiran_domestic/Daigaku_FF.pdf
university-championship,フリースタイル,2018,74kg,藤波 勇飛,山梨学院大,https://wrestling-spirits.jp/www/wp-content/data/80/ichiran_domestic/Daigaku_FF.pdf
university-championship,フリースタイル,2018,86kg,松雪 泰成,専大,https://wrestling-spirits.jp/www/wp-content/data/80/ichiran_domestic/Daigaku_FF.pdf
university-championship,フリースタイル,2018,97kg,バグダウレット・アルメンタイ,山梨学院大,https://wrestling-spirits.jp/www/wp-content/data/80/ichiran_domestic/Daigaku_FF.pdf
university-championship,フリースタイル,2018,125kg,山本泰輝,拓大,https://wrestling-spirits.jp/www/wp-content/data/80/ichiran_domestic/Daigaku_FF.pdf
university-championship,フリースタイル,2017,57kg,長谷川 敏裕,日体大,https://wrestling-spirits.jp/www/wp-content/data/80/ichiran_domestic/Daigaku_FF.pdf
university-championship,フリースタイル,2017,65kg,中村 剛士,専大,https://wrestling-spirits.jp/www/wp-content/data/80/ichiran_domestic/Daigaku_FF.pdf
university-championship,フリースタイル,2017,70kg,木下 貴輪,山梨学院大,https://wrestling-spirits.jp/www/wp-content/data/80/ichiran_domestic/Daigaku_FF.pdf
university-championship,フリースタイル,2017,74kg,藤波 勇飛,山梨学院大,https://wrestling-spirits.jp/www/wp-content/data/80/ichiran_domestic/Daigaku_FF.pdf
university-championship,フリースタイル,2017,86kg,白井 勝太,日大,https://wrestling-spirits.jp/www/wp-content/data/80/ichiran_domestic/Daigaku_FF.pdf
university-championship,フリースタイル,2017,97kg,バグダウレット・アルメンタイ,山梨学院大,https://wrestling-spirits.jp/www/wp-content/data/80/ichiran_domestic/Daigaku_FF.pdf
university-championship,フリースタイル,2017,125kg,伊藤 昌,国士舘大,https://wrestling-spirits.jp/www/wp-content/data/80/ichiran_domestic/Daigaku_FF.pdf
university-championship,フリースタイル,2016,57kg,井出 光星,専大,https://wrestling-spirits.jp/www/wp-content/data/80/ichiran_domestic/Daigaku_FF.pdf
university-championship,フリースタイル,2016,61kg,樋口 黎,日体大,https://wrestling-spirits.jp/www/wp-content/data/80/ichiran_domestic/Daigaku_FF.pdf
university-championship,フリースタイル,2016,65kg,米澤 圭,早大,https://wrestling-spirits.jp/www/wp-content/data/80/ichiran_domestic/Daigaku_FF.pdf
university-championship,フリースタイル,2016,70kg,藤波 勇飛,山梨学院大,https://wrestling-spirits.jp/www/wp-content/data/80/ichiran_domestic/Daigaku_FF.pdf
university-championship,フリースタイル,2016,74kg,木下 貴輪,山梨学院大,https://wrestling-spirits.jp/www/wp-content/data/80/ichiran_domestic/Daigaku_FF.pdf
university-championship,フリースタイル,2016,86kg,松坂 誠應,日体大,https://wrestling-spirits.jp/www/wp-content/data/80/ichiran_domestic/Daigaku_FF.pdf
university-championship,フリースタイル,2016,97kg,園田 平,拓大,https://wrestling-spirits.jp/www/wp-content/data/80/ichiran_domestic/Daigaku_FF.pdf
university-championship,フリースタイル,2016,125kg,アレッグ・ボルチン,山梨学院大,https://wrestling-spirits.jp/www/wp-content/data/80/ichiran_domestic/Daigaku_FF.pdf
university-championship,フリースタイル,2015,57kg,高橋 侑希,山梨学院大,https://wrestling-spirits.jp/www/wp-content/data/80/ichiran_domestic/Daigaku_FF.pdf
university-championship,フリースタイル,2015,61kg,有元 伸悟,近大,https://wrestling-spirits.jp/www/wp-content/data/80/ichiran_domestic/Daigaku_FF.pdf
university-championship,フリースタイル,2015,65kg,藤波 勇飛,山梨学院大,https://wrestling-spirits.jp/www/wp-content/data/80/ichiran_domestic/Daigaku_FF.pdf
university-championship,フリースタイル,2015,70kg,木下 貴輪,山梨学院大,https://wrestling-spirits.jp/www/wp-content/data/80/ichiran_domestic/Daigaku_FF.pdf
university-championship,フリースタイル,2015,74kg,小山内 光将,日大,https://wrestling-spirits.jp/www/wp-content/data/80/ichiran_domestic/Daigaku_FF.pdf
university-championship,フリースタイル,2015,86kg,松坂 誠應,日体大,https://wrestling-spirits.jp/www/wp-content/data/80/ichiran_domestic/Daigaku_FF.pdf
university-championship,フリースタイル,2015,97kg,山本 康稀,日大,https://wrestling-spirits.jp/www/wp-content/data/80/ichiran_domestic/Daigaku_FF.pdf
university-championship,フリースタイル,2015,125kg,アレッグ・ボルチン,山梨学院大,https://wrestling-spirits.jp/www/wp-content/data/80/ichiran_domestic/Daigaku_FF.pdf
university-championship,フリースタイル,2014,57kg,中村 倫也,専大,https://wrestling-spirits.jp/www/wp-content/data/80/ichiran_domestic/Daigaku_FF.pdf
university-championship,フリースタイル,2014,61kg,鴨居 正和,山梨学院大,https://wrestling-spirits.jp/www/wp-content/data/80/ichiran_domestic/Daigaku_FF.pdf
university-championship,フリースタイル,2014,65kg,高谷 大地,拓大,https://wrestling-spirits.jp/www/wp-content/data/80/ichiran_domestic/Daigaku_FF.pdf
university-championship,フリースタイル,2014,70kg,多胡島 伸佳,早大,https://wrestling-spirits.jp/www/wp-content/data/80/ichiran_domestic/Daigaku_FF.pdf
university-championship,フリースタイル,2014,74kg,保坂 健,早大,https://wrestling-spirits.jp/www/wp-content/data/80/ichiran_domestic/Daigaku_FF.pdf
university-championship,フリースタイル,2014,86kg,白井 勝太,日大,https://wrestling-spirits.jp/www/wp-content/data/80/ichiran_domestic/Daigaku_FF.pdf
university-championship,フリースタイル,2014,97kg,山本 康稀,日大,https://wrestling-spirits.jp/www/wp-content/data/80/ichiran_domestic/Daigaku_FF.pdf
university-championship,フリースタイル,2014,125kg,アレッグ・ボルチン,山梨学院大,https://wrestling-spirits.jp/www/wp-content/data/80/ichiran_domestic/Daigaku_FF.pdf
university-championship,フリースタイル,2013,55kg,森下 史崇,日体大,https://wrestling-spirits.jp/www/wp-content/data/80/ichiran_domestic/Daigaku_FF.pdf
university-championship,フリースタイル,2013,60kg,鴨居 正和,山梨学院大,https://wrestling-spirits.jp/www/wp-content/data/80/ichiran_domestic/Daigaku_FF.pdf
university-championship,フリースタイル,2013,66kg,保坂 健,早大,https://wrestling-spirits.jp/www/wp-content/data/80/ichiran_domestic/Daigaku_FF.pdf
university-championship,フリースタイル,2013,74kg,山中 良一,日体大,https://wrestling-spirits.jp/www/wp-content/data/80/ichiran_domestic/Daigaku_FF.pdf
university-championship,フリースタイル,2013,84kg,赤熊 猶弥,拓大,https://wrestling-spirits.jp/www/wp-content/data/80/ichiran_domestic/Daigaku_FF.pdf
university-championship,フリースタイル,2013,96kg,山本 康稀,日大,https://wrestling-spirits.jp/www/wp-content/data/80/ichiran_domestic/Daigaku_FF.pdf
university-championship,フリースタイル,2013,120kg,アレッグ・ボルチン,山梨学院大,https://wrestling-spirits.jp/www/wp-content/data/80/ichiran_domestic/Daigaku_FF.pdf
university-championship,フリースタイル,2012,55kg,高橋 侑希,山梨学院大,https://wrestling-spirits.jp/www/wp-content/data/80/ichiran_domestic/Daigaku_FF.pdf
university-championship,フリースタイル,2012,60kg,鴨居 正和,山梨学院大,https://wrestling-spirits.jp/www/wp-content/data/80/ichiran_domestic/Daigaku_FF.pdf
university-championship,フリースタイル,2012,66kg,田中 幸太郎,早大,https://wrestling-spirits.jp/www/wp-content/data/80/ichiran_domestic/Daigaku_FF.pdf
university-championship,フリースタイル,2012,74kg,島田 大育,国士舘大,https://wrestling-spirits.jp/www/wp-content/data/80/ichiran_domestic/Daigaku_FF.pdf
university-championship,フリースタイル,2012,84kg,葈澤 謙,国士舘大,https://wrestling-spirits.jp/www/wp-content/data/80/ichiran_domestic/Daigaku_FF.pdf
university-championship,フリースタイル,2012,96kg,山本 康稀,日大,https://wrestling-spirits.jp/www/wp-content/data/80/ichiran_domestic/Daigaku_FF.pdf
university-championship,フリースタイル,2012,120kg,前川 勝利,早大,https://wrestling-spirits.jp/www/wp-content/data/80/ichiran_domestic/Daigaku_FF.pdf
university-championship,フリースタイル,2011,55kg,半田 守,専大,https://wrestling-spirits.jp/www/wp-content/data/80/ichiran_domestic/Daigaku_FF.pdf
university-championship,フリースタイル,2011,60kg,池田 智,日大,https://wrestling-spirits.jp/www/wp-content/data/80/ichiran_domestic/Daigaku_FF.pdf
university-championship,フリースタイル,2011,66kg,井上 貴尋,日体大,https://wrestling-spirits.jp/www/wp-content/data/80/ichiran_domestic/Daigaku_FF.pdf
university-championship,フリースタイル,2011,74kg,高谷 惣亮,拓大,https://wrestling-spirits.jp/www/wp-content/data/80/ichiran_domestic/Daigaku_FF.pdf
university-championship,フリースタイル,2011,84kg,佐々木 健吾,日体大,https://wrestling-spirits.jp/www/wp-content/data/80/ichiran_domestic/Daigaku_FF.pdf
university-championship,フリースタイル,2011,96kg,馬場 貴大,専大,https://wrestling-spirits.jp/www/wp-content/data/80/ichiran_domestic/Daigaku_FF.pdf
university-championship,フリースタイル,2011,120kg,村木 孝太郎,拓大,https://wrestling-spirits.jp/www/wp-content/data/80/ichiran_domestic/Daigaku_FF.pdf
university-championship,フリースタイル,2010,55kg,須藤 学,日大,https://wrestling-spirits.jp/www/wp-content/data/80/ichiran_domestic/Daigaku_FF.pdf
university-championship,フリースタイル,2010,60kg,鈴木 康寛,拓大,https://wrestling-spirits.jp/www/wp-content/data/80/ichiran_domestic/Daigaku_FF.pdf
university-championship,フリースタイル,2010,66kg,岡本 佑士,拓大,https://wrestling-spirits.jp/www/wp-content/data/80/ichiran_domestic/Daigaku_FF.pdf
university-championship,フリースタイル,2010,74kg,高谷 惣亮,拓大,https://wrestling-spirits.jp/www/wp-content/data/80/ichiran_domestic/Daigaku_FF.pdf
university-championship,フリースタイル,2010,84kg,鈴木 聖二,専大,https://wrestling-spirits.jp/www/wp-content/data/80/ichiran_domestic/Daigaku_FF.pdf
university-championship,フリースタイル,2010,96kg,武富 隆,早大,https://wrestling-spirits.jp/www/wp-content/data/80/ichiran_domestic/Daigaku_FF.pdf
university-championship,フリースタイル,2010,120kg,岡 太一,拓大,https://wrestling-spirits.jp/www/wp-content/data/80/ichiran_domestic/Daigaku_FF.pdf
university-championship,フリースタイル,2009,55kg,須藤 学,日大,https://wrestling-spirits.jp/www/wp-content/data/80/ichiran_domestic/Daigaku_FF.pdf
university-championship,フリースタイル,2009,60kg,小田 裕之,国士舘大,https://wrestling-spirits.jp/www/wp-content/data/80/ichiran_domestic/Daigaku_FF.pdf
university-championship,フリースタイル,2009,66kg,森川 一樹,山梨学院大,https://wrestling-spirits.jp/www/wp-content/data/80/ichiran_domestic/Daigaku_FF.pdf
university-championship,フリースタイル,2009,74kg,高谷 惣亮,拓大,https://wrestling-spirits.jp/www/wp-content/data/80/ichiran_domestic/Daigaku_FF.pdf
university-championship,フリースタイル,2009,84kg,山口 剛,早大,https://wrestling-spirits.jp/www/wp-content/data/80/ichiran_domestic/Daigaku_FF.pdf
university-championship,フリースタイル,2009,96kg,金沢 勝利,山梨学院大,https://wrestling-spirits.jp/www/wp-content/data/80/ichiran_domestic/Daigaku_FF.pdf
university-championship,フリースタイル,2009,120kg,荒木田 進謙,専大,https://wrestling-spirits.jp/www/wp-content/data/80/ichiran_domestic/Daigaku_FF.pdf
university-championship,フリースタイル,2008,55kg,守田 泰弘,日体大,https://wrestling-spirits.jp/www/wp-content/data/80/ichiran_domestic/Daigaku_FF.pdf
university-championship,フリースタイル,2008,60kg,前田 翔吾,日体大,https://wrestling-spirits.jp/www/wp-content/data/80/ichiran_domestic/Daigaku_FF.pdf
university-championship,フリースタイル,2008,66kg,米満 達弘,拓大,https://wrestling-spirits.jp/www/wp-content/data/80/ichiran_domestic/Daigaku_FF.pdf
university-championship,フリースタイル,2008,74kg,高谷 惣亮,拓大,https://wrestling-spirits.jp/www/wp-content/data/80/ichiran_domestic/Daigaku_FF.pdf
university-championship,フリースタイル,2008,84kg,松本 篤史,日体大,https://wrestling-spirits.jp/www/wp-content/data/80/ichiran_domestic/Daigaku_FF.pdf
university-championship,フリースタイル,2008,96kg,門間 順輝,日体大,https://wrestling-spirits.jp/www/wp-content/data/80/ichiran_domestic/Daigaku_FF.pdf
university-championship,フリースタイル,2008,120kg,ボリス・ムジコフ,山梨学院大,https://wrestling-spirits.jp/www/wp-content/data/80/ichiran_domestic/Daigaku_FF.pdf
university-championship,フリースタイル,2007,55kg,稲葉 泰弘,専大,https://wrestling-spirits.jp/www/wp-content/data/80/ichiran_domestic/Daigaku_FF.pdf
university-championship,フリースタイル,2007,60kg,大沢 茂樹,山梨学院大,https://wrestling-spirits.jp/www/wp-content/data/80/ichiran_domestic/Daigaku_FF.pdf
university-championship,フリースタイル,2007,66kg,藤本 浩平,拓大,https://wrestling-spirits.jp/www/wp-content/data/80/ichiran_domestic/Daigaku_FF.pdf
university-championship,フリースタイル,2007,74kg,大月 葵斐,早大,https://wrestling-spirits.jp/www/wp-content/data/80/ichiran_domestic/Daigaku_FF.pdf
university-championship,フリースタイル,2007,84kg,伊藤 啓太,拓大,https://wrestling-spirits.jp/www/wp-content/data/80/ichiran_domestic/Daigaku_FF.pdf
university-championship,フリースタイル,2007,96kg,斎川 哲克,日体大,https://wrestling-spirits.jp/www/wp-content/data/80/ichiran_domestic/Daigaku_FF.pdf
university-championship,フリースタイル,2007,120kg,中村 淳志,拓大,https://wrestling-spirits.jp/www/wp-content/data/80/ichiran_domestic/Daigaku_FF.pdf
university-championship,フリースタイル,2006,55kg,長谷川 恒平,青山学院大,https://wrestling-spirits.jp/www/wp-content/data/80/ichiran_domestic/Daigaku_FF.pdf
university-championship,フリースタイル,2006,60kg,高塚 紀行,日大,https://wrestling-spirits.jp/www/wp-content/data/80/ichiran_domestic/Daigaku_FF.pdf
university-championship,フリースタイル,2006,66kg,佐藤 吏,早大,https://wrestling-spirits.jp/www/wp-content/data/80/ichiran_domestic/Daigaku_FF.pdf
university-championship,フリースタイル,2006,74kg,桜井 浩二,拓大,https://wrestling-spirits.jp/www/wp-content/data/80/ichiran_domestic/Daigaku_FF.pdf
university-championship,フリースタイル,2006,84kg,磯川 孝生,拓大,https://wrestling-spirits.jp/www/wp-content/data/80/ichiran_domestic/Daigaku_FF.pdf
university-championship,フリースタイル,2006,96kg,松本 真也,日大,https://wrestling-spirits.jp/www/wp-content/data/80/ichiran_domestic/Daigaku_FF.pdf
university-championship,フリースタイル,2006,120kg,荒木田 進謙,専大,https://wrestling-spirits.jp/www/wp-content/data/80/ichiran_domestic/Daigaku_FF.pdf
university-championship,フリースタイル,2005,55kg,長谷川 恒平,青山学院大,https://wrestling-spirits.jp/www/wp-content/data/80/ichiran_domestic/Daigaku_FF.pdf
university-championship,フリースタイル,2005,60kg,大沢 茂樹,山梨学院大,https://wrestling-spirits.jp/www/wp-content/data/80/ichiran_domestic/Daigaku_FF.pdf
university-championship,フリースタイル,2005,66kg,佐藤 吏,早大,https://wrestling-spirits.jp/www/wp-content/data/80/ichiran_domestic/Daigaku_FF.pdf
university-championship,フリースタイル,2005,74kg,マキシモ・ブランコ,日大,https://wrestling-spirits.jp/www/wp-content/data/80/ichiran_domestic/Daigaku_FF.pdf
university-championship,フリースタイル,2005,84kg,磯川 孝生,拓大,https://wrestling-spirits.jp/www/wp-content/data/80/ichiran_domestic/Daigaku_FF.pdf
university-championship,フリースタイル,2005,96kg,米山 祥嗣,日体大,https://wrestling-spirits.jp/www/wp-content/data/80/ichiran_domestic/Daigaku_FF.pdf
university-championship,フリースタイル,2005,120kg,中村 淳志,拓大,https://wrestling-spirits.jp/www/wp-content/data/80/ichiran_domestic/Daigaku_FF.pdf
university-championship,フリースタイル,2004,55kg,長谷川 恒平,青山学院大,https://wrestling-spirits.jp/www/wp-content/data/80/ichiran_domestic/Daigaku_FF.pdf
university-championship,フリースタイル,2004,60kg,高塚 紀行,日大,https://wrestling-spirits.jp/www/wp-content/data/80/ichiran_domestic/Daigaku_FF.pdf
university-championship,フリースタイル,2004,66kg,佐藤 吏,早大,https://wrestling-spirits.jp/www/wp-content/data/80/ichiran_domestic/Daigaku_FF.pdf
university-championship,フリースタイル,2004,74kg,加藤 陽輔,日体大,https://wrestling-spirits.jp/www/wp-content/data/80/ichiran_domestic/Daigaku_FF.pdf
university-championship,フリースタイル,2004,84kg,磯川 孝生,拓大,https://wrestling-spirits.jp/www/wp-content/data/80/ichiran_domestic/Daigaku_FF.pdf
university-championship,フリースタイル,2004,96kg,松本 真也,日大,https://wrestling-spirits.jp/www/wp-content/data/80/ichiran_domestic/Daigaku_FF.pdf
university-championship,フリースタイル,2004,120kg,田中 章仁,専大,https://wrestling-spirits.jp/www/wp-content/data/80/ichiran_domestic/Daigaku_FF.pdf
university-championship,フリースタイル,2003,55kg,清水 聖志人,日体大,https://wrestling-spirits.jp/www/wp-content/data/80/ichiran_domestic/Daigaku_FF.pdf
university-championship,フリースタイル,2003,60kg,小島 豪臣,日体大,https://wrestling-spirits.jp/www/wp-content/data/80/ichiran_domestic/Daigaku_FF.pdf
university-championship,フリースタイル,2003,66kg,佐藤 吏,早大,https://wrestling-spirits.jp/www/wp-content/data/80/ichiran_domestic/Daigaku_FF.pdf
university-championship,フリースタイル,2003,74kg,高橋 龍太,拓大,https://wrestling-spirits.jp/www/wp-content/data/80/ichiran_domestic/Daigaku_FF.pdf
university-championship,フリースタイル,2003,84kg,長島 和幸,早大,https://wrestling-spirits.jp/www/wp-content/data/80/ichiran_domestic/Daigaku_FF.pdf
university-championship,フリースタイル,2003,96kg,松本 真也,日大,https://wrestling-spirits.jp/www/wp-content/data/80/ichiran_domestic/Daigaku_FF.pdf
university-championship,フリースタイル,2003,120kg,田中 章仁,専大,https://wrestling-spirits.jp/www/wp-content/data/80/ichiran_domestic/Daigaku_FF.pdf
university-championship,フリースタイル,2002,55kg,松永 共広,日体大,https://wrestling-spirits.jp/www/wp-content/data/80/ichiran_domestic/Daigaku_FF.pdf
university-championship,フリースタイル,2002,60kg,谷 和典,日大,https://wrestling-spirits.jp/www/wp-content/data/80/ichiran_domestic/Daigaku_FF.pdf
university-championship,フリースタイル,2002,66kg,長島 正彦,青山学院大,https://wrestling-spirits.jp/www/wp-content/data/80/ichiran_domestic/Daigaku_FF.pdf
university-championship,フリースタイル,2002,74kg,長島 和幸,早大,https://wrestling-spirits.jp/www/wp-content/data/80/ichiran_domestic/Daigaku_FF.pdf
university-championship,フリースタイル,2002,84kg,小幡 邦彦,山梨学院大,https://wrestling-spirits.jp/www/wp-content/data/80/ichiran_domestic/Daigaku_FF.pdf
university-championship,フリースタイル,2002,96kg,加藤 賢三,大東大,https://wrestling-spirits.jp/www/wp-content/data/80/ichiran_domestic/Daigaku_FF.pdf
university-championship,フリースタイル,2002,120kg,沢田 直樹,拓大,https://wrestling-spirits.jp/www/wp-content/data/80/ichiran_domestic/Daigaku_FF.pdf
university-championship,フリースタイル,2001,54kg,松永 共広,日体大,https://wrestling-spirits.jp/www/wp-content/data/80/ichiran_domestic/Daigaku_FF.pdf
university-championship,フリースタイル,2001,58kg,松尾 大士,日体大,https://wrestling-spirits.jp/www/wp-content/data/80/ichiran_domestic/Daigaku_FF.pdf
university-championship,フリースタイル,2001,63kg,池松 和彦,日体大,https://wrestling-spirits.jp/www/wp-content/data/80/ichiran_domestic/Daigaku_FF.pdf
university-championship,フリースタイル,2001,69kg,池田 孝之,日体大,https://wrestling-spirits.jp/www/wp-content/data/80/ichiran_domestic/Daigaku_FF.pdf
university-championship,フリースタイル,2001,76kg,小幡 邦彦,山梨学院大,https://wrestling-spirits.jp/www/wp-content/data/80/ichiran_domestic/Daigaku_FF.pdf
university-championship,フリースタイル,2001,85kg,菅 太一,日大,https://wrestling-spirits.jp/www/wp-content/data/80/ichiran_domestic/Daigaku_FF.pdf
university-championship,フリースタイル,2001,97kg,藤田 尚志,山梨学院大,https://wrestling-spirits.jp/www/wp-content/data/80/ichiran_domestic/Daigaku_FF.pdf
university-championship,フリースタイル,2001,130kg,沢田 直樹,拓大,https://wrestling-spirits.jp/www/wp-content/data/80/ichiran_domestic/Daigaku_FF.pdf
university-championship,フリースタイル,2000,54kg,高橋 利典,山梨学院大,https://wrestling-spirits.jp/www/wp-content/data/80/ichiran_domestic/Daigaku_FF.pdf
university-championship,フリースタイル,2000,58kg,松尾 大士,日体大,https://wrestling-spirits.jp/www/wp-content/data/80/ichiran_domestic/Daigaku_FF.pdf
university-championship,フリースタイル,2000,63kg,金渕 清文,国士舘大,https://wrestling-spirits.jp/www/wp-content/data/80/ichiran_domestic/Daigaku_FF.pdf
university-championship,フリースタイル,2000,69kg,筧田 幸宏,国士舘大,https://wrestling-spirits.jp/www/wp-content/data/80/ichiran_domestic/Daigaku_FF.pdf
university-championship,フリースタイル,2000,76kg,小幡 邦彦,山梨学院大,https://wrestling-spirits.jp/www/wp-content/data/80/ichiran_domestic/Daigaku_FF.pdf
university-championship,フリースタイル,2000,85kg,税田 拓也,拓大,https://wrestling-spirits.jp/www/wp-content/data/80/ichiran_domestic/Daigaku_FF.pdf
university-championship,フリースタイル,2000,97kg,小平 清貴,山梨学院大,https://wrestling-spirits.jp/www/wp-content/data/80/ichiran_domestic/Daigaku_FF.pdf
university-championship,フリースタイル,2000,130kg,矢野 通,日大,https://wrestling-spirits.jp/www/wp-content/data/80/ichiran_domestic/Daigaku_FF.pdf
university-championship,フリースタイル,1999,54kg,高橋 利典,山梨学院大,https://wrestling-spirits.jp/www/wp-content/data/80/ichiran_domestic/Daigaku_FF.pdf
university-championship,フリースタイル,1999,58kg,山本 徳郁,山梨学院大,https://wrestling-spirits.jp/www/wp-content/data/80/ichiran_domestic/Daigaku_FF.pdf
university-championship,フリースタイル,1999,63kg,金渕 清文,国士舘大,https://wrestling-spirits.jp/www/wp-content/data/80/ichiran_domestic/Daigaku_FF.pdf
university-championship,フリースタイル,1999,69kg,工藤 祐士,日体大,https://wrestling-spirits.jp/www/wp-content/data/80/ichiran_domestic/Daigaku_FF.pdf
university-championship,フリースタイル,1999,76kg,小幡 邦彦,山梨学院大,https://wrestling-spirits.jp/www/wp-content/data/80/ichiran_domestic/Daigaku_FF.pdf
university-championship,フリースタイル,1999,85kg,溝上 誠治,日体大,https://wrestling-spirits.jp/www/wp-content/data/80/ichiran_domestic/Daigaku_FF.pdf
university-championship,フリースタイル,1999,97kg,小平 清貴,山梨学院大,https://wrestling-spirits.jp/www/wp-content/data/80/ichiran_domestic/Daigaku_FF.pdf
university-championship,フリースタイル,1999,130kg,佐藤 丈治,中大,https://wrestling-spirits.jp/www/wp-content/data/80/ichiran_domestic/Daigaku_FF.pdf
university-championship,フリースタイル,1998,54kg,嶋村 豊一,日体大,https://wrestling-spirits.jp/www/wp-content/data/80/ichiran_domestic/Daigaku_FF.pdf
university-championship,フリースタイル,1998,58kg,井上 謙二,日大,https://wrestling-spirits.jp/www/wp-content/data/80/ichiran_domestic/Daigaku_FF.pdf
university-championship,フリースタイル,1998,63kg,太田 亮介,日大,https://wrestling-spirits.jp/www/wp-content/data/80/ichiran_domestic/Daigaku_FF.pdf
university-championship,フリースタイル,1998,69kg,川鍋 辰徳,日大,https://wrestling-spirits.jp/www/wp-content/data/80/ichiran_domestic/Daigaku_FF.pdf
university-championship,フリースタイル,1998,76kg,大橋 理秀,桃山学院大,https://wrestling-spirits.jp/www/wp-content/data/80/ichiran_domestic/Daigaku_FF.pdf
university-championship,フリースタイル,1998,85kg,今村 雄介,日体大,https://wrestling-spirits.jp/www/wp-content/data/80/ichiran_domestic/Daigaku_FF.pdf
university-championship,フリースタイル,1998,97kg,松本 慎吾,日体大,https://wrestling-spirits.jp/www/wp-content/data/80/ichiran_domestic/Daigaku_FF.pdf
university-championship,フリースタイル,1998,130kg,鈴木 克彰,拓大,https://wrestling-spirits.jp/www/wp-content/data/80/ichiran_domestic/Daigaku_FF.pdf
university-championship,フリースタイル,1997,54kg,長尾 勇気,日体大,https://wrestling-spirits.jp/www/wp-content/data/80/ichiran_domestic/Daigaku_FF.pdf
university-championship,フリースタイル,1997,58kg,橋本 秀明,青山学院大,https://wrestling-spirits.jp/www/wp-content/data/80/ichiran_domestic/Daigaku_FF.pdf
university-championship,フリースタイル,1997,63kg,宮田 和幸,日大,https://wrestling-spirits.jp/www/wp-content/data/80/ichiran_domestic/Daigaku_FF.pdf
university-championship,フリースタイル,1997,69kg,伊東 克佳,日大,https://wrestling-spirits.jp/www/wp-content/data/80/ichiran_domestic/Daigaku_FF.pdf
university-championship,フリースタイル,1997,76kg,川鍋 辰徳,日大,https://wrestling-spirits.jp/www/wp-content/data/80/ichiran_domestic/Daigaku_FF.pdf
university-championship,フリースタイル,1997,85kg,今村 雄介,日体大,https://wrestling-spirits.jp/www/wp-content/data/80/ichiran_domestic/Daigaku_FF.pdf
university-championship,フリースタイル,1997,97kg,松本 慎吾,日体大,https://wrestling-spirits.jp/www/wp-content/data/80/ichiran_domestic/Daigaku_FF.pdf
university-championship,フリースタイル,1997,130kg,吉田 清太郎,国士舘大,https://wrestling-spirits.jp/www/wp-content/data/80/ichiran_domestic/Daigaku_FF.pdf
university-championship,フリースタイル,1996,48kg,忌部 公介,東洋大,https://wrestling-spirits.jp/www/wp-content/data/80/ichiran_domestic/Daigaku_FF.pdf
university-championship,フリースタイル,1996,52kg,森田 武士,日大,https://wrestling-spirits.jp/www/wp-content/data/80/ichiran_domestic/Daigaku_FF.pdf
university-championship,フリースタイル,1996,57kg,井上 謙二,日大,https://wrestling-spirits.jp/www/wp-content/data/80/ichiran_domestic/Daigaku_FF.pdf
university-championship,フリースタイル,1996,62kg,谷山 祐治,日体大,https://wrestling-spirits.jp/www/wp-content/data/80/ichiran_domestic/Daigaku_FF.pdf
university-championship,フリースタイル,1996,68kg,斎藤 柔,日大,https://wrestling-spirits.jp/www/wp-content/data/80/ichiran_domestic/Daigaku_FF.pdf
university-championship,フリースタイル,1996,74kg,本名 栄仁,日体大,https://wrestling-spirits.jp/www/wp-content/data/80/ichiran_domestic/Daigaku_FF.pdf
university-championship,フリースタイル,1996,82kg,高橋 善孝,日大,https://wrestling-spirits.jp/www/wp-content/data/80/ichiran_domestic/Daigaku_FF.pdf
university-championship,フリースタイル,1996,90kg,花田 眞秀,国士舘大,https://wrestling-spirits.jp/www/wp-content/data/80/ichiran_domestic/Daigaku_FF.pdf
university-championship,フリースタイル,1996,100kg,篠崎 正二,日体大,https://wrestling-spirits.jp/www/wp-content/data/80/ichiran_domestic/Daigaku_FF.pdf
university-championship,フリースタイル,1996,130kg,滝沢 慎,日大,https://wrestling-spirits.jp/www/wp-content/data/80/ichiran_domestic/Daigaku_FF.pdf
university-championship,フリースタイル,1995,48kg,戸井田 昌教,国士舘大,https://wrestling-spirits.jp/www/wp-content/data/80/ichiran_domestic/Daigaku_FF.pdf
university-championship,フリースタイル,1995,52kg,草野 孝,山梨学院大,https://wrestling-spirits.jp/www/wp-content/data/80/ichiran_domestic/Daigaku_FF.pdf
university-championship,フリースタイル,1995,57kg,横瀬 二郎,国士舘大,https://wrestling-spirits.jp/www/wp-content/data/80/ichiran_domestic/Daigaku_FF.pdf
university-championship,フリースタイル,1995,62kg,佐藤 将章,国士舘大,https://wrestling-spirits.jp/www/wp-content/data/80/ichiran_domestic/Daigaku_FF.pdf
university-championship,フリースタイル,1995,68kg,天谷 満博,早大,https://wrestling-spirits.jp/www/wp-content/data/80/ichiran_domestic/Daigaku_FF.pdf
university-championship,フリースタイル,1995,74kg,柴田 寛,東農大,https://wrestling-spirits.jp/www/wp-content/data/80/ichiran_domestic/Daigaku_FF.pdf
university-championship,フリースタイル,1995,82kg,川合 達夫,日体大,https://wrestling-spirits.jp/www/wp-content/data/80/ichiran_domestic/Daigaku_FF.pdf
university-championship,フリースタイル,1995,90kg,ルイス・バレラ,日大,https://wrestling-spirits.jp/www/wp-content/data/80/ichiran_domestic/Daigaku_FF.pdf
university-championship,フリースタイル,1995,100kg,阿賀嶺,国士舘大,https://wrestling-spirits.jp/www/wp-content/data/80/ichiran_domestic/Daigaku_FF.pdf
university-championship,フリースタイル,1995,130kg,吉田 清太郎,国士舘大,https://wrestling-spirits.jp/www/wp-content/data/80/ichiran_domestic/Daigaku_FF.pdf
university-championship,フリースタイル,1994,48kg,戸井田 昌教,国士舘大,https://wrestling-spirits.jp/www/wp-content/data/80/ichiran_domestic/Daigaku_FF.pdf
university-championship,フリースタイル,1994,52kg,佐藤 公一,日体大,https://wrestling-spirits.jp/www/wp-content/data/80/ichiran_domestic/Daigaku_FF.pdf
university-championship,フリースタイル,1994,57kg,星 政宏,日体大,https://wrestling-spirits.jp/www/wp-content/data/80/ichiran_domestic/Daigaku_FF.pdf
university-championship,フリースタイル,1994,62kg,谷山 祐治,日体大,https://wrestling-spirits.jp/www/wp-content/data/80/ichiran_domestic/Daigaku_FF.pdf
university-championship,フリースタイル,1994,68kg,天谷 満博,早大,https://wrestling-spirits.jp/www/wp-content/data/80/ichiran_domestic/Daigaku_FF.pdf
university-championship,フリースタイル,1994,74kg,横山 武典,国士舘大,https://wrestling-spirits.jp/www/wp-content/data/80/ichiran_domestic/Daigaku_FF.pdf
university-championship,フリースタイル,1994,82kg,川合 達夫,日体大,https://wrestling-spirits.jp/www/wp-content/data/80/ichiran_domestic/Daigaku_FF.pdf
university-championship,フリースタイル,1994,90kg,花田 眞秀,国士舘大,https://wrestling-spirits.jp/www/wp-content/data/80/ichiran_domestic/Daigaku_FF.pdf
university-championship,フリースタイル,1994,100kg,菅原 文太,大東大,https://wrestling-spirits.jp/www/wp-content/data/80/ichiran_domestic/Daigaku_FF.pdf
university-championship,フリースタイル,1994,130kg,瀬川 浩寿,山梨学院大,https://wrestling-spirits.jp/www/wp-content/data/80/ichiran_domestic/Daigaku_FF.pdf
university-championship,フリースタイル,1993,48kg,佐伯 豊,日大,https://wrestling-spirits.jp/www/wp-content/data/80/ichiran_domestic/Daigaku_FF.pdf
university-championship,フリースタイル,1993,52kg,佐藤 公一,日体大,https://wrestling-spirits.jp/www/wp-content/data/80/ichiran_domestic/Daigaku_FF.pdf
university-championship,フリースタイル,1993,57kg,石嶋 勇次,山梨学院大,https://wrestling-spirits.jp/www/wp-content/data/80/ichiran_domestic/Daigaku_FF.pdf
university-championship,フリースタイル,1993,62kg,和田 貴広,国士舘大,https://wrestling-spirits.jp/www/wp-content/data/80/ichiran_domestic/Daigaku_FF.pdf
university-championship,フリースタイル,1993,68kg,小柴 健二,日体大,https://wrestling-spirits.jp/www/wp-content/data/80/ichiran_domestic/Daigaku_FF.pdf
university-championship,フリースタイル,1993,74kg,片山 貴光,日体大,https://wrestling-spirits.jp/www/wp-content/data/80/ichiran_domestic/Daigaku_FF.pdf
university-championship,フリースタイル,1993,82kg,横山 秀和,日体大,https://wrestling-spirits.jp/www/wp-content/data/80/ichiran_domestic/Daigaku_FF.pdf
university-championship,フリースタイル,1993,90kg,加藤 英之,日体大,https://wrestling-spirits.jp/www/wp-content/data/80/ichiran_domestic/Daigaku_FF.pdf
university-championship,フリースタイル,1993,100kg,吉田 孝司,日体大,https://wrestling-spirits.jp/www/wp-content/data/80/ichiran_domestic/Daigaku_FF.pdf
university-championship,フリースタイル,1993,130kg,中川 誠一,日体大,https://wrestling-spirits.jp/www/wp-content/data/80/ichiran_domestic/Daigaku_FF.pdf
university-championship,フリースタイル,1992,48kg,佐伯 豊,日大,https://wrestling-spirits.jp/www/wp-content/data/80/ichiran_domestic/Daigaku_FF.pdf
university-championship,フリースタイル,1992,52kg,佐藤 公一,日体大,https://wrestling-spirits.jp/www/wp-content/data/80/ichiran_domestic/Daigaku_FF.pdf
university-championship,フリースタイル,1992,57kg,入江 隆,国士舘大,https://wrestling-spirits.jp/www/wp-content/data/80/ichiran_domestic/Daigaku_FF.pdf
university-championship,フリースタイル,1992,62kg,和田 貴広,国士舘大,https://wrestling-spirits.jp/www/wp-content/data/80/ichiran_domestic/Daigaku_FF.pdf
university-championship,フリースタイル,1992,68kg,小柴 健二,日体大,https://wrestling-spirits.jp/www/wp-content/data/80/ichiran_domestic/Daigaku_FF.pdf
university-championship,フリースタイル,1992,74kg,中島 智彦,中大,https://wrestling-spirits.jp/www/wp-content/data/80/ichiran_domestic/Daigaku_FF.pdf
university-championship,フリースタイル,1992,82kg,横山 秀和,日体大,https://wrestling-spirits.jp/www/wp-content/data/80/ichiran_domestic/Daigaku_FF.pdf
university-championship,フリースタイル,1992,90kg,岩渕 利則,国士舘大,https://wrestling-spirits.jp/www/wp-content/data/80/ichiran_domestic/Daigaku_FF.pdf
university-championship,フリースタイル,1992,100kg,藤田 和之,日大,https://wrestling-spirits.jp/www/wp-content/data/80/ichiran_domestic/Daigaku_FF.pdf
university-championship,フリースタイル,1992,130kg,浜上 稔,日体大,https://wrestling-spirits.jp/www/wp-content/data/80/ichiran_domestic/Daigaku_FF.pdf
university-championship,フリースタイル,1991,48kg,若松 正,東洋大,https://wrestling-spirits.jp/www/wp-content/data/80/ichiran_domestic/Daigaku_FF.pdf
university-championship,フリースタイル,1991,52kg,窪木 浩,明大,https://wrestling-spirits.jp/www/wp-content/data/80/ichiran_domestic/Daigaku_FF.pdf
university-championship,フリースタイル,1991,57kg,小倉 偉延,専大,https://wrestling-spirits.jp/www/wp-content/data/80/ichiran_domestic/Daigaku_FF.pdf
university-championship,フリースタイル,1991,62kg,中石 義洋,日体大,https://wrestling-spirits.jp/www/wp-content/data/80/ichiran_domestic/Daigaku_FF.pdf
university-championship,フリースタイル,1991,68kg,勝 龍三郎,日体大,https://wrestling-spirits.jp/www/wp-content/data/80/ichiran_domestic/Daigaku_FF.pdf
university-championship,フリースタイル,1991,74kg,平塚 洋充,日大,https://wrestling-spirits.jp/www/wp-content/data/80/ichiran_domestic/Daigaku_FF.pdf
university-championship,フリースタイル,1991,82kg,笹原 洋一郎,日体大,https://wrestling-spirits.jp/www/wp-content/data/80/ichiran_domestic/Daigaku_FF.pdf
university-championship,フリースタイル,1991,90kg,藤田 和之,日大,https://wrestling-spirits.jp/www/wp-content/data/80/ichiran_domestic/Daigaku_FF.pdf
university-championship,フリースタイル,1991,100kg,小玉 康二,国士舘大,https://wrestling-spirits.jp/www/wp-content/data/80/ichiran_domestic/Daigaku_FF.pdf
university-championship,フリースタイル,1991,130kg,茂野 充宏,国士舘大,https://wrestling-spirits.jp/www/wp-content/data/80/ichiran_domestic/Daigaku_FF.pdf
university-championship,フリースタイル,1990,48kg,山下 忍,日体大,https://wrestling-spirits.jp/www/wp-content/data/80/ichiran_domestic/Daigaku_FF.pdf
university-championship,フリースタイル,1990,52kg,清水 一成,日体大,https://wrestling-spirits.jp/www/wp-content/data/80/ichiran_domestic/Daigaku_FF.pdf
university-championship,フリースタイル,1990,57kg,山下 勝,国士舘大,https://wrestling-spirits.jp/www/wp-content/data/80/ichiran_domestic/Daigaku_FF.pdf
university-championship,フリースタイル,1990,62kg,鈴木 信行,日体大,https://wrestling-spirits.jp/www/wp-content/data/80/ichiran_domestic/Daigaku_FF.pdf
university-championship,フリースタイル,1990,68kg,太田 拓弥,日体大,https://wrestling-spirits.jp/www/wp-content/data/80/ichiran_domestic/Daigaku_FF.pdf
university-championship,フリースタイル,1990,74kg,荻田 剛志,早大,https://wrestling-spirits.jp/www/wp-content/data/80/ichiran_domestic/Daigaku_FF.pdf
university-championship,フリースタイル,1990,82kg,笹原 洋一郎,日体大,https://wrestling-spirits.jp/www/wp-content/data/80/ichiran_domestic/Daigaku_FF.pdf
university-championship,フリースタイル,1990,90kg,浅井 努,日体大,https://wrestling-spirits.jp/www/wp-content/data/80/ichiran_domestic/Daigaku_FF.pdf
university-championship,フリースタイル,1990,100kg,=なし=,決勝が両者失格,https://wrestling-spirits.jp/www/wp-content/data/80/ichiran_domestic/Daigaku_FF.pdf
university-championship,フリースタイル,1990,130kg,=なし=,決勝が両者失格,https://wrestling-spirits.jp/www/wp-content/data/80/ichiran_domestic/Daigaku_FF.pdf
university-championship,フリースタイル,1989,48kg,山下 忍,日体大,https://wrestling-spirits.jp/www/wp-content/data/80/ichiran_domestic/Daigaku_FF.pdf
university-championship,フリースタイル,1989,52kg,藤村 和人,日大,https://wrestling-spirits.jp/www/wp-content/data/80/ichiran_domestic/Daigaku_FF.pdf
university-championship,フリースタイル,1989,57kg,佐々木 一郎,日体大,https://wrestling-spirits.jp/www/wp-content/data/80/ichiran_domestic/Daigaku_FF.pdf
university-championship,フリースタイル,1989,62kg,奥山 恵二,日体大,https://wrestling-spirits.jp/www/wp-content/data/80/ichiran_domestic/Daigaku_FF.pdf
university-championship,フリースタイル,1989,68kg,太田 拓弥,日体大,https://wrestling-spirits.jp/www/wp-content/data/80/ichiran_domestic/Daigaku_FF.pdf
university-championship,フリースタイル,1989,74kg,野口 篤史,大東大,https://wrestling-spirits.jp/www/wp-content/data/80/ichiran_domestic/Daigaku_FF.pdf
university-championship,フリースタイル,1989,82kg,石沢 常光,早大,https://wrestling-spirits.jp/www/wp-content/data/80/ichiran_domestic/Daigaku_FF.pdf
university-championship,フリースタイル,1989,90kg,岡部 政造,東洋大,https://wrestling-spirits.jp/www/wp-content/data/80/ichiran_domestic/Daigaku_FF.pdf
university-championship,フリースタイル,1989,100kg,間山 泰範,日体大,https://wrestling-spirits.jp/www/wp-content/data/80/ichiran_domestic/Daigaku_FF.pdf
university-championship,フリースタイル,1989,130kg,小幡 弘之,日大,https://wrestling-spirits.jp/www/wp-content/data/80/ichiran_domestic/Daigaku_FF.pdf
university-championship,フリースタイル,1988,48kg,山下 忍,日体大,https://wrestling-spirits.jp/www/wp-content/data/80/ichiran_domestic/Daigaku_FF.pdf
university-championship,フリースタイル,1988,52kg,坂本 勇,専大,https://wrestling-spirits.jp/www/wp-content/data/80/ichiran_domestic/Daigaku_FF.pdf
university-championship,フリースタイル,1988,57kg,金浜 良,日大,https://wrestling-spirits.jp/www/wp-content/data/80/ichiran_domestic/Daigaku_FF.pdf
university-championship,フリースタイル,1988,62kg,奥山 恵二,日体大,https://wrestling-spirits.jp/www/wp-content/data/80/ichiran_domestic/Daigaku_FF.pdf
university-championship,フリースタイル,1988,68kg,安達 巧,日体大,https://wrestling-spirits.jp/www/wp-content/data/80/ichiran_domestic/Daigaku_FF.pdf
university-championship,フリースタイル,1988,74kg,下玉利 太,日大,https://wrestling-spirits.jp/www/wp-content/data/80/ichiran_domestic/Daigaku_FF.pdf
university-championship,フリースタイル,1988,82kg,石沢 常光,早大,https://wrestling-spirits.jp/www/wp-content/data/80/ichiran_domestic/Daigaku_FF.pdf
university-championship,フリースタイル,1988,90kg,浅沼 俊幸,国士舘大,https://wrestling-spirits.jp/www/wp-content/data/80/ichiran_domestic/Daigaku_FF.pdf
university-championship,フリースタイル,1988,100kg,中西 学,専大,https://wrestling-spirits.jp/www/wp-content/data/80/ichiran_domestic/Daigaku_FF.pdf
university-championship,フリースタイル,1988,130kg,間山 泰範,日体大,https://wrestling-spirits.jp/www/wp-content/data/80/ichiran_domestic/Daigaku_FF.pdf
university-championship,フリースタイル,1987,48kg,小泉 円,同志社大,https://wrestling-spirits.jp/www/wp-content/data/80/ichiran_domestic/Daigaku_FF.pdf
university-championship,フリースタイル,1987,52kg,沖山 功,日体大,https://wrestling-spirits.jp/www/wp-content/data/80/ichiran_domestic/Daigaku_FF.pdf
university-championship,フリースタイル,1987,57kg,佐々木 一郎,日体大,https://wrestling-spirits.jp/www/wp-content/data/80/ichiran_domestic/Daigaku_FF.pdf
university-championship,フリースタイル,1987,62kg,戸崎 素成,日体大,https://wrestling-spirits.jp/www/wp-content/data/80/ichiran_domestic/Daigaku_FF.pdf
university-championship,フリースタイル,1987,68kg,安達 巧,日体大,https://wrestling-spirits.jp/www/wp-content/data/80/ichiran_domestic/Daigaku_FF.pdf
university-championship,フリースタイル,1987,74kg,有延 伸一,国士舘大,https://wrestling-spirits.jp/www/wp-content/data/80/ichiran_domestic/Daigaku_FF.pdf
university-championship,フリースタイル,1987,82kg,奈良岡 豊,日大,https://wrestling-spirits.jp/www/wp-content/data/80/ichiran_domestic/Daigaku_FF.pdf
university-championship,フリースタイル,1987,90kg,小林 希,日体大,https://wrestling-spirits.jp/www/wp-content/data/80/ichiran_domestic/Daigaku_FF.pdf
university-championship,フリースタイル,1987,100kg,浅沼 俊幸,国士舘大,https://wrestling-spirits.jp/www/wp-content/data/80/ichiran_domestic/Daigaku_FF.pdf
university-championship,フリースタイル,1987,130kg,奈良 英則,日大,https://wrestling-spirits.jp/www/wp-content/data/80/ichiran_domestic/Daigaku_FF.pdf
university-championship,フリースタイル,1986,48kg,大橋 正教,山梨学院大,https://wrestling-spirits.jp/www/wp-content/data/80/ichiran_domestic/Daigaku_FF.pdf
university-championship,フリースタイル,1986,52kg,沖山 功,日体大,https://wrestling-spirits.jp/www/wp-content/data/80/ichiran_domestic/Daigaku_FF.pdf
university-championship,フリースタイル,1986,57kg,森下 敏清,日体大,https://wrestling-spirits.jp/www/wp-content/data/80/ichiran_domestic/Daigaku_FF.pdf
university-championship,フリースタイル,1986,62kg,安達 巧,日体大,https://wrestling-spirits.jp/www/wp-content/data/80/ichiran_domestic/Daigaku_FF.pdf
university-championship,フリースタイル,1986,68kg,赤石 光生,日大,https://wrestling-spirits.jp/www/wp-content/data/80/ichiran_domestic/Daigaku_FF.pdf
university-championship,フリースタイル,1986,74kg,角崎 朋博,日体大,https://wrestling-spirits.jp/www/wp-content/data/80/ichiran_domestic/Daigaku_FF.pdf
university-championship,フリースタイル,1986,82kg,伊藤 敦,日体大,https://wrestling-spirits.jp/www/wp-content/data/80/ichiran_domestic/Daigaku_FF.pdf
university-championship,フリースタイル,1986,90kg,坂野下 喜三,日大,https://wrestling-spirits.jp/www/wp-content/data/80/ichiran_domestic/Daigaku_FF.pdf
university-championship,フリースタイル,1986,100kg,武藤 光一,日体大,https://wrestling-spirits.jp/www/wp-content/data/80/ichiran_domestic/Daigaku_FF.pdf
university-championship,フリースタイル,1986,130kg,浅井 功,日体大,https://wrestling-spirits.jp/www/wp-content/data/80/ichiran_domestic/Daigaku_FF.pdf
university-championship,フリースタイル,1985,48kg,大橋 正教,山梨学院大,https://wrestling-spirits.jp/www/wp-content/data/80/ichiran_domestic/Daigaku_FF.pdf
university-championship,フリースタイル,1985,52kg,山下 浩,日体大,https://wrestling-spirits.jp/www/wp-content/data/80/ichiran_domestic/Daigaku_FF.pdf
university-championship,フリースタイル,1985,57kg,角地山 豊,日大,https://wrestling-spirits.jp/www/wp-content/data/80/ichiran_domestic/Daigaku_FF.pdf
university-championship,フリースタイル,1985,62kg,西 慎太郎,日体大,https://wrestling-spirits.jp/www/wp-content/data/80/ichiran_domestic/Daigaku_FF.pdf
university-championship,フリースタイル,1985,68kg,赤石 光生,日大,https://wrestling-spirits.jp/www/wp-content/data/80/ichiran_domestic/Daigaku_FF.pdf
university-championship,フリースタイル,1985,74kg,平山 宣伸,日体大,https://wrestling-spirits.jp/www/wp-content/data/80/ichiran_domestic/Daigaku_FF.pdf
university-championship,フリースタイル,1985,82kg,赤石 明雄,国士舘大,https://wrestling-spirits.jp/www/wp-content/data/80/ichiran_domestic/Daigaku_FF.pdf
university-championship,フリースタイル,1985,90kg,伊藤 敦,日体大,https://wrestling-spirits.jp/www/wp-content/data/80/ichiran_domestic/Daigaku_FF.pdf
university-championship,フリースタイル,1985,100kg,本田 多問,日大,https://wrestling-spirits.jp/www/wp-content/data/80/ichiran_domestic/Daigaku_FF.pdf
university-championship,フリースタイル,1985,130kg,浅井 功,日体大,https://wrestling-spirits.jp/www/wp-content/data/80/ichiran_domestic/Daigaku_FF.pdf
university-championship,フリースタイル,1984,48kg,小林 孝至,日大,https://wrestling-spirits.jp/www/wp-content/data/80/ichiran_domestic/Daigaku_FF.pdf
university-championship,フリースタイル,1984,52kg,山下 浩,日体大,https://wrestling-spirits.jp/www/wp-content/data/80/ichiran_domestic/Daigaku_FF.pdf
university-championship,フリースタイル,1984,57kg,角地山 豊,日大,https://wrestling-spirits.jp/www/wp-content/data/80/ichiran_domestic/Daigaku_FF.pdf
university-championship,フリースタイル,1984,62kg,西 慎太郎,日体大,https://wrestling-spirits.jp/www/wp-content/data/80/ichiran_domestic/Daigaku_FF.pdf
university-championship,フリースタイル,1984,68kg,赤石 光生,日大,https://wrestling-spirits.jp/www/wp-content/data/80/ichiran_domestic/Daigaku_FF.pdf
university-championship,フリースタイル,1984,74kg,平山 宣伸,日体大,https://wrestling-spirits.jp/www/wp-content/data/80/ichiran_domestic/Daigaku_FF.pdf
university-championship,フリースタイル,1984,82kg,赤石 明雄,国士舘大,https://wrestling-spirits.jp/www/wp-content/data/80/ichiran_domestic/Daigaku_FF.pdf
university-championship,フリースタイル,1984,90kg,水橋 徹,国士舘大,https://wrestling-spirits.jp/www/wp-content/data/80/ichiran_domestic/Daigaku_FF.pdf
university-championship,フリースタイル,1984,100kg,本田 多聞,日大,https://wrestling-spirits.jp/www/wp-content/data/80/ichiran_domestic/Daigaku_FF.pdf
university-championship,フリースタイル,1984,100kg以上,猿田 充,国士舘大,https://wrestling-spirits.jp/www/wp-content/data/80/ichiran_domestic/Daigaku_FF.pdf
university-championship,フリースタイル,1983,48kg,小林 孝至,日大,https://wrestling-spirits.jp/www/wp-content/data/80/ichiran_domestic/Daigaku_FF.pdf
university-championship,フリースタイル,1983,52kg,大川 秀和,日体大,https://wrestling-spirits.jp/www/wp-content/data/80/ichiran_domestic/Daigaku_FF.pdf
university-championship,フリースタイル,1983,57kg,井上 智明,国士舘大,https://wrestling-spirits.jp/www/wp-content/data/80/ichiran_domestic/Daigaku_FF.pdf
university-championship,フリースタイル,1983,62kg,赤石 光生,日大,https://wrestling-spirits.jp/www/wp-content/data/80/ichiran_domestic/Daigaku_FF.pdf
university-championship,フリースタイル,1983,68kg,高橋 松博,日体大,https://wrestling-spirits.jp/www/wp-content/data/80/ichiran_domestic/Daigaku_FF.pdf
university-championship,フリースタイル,1983,74kg,平山 宣伸,日体大,https://wrestling-spirits.jp/www/wp-content/data/80/ichiran_domestic/Daigaku_FF.pdf
university-championship,フリースタイル,1983,82kg,安田 紀久雄,日体大,https://wrestling-spirits.jp/www/wp-content/data/80/ichiran_domestic/Daigaku_FF.pdf
university-championship,フリースタイル,1983,90kg,深沢 隆一,中大,https://wrestling-spirits.jp/www/wp-content/data/80/ichiran_domestic/Daigaku_FF.pdf
university-championship,フリースタイル,1983,100kg,本田 多聞,日大,https://wrestling-spirits.jp/www/wp-content/data/80/ichiran_domestic/Daigaku_FF.pdf
university-championship,フリースタイル,1983,100kg以上,石森 宏一,大体大,https://wrestling-spirits.jp/www/wp-content/data/80/ichiran_domestic/Daigaku_FF.pdf
university-championship,フリースタイル,1982,48kg,小林 孝至,日大,https://wrestling-spirits.jp/www/wp-content/data/80/ichiran_domestic/Daigaku_FF.pdf
university-championship,フリースタイル,1982,52kg,佐藤 満,日体大,https://wrestling-spirits.jp/www/wp-content/data/80/ichiran_domestic/Daigaku_FF.pdf
university-championship,フリースタイル,1982,57kg,井上 智明,国士舘大,https://wrestling-spirits.jp/www/wp-content/data/80/ichiran_domestic/Daigaku_FF.pdf
university-championship,フリースタイル,1982,62kg,五位塚 悟,大東大,https://wrestling-spirits.jp/www/wp-content/data/80/ichiran_domestic/Daigaku_FF.pdf
university-championship,フリースタイル,1982,68kg,上村 政和,日大,https://wrestling-spirits.jp/www/wp-content/data/80/ichiran_domestic/Daigaku_FF.pdf
university-championship,フリースタイル,1982,74kg,樋口 直巳,日体大,https://wrestling-spirits.jp/www/wp-content/data/80/ichiran_domestic/Daigaku_FF.pdf
university-championship,フリースタイル,1982,82kg,福辺 雅彦,日体大,https://wrestling-spirits.jp/www/wp-content/data/80/ichiran_domestic/Daigaku_FF.pdf
university-championship,フリースタイル,1982,90kg,東出 徹,日体大,https://wrestling-spirits.jp/www/wp-content/data/80/ichiran_domestic/Daigaku_FF.pdf
university-championship,フリースタイル,1982,90kg以上,本田 多聞,日大,https://wrestling-spirits.jp/www/wp-content/data/80/ichiran_domestic/Daigaku_FF.pdf
university-championship,フリースタイル,1981,48kg,石川 真一,国士舘大,https://wrestling-spirits.jp/www/wp-content/data/80/ichiran_domestic/Daigaku_FF.pdf
university-championship,フリースタイル,1981,52kg,佐藤 満,日体大,https://wrestling-spirits.jp/www/wp-content/data/80/ichiran_domestic/Daigaku_FF.pdf
university-championship,フリースタイル,1981,57kg,上野 宏之,日体大,https://wrestling-spirits.jp/www/wp-content/data/80/ichiran_domestic/Daigaku_FF.pdf
university-championship,フリースタイル,1981,62kg,五位塚 悟,大東大,https://wrestling-spirits.jp/www/wp-content/data/80/ichiran_domestic/Daigaku_FF.pdf
university-championship,フリースタイル,1981,68kg,上村 政和,日大,https://wrestling-spirits.jp/www/wp-content/data/80/ichiran_domestic/Daigaku_FF.pdf
university-championship,フリースタイル,1981,74kg,樋口 直巳,日体大,https://wrestling-spirits.jp/www/wp-content/data/80/ichiran_domestic/Daigaku_FF.pdf
university-championship,フリースタイル,1981,82kg,茂木 修,日体大,https://wrestling-spirits.jp/www/wp-content/data/80/ichiran_domestic/Daigaku_FF.pdf
university-championship,フリースタイル,1981,90kg,富田 栄作,専大,https://wrestling-spirits.jp/www/wp-content/data/80/ichiran_domestic/Daigaku_FF.pdf
university-championship,フリースタイル,1981,90kg以上,安藤 正哉,日体大,https://wrestling-spirits.jp/www/wp-content/data/80/ichiran_domestic/Daigaku_FF.pdf
university-championship,フリースタイル,1980,48kg,石川 真一,国士舘大,https://wrestling-spirits.jp/www/wp-content/data/80/ichiran_domestic/Daigaku_FF.pdf
university-championship,フリースタイル,1980,52kg,佐藤 満,日体大,https://wrestling-spirits.jp/www/wp-content/data/80/ichiran_domestic/Daigaku_FF.pdf
university-championship,フリースタイル,1980,57kg,田中 琢優,日大,https://wrestling-spirits.jp/www/wp-content/data/80/ichiran_domestic/Daigaku_FF.pdf
university-championship,フリースタイル,1980,62kg,栄 和人,日体大,https://wrestling-spirits.jp/www/wp-content/data/80/ichiran_domestic/Daigaku_FF.pdf
university-championship,フリースタイル,1980,68kg,上村 政和,日大,https://wrestling-spirits.jp/www/wp-content/data/80/ichiran_domestic/Daigaku_FF.pdf
university-championship,フリースタイル,1980,74kg,岡島 克史,日体大,https://wrestling-spirits.jp/www/wp-content/data/80/ichiran_domestic/Daigaku_FF.pdf
university-championship,フリースタイル,1980,82kg,保坂 竹道,国士舘大,https://wrestling-spirits.jp/www/wp-content/data/80/ichiran_domestic/Daigaku_FF.pdf
university-championship,フリースタイル,1980,90kg,茅原 功,専大,https://wrestling-spirits.jp/www/wp-content/data/80/ichiran_domestic/Daigaku_FF.pdf
university-championship,フリースタイル,1980,90kg以上,宮内 輝和,日大,https://wrestling-spirits.jp/www/wp-content/data/80/ichiran_domestic/Daigaku_FF.pdf
university-championship,フリースタイル,1979,48kg,佐々木 文和,日体大,https://wrestling-spirits.jp/www/wp-content/data/80/ichiran_domestic/Daigaku_FF.pdf
university-championship,フリースタイル,1979,52kg,小林 利典,大東大,https://wrestling-spirits.jp/www/wp-content/data/80/ichiran_domestic/Daigaku_FF.pdf
university-championship,フリースタイル,1979,57kg,富山 英明,日大,https://wrestling-spirits.jp/www/wp-content/data/80/ichiran_domestic/Daigaku_FF.pdf
university-championship,フリースタイル,1979,62kg,館岡 正,国士舘大,https://wrestling-spirits.jp/www/wp-content/data/80/ichiran_domestic/Daigaku_FF.pdf
university-championship,フリースタイル,1979,68kg,海老沢 正道,日体大,https://wrestling-spirits.jp/www/wp-content/data/80/ichiran_domestic/Daigaku_FF.pdf
university-championship,フリースタイル,1979,74kg,田谷 久男,東洋大,https://wrestling-spirits.jp/www/wp-content/data/80/ichiran_domestic/Daigaku_FF.pdf
university-championship,フリースタイル,1979,82kg,太田 章,早大,https://wrestling-spirits.jp/www/wp-content/data/80/ichiran_domestic/Daigaku_FF.pdf
university-championship,フリースタイル,1979,90kg,平山 進,日体大,https://wrestling-spirits.jp/www/wp-content/data/80/ichiran_domestic/Daigaku_FF.pdf
university-championship,フリースタイル,1979,90kg以上,山本 邦寿,日体大,https://wrestling-spirits.jp/www/wp-content/data/80/ichiran_domestic/Daigaku_FF.pdf
university-championship,フリースタイル,1978,48kg,佐々木 文和,日体大,https://wrestling-spirits.jp/www/wp-content/data/80/ichiran_domestic/Daigaku_FF.pdf
university-championship,フリースタイル,1978,52kg,清水 清人,日体大,https://wrestling-spirits.jp/www/wp-content/data/80/ichiran_domestic/Daigaku_FF.pdf
university-championship,フリースタイル,1978,57kg,富山 英明,日大,https://wrestling-spirits.jp/www/wp-content/data/80/ichiran_domestic/Daigaku_FF.pdf
university-championship,フリースタイル,1978,62kg,藤田 良穂,中大,https://wrestling-spirits.jp/www/wp-content/data/80/ichiran_domestic/Daigaku_FF.pdf
university-championship,フリースタイル,1978,68kg,南 正昭,日体大,https://wrestling-spirits.jp/www/wp-content/data/80/ichiran_domestic/Daigaku_FF.pdf
university-championship,フリースタイル,1978,74kg,山田 真一,国士舘大,https://wrestling-spirits.jp/www/wp-content/data/80/ichiran_domestic/Daigaku_FF.pdf
university-championship,フリースタイル,1978,82kg,太田 章,早大,https://wrestling-spirits.jp/www/wp-content/data/80/ichiran_domestic/Daigaku_FF.pdf
university-championship,フリースタイル,1978,90kg,平山 進,日体大,https://wrestling-spirits.jp/www/wp-content/data/80/ichiran_domestic/Daigaku_FF.pdf
university-championship,フリースタイル,1978,90kg以上,谷津 嘉章,日大,https://wrestling-spirits.jp/www/wp-content/data/80/ichiran_domestic/Daigaku_FF.pdf
university-championship,フリースタイル,1977,48kg,朝倉 利夫,国士舘大,https://wrestling-spirits.jp/www/wp-content/data/80/ichiran_domestic/Daigaku_FF.pdf
university-championship,フリースタイル,1977,52kg,清水 清人,日体大,https://wrestling-spirits.jp/www/wp-content/data/80/ichiran_domestic/Daigaku_FF.pdf
university-championship,フリースタイル,1977,57kg,富山 英明,日大,https://wrestling-spirits.jp/www/wp-content/data/80/ichiran_domestic/Daigaku_FF.pdf
university-championship,フリースタイル,1977,62kg,多賀 恒雄,明大,https://wrestling-spirits.jp/www/wp-content/data/80/ichiran_domestic/Daigaku_FF.pdf
university-championship,フリースタイル,1977,68kg,南 正昭,日体大,https://wrestling-spirits.jp/www/wp-content/data/80/ichiran_domestic/Daigaku_FF.pdf
university-championship,フリースタイル,1977,74kg,川田 勝也,日大,https://wrestling-spirits.jp/www/wp-content/data/80/ichiran_domestic/Daigaku_FF.pdf
university-championship,フリースタイル,1977,82kg,太田 章,早大,https://wrestling-spirits.jp/www/wp-content/data/80/ichiran_domestic/Daigaku_FF.pdf
university-championship,フリースタイル,1977,90kg,藤森 安一,日体大,https://wrestling-spirits.jp/www/wp-content/data/80/ichiran_domestic/Daigaku_FF.pdf
university-championship,フリースタイル,1977,90kg以上,谷津 嘉章,日大,https://wrestling-spirits.jp/www/wp-content/data/80/ichiran_domestic/Daigaku_FF.pdf
university-championship,フリースタイル,1976,48kg,朝倉 利夫,国士舘大,https://wrestling-spirits.jp/www/wp-content/data/80/ichiran_domestic/Daigaku_FF.pdf
university-championship,フリースタイル,1976,52kg,清水 清人,日体大,https://wrestling-spirits.jp/www/wp-content/data/80/ichiran_domestic/Daigaku_FF.pdf
university-championship,フリースタイル,1976,57kg,山路 明,国士舘大,https://wrestling-spirits.jp/www/wp-content/data/80/ichiran_domestic/Daigaku_FF.pdf
university-championship,フリースタイル,1976,62kg,多賀 恒雄,明大,https://wrestling-spirits.jp/www/wp-content/data/80/ichiran_domestic/Daigaku_FF.pdf
university-championship,フリースタイル,1976,68kg,平沼 義範,中大,https://wrestling-spirits.jp/www/wp-content/data/80/ichiran_domestic/Daigaku_FF.pdf
university-championship,フリースタイル,1976,74kg,小柳 美代志,明大,https://wrestling-spirits.jp/www/wp-content/data/80/ichiran_domestic/Daigaku_FF.pdf
university-championship,フリースタイル,1976,82kg,長谷川 正治,明大,https://wrestling-spirits.jp/www/wp-content/data/80/ichiran_domestic/Daigaku_FF.pdf
university-championship,フリースタイル,1976,90kg,藤森 安一,日体大,https://wrestling-spirits.jp/www/wp-content/data/80/ichiran_domestic/Daigaku_FF.pdf
university-championship,フリースタイル,1976,90kg以上,松永 清志,日体大,https://wrestling-spirits.jp/www/wp-content/data/80/ichiran_domestic/Daigaku_FF.pdf
university-championship,フリースタイル,1975,48kg,朝倉 利夫,国士舘大,https://wrestling-spirits.jp/www/wp-content/data/80/ichiran_domestic/Daigaku_FF.pdf
university-championship,フリースタイル,1975,52kg,高田 裕司,日体大,https://wrestling-spirits.jp/www/wp-content/data/80/ichiran_domestic/Daigaku_FF.pdf
university-championship,フリースタイル,1975,57kg,山路 明,国士舘大,https://wrestling-spirits.jp/www/wp-content/data/80/ichiran_domestic/Daigaku_FF.pdf
university-championship,フリースタイル,1975,62kg,上田 保隆,日体大,https://wrestling-spirits.jp/www/wp-content/data/80/ichiran_domestic/Daigaku_FF.pdf
university-championship,フリースタイル,1975,68kg,小泉 清一,国士舘大,https://wrestling-spirits.jp/www/wp-content/data/80/ichiran_domestic/Daigaku_FF.pdf
university-championship,フリースタイル,1975,74kg,小柳 美代志,明大,https://wrestling-spirits.jp/www/wp-content/data/80/ichiran_domestic/Daigaku_FF.pdf
university-championship,フリースタイル,1975,82kg,高西 一宏,国士舘大,https://wrestling-spirits.jp/www/wp-content/data/80/ichiran_domestic/Daigaku_FF.pdf
university-championship,フリースタイル,1975,90kg,清水 一夫,大東大,https://wrestling-spirits.jp/www/wp-content/data/80/ichiran_domestic/Daigaku_FF.pdf
university-championship,フリースタイル,1975,90kg以上,平田 靖之,国士舘大,https://wrestling-spirits.jp/www/wp-content/data/80/ichiran_domestic/Daigaku_FF.pdf
university-greco,グレコローマン,2025,55kg,森下大輔,日体大,https://wrestling-spirits.jp/www/wp-content/data/80/ichiran_domestic/Daigaku_GR.pdf
university-greco,グレコローマン,2025,60kg,金澤孝羽,日体大,https://wrestling-spirits.jp/www/wp-content/data/80/ichiran_domestic/Daigaku_GR.pdf
university-greco,グレコローマン,2025,63kg,島崎翔悟,専大,https://wrestling-spirits.jp/www/wp-content/data/80/ichiran_domestic/Daigaku_GR.pdf
university-greco,グレコローマン,2025,67kg,長谷川虎次郎,育英大,https://wrestling-spirits.jp/www/wp-content/data/80/ichiran_domestic/Daigaku_GR.pdf
university-greco,グレコローマン,2025,72kg,鈴木飛来,育英大,https://wrestling-spirits.jp/www/wp-content/data/80/ichiran_domestic/Daigaku_GR.pdf
university-greco,グレコローマン,2025,77kg,本名一晟,育英大,https://wrestling-spirits.jp/www/wp-content/data/80/ichiran_domestic/Daigaku_GR.pdf
university-greco,グレコローマン,2025,82kg,吉田泰造,日体大,https://wrestling-spirits.jp/www/wp-content/data/80/ichiran_domestic/Daigaku_GR.pdf
university-greco,グレコローマン,2025,87kg,金澤空大,早大,https://wrestling-spirits.jp/www/wp-content/data/80/ichiran_domestic/Daigaku_GR.pdf
university-greco,グレコローマン,2025,97kg,佐々木優太,育英大,https://wrestling-spirits.jp/www/wp-content/data/80/ichiran_domestic/Daigaku_GR.pdf
university-greco,グレコローマン,2025,130kg,アビレイ・ソビィット,山梨学院大,https://wrestling-spirits.jp/www/wp-content/data/80/ichiran_domestic/Daigaku_GR.pdf
university-greco,グレコローマン,2024,55kg,増田 壮兼,育英大,https://wrestling-spirits.jp/www/wp-content/data/80/ichiran_domestic/Daigaku_GR.pdf
university-greco,グレコローマン,2024,60kg,五味 虹登,育英大,https://wrestling-spirits.jp/www/wp-content/data/80/ichiran_domestic/Daigaku_GR.pdf
university-greco,グレコローマン,2024,63kg,三谷 剛大,育英大,https://wrestling-spirits.jp/www/wp-content/data/80/ichiran_domestic/Daigaku_GR.pdf
university-greco,グレコローマン,2024,67kg,長谷川虎次郎,育英大,https://wrestling-spirits.jp/www/wp-content/data/80/ichiran_domestic/Daigaku_GR.pdf
university-greco,グレコローマン,2024,72kg,石原三四郎,中大,https://wrestling-spirits.jp/www/wp-content/data/80/ichiran_domestic/Daigaku_GR.pdf
university-greco,グレコローマン,2024,77kg,友寄汰志,日体大,https://wrestling-spirits.jp/www/wp-content/data/80/ichiran_domestic/Daigaku_GR.pdf
university-greco,グレコローマン,2024,82kg,堀北一咲望,日体大,https://wrestling-spirits.jp/www/wp-content/data/80/ichiran_domestic/Daigaku_GR.pdf
university-greco,グレコローマン,2024,87kg,岩井 知史,明大,https://wrestling-spirits.jp/www/wp-content/data/80/ichiran_domestic/Daigaku_GR.pdf
university-greco,グレコローマン,2024,97kg,吉田アラシ,日大,https://wrestling-spirits.jp/www/wp-content/data/80/ichiran_domestic/Daigaku_GR.pdf
university-greco,グレコローマン,2024,130kg,バドバヤル・ナムバルダグワ,育英大,https://wrestling-spirits.jp/www/wp-content/data/80/ichiran_domestic/Daigaku_GR.pdf
university-greco,グレコローマン,2023,55kg,山際 航平,日体大,https://wrestling-spirits.jp/www/wp-content/data/80/ichiran_domestic/Daigaku_GR.pdf
university-greco,グレコローマン,2023,60kg,五味 虹登,育英大,https://wrestling-spirits.jp/www/wp-content/data/80/ichiran_domestic/Daigaku_GR.pdf
university-greco,グレコローマン,2023,63kg,萩原 大和,拓大,https://wrestling-spirits.jp/www/wp-content/data/80/ichiran_domestic/Daigaku_GR.pdf
university-greco,グレコローマン,2023,67kg,曽我部京太郎,日体大,https://wrestling-spirits.jp/www/wp-content/data/80/ichiran_domestic/Daigaku_GR.pdf
university-greco,グレコローマン,2023,72kg,矢部 晴翔,日体大,https://wrestling-spirits.jp/www/wp-content/data/80/ichiran_domestic/Daigaku_GR.pdf
university-greco,グレコローマン,2023,77kg,山田 脩,日体大,https://wrestling-spirits.jp/www/wp-content/data/80/ichiran_domestic/Daigaku_GR.pdf
university-greco,グレコローマン,2023,82kg,掛川 零恩,早大,https://wrestling-spirits.jp/www/wp-content/data/80/ichiran_domestic/Daigaku_GR.pdf
university-greco,グレコローマン,2023,87kg,玉岡 颯斗,早大,https://wrestling-spirits.jp/www/wp-content/data/80/ichiran_domestic/Daigaku_GR.pdf
university-greco,グレコローマン,2023,97kg,北脇 香,早大,https://wrestling-spirits.jp/www/wp-content/data/80/ichiran_domestic/Daigaku_GR.pdf
university-greco,グレコローマン,2023,130kg,小畑 詩音,日体大,https://wrestling-spirits.jp/www/wp-content/data/80/ichiran_domestic/Daigaku_GR.pdf
university-greco,グレコローマン,2022,55kg,岡本 景虎,専大,https://wrestling-spirits.jp/www/wp-content/data/80/ichiran_domestic/Daigaku_GR.pdf
university-greco,グレコローマン,2022,60kg,堤 孔一,青山学院大,https://wrestling-spirits.jp/www/wp-content/data/80/ichiran_domestic/Daigaku_GR.pdf
university-greco,グレコローマン,2022,63kg,丸山千恵蔵,日体大,https://wrestling-spirits.jp/www/wp-content/data/80/ichiran_domestic/Daigaku_GR.pdf
university-greco,グレコローマン,2022,67kg,三多見 明,拓大,https://wrestling-spirits.jp/www/wp-content/data/80/ichiran_domestic/Daigaku_GR.pdf
university-greco,グレコローマン,2022,72kg,春日井湧雅,日体大,https://wrestling-spirits.jp/www/wp-content/data/80/ichiran_domestic/Daigaku_GR.pdf
university-greco,グレコローマン,2022,77kg,水口 竣介,拓大,https://wrestling-spirits.jp/www/wp-content/data/80/ichiran_domestic/Daigaku_GR.pdf
university-greco,グレコローマン,2022,82kg,谷崎 大造,山梨学院大,https://wrestling-spirits.jp/www/wp-content/data/80/ichiran_domestic/Daigaku_GR.pdf
university-greco,グレコローマン,2022,87kg,髙橋 夢大,日体大,https://wrestling-spirits.jp/www/wp-content/data/80/ichiran_domestic/Daigaku_GR.pdf
university-greco,グレコローマン,2022,97kg,宮本 海渡,日体大,https://wrestling-spirits.jp/www/wp-content/data/80/ichiran_domestic/Daigaku_GR.pdf
university-greco,グレコローマン,2022,130kg,奥村 総太,拓大,https://wrestling-spirits.jp/www/wp-content/data/80/ichiran_domestic/Daigaku_GR.pdf
university-greco,グレコローマン,2021,55kg,塩谷 優,拓大,https://wrestling-spirits.jp/www/wp-content/data/80/ichiran_domestic/Daigaku_GR.pdf
university-greco,グレコローマン,2021,60kg,河名真偉斗,専大,https://wrestling-spirits.jp/www/wp-content/data/80/ichiran_domestic/Daigaku_GR.pdf
university-greco,グレコローマン,2021,63kg,小柴 亮太,日体大,https://wrestling-spirits.jp/www/wp-content/data/80/ichiran_domestic/Daigaku_GR.pdf
university-greco,グレコローマン,2021,67kg,二俣 友明,日体大,https://wrestling-spirits.jp/www/wp-content/data/80/ichiran_domestic/Daigaku_GR.pdf
university-greco,グレコローマン,2021,72kg,西田 衛人,専大,https://wrestling-spirits.jp/www/wp-content/data/80/ichiran_domestic/Daigaku_GR.pdf
university-greco,グレコローマン,2021,77kg,日下 尚,日体大,https://wrestling-spirits.jp/www/wp-content/data/80/ichiran_domestic/Daigaku_GR.pdf
university-greco,グレコローマン,2021,82kg,谷口 空良,青山学院大,https://wrestling-spirits.jp/www/wp-content/data/80/ichiran_domestic/Daigaku_GR.pdf
university-greco,グレコローマン,2021,87kg,山田修太郎,山梨学院大,https://wrestling-spirits.jp/www/wp-content/data/80/ichiran_domestic/Daigaku_GR.pdf
university-greco,グレコローマン,2021,97kg,仲里 優力,日体大,https://wrestling-spirits.jp/www/wp-content/data/80/ichiran_domestic/Daigaku_GR.pdf
university-greco,グレコローマン,2021,130kg,小畑 詩音,日体大,https://wrestling-spirits.jp/www/wp-content/data/80/ichiran_domestic/Daigaku_GR.pdf
university-greco,グレコローマン,2020,55kg,塩谷 優,拓大,https://wrestling-spirits.jp/www/wp-content/data/80/ichiran_domestic/Daigaku_GR.pdf
university-greco,グレコローマン,2020,60kg,清水 賢亮,拓大,https://wrestling-spirits.jp/www/wp-content/data/80/ichiran_domestic/Daigaku_GR.pdf
university-greco,グレコローマン,2020,63kg,竹下 航生,拓大,https://wrestling-spirits.jp/www/wp-content/data/80/ichiran_domestic/Daigaku_GR.pdf
university-greco,グレコローマン,2020,67kg,吉永信太郎,専大,https://wrestling-spirits.jp/www/wp-content/data/80/ichiran_domestic/Daigaku_GR.pdf
university-greco,グレコローマン,2020,72kg,日下 尚,日体大,https://wrestling-spirits.jp/www/wp-content/data/80/ichiran_domestic/Daigaku_GR.pdf
university-greco,グレコローマン,2020,77kg,下山田 周,日体大,https://wrestling-spirits.jp/www/wp-content/data/80/ichiran_domestic/Daigaku_GR.pdf
university-greco,グレコローマン,2020,82kg,山﨑 翔馬,九州共立大,https://wrestling-spirits.jp/www/wp-content/data/80/ichiran_domestic/Daigaku_GR.pdf
university-greco,グレコローマン,2020,87kg,山田修太郎,山梨学院大,https://wrestling-spirits.jp/www/wp-content/data/80/ichiran_domestic/Daigaku_GR.pdf
university-greco,グレコローマン,2020,97kg,大津拓馬,山梨学院大,https://wrestling-spirits.jp/www/wp-content/data/80/ichiran_domestic/Daigaku_GR.pdf
university-greco,グレコローマン,2020,130kg,バグダウレット・アルメンタイ,山梨学院大,https://wrestling-spirits.jp/www/wp-content/data/80/ichiran_domestic/Daigaku_GR.pdf
university-greco,グレコローマン,2019,55kg,片桐 大夢,拓大,https://wrestling-spirits.jp/www/wp-content/data/80/ichiran_domestic/Daigaku_GR.pdf
university-greco,グレコローマン,2019,60kg,矢部 和希,日体大,https://wrestling-spirits.jp/www/wp-content/data/80/ichiran_domestic/Daigaku_GR.pdf
university-greco,グレコローマン,2019,63kg,徳比嘉一仁,日体大,https://wrestling-spirits.jp/www/wp-content/data/80/ichiran_domestic/Daigaku_GR.pdf
university-greco,グレコローマン,2019,67kg,宇井 大和,早大,https://wrestling-spirits.jp/www/wp-content/data/80/ichiran_domestic/Daigaku_GR.pdf
university-greco,グレコローマン,2019,72kg,前田 明都,専大,https://wrestling-spirits.jp/www/wp-content/data/80/ichiran_domestic/Daigaku_GR.pdf
university-greco,グレコローマン,2019,82kg,山田 修太郎,山梨学院大,https://wrestling-spirits.jp/www/wp-content/data/80/ichiran_domestic/Daigaku_GR.pdf
university-greco,グレコローマン,2019,87kg,山崎弥十朗,早大,https://wrestling-spirits.jp/www/wp-content/data/80/ichiran_domestic/Daigaku_GR.pdf
university-greco,グレコローマン,2019,97kg,バグダウレット・アルメンタイ,山梨学院大,https://wrestling-spirits.jp/www/wp-content/data/80/ichiran_domestic/Daigaku_GR.pdf
university-greco,グレコローマン,2019,130kg,番地 啓太,国士舘大,https://wrestling-spirits.jp/www/wp-content/data/80/ichiran_domestic/Daigaku_GR.pdf
university-greco,グレコローマン,2018,55kg,小川 翔太,日体大,https://wrestling-spirits.jp/www/wp-content/data/80/ichiran_domestic/Daigaku_GR.pdf
university-greco,グレコローマン,2018,60kg,山口 海輝,日体大,https://wrestling-spirits.jp/www/wp-content/data/80/ichiran_domestic/Daigaku_GR.pdf
university-greco,グレコローマン,2018,63kg,山田 義起,日体大,https://wrestling-spirits.jp/www/wp-content/data/80/ichiran_domestic/Daigaku_GR.pdf
university-greco,グレコローマン,2018,67kg,宇井 大和,早大,https://wrestling-spirits.jp/www/wp-content/data/80/ichiran_domestic/Daigaku_GR.pdf
university-greco,グレコローマン,2018,72kg,前田 明都,専大,https://wrestling-spirits.jp/www/wp-content/data/80/ichiran_domestic/Daigaku_GR.pdf
university-greco,グレコローマン,2018,77kg,櫻庭 功大,拓大,https://wrestling-spirits.jp/www/wp-content/data/80/ichiran_domestic/Daigaku_GR.pdf
university-greco,グレコローマン,2018,82kg,野﨑 竜陽,中京学院大,https://wrestling-spirits.jp/www/wp-content/data/80/ichiran_domestic/Daigaku_GR.pdf
university-greco,グレコローマン,2018,87kg,山崎弥十朗,早大,https://wrestling-spirits.jp/www/wp-content/data/80/ichiran_domestic/Daigaku_GR.pdf
university-greco,グレコローマン,2018,97kg,バグダウレット・アルメンタイ,山梨学院大,https://wrestling-spirits.jp/www/wp-content/data/80/ichiran_domestic/Daigaku_GR.pdf
university-greco,グレコローマン,2018,130kg,山本 泰丈,日大,https://wrestling-spirits.jp/www/wp-content/data/80/ichiran_domestic/Daigaku_GR.pdf
university-greco,グレコローマン,2017,59kg,北岡 佑介,日体大,https://wrestling-spirits.jp/www/wp-content/data/80/ichiran_domestic/Daigaku_GR.pdf
university-greco,グレコローマン,2017,66kg,文田健 一郎,日体大,https://wrestling-spirits.jp/www/wp-content/data/80/ichiran_domestic/Daigaku_GR.pdf
university-greco,グレコローマン,2017,71kg,山本貴裕,日体大,https://wrestling-spirits.jp/www/wp-content/data/80/ichiran_domestic/Daigaku_GR.pdf
university-greco,グレコローマン,2017,80kg,勅使川原 延明,日体大,https://wrestling-spirits.jp/www/wp-content/data/80/ichiran_domestic/Daigaku_GR.pdf
university-greco,グレコローマン,2017,85kg,塩川 貫太,日体大,https://wrestling-spirits.jp/www/wp-content/data/80/ichiran_domestic/Daigaku_GR.pdf
university-greco,グレコローマン,2017,98kg,奈良 勇太,日体大,https://wrestling-spirits.jp/www/wp-content/data/80/ichiran_domestic/Daigaku_GR.pdf
university-greco,グレコローマン,2017,130kg,園田 平,拓大,https://wrestling-spirits.jp/www/wp-content/data/80/ichiran_domestic/Daigaku_GR.pdf
university-greco,グレコローマン,2016,59kg,文田 健一郎,日体大,https://wrestling-spirits.jp/www/wp-content/data/80/ichiran_domestic/Daigaku_GR.pdf
university-greco,グレコローマン,2016,66kg,宇井 大和,早大,https://wrestling-spirits.jp/www/wp-content/data/80/ichiran_domestic/Daigaku_GR.pdf
university-greco,グレコローマン,2016,71kg,河名 真寿斗,専大,https://wrestling-spirits.jp/www/wp-content/data/80/ichiran_domestic/Daigaku_GR.pdf
university-greco,グレコローマン,2016,75kg,櫻庭 功大,拓大,https://wrestling-spirits.jp/www/wp-content/data/80/ichiran_domestic/Daigaku_GR.pdf
university-greco,グレコローマン,2016,80kg,屋比久 翔平,日体大,https://wrestling-spirits.jp/www/wp-content/data/80/ichiran_domestic/Daigaku_GR.pdf
university-greco,グレコローマン,2016,85kg,塩川 貫太,日体大,https://wrestling-spirits.jp/www/wp-content/data/80/ichiran_domestic/Daigaku_GR.pdf
university-greco,グレコローマン,2016,98kg,奈良 勇太,日体大,https://wrestling-spirits.jp/www/wp-content/data/80/ichiran_domestic/Daigaku_GR.pdf
university-greco,グレコローマン,2016,130kg,園田 新,拓大,https://wrestling-spirits.jp/www/wp-content/data/80/ichiran_domestic/Daigaku_GR.pdf
university-greco,グレコローマン,2015,59kg,太田 忍,日体大,https://wrestling-spirits.jp/www/wp-content/data/80/ichiran_domestic/Daigaku_GR.pdf
university-greco,グレコローマン,2015,66kg,雨宮 隆二,山梨学院大,https://wrestling-spirits.jp/www/wp-content/data/80/ichiran_domestic/Daigaku_GR.pdf
university-greco,グレコローマン,2015,71kg,高橋 昭五,日体大,https://wrestling-spirits.jp/www/wp-content/data/80/ichiran_domestic/Daigaku_GR.pdf
university-greco,グレコローマン,2015,75kg,永井 凌太,拓大,https://wrestling-spirits.jp/www/wp-content/data/80/ichiran_domestic/Daigaku_GR.pdf
university-greco,グレコローマン,2015,80kg,屋比久 翔平,日体大,https://wrestling-spirits.jp/www/wp-content/data/80/ichiran_domestic/Daigaku_GR.pdf
university-greco,グレコローマン,2015,85kg,岡嶋 勇也,拓大,https://wrestling-spirits.jp/www/wp-content/data/80/ichiran_domestic/Daigaku_GR.pdf
university-greco,グレコローマン,2015,98kg,奈良 勇太,日体大,https://wrestling-spirits.jp/www/wp-content/data/80/ichiran_domestic/Daigaku_GR.pdf
university-greco,グレコローマン,2015,130kg,園田 新,拓大,https://wrestling-spirits.jp/www/wp-content/data/80/ichiran_domestic/Daigaku_GR.pdf
university-greco,グレコローマン,2014,59kg,太田 忍,日体大,https://wrestling-spirits.jp/www/wp-content/data/80/ichiran_domestic/Daigaku_GR.pdf
university-greco,グレコローマン,2014,66kg,堀後 雄太,拓大,https://wrestling-spirits.jp/www/wp-content/data/80/ichiran_domestic/Daigaku_GR.pdf
university-greco,グレコローマン,2014,71kg,屋比久 翔平,日体大,https://wrestling-spirits.jp/www/wp-content/data/80/ichiran_domestic/Daigaku_GR.pdf
university-greco,グレコローマン,2014,75kg,阪部 創,神奈川大,https://wrestling-spirits.jp/www/wp-content/data/80/ichiran_domestic/Daigaku_GR.pdf
university-greco,グレコローマン,2014,80kg,前田 祐也,拓大,https://wrestling-spirits.jp/www/wp-content/data/80/ichiran_domestic/Daigaku_GR.pdf
university-greco,グレコローマン,2014,85kg,岡嶋 勇也,拓大,https://wrestling-spirits.jp/www/wp-content/data/80/ichiran_domestic/Daigaku_GR.pdf
university-greco,グレコローマン,2014,98kg,志喜屋 正明,国士舘大,https://wrestling-spirits.jp/www/wp-content/data/80/ichiran_domestic/Daigaku_GR.pdf
university-greco,グレコローマン,2014,130kg,園田 新,拓大,https://wrestling-spirits.jp/www/wp-content/data/80/ichiran_domestic/Daigaku_GR.pdf
university-greco,グレコローマン,2013,55kg,木村 洋貴,日体大,https://wrestling-spirits.jp/www/wp-content/data/80/ichiran_domestic/Daigaku_GR.pdf
university-greco,グレコローマン,2013,60kg,太田 忍,日体大,https://wrestling-spirits.jp/www/wp-content/data/80/ichiran_domestic/Daigaku_GR.pdf
university-greco,グレコローマン,2013,66kg,中井 堅太,早大,https://wrestling-spirits.jp/www/wp-content/data/80/ichiran_domestic/Daigaku_GR.pdf
university-greco,グレコローマン,2013,74kg,阪部 創,神奈川大,https://wrestling-spirits.jp/www/wp-content/data/80/ichiran_domestic/Daigaku_GR.pdf
university-greco,グレコローマン,2013,84kg,北村 公平,早大,https://wrestling-spirits.jp/www/wp-content/data/80/ichiran_domestic/Daigaku_GR.pdf
university-greco,グレコローマン,2013,96kg,横井 健人,中京学院大,https://wrestling-spirits.jp/www/wp-content/data/80/ichiran_domestic/Daigaku_GR.pdf
university-greco,グレコローマン,2013,120kg,前川 勝利,早大,https://wrestling-spirits.jp/www/wp-content/data/80/ichiran_domestic/Daigaku_GR.pdf
university-greco,グレコローマン,2012,55kg,田野倉 翔太,日体大,https://wrestling-spirits.jp/www/wp-content/data/80/ichiran_domestic/Daigaku_GR.pdf
university-greco,グレコローマン,2012,60kg,射場 大地,日体大,https://wrestling-spirits.jp/www/wp-content/data/80/ichiran_domestic/Daigaku_GR.pdf
university-greco,グレコローマン,2012,66kg,音泉 秀幸,日体大,https://wrestling-spirits.jp/www/wp-content/data/80/ichiran_domestic/Daigaku_GR.pdf
university-greco,グレコローマン,2012,74kg,北村 公平,早大,https://wrestling-spirits.jp/www/wp-content/data/80/ichiran_domestic/Daigaku_GR.pdf
university-greco,グレコローマン,2012,84kg,鈴木 友希,山梨学院大,https://wrestling-spirits.jp/www/wp-content/data/80/ichiran_domestic/Daigaku_GR.pdf
university-greco,グレコローマン,2012,96kg,木下 駿,拓大,https://wrestling-spirits.jp/www/wp-content/data/80/ichiran_domestic/Daigaku_GR.pdf
university-greco,グレコローマン,2012,120kg,前川 勝利,早大,https://wrestling-spirits.jp/www/wp-content/data/80/ichiran_domestic/Daigaku_GR.pdf
university-greco,グレコローマン,2011,55kg,田野倉 翔太,日体大,https://wrestling-spirits.jp/www/wp-content/data/80/ichiran_domestic/Daigaku_GR.pdf
university-greco,グレコローマン,2011,60kg,矢野 慎也,拓大,https://wrestling-spirits.jp/www/wp-content/data/80/ichiran_domestic/Daigaku_GR.pdf
university-greco,グレコローマン,2011,66kg,富塚 拓也,日体大,https://wrestling-spirits.jp/www/wp-content/data/80/ichiran_domestic/Daigaku_GR.pdf
university-greco,グレコローマン,2011,74kg,中村 隆春,日体大,https://wrestling-spirits.jp/www/wp-content/data/80/ichiran_domestic/Daigaku_GR.pdf
university-greco,グレコローマン,2011,84kg,辰川 裕也,日体大,https://wrestling-spirits.jp/www/wp-content/data/80/ichiran_domestic/Daigaku_GR.pdf
university-greco,グレコローマン,2011,96kg,有薗 拓真,山梨学院大,https://wrestling-spirits.jp/www/wp-content/data/80/ichiran_domestic/Daigaku_GR.pdf
university-greco,グレコローマン,2011,120kg,金澤 勝利,山梨学院大,https://wrestling-spirits.jp/www/wp-content/data/80/ichiran_domestic/Daigaku_GR.pdf
university-greco,グレコローマン,2010,55kg,梶 雅晴,山梨学院大,https://wrestling-spirits.jp/www/wp-content/data/80/ichiran_domestic/Daigaku_GR.pdf
university-greco,グレコローマン,2010,60kg,内村 勇太,拓大,https://wrestling-spirits.jp/www/wp-content/data/80/ichiran_domestic/Daigaku_GR.pdf
university-greco,グレコローマン,2010,66kg,岡本 佑士,拓大,https://wrestling-spirits.jp/www/wp-content/data/80/ichiran_domestic/Daigaku_GR.pdf
university-greco,グレコローマン,2010,74kg,中井 伸一,中大,https://wrestling-spirits.jp/www/wp-content/data/80/ichiran_domestic/Daigaku_GR.pdf
university-greco,グレコローマン,2010,84kg,岡 太一,拓大,https://wrestling-spirits.jp/www/wp-content/data/80/ichiran_domestic/Daigaku_GR.pdf
university-greco,グレコローマン,2010,96kg,山口 剛,早大,https://wrestling-spirits.jp/www/wp-content/data/80/ichiran_domestic/Daigaku_GR.pdf
university-greco,グレコローマン,2010,120kg,谷田 昇大,拓大,https://wrestling-spirits.jp/www/wp-content/data/80/ichiran_domestic/Daigaku_GR.pdf
university-greco,グレコローマン,2009,55kg,森 大輔,日大,https://wrestling-spirits.jp/www/wp-content/data/80/ichiran_domestic/Daigaku_GR.pdf
university-greco,グレコローマン,2009,60kg,佐々木 遼,拓大,https://wrestling-spirits.jp/www/wp-content/data/80/ichiran_domestic/Daigaku_GR.pdf
university-greco,グレコローマン,2009,66kg,岡本 佑士,拓大,https://wrestling-spirits.jp/www/wp-content/data/80/ichiran_domestic/Daigaku_GR.pdf
university-greco,グレコローマン,2009,74kg,中井 伸一,中大,https://wrestling-spirits.jp/www/wp-content/data/80/ichiran_domestic/Daigaku_GR.pdf
university-greco,グレコローマン,2009,84kg,天野 雅之,中大,https://wrestling-spirits.jp/www/wp-content/data/80/ichiran_domestic/Daigaku_GR.pdf
university-greco,グレコローマン,2009,96kg,藤本 健治,拓大,https://wrestling-spirits.jp/www/wp-content/data/80/ichiran_domestic/Daigaku_GR.pdf
university-greco,グレコローマン,2009,120kg,ボリス・ムジコフ,山梨学院大,https://wrestling-spirits.jp/www/wp-content/data/80/ichiran_domestic/Daigaku_GR.pdf
university-greco,グレコローマン,2008,55kg,尾形 翼,日体大,https://wrestling-spirits.jp/www/wp-content/data/80/ichiran_domestic/Daigaku_GR.pdf
university-greco,グレコローマン,2008,60kg,倉本 一真,山梨学院大,https://wrestling-spirits.jp/www/wp-content/data/80/ichiran_domestic/Daigaku_GR.pdf
university-greco,グレコローマン,2008,66kg,岡本 佑士,拓大,https://wrestling-spirits.jp/www/wp-content/data/80/ichiran_domestic/Daigaku_GR.pdf
university-greco,グレコローマン,2008,74kg,倉谷 修平,日体大,https://wrestling-spirits.jp/www/wp-content/data/80/ichiran_domestic/Daigaku_GR.pdf
university-greco,グレコローマン,2008,84kg,尾曲 伸乃祐,青山学院大,https://wrestling-spirits.jp/www/wp-content/data/80/ichiran_domestic/Daigaku_GR.pdf
university-greco,グレコローマン,2008,96kg,山本 雄資,山梨学院大,https://wrestling-spirits.jp/www/wp-content/data/80/ichiran_domestic/Daigaku_GR.pdf
university-greco,グレコローマン,2008,120kg,ボリス・ムジコフ,山梨学院大,https://wrestling-spirits.jp/www/wp-content/data/80/ichiran_domestic/Daigaku_GR.pdf
university-greco,グレコローマン,2007,55kg,峯村 亮,神奈川大,https://wrestling-spirits.jp/www/wp-content/data/80/ichiran_domestic/Daigaku_GR.pdf
university-greco,グレコローマン,2007,60kg,倉本 一真,山梨学院大,https://wrestling-spirits.jp/www/wp-content/data/80/ichiran_domestic/Daigaku_GR.pdf
university-greco,グレコローマン,2007,66kg,板倉 史也,青山学院大,https://wrestling-spirits.jp/www/wp-content/data/80/ichiran_domestic/Daigaku_GR.pdf
university-greco,グレコローマン,2007,74kg,伊藤 啓太,拓大,https://wrestling-spirits.jp/www/wp-content/data/80/ichiran_domestic/Daigaku_GR.pdf
university-greco,グレコローマン,2007,84kg,那口 裕洋,日体大,https://wrestling-spirits.jp/www/wp-content/data/80/ichiran_domestic/Daigaku_GR.pdf
university-greco,グレコローマン,2007,96kg,斎川 哲克,日体大,https://wrestling-spirits.jp/www/wp-content/data/80/ichiran_domestic/Daigaku_GR.pdf
university-greco,グレコローマン,2007,120kg,北村 克哉,専大,https://wrestling-spirits.jp/www/wp-content/data/80/ichiran_domestic/Daigaku_GR.pdf
university-greco,グレコローマン,2006,55kg,長谷川 恒平,青山学院大,https://wrestling-spirits.jp/www/wp-content/data/80/ichiran_domestic/Daigaku_GR.pdf
university-greco,グレコローマン,2006,60kg,北岡 秀王,日体大,https://wrestling-spirits.jp/www/wp-content/data/80/ichiran_domestic/Daigaku_GR.pdf
university-greco,グレコローマン,2006,66kg,板倉 史也,青山学院大,https://wrestling-spirits.jp/www/wp-content/data/80/ichiran_domestic/Daigaku_GR.pdf
university-greco,グレコローマン,2006,74kg,桜井 浩二,拓大,https://wrestling-spirits.jp/www/wp-content/data/80/ichiran_domestic/Daigaku_GR.pdf
university-greco,グレコローマン,2006,84kg,鶴巻 宰,国士舘大,https://wrestling-spirits.jp/www/wp-content/data/80/ichiran_domestic/Daigaku_GR.pdf
university-greco,グレコローマン,2006,96kg,山口 竜志,拓大,https://wrestling-spirits.jp/www/wp-content/data/80/ichiran_domestic/Daigaku_GR.pdf
university-greco,グレコローマン,2006,120kg,ボリス・ムジコフ,山梨学院大,https://wrestling-spirits.jp/www/wp-content/data/80/ichiran_domestic/Daigaku_GR.pdf
university-greco,グレコローマン,2005,55kg,倉本 一真,拓大,https://wrestling-spirits.jp/www/wp-content/data/80/ichiran_domestic/Daigaku_GR.pdf
university-greco,グレコローマン,2005,60kg,松本 隆太郎,日体大,https://wrestling-spirits.jp/www/wp-content/data/80/ichiran_domestic/Daigaku_GR.pdf
university-greco,グレコローマン,2005,66kg,江藤 紀友,拓大,https://wrestling-spirits.jp/www/wp-content/data/80/ichiran_domestic/Daigaku_GR.pdf
university-greco,グレコローマン,2005,74kg,後藤 秀樹,日体大,https://wrestling-spirits.jp/www/wp-content/data/80/ichiran_domestic/Daigaku_GR.pdf
university-greco,グレコローマン,2005,84kg,磯川 孝生,拓大,https://wrestling-spirits.jp/www/wp-content/data/80/ichiran_domestic/Daigaku_GR.pdf
university-greco,グレコローマン,2005,96kg,山口 竜志,拓大,https://wrestling-spirits.jp/www/wp-content/data/80/ichiran_domestic/Daigaku_GR.pdf
university-greco,グレコローマン,2005,120kg,社藤 哲也,日体大,https://wrestling-spirits.jp/www/wp-content/data/80/ichiran_domestic/Daigaku_GR.pdf
university-greco,グレコローマン,2004,55kg,湯元 進一,拓大,https://wrestling-spirits.jp/www/wp-content/data/80/ichiran_domestic/Daigaku_GR.pdf
university-greco,グレコローマン,2004,60kg,福間 道元,日体大,https://wrestling-spirits.jp/www/wp-content/data/80/ichiran_domestic/Daigaku_GR.pdf
university-greco,グレコローマン,2004,66kg,江藤 紀友,拓大,https://wrestling-spirits.jp/www/wp-content/data/80/ichiran_domestic/Daigaku_GR.pdf
university-greco,グレコローマン,2004,74kg,吉田 毅,日体大,https://wrestling-spirits.jp/www/wp-content/data/80/ichiran_domestic/Daigaku_GR.pdf
university-greco,グレコローマン,2004,84kg,鶴巻 宰,国士舘大,https://wrestling-spirits.jp/www/wp-content/data/80/ichiran_domestic/Daigaku_GR.pdf
university-greco,グレコローマン,2004,96kg,田中 章仁,専大,https://wrestling-spirits.jp/www/wp-content/data/80/ichiran_domestic/Daigaku_GR.pdf
university-greco,グレコローマン,2004,120kg,丸山 秀樹,東農大,https://wrestling-spirits.jp/www/wp-content/data/80/ichiran_domestic/Daigaku_GR.pdf
university-greco,グレコローマン,2003,55kg,村上 文清,拓大,https://wrestling-spirits.jp/www/wp-content/data/80/ichiran_domestic/Daigaku_GR.pdf
university-greco,グレコローマン,2003,60kg,長谷川 拓也,中大,https://wrestling-spirits.jp/www/wp-content/data/80/ichiran_domestic/Daigaku_GR.pdf
university-greco,グレコローマン,2003,66kg,中井 伸武,拓大,https://wrestling-spirits.jp/www/wp-content/data/80/ichiran_domestic/Daigaku_GR.pdf
university-greco,グレコローマン,2003,74kg,鶴巻 宰,国士舘大,https://wrestling-spirits.jp/www/wp-content/data/80/ichiran_domestic/Daigaku_GR.pdf
university-greco,グレコローマン,2003,84kg,相沢 純,中大,https://wrestling-spirits.jp/www/wp-content/data/80/ichiran_domestic/Daigaku_GR.pdf
university-greco,グレコローマン,2003,96kg,前島 信彦,拓大,https://wrestling-spirits.jp/www/wp-content/data/80/ichiran_domestic/Daigaku_GR.pdf
university-greco,グレコローマン,2003,120kg,沢田 直樹,拓大,https://wrestling-spirits.jp/www/wp-content/data/80/ichiran_domestic/Daigaku_GR.pdf
university-greco,グレコローマン,2002,55kg,村上 文清,拓大,https://wrestling-spirits.jp/www/wp-content/data/80/ichiran_domestic/Daigaku_GR.pdf
university-greco,グレコローマン,2002,60kg,工藤 健太,青山学院大,https://wrestling-spirits.jp/www/wp-content/data/80/ichiran_domestic/Daigaku_GR.pdf
university-greco,グレコローマン,2002,66kg,臼田 育男,拓大,https://wrestling-spirits.jp/www/wp-content/data/80/ichiran_domestic/Daigaku_GR.pdf
university-greco,グレコローマン,2002,74kg,岩崎 裕樹,日体大,https://wrestling-spirits.jp/www/wp-content/data/80/ichiran_domestic/Daigaku_GR.pdf
university-greco,グレコローマン,2002,84kg,増田 和広,神奈川大,https://wrestling-spirits.jp/www/wp-content/data/80/ichiran_domestic/Daigaku_GR.pdf
university-greco,グレコローマン,2002,96kg,津田 弘二,青山学院大,https://wrestling-spirits.jp/www/wp-content/data/80/ichiran_domestic/Daigaku_GR.pdf
university-greco,グレコローマン,2002,120kg,沢田 直樹,拓大,https://wrestling-spirits.jp/www/wp-content/data/80/ichiran_domestic/Daigaku_GR.pdf
university-greco,グレコローマン,2001,54kg,森岡 則晴,拓大,https://wrestling-spirits.jp/www/wp-content/data/80/ichiran_domestic/Daigaku_GR.pdf
university-greco,グレコローマン,2001,58kg,伊藤 光,日体大,https://wrestling-spirits.jp/www/wp-content/data/80/ichiran_domestic/Daigaku_GR.pdf
university-greco,グレコローマン,2001,63kg,柳川 育広,日体大,https://wrestling-spirits.jp/www/wp-content/data/80/ichiran_domestic/Daigaku_GR.pdf
university-greco,グレコローマン,2001,69kg,小路 伸亮,拓大,https://wrestling-spirits.jp/www/wp-content/data/80/ichiran_domestic/Daigaku_GR.pdf
university-greco,グレコローマン,2001,76kg,大久保 潤一,青山学院大,https://wrestling-spirits.jp/www/wp-content/data/80/ichiran_domestic/Daigaku_GR.pdf
university-greco,グレコローマン,2001,85kg,小幡 邦彦,山梨学院大,https://wrestling-spirits.jp/www/wp-content/data/80/ichiran_domestic/Daigaku_GR.pdf
university-greco,グレコローマン,2001,97kg,藤田 尚志,山梨学院大,https://wrestling-spirits.jp/www/wp-content/data/80/ichiran_domestic/Daigaku_GR.pdf
university-greco,グレコローマン,2001,130kg,布平 学,拓大,https://wrestling-spirits.jp/www/wp-content/data/80/ichiran_domestic/Daigaku_GR.pdf
university-greco,グレコローマン,2000,54kg,森岡 則晴,拓大,https://wrestling-spirits.jp/www/wp-content/data/80/ichiran_domestic/Daigaku_GR.pdf
university-greco,グレコローマン,2000,58kg,平井 進悟,拓大,https://wrestling-spirits.jp/www/wp-content/data/80/ichiran_domestic/Daigaku_GR.pdf
university-greco,グレコローマン,2000,63kg,伊是名 正旭,日体大,https://wrestling-spirits.jp/www/wp-content/data/80/ichiran_domestic/Daigaku_GR.pdf
university-greco,グレコローマン,2000,69kg,池田 秀治,山梨学院大,https://wrestling-spirits.jp/www/wp-content/data/80/ichiran_domestic/Daigaku_GR.pdf
university-greco,グレコローマン,2000,76kg,菅 太一,日大,https://wrestling-spirits.jp/www/wp-content/data/80/ichiran_domestic/Daigaku_GR.pdf
university-greco,グレコローマン,2000,85kg,税田 拓也,拓大,https://wrestling-spirits.jp/www/wp-content/data/80/ichiran_domestic/Daigaku_GR.pdf
university-greco,グレコローマン,2000,97kg,小平 清貴,山梨学院大,https://wrestling-spirits.jp/www/wp-content/data/80/ichiran_domestic/Daigaku_GR.pdf
university-greco,グレコローマン,2000,130kg,矢野 通,日大,https://wrestling-spirits.jp/www/wp-content/data/80/ichiran_domestic/Daigaku_GR.pdf
university-greco,グレコローマン,1999,54kg,村田 知也,日体大,https://wrestling-spirits.jp/www/wp-content/data/80/ichiran_domestic/Daigaku_GR.pdf
university-greco,グレコローマン,1999,58kg,笹本 睦,日体大,https://wrestling-spirits.jp/www/wp-content/data/80/ichiran_domestic/Daigaku_GR.pdf
university-greco,グレコローマン,1999,63kg,平井 満生,日体大,https://wrestling-spirits.jp/www/wp-content/data/80/ichiran_domestic/Daigaku_GR.pdf
university-greco,グレコローマン,1999,69kg,藤川 和男,日体大,https://wrestling-spirits.jp/www/wp-content/data/80/ichiran_domestic/Daigaku_GR.pdf
university-greco,グレコローマン,1999,76kg,小幡 邦彦,山梨学院大,https://wrestling-spirits.jp/www/wp-content/data/80/ichiran_domestic/Daigaku_GR.pdf
university-greco,グレコローマン,1999,85kg,税田 拓也,拓大,https://wrestling-spirits.jp/www/wp-content/data/80/ichiran_domestic/Daigaku_GR.pdf
university-greco,グレコローマン,1999,97kg,松本 慎吾,日体大,https://wrestling-spirits.jp/www/wp-content/data/80/ichiran_domestic/Daigaku_GR.pdf
university-greco,グレコローマン,1999,130kg,鈴木 克彰,拓大,https://wrestling-spirits.jp/www/wp-content/data/80/ichiran_domestic/Daigaku_GR.pdf
university-greco,グレコローマン,1998,54kg,豊田 雅俊,拓大,https://wrestling-spirits.jp/www/wp-content/data/80/ichiran_domestic/Daigaku_GR.pdf
university-greco,グレコローマン,1998,58kg,笹本 睦,日体大,https://wrestling-spirits.jp/www/wp-content/data/80/ichiran_domestic/Daigaku_GR.pdf
university-greco,グレコローマン,1998,63kg,石田 亮一,日体大,https://wrestling-spirits.jp/www/wp-content/data/80/ichiran_domestic/Daigaku_GR.pdf
university-greco,グレコローマン,1998,69kg,大井 将憲,拓大,https://wrestling-spirits.jp/www/wp-content/data/80/ichiran_domestic/Daigaku_GR.pdf
university-greco,グレコローマン,1998,76kg,菅 太一,日大,https://wrestling-spirits.jp/www/wp-content/data/80/ichiran_domestic/Daigaku_GR.pdf
university-greco,グレコローマン,1998,85kg,松本 慎吾,日体大,https://wrestling-spirits.jp/www/wp-content/data/80/ichiran_domestic/Daigaku_GR.pdf
university-greco,グレコローマン,1998,97kg,新井 真次,日体大,https://wrestling-spirits.jp/www/wp-content/data/80/ichiran_domestic/Daigaku_GR.pdf
university-greco,グレコローマン,1998,130kg,鈴木 克彰,拓大,https://wrestling-spirits.jp/www/wp-content/data/80/ichiran_domestic/Daigaku_GR.pdf
university-greco,グレコローマン,1997,54kg,豊田 雅俊,拓大,https://wrestling-spirits.jp/www/wp-content/data/80/ichiran_domestic/Daigaku_GR.pdf
university-greco,グレコローマン,1997,58kg,弓矢 完二,日体大,https://wrestling-spirits.jp/www/wp-content/data/80/ichiran_domestic/Daigaku_GR.pdf
university-greco,グレコローマン,1997,63kg,石田 亮一,日体大,https://wrestling-spirits.jp/www/wp-content/data/80/ichiran_domestic/Daigaku_GR.pdf
university-greco,グレコローマン,1997,69kg,倉本 忠,日体大,https://wrestling-spirits.jp/www/wp-content/data/80/ichiran_domestic/Daigaku_GR.pdf
university-greco,グレコローマン,1997,76kg,伊藤 光伸,山梨学院大,https://wrestling-spirits.jp/www/wp-content/data/80/ichiran_domestic/Daigaku_GR.pdf
university-greco,グレコローマン,1997,85kg,田守 太郎,山梨学院大,https://wrestling-spirits.jp/www/wp-content/data/80/ichiran_domestic/Daigaku_GR.pdf
university-greco,グレコローマン,1997,97kg,矢野 倍達,専大,https://wrestling-spirits.jp/www/wp-content/data/80/ichiran_domestic/Daigaku_GR.pdf
university-greco,グレコローマン,1997,130kg,吉田 清太郎,国士舘大,https://wrestling-spirits.jp/www/wp-content/data/80/ichiran_domestic/Daigaku_GR.pdf
university-greco,グレコローマン,1996,48kg,村田 知也,日体大,https://wrestling-spirits.jp/www/wp-content/data/80/ichiran_domestic/Daigaku_GR.pdf
university-greco,グレコローマン,1996,52kg,豊田 雅俊,拓大,https://wrestling-spirits.jp/www/wp-content/data/80/ichiran_domestic/Daigaku_GR.pdf
university-greco,グレコローマン,1996,57kg,弓矢 完二,日体大,https://wrestling-spirits.jp/www/wp-content/data/80/ichiran_domestic/Daigaku_GR.pdf
university-greco,グレコローマン,1996,62kg,石田 亮一,日体大,https://wrestling-spirits.jp/www/wp-content/data/80/ichiran_domestic/Daigaku_GR.pdf
university-greco,グレコローマン,1996,68kg,大西 一也,山梨学院大,https://wrestling-spirits.jp/www/wp-content/data/80/ichiran_domestic/Daigaku_GR.pdf
university-greco,グレコローマン,1996,74kg,植村 洋二,日体大,https://wrestling-spirits.jp/www/wp-content/data/80/ichiran_domestic/Daigaku_GR.pdf
university-greco,グレコローマン,1996,82kg,田守 太郎,山梨学院大,https://wrestling-spirits.jp/www/wp-content/data/80/ichiran_domestic/Daigaku_GR.pdf
university-greco,グレコローマン,1996,90kg,小菅 裕司,日体大,https://wrestling-spirits.jp/www/wp-content/data/80/ichiran_domestic/Daigaku_GR.pdf
university-greco,グレコローマン,1996,100kg,篠崎 正二,日体大,https://wrestling-spirits.jp/www/wp-content/data/80/ichiran_domestic/Daigaku_GR.pdf
university-greco,グレコローマン,1996,130kg,鈴木 克彰,拓大,https://wrestling-spirits.jp/www/wp-content/data/80/ichiran_domestic/Daigaku_GR.pdf
university-greco,グレコローマン,1995,48kg,中村 吉元,日体大,https://wrestling-spirits.jp/www/wp-content/data/80/ichiran_domestic/Daigaku_GR.pdf
university-greco,グレコローマン,1995,52kg,豊田 雅俊,拓大,https://wrestling-spirits.jp/www/wp-content/data/80/ichiran_domestic/Daigaku_GR.pdf
university-greco,グレコローマン,1995,57kg,小林 武史,日体大,https://wrestling-spirits.jp/www/wp-content/data/80/ichiran_domestic/Daigaku_GR.pdf
university-greco,グレコローマン,1995,62kg,野名 秀明,国士舘大,https://wrestling-spirits.jp/www/wp-content/data/80/ichiran_domestic/Daigaku_GR.pdf
university-greco,グレコローマン,1995,68kg,永田 克彦,日体大,https://wrestling-spirits.jp/www/wp-content/data/80/ichiran_domestic/Daigaku_GR.pdf
university-greco,グレコローマン,1995,74kg,宮本 浩次,日体大,https://wrestling-spirits.jp/www/wp-content/data/80/ichiran_domestic/Daigaku_GR.pdf
university-greco,グレコローマン,1995,82kg,三原 大典,日体大,https://wrestling-spirits.jp/www/wp-content/data/80/ichiran_domestic/Daigaku_GR.pdf
university-greco,グレコローマン,1995,90kg,馬渕 賢司,日体大,https://wrestling-spirits.jp/www/wp-content/data/80/ichiran_domestic/Daigaku_GR.pdf
university-greco,グレコローマン,1995,100kg,篠崎 正二,日体大,https://wrestling-spirits.jp/www/wp-content/data/80/ichiran_domestic/Daigaku_GR.pdf
university-greco,グレコローマン,1995,130kg,瀬川 浩寿,山梨学院大,https://wrestling-spirits.jp/www/wp-content/data/80/ichiran_domestic/Daigaku_GR.pdf
university-greco,グレコローマン,1994,48kg,中村 吉元,日体大,https://wrestling-spirits.jp/www/wp-content/data/80/ichiran_domestic/Daigaku_GR.pdf
university-greco,グレコローマン,1994,52kg,田村 栄司,日大,https://wrestling-spirits.jp/www/wp-content/data/80/ichiran_domestic/Daigaku_GR.pdf
university-greco,グレコローマン,1994,57kg,村上 和隆,日体大,https://wrestling-spirits.jp/www/wp-content/data/80/ichiran_domestic/Daigaku_GR.pdf
university-greco,グレコローマン,1994,62kg,大西 一也,山梨学院大,https://wrestling-spirits.jp/www/wp-content/data/80/ichiran_domestic/Daigaku_GR.pdf
university-greco,グレコローマン,1994,68kg,永田 克彦,日体大,https://wrestling-spirits.jp/www/wp-content/data/80/ichiran_domestic/Daigaku_GR.pdf
university-greco,グレコローマン,1994,74kg,有賀 浩樹,日体大,https://wrestling-spirits.jp/www/wp-content/data/80/ichiran_domestic/Daigaku_GR.pdf
university-greco,グレコローマン,1994,82kg,高木 章夫,日体大,https://wrestling-spirits.jp/www/wp-content/data/80/ichiran_domestic/Daigaku_GR.pdf
university-greco,グレコローマン,1994,90kg,秋山 秀輝,東洋大,https://wrestling-spirits.jp/www/wp-content/data/80/ichiran_domestic/Daigaku_GR.pdf
university-greco,グレコローマン,1994,100kg,加藤 英之,日体大,https://wrestling-spirits.jp/www/wp-content/data/80/ichiran_domestic/Daigaku_GR.pdf
university-greco,グレコローマン,1994,130kg,瀬川 浩寿,山梨学院大,https://wrestling-spirits.jp/www/wp-content/data/80/ichiran_domestic/Daigaku_GR.pdf
university-greco,グレコローマン,1993,48kg,中村 吉元,日体大,https://wrestling-spirits.jp/www/wp-content/data/80/ichiran_domestic/Daigaku_GR.pdf
university-greco,グレコローマン,1993,52kg,嘉戸 洋,国士舘大,https://wrestling-spirits.jp/www/wp-content/data/80/ichiran_domestic/Daigaku_GR.pdf
university-greco,グレコローマン,1993,57kg,西島 隆,日体大,https://wrestling-spirits.jp/www/wp-content/data/80/ichiran_domestic/Daigaku_GR.pdf
university-greco,グレコローマン,1993,62kg,市口 勇志,日大,https://wrestling-spirits.jp/www/wp-content/data/80/ichiran_domestic/Daigaku_GR.pdf
university-greco,グレコローマン,1993,68kg,宮本 健二,日体大,https://wrestling-spirits.jp/www/wp-content/data/80/ichiran_domestic/Daigaku_GR.pdf
university-greco,グレコローマン,1993,74kg,片山 貴光,日体大,https://wrestling-spirits.jp/www/wp-content/data/80/ichiran_domestic/Daigaku_GR.pdf
university-greco,グレコローマン,1993,82kg,高木 章夫,日体大,https://wrestling-spirits.jp/www/wp-content/data/80/ichiran_domestic/Daigaku_GR.pdf
university-greco,グレコローマン,1993,90kg,菅原 文太,大東大,https://wrestling-spirits.jp/www/wp-content/data/80/ichiran_domestic/Daigaku_GR.pdf
university-greco,グレコローマン,1993,100kg,茂野 充宏,国士舘大,https://wrestling-spirits.jp/www/wp-content/data/80/ichiran_domestic/Daigaku_GR.pdf
university-greco,グレコローマン,1993,130kg,滝口 徹,国士舘大,https://wrestling-spirits.jp/www/wp-content/data/80/ichiran_domestic/Daigaku_GR.pdf
university-greco,グレコローマン,1992,48kg,嘉戸 洋,国士舘大,https://wrestling-spirits.jp/www/wp-content/data/80/ichiran_domestic/Daigaku_GR.pdf
university-greco,グレコローマン,1992,52kg,河合 亨,日体大,https://wrestling-spirits.jp/www/wp-content/data/80/ichiran_domestic/Daigaku_GR.pdf
university-greco,グレコローマン,1992,57kg,藤本 雅志,日体大,https://wrestling-spirits.jp/www/wp-content/data/80/ichiran_domestic/Daigaku_GR.pdf
university-greco,グレコローマン,1992,62kg,谷山 康隆,国士舘大,https://wrestling-spirits.jp/www/wp-content/data/80/ichiran_domestic/Daigaku_GR.pdf
university-greco,グレコローマン,1992,68kg,和田 貴広,国士舘大,https://wrestling-spirits.jp/www/wp-content/data/80/ichiran_domestic/Daigaku_GR.pdf
university-greco,グレコローマン,1992,74kg,矢部 賢二,日体大,https://wrestling-spirits.jp/www/wp-content/data/80/ichiran_domestic/Daigaku_GR.pdf
university-greco,グレコローマン,1992,82kg,横山 秀和,日体大,https://wrestling-spirits.jp/www/wp-content/data/80/ichiran_domestic/Daigaku_GR.pdf
university-greco,グレコローマン,1992,90kg,岩渕 利則,国士舘大,https://wrestling-spirits.jp/www/wp-content/data/80/ichiran_domestic/Daigaku_GR.pdf
university-greco,グレコローマン,1992,100kg,鈴木 文雄,山梨学院大,https://wrestling-spirits.jp/www/wp-content/data/80/ichiran_domestic/Daigaku_GR.pdf
university-greco,グレコローマン,1992,130kg,茂野 充宏,国士舘大,https://wrestling-spirits.jp/www/wp-content/data/80/ichiran_domestic/Daigaku_GR.pdf
university-greco,グレコローマン,1991,48kg,森下 浩,日体大,https://wrestling-spirits.jp/www/wp-content/data/80/ichiran_domestic/Daigaku_GR.pdf
university-greco,グレコローマン,1991,52kg,朝比奈 巌,日体大,https://wrestling-spirits.jp/www/wp-content/data/80/ichiran_domestic/Daigaku_GR.pdf
university-greco,グレコローマン,1991,57kg,入江 格,国士舘大,https://wrestling-spirits.jp/www/wp-content/data/80/ichiran_domestic/Daigaku_GR.pdf
university-greco,グレコローマン,1991,62kg,橋爪 幸彦,日体大,https://wrestling-spirits.jp/www/wp-content/data/80/ichiran_domestic/Daigaku_GR.pdf
university-greco,グレコローマン,1991,68kg,田橋 治,日体大,https://wrestling-spirits.jp/www/wp-content/data/80/ichiran_domestic/Daigaku_GR.pdf
university-greco,グレコローマン,1991,74kg,名倉 昌輝,山梨学院大,https://wrestling-spirits.jp/www/wp-content/data/80/ichiran_domestic/Daigaku_GR.pdf
university-greco,グレコローマン,1991,82kg,浅井 努,日体大,https://wrestling-spirits.jp/www/wp-content/data/80/ichiran_domestic/Daigaku_GR.pdf
university-greco,グレコローマン,1991,90kg,藤田 和之,日大,https://wrestling-spirits.jp/www/wp-content/data/80/ichiran_domestic/Daigaku_GR.pdf
university-greco,グレコローマン,1991,100kg,鈴木 文雄,山梨学院大,https://wrestling-spirits.jp/www/wp-content/data/80/ichiran_domestic/Daigaku_GR.pdf
university-greco,グレコローマン,1991,130kg,茂野 充宏,国士舘大,https://wrestling-spirits.jp/www/wp-content/data/80/ichiran_domestic/Daigaku_GR.pdf
university-greco,グレコローマン,1990,48kg,嘉戸 洋,国士舘大,https://wrestling-spirits.jp/www/wp-content/data/80/ichiran_domestic/Daigaku_GR.pdf
university-greco,グレコローマン,1990,52kg,清水 光二,日体大,https://wrestling-spirits.jp/www/wp-content/data/80/ichiran_domestic/Daigaku_GR.pdf
university-greco,グレコローマン,1990,57kg,深水 真司,日体大,https://wrestling-spirits.jp/www/wp-content/data/80/ichiran_domestic/Daigaku_GR.pdf
university-greco,グレコローマン,1990,62kg,市口 勇志,日大,https://wrestling-spirits.jp/www/wp-content/data/80/ichiran_domestic/Daigaku_GR.pdf
university-greco,グレコローマン,1990,68kg,今村 浩之,日体大,https://wrestling-spirits.jp/www/wp-content/data/80/ichiran_domestic/Daigaku_GR.pdf
university-greco,グレコローマン,1990,74kg,木村 成明,拓大,https://wrestling-spirits.jp/www/wp-content/data/80/ichiran_domestic/Daigaku_GR.pdf
university-greco,グレコローマン,1990,82kg,金 永烽,日大,https://wrestling-spirits.jp/www/wp-content/data/80/ichiran_domestic/Daigaku_GR.pdf
university-greco,グレコローマン,1990,90kg,浅井 努,日体大,https://wrestling-spirits.jp/www/wp-content/data/80/ichiran_domestic/Daigaku_GR.pdf
university-greco,グレコローマン,1990,100kg,野々村 孝,山梨学院大,https://wrestling-spirits.jp/www/wp-content/data/80/ichiran_domestic/Daigaku_GR.pdf
university-greco,グレコローマン,1990,130kg,小幡 弘之,日大,https://wrestling-spirits.jp/www/wp-content/data/80/ichiran_domestic/Daigaku_GR.pdf
university-greco,グレコローマン,1989,48kg,加藤 欣央,東海大,https://wrestling-spirits.jp/www/wp-content/data/80/ichiran_domestic/Daigaku_GR.pdf
university-greco,グレコローマン,1989,52kg,清水 光二,日体大,https://wrestling-spirits.jp/www/wp-content/data/80/ichiran_domestic/Daigaku_GR.pdf
university-greco,グレコローマン,1989,57kg,花原 大介,日体大,https://wrestling-spirits.jp/www/wp-content/data/80/ichiran_domestic/Daigaku_GR.pdf
university-greco,グレコローマン,1989,62kg,曽我 勝仁,拓大,https://wrestling-spirits.jp/www/wp-content/data/80/ichiran_domestic/Daigaku_GR.pdf
university-greco,グレコローマン,1989,68kg,山田 琢也,専大,https://wrestling-spirits.jp/www/wp-content/data/80/ichiran_domestic/Daigaku_GR.pdf
university-greco,グレコローマン,1989,74kg,川井 孝人,日体大,https://wrestling-spirits.jp/www/wp-content/data/80/ichiran_domestic/Daigaku_GR.pdf
university-greco,グレコローマン,1989,82kg,永田 裕志,日体大,https://wrestling-spirits.jp/www/wp-content/data/80/ichiran_domestic/Daigaku_GR.pdf
university-greco,グレコローマン,1989,90kg,小川 司,国士舘大,https://wrestling-spirits.jp/www/wp-content/data/80/ichiran_domestic/Daigaku_GR.pdf
university-greco,グレコローマン,1989,100kg,間山 泰範,日体大,https://wrestling-spirits.jp/www/wp-content/data/80/ichiran_domestic/Daigaku_GR.pdf
university-greco,グレコローマン,1989,130kg,鈴木 賢一,大東大,https://wrestling-spirits.jp/www/wp-content/data/80/ichiran_domestic/Daigaku_GR.pdf
