動画ID,タイトル,公開日,長さ,種類,年代,大会,年,見分けた理由,確かさ,日本人選手,再生リスト,URL
HOMy955SG7c,The cutest way to celebrate a world title 🥹😍 Konami ONO 🇯🇵 wins U20 world championships at 57kg 🥇🌏,2026-08-22,0:38,ショート,U20,世界選手権,2026,タイトルにJPN/Japan・選手名の一致(国名なし),高,小野 こなみ(Konami ONO),2026 U20 World Championships,https://www.youtube.com/watch?v=HOMy955SG7c
w98VcBQN3Ps,The cutest way to celebrate a world title 🥹😍Konami ONO 🇯🇵 wins U20 world championships at 57kg 🥇🌏,2026-08-21,0:38,ショート,U20,世界選手権,2026,タイトルにJPN/Japan・選手名の一致(国名なし),高,小野 こなみ(Konami ONO),2026 U20 World Championships,https://www.youtube.com/watch?v=w98VcBQN3Ps
TIV0sKSN5-g,Abolfazl RAHMANI 🇮🇷 techs Hisashi KONISHI 🇯🇵 in the opening round of the U20 World championships 🔥🌏,2026-08-21,0:25,ショート,U20,世界選手権,2026,タイトルにJPN/Japan,高,照合なし,2026 U20 World Championships,https://www.youtube.com/watch?v=TIV0sKSN5-g
EHtHeDaxf5Q,Yamato OGAWA 🇯🇵 kicks off with a leg-lace and finishes the match in less than 2 minutes 🔥👏,2026-08-21,0:22,ショート,U20,世界選手権,2026,タイトルにJPN/Japan・選手名の一致(国名なし),高,小川 大和(Yamato OGAWA),2026 U20 World Championships,https://www.youtube.com/watch?v=EHtHeDaxf5Q
g6rwYsAkDFs,Sinclair went down 6-0. The rest...watch and see | Aeoden SINCLAIR (USA) vs. Natsura OKAZAWA (JPN),2026-08-20,10:02,試合,U20,世界選手権,2026,タイトルにJPN/Japan・選手名の一致,高,岡澤 ナツラ(Natsura OKAZAWA),2026 U20 World Championships,https://www.youtube.com/watch?v=g6rwYsAkDFs
i3LcyqSayCg,Aeoden SINCLAIR 🇺🇸 with an INSANE comeback against Natsura OKAZAWA 🇯🇵! 🤯🔥,2026-08-20,0:26,ショート,U20,世界選手権,2026,タイトルにJPN/Japan・選手名の一致(国名なし),高,岡澤 ナツラ(Natsura OKAZAWA),2026 U20 World Championships,https://www.youtube.com/watch?v=i3LcyqSayCg
0W5o1UrEiX0,Bekassyl ASSAMBEK 🇰🇿 defeats Itsuki YONASHIRO 🇯🇵 in a very close 3-1 match 🤯🔥,2026-08-20,0:18,ショート,U20,世界選手権,2026,タイトルにJPN/Japan,高,照合なし,2026 U20 World Championships,https://www.youtube.com/watch?v=0W5o1UrEiX0
IO_ThQvl8a4,Quick win for Konami ONO 🇯🇵🔥,2026-08-20,0:19,ショート,U20,世界選手権,2026,タイトルにJPN/Japan・選手名の一致(国名なし),高,小野 こなみ(Konami ONO),2026 U20 World Championships,https://www.youtube.com/watch?v=IO_ThQvl8a4
DYg8C0cv1H4,"The Yoshida legacy continues 🇯🇵💪 Saori YOSHIDA’s niece, Chisato YOSHIDA, is a U20 World Champion! 🌏🥇",2026-08-20,0:17,ショート,U20,世界選手権,2026,タイトルにJPN/Japan・選手名の一致(国名なし),高,吉田 千沙都(Chisato YOSHIDA),2026 U20 World Championships,https://www.youtube.com/watch?v=DYg8C0cv1H4
fJRhCyK4tBw,How costly was Sharma's second-period challenge? Tanu SHARMA (IND) vs. Chisato YOSHIDA (JPN),2026-08-19,10:33,試合,U20,世界選手権,2026,タイトルにJPN/Japan・選手名の一致,高,吉田 千沙都(Chisato YOSHIDA),2026 U20 World Championships,https://www.youtube.com/watch?v=fJRhCyK4tBw
8FPaWv_IbFg,Yuu KATSUME 🇯🇵 adds a U20 world title to her U17 world gold 🥇👏,2026-08-19,0:24,ショート,U17,世界選手権,2026,タイトルにJPN/Japan,高,照合なし,2026 U20 World Championships,https://www.youtube.com/watch?v=8FPaWv_IbFg
Zt_-TkQQwxo,Senior World champ 🌏🥇 Sakura ONISHI 🇯🇵 is on a quest for her THIRD U20 world title 🤯🔥👏,2026-08-19,0:24,ショート,U20,世界選手権,2026,タイトルにJPN/Japan・選手名の一致(国名なし),高,尾西 桜(Sakura ONISHI),2026 U20 World Championships,https://www.youtube.com/watch?v=Zt_-TkQQwxo
t5U0Cifgd7w,You'll never believe what Yuu KATSUME (JPN) did to world champio Morgan TURNER (USA),2026-08-18,10:32,その他,U20,世界選手権,2026,タイトルにJPN/Japan,高,照合なし,2026 U20 World Championships,https://www.youtube.com/watch?v=t5U0Cifgd7w
UV3CNJYDYpU,Taizo YOSHIDA 🇯🇵 celebrates his U20 world title 🌏🥇👏,2026-08-18,0:30,ショート,U20,世界選手権,2026,タイトルにJPN/Japan・選手名の一致(国名なし),高,吉田 泰造(Taizo YOSHIDA),2026 U20 World Championships,https://www.youtube.com/watch?v=UV3CNJYDYpU
uZFZZor0BqY,Taizo YOSHIDA 🇯🇵 techs Valdyslav SOLODCHUK 🇺🇦 on the way to u20 worlds quarterfinals 🔥💪,2026-08-16,0:18,試合,U20,世界選手権,2026,タイトルにJPN/Japan・選手名の一致(国名なし),高,吉田 泰造(Taizo YOSHIDA),2026 U20 World Championships,https://www.youtube.com/watch?v=uZFZZor0BqY
5pHE0Ak3GU8,Saika UCHIDA 🇯🇵 captures U17 World title at 49kg 🥇🔥,2026-07-31,0:27,ショート,U17,世界選手権,2026,タイトルにJPN/Japan,高,照合なし,U17 WORLD CHAMPIONSHIPS 2026,https://www.youtube.com/watch?v=5pHE0Ak3GU8
FKxytUdCr84,The craziest match from the U17 World Championships | Sera FURUICHI (JPN) vs. Maya NAICKER (CAN),2026-07-30,7:25,試合,U17,世界選手権,2026,タイトルにJPN/Japan,高,照合なし,U17 WORLD CHAMPIONSHIPS 2026,https://www.youtube.com/watch?v=FKxytUdCr84
Nkj39zZ1AOM,Can Saika UCHIDA 🇯🇵 repeat her sister’s success in tomorrow’s final?🥇,2026-07-29,0:09,試合,U17,世界選手権,2026,タイトルにJPN/Japan,高,照合なし,U17 WORLD CHAMPIONSHIPS 2026,https://www.youtube.com/watch?v=Nkj39zZ1AOM
HsyjT6PY3b4,Kyong Ryong OH 🇰🇵 defeats Moe KIYOOKA 🇯🇵 10-6 to claim 53kg Ranking Series gold 🥇👏,2026-06-06,0:20,ショート,シニア(または不明),ランキングシリーズ等,2026,タイトルにJPN/Japan・選手名の一致(国名なし),高,清岡 もえ(Moe KIYOOKA),2026 Ulaanbaatar Open Ranking Series,https://www.youtube.com/watch?v=HsyjT6PY3b4
tfXaIVDhx5s,Arash YOSHIDA 🇯🇵 claims his 3rd Asian gold 🥇👏🏆,2026-04-12,0:18,ショート,シニア(または不明),アジア選手権,2026,タイトルにJPN/Japan・選手名の一致(国名なし),高,吉田 アラシ(Arash YOSHIDA),2026 UWW Senior Asian Championships,https://www.youtube.com/watch?v=tfXaIVDhx5s
zIKBhdSP2cw,Third time lucky 🍀🤣 Yui SUSAKI 🇯🇵 throws the singlet to the fan after claiming the Asian gold 🥇🔥👏,2026-04-12,0:46,ショート,シニア(または不明),アジア選手権,2026,タイトルにJPN/Japan・選手名の一致(国名なし),高,須﨑 優衣(Yui SUSAKI),2026 UWW Senior Asian Championships,https://www.youtube.com/watch?v=zIKBhdSP2cw
HEIdOj-1EZQ,What a crazy match it was between Amir YAZDANI 🇮🇷 and Yoshinosuke AOYAGI🇯🇵🤯🤯🤯,2026-04-11,0:17,ショート,シニア(または不明),アジア選手権,2026,タイトルにJPN/Japan・選手名の一致(国名なし),高,青柳 善の輔(Yoshinosuke AOYAGI),2026 UWW Senior Asian Championships,https://www.youtube.com/watch?v=HEIdOj-1EZQ
9_JK4Okr5fc,QUESTION OF THE DAY: Who will win FS 97kg Asian title🥇 - Arash YOSHIDA 🇯🇵 or Amirali AZARPIRA 🇮🇷?,2026-04-11,0:45,ショート,シニア(または不明),アジア選手権,2026,タイトルにJPN/Japan・選手名の一致(国名なし),高,吉田 アラシ(Arash YOSHIDA),2026 UWW Senior Asian Championships,https://www.youtube.com/watch?v=9_JK4Okr5fc
rW3qsKfDX6Q,Nanoka OZAKI 🇯🇵 blows kisses to the crowd 😘 after claiming her THIRD Asian title 👑🥇👏,2026-04-11,0:13,ショート,シニア(または不明),アジア選手権,2026,タイトルにJPN/Japan,高,照合なし,2026 UWW Senior Asian Championships,https://www.youtube.com/watch?v=rW3qsKfDX6Q
Y0FalxcFX9s,UPSET OF THE DAY🚨: 20-year-old GHAREHDAGHI 🇯🇵 stops Olympic 🥇 JAMALOV 🇺🇿 from reaching the final 🤯,2026-04-10,0:18,試合,シニア(または不明),オリンピック,2026,タイトルにJPN/Japan,高,照合なし,2026 UWW Senior Asian Championships,https://www.youtube.com/watch?v=Y0FalxcFX9s
r8fNEOYOMeU,Ernazar AKMATALIEV🇰🇬 fires up the home crowd with a crazy throw over familiar foe Taishi NARIKUNI 🇯🇵,2026-04-10,0:20,ショート,シニア(または不明),アジア選手権,2026,タイトルにJPN/Japan・選手名の一致(国名なし),高,成國 大志(Taishi NARIKUNI),2026 UWW Senior Asian Championships,https://www.youtube.com/watch?v=r8fNEOYOMeU
Ngr3OwwVCys,Yui SUSAKI 🇯🇵 is back on top of the podium 🔥🥇👏,2026-04-09,0:28,表彰式,シニア(または不明),アジア選手権,2026,タイトルにJPN/Japan・選手名の一致(国名なし),高,須﨑 優衣(Yui SUSAKI),2026 UWW Senior Asian Championships,https://www.youtube.com/watch?v=Ngr3OwwVCys
aW14_f0SdYk,Nonoka OZAKI 🇯🇵 pins her way to the 62kg Asian final 🔥👏,2026-04-09,0:29,試合,シニア(または不明),アジア選手権,2026,タイトルにJPN/Japan・選手名の一致(国名なし),高,尾﨑 野乃香(Nonoka OZAKI),2026 UWW Senior Asian Championships,https://www.youtube.com/watch?v=aW14_f0SdYk
-RXhXgiOdIM,Meerim Zhumanazarova 🇰🇬 takes on Miwa Morikawa 🇯🇵 for 68kg Asian gold 🥇,2026-04-09,0:09,ショート,シニア(または不明),アジア選手権,2026,タイトルにJPN/Japan・選手名の一致(国名なし),高,森川 美和(Miwa MORIKAWA),2026 UWW Senior Asian Championships,https://www.youtube.com/watch?v=-RXhXgiOdIM
1rmF723x2vY,World champ Nonoka OZAKI 🇯🇵 techs word champ Qi ZHANG 🇨🇳 in the Asian championships quarterfinal 🤯🔥,2026-04-09,0:13,試合,シニア(または不明),アジア選手権,2026,タイトルにJPN/Japan・選手名の一致(国名なし),高,尾﨑 野乃香(Nonoka OZAKI),2026 UWW Senior Asian Championships,https://www.youtube.com/watch?v=1rmF723x2vY
JljAVR-DUvE,Miwa MORIKAWA 🇯🇵 books her ticket to the 68kg final 🔥🤼‍♀️,2026-04-08,0:11,試合,シニア(または不明),アジア選手権,2026,タイトルにJPN/Japan・選手名の一致(国名なし),高,森川 美和(Miwa MORIKAWA),2026 UWW Senior Asian Championships,https://www.youtube.com/watch?v=JljAVR-DUvE
Hd1YTtqUfDk,Yui SUSAKI 🇯🇵➡️ into the finals 🔥👏,2026-04-08,0:06,試合,シニア(または不明),アジア選手権,2026,タイトルにJPN/Japan・選手名の一致(国名なし),高,須﨑 優衣(Yui SUSAKI),2026 UWW Senior Asian Championships,https://www.youtube.com/watch?v=Hd1YTtqUfDk
sentJ-qB7cA,Yui SUSAKI 🇯🇵 kicks off with a quick pin over Paris Olympic 🥉 Ziqi FENG 🇨🇳🔥,2026-04-08,0:11,ショート,シニア(または不明),オリンピック,2026,タイトルにJPN/Japan・選手名の一致(国名なし),高,須﨑 優衣(Yui SUSAKI),2026 UWW Senior Asian Championships,https://www.youtube.com/watch?v=sentJ-qB7cA
R1XTq9iw9bM,Every match from Koto GOMI  (JPN) at the 2026 Zagreb Open Ranking Series,2026-02-08,13:45,試合まとめ,シニア(または不明),ランキングシリーズ等,2026,タイトルにJPN/Japan・選手名の一致,高,五味 虹登(Koto GOMI),,https://www.youtube.com/watch?v=R1XTq9iw9bM
6ZsXizCEObI,Every match from Nonoka OZAKI  (JPN) at the Zagreb Open Ranking Series,2026-02-06,21:05,試合まとめ,シニア(または不明),ランキングシリーズ等,2026,タイトルにJPN/Japan・選手名の一致,高,尾﨑 野乃香(Nonoka OZAKI),2026 Zagreb Open Ranking Series,https://www.youtube.com/watch?v=6ZsXizCEObI
0xfw69hb1GA,Miwa MORIKAWA (JPN) vs. Nesrin BAS (TUR) | 2026 Zagreb Open | Gold Medal | WW 68Kg,2026-02-06,8:24,試合,シニア(または不明),ランキングシリーズ等,2026,タイトルにJPN/Japan・選手名の一致,高,森川 美和(Miwa MORIKAWA),,https://www.youtube.com/watch?v=0xfw69hb1GA
fGNZ2_0uCn0,Nonoka OZAKI 🇯🇵 is back on top at 62kg🔥 She claims the Ranking Series gold in Zagreb 🥇🇭🇷,2026-02-06,0:14,ショート,シニア(または不明),ランキングシリーズ等,2026,タイトルにJPN/Japan・選手名の一致(国名なし),高,尾﨑 野乃香(Nonoka OZAKI),2026 Zagreb Open Ranking Series,https://www.youtube.com/watch?v=fGNZ2_0uCn0
teXd4Gvc-dI,Haruna MORIKAWA (JPN) vs. Neelam NEELAM (IND) | RANKING SERIES 2026 | Gold Medal | WW 50Kg,2026-02-05,8:22,試合,シニア(または不明),ランキングシリーズ等,2026,タイトルにJPN/Japan・選手名の一致,高,森川 晴凪(Haruna MORIKAWA),2026 Zagreb Open Ranking Series,https://www.youtube.com/watch?v=teXd4Gvc-dI
owcPe4D_Gso,David Carr 🇺🇸 stuns 🌍🥇 Yoshinosuke Aoyagi 🇯🇵 to win the Rankings Series finals at 74 kg 🚨🔥,2026-02-04,0:14,試合,シニア(または不明),ランキングシリーズ等,2026,タイトルにJPN/Japan・選手名の一致(国名なし),高,青柳 善の輔(Yoshinosuke AOYAGI),2026 Zagreb Open Ranking Series,https://www.youtube.com/watch?v=owcPe4D_Gso
rGMGTB2J6S8,David Aaron CARR (USA) vs. Yoshinosuke AOYAGI (JPN) | RANKING SERIES 2026 | Gold Medal | FS 74Kg,2026-02-04,7:51,試合,シニア(または不明),ランキングシリーズ等,2026,タイトルにJPN/Japan・選手名の一致,高,青柳 善の輔(Yoshinosuke AOYAGI),Best of Yoshinosuke AOYAGI / 2026 Zagreb Open Ranking Series,https://www.youtube.com/watch?v=rGMGTB2J6S8
NPZGSS5X-4U,Arash YOSHIDA 🇯🇵 rises to top 🔝🥇👏,2025-10-29,0:31,ショート,シニア(または不明),,2025,タイトルにJPN/Japan・選手名の一致(国名なし),高,吉田 アラシ(Arash YOSHIDA),,https://www.youtube.com/watch?v=NPZGSS5X-4U
WLQ43CyCD74,He does it AGAIN! 🤯Arash YOSHIDA 🇯🇵 beats Rizabek Aitmukhan 🇰🇿 on the way to u23 🌏 finals 🤯🔥,2025-10-26,0:23,試合,U23,,2025,タイトルにJPN/Japan・選手名の一致(国名なし),高,吉田 アラシ(Arash YOSHIDA),2025 U23 World Wrestling Championships - Shorts,https://www.youtube.com/watch?v=WLQ43CyCD74
YlSWfNiPQUo,Arash YOSHIDA (JPN) vs. Abolfazl BABALOO (IRI) | U23 WORLD CHAMPIONSHIPS 2025,2025-10-26,11:22,試合,U23,世界選手権,2025,タイトルにJPN/Japan・選手名の一致,高,吉田 アラシ(Arash YOSHIDA),2025 U23 World Wrestling Championships,https://www.youtube.com/watch?v=YlSWfNiPQUo
ZaXRIEVKwh8,Arash YOSHIDA 🇯🇵 looks gooood 🔥💪👏👍 He is through to the U23 worlds semis 🔥,2025-10-26,0:16,ショート,U23,世界選手権,2025,タイトルにJPN/Japan・選手名の一致(国名なし),高,吉田 アラシ(Arash YOSHIDA),2025 U23 World Wrestling Championships - Shorts,https://www.youtube.com/watch?v=ZaXRIEVKwh8
2DXO30AVTao,Arash YOSHIDA 🇯🇵 needed less than 2 minutes to tech Musza ARSUNKAEV 🇭🇺💪,2025-10-26,0:14,ショート,U23,,2025,タイトルにJPN/Japan・選手名の一致(国名なし),高,吉田 アラシ(Arash YOSHIDA),2025 U23 World Wrestling Championships - Shorts,https://www.youtube.com/watch?v=2DXO30AVTao
IL7ZG0DPQOQ,SAKURA MOTOKI 🇯🇵 completes the GOLDEN GRAND SLAM 🏆🔥👏,2025-10-26,0:19,ショート,U23,,2025,タイトルにJPN/Japan・選手名の一致(国名なし),高,元木 咲良(Sakura MOTOKI),2025 U23 World Wrestling Championships - Shorts,https://www.youtube.com/watch?v=IL7ZG0DPQOQ
qAInafukmgo,Every match from Olympic champion Sakura MOTOKI (JPN) at the U23 World Championships,2025-10-26,8:53,試合まとめ,U23,オリンピック,2025,タイトルにJPN/Japan・選手名の一致,高,元木 咲良(Sakura MOTOKI),2025 U23 World Wrestling Championships,https://www.youtube.com/watch?v=qAInafukmgo
JBGPn98-lUY,Haruna MORIKAWA (JPN) vs. Hansika LAMBA (IND) | U23 WORLD CHAMPIONSHIPS 2025 | Gold Medal | WW 53Kg,2025-10-25,7:50,試合,U23,世界選手権,2025,タイトルにJPN/Japan・選手名の一致,高,森川 晴凪(Haruna MORIKAWA),2025 U23 World Wrestling Championships,https://www.youtube.com/watch?v=JBGPn98-lUY
SYqD6C6gclE,Monster counter 🤯 from Yuta KIKUCHI 🇯🇵 to reach 57kg u23 world finals 🔥💪,2025-10-25,0:09,試合,U23,,2025,タイトルにJPN/Japan・選手名の一致(国名なし),高,菊地 優太(Yuta KIKUCHI),2025 U23 World Wrestling Championships - Shorts,https://www.youtube.com/watch?v=SYqD6C6gclE
Fkl-cnmE_dM,Nonstop action from Yuta Kikuchi 🇯🇵 🔥,2025-10-25,0:19,ショート,U23,,2025,タイトルにJPN/Japan・選手名の一致(国名なし),高,菊地 優太(Yuta KIKUCHI),2025 U23 World Wrestling Championships - Shorts,https://www.youtube.com/watch?v=Fkl-cnmE_dM
fxb3PANDCHw,Every match from Olympic gold medalist Akari FUJINAMI  (JPN) at the U23 World Championships,2025-10-25,11:03,試合まとめ,U23,オリンピック,2025,タイトルにJPN/Japan・選手名の一致,高,藤波 朱理(Akari FUJINAMI),2025 U23 World Wrestling Championships,https://www.youtube.com/watch?v=fxb3PANDCHw
eYb_rcSDF0Q,Mitchell MESENBRINK 🇺🇸 beats world champ AOYAGI 🇯🇵 in the u23 worlds semis 🤯🔥,2025-10-24,0:21,ショート,U23,世界選手権,2025,タイトルにJPN/Japan,高,照合なし,2025 U23 World Wrestling Championships - Shorts,https://www.youtube.com/watch?v=eYb_rcSDF0Q
6p9PJrQIxNE,Mitchell MESENBRINK (USA) shocks world champion Yoshinosuke AOYAGI (JPN),2025-10-24,12:12,その他,U23,,2025,タイトルにJPN/Japan・選手名の一致,高,青柳 善の輔(Yoshinosuke AOYAGI),Best of Yoshinosuke AOYAGI / 2025 U23 World Wrestling Championships,https://www.youtube.com/watch?v=6p9PJrQIxNE
R1A0ZiyWGTU,"Just a month after winning the Senior World title, Yoshinosuke Aoyagi 🇯🇵 is chasing U23 World gold🥇🔥",2025-10-24,0:13,ショート,U23,,2025,タイトルにJPN/Japan・選手名の一致(国名なし),高,青柳 善の輔(Yoshinosuke AOYAGI),2025 U23 World Wrestling Championships - Shorts,https://www.youtube.com/watch?v=R1A0ZiyWGTU
TX7z_nA1EMo,Nataliia KLIVCHUTSKA (UKR) vs. Haruna MORIKAWA (JPN) | U23 WORLD CHAMPIONSHIPS 2025,2025-10-24,11:14,試合,U23,世界選手権,2025,タイトルにJPN/Japan・選手名の一致,高,森川 晴凪(Haruna MORIKAWA),2025 U23 World Wrestling Championships,https://www.youtube.com/watch?v=TX7z_nA1EMo
Svu1a7sRWp8,Nishu NISHU (IND) vs. Moe KIYOOKA (JPN) | U23 WORLD CHAMPIONSHIPS 2025 | Eighth Final | WW 55Kg,2025-10-23,7:39,試合,U23,世界選手権,2025,タイトルにJPN/Japan・選手名の一致,高,清岡 もえ(Moe KIYOOKA),2025 U23 World Wrestling Championships,https://www.youtube.com/watch?v=Svu1a7sRWp8
Dn-7zcNyek4,🚨🚨🚨Nishu 🇮🇳 pins Senior world champ Moe Kiyooka 🇯🇵 in the first round 🤯,2025-10-23,0:18,ショート,U23,,2025,タイトルにJPN/Japan・選手名の一致(国名なし),高,清岡 もえ(Moe KIYOOKA),2025 U23 World Wrestling Championships - Shorts,https://www.youtube.com/watch?v=Dn-7zcNyek4
1r-qy6Rp1Kw,Minoriho Yonehara 🇯🇵 kicks off her first international event with a technical superiority win! 🔥👏,2025-10-22,0:16,ショート,シニア(または不明),,2025,タイトルにJPN/Japan・選手名の一致(国名なし),高,米原 実穂(Minoriho YONEHARA),,https://www.youtube.com/watch?v=1r-qy6Rp1Kw
35-uvbG0bhs,Back-to-back arm throws from Kyo KITAWAKI 🇯🇵 to finish it off!🔥,2025-10-21,0:15,ショート,U23,,2025,タイトルにJPN/Japan・選手名の一致(国名なし),高,北脇 香(Kyo KITAWAKI),2025 U23 World Wrestling Championships - Shorts,https://www.youtube.com/watch?v=35-uvbG0bhs
stALGplM5Y0,Nao KUSAKA (JPN) vs. Malkhas AMOYAN (ARM) | WORLD CHAMPIONSHIPS 2025 | Gold Medal | GR 77Kg,2025-09-19,9:20,試合,シニア(または不明),世界選手権,2025,タイトルにJPN/Japan・選手名の一致,高,日下 尚(Nao KUSAKA),2025 World Wrestling Championships,https://www.youtube.com/watch?v=stALGplM5Y0
Rm7aAY40wxs,Back on top🌍 Malkhas Amoyan 🇦🇲 takes down Olympic champ Nao Kusaka 🇯🇵 to claim the 77kg world title!,2025-09-19,0:21,ショート,シニア(または不明),オリンピック,2025,タイトルにJPN/Japan・選手名の一致(国名なし),高,日下 尚(Nao KUSAKA),2025 World Wrestling Championships - Shorts,https://www.youtube.com/watch?v=Rm7aAY40wxs
q9Dv5c7yfGs,Every match from Sakura MOTOKI  (JPN) at the Senior World Championships,2025-09-19,17:28,試合まとめ,シニア(または不明),世界選手権,2025,タイトルにJPN/Japan・選手名の一致,高,元木 咲良(Sakura MOTOKI),2025 World Wrestling Championships,https://www.youtube.com/watch?v=q9Dv5c7yfGs
Ph-mKeT9iT0,Every match from Haruna MURAYAMA OKUNO (JPN) at the Senior World Championships,2025-09-19,33:54,試合まとめ,シニア(または不明),世界選手権,2025,タイトルにJPN/Japan・選手名の一致(国名なし),高,村山 春菜(Haruna MURAYAMA),2025 World Wrestling Championships,https://www.youtube.com/watch?v=Ph-mKeT9iT0
UUUE7y-fQxA,The craziest-ever ending to a world final | Sakura MOTOKI (JPN) vs. Ok Ju KIM (PRK),2025-09-18,12:37,試合,シニア(または不明),,2025,タイトルにJPN/Japan・選手名の一致,高,元木 咲良(Sakura MOTOKI),,https://www.youtube.com/watch?v=UUUE7y-fQxA
_JOmFn5Z90o,Joy turns to heartbreak for Ok Ju KIM 🇰🇵And Sakura MOTOKI 🇯🇵 is your new world champ🥇🔥,2025-09-18,0:43,ショート,シニア(または不明),,2025,タイトルにJPN/Japan・選手名の一致(国名なし),高,元木 咲良(Sakura MOTOKI),2025 World Wrestling Championships - Shorts,https://www.youtube.com/watch?v=_JOmFn5Z90o
iN96ROuEZNQ,Ami Ishii 🇯🇵 took out Olympic silver medalist Kennedy Blades 🇺🇸 on the way to the 68kg final 🔥,2025-09-18,0:40,試合,シニア(または不明),オリンピック,2025,タイトルにJPN/Japan・選手名の一致(国名なし),高,石井 亜海(Ami ISHII),2025 World Wrestling Championships - Shorts,https://www.youtube.com/watch?v=iN96ROuEZNQ
iN6BYzoitds,Every match from Miwa MORIKAWA  (JPN) at the Senior World Championships,2025-09-18,26:29,試合まとめ,シニア(または不明),世界選手権,2025,タイトルにJPN/Japan・選手名の一致,高,森川 美和(Miwa MORIKAWA),2025 World Wrestling Championships,https://www.youtube.com/watch?v=iN6BYzoitds
rrAaFuSz0XU,When you teach the Olympic finalist 😱🤯 | Ami ISHII (JPN) vs. Kennedy Alexis BLADES (USA),2025-09-17,7:15,試合,シニア(または不明),オリンピック,2025,タイトルにJPN/Japan・選手名の一致,高,石井 亜海(Ami ISHII),2025 World Wrestling Championships,https://www.youtube.com/watch?v=rrAaFuSz0XU
ehSai8JowWo,Rahman AMOUZADKHALILI (IRI) strikes gold | 2025 World Championships Highlight | Freestyle | Day Four,2025-09-17,9:24,ハイライト・特集,シニア(または不明),世界選手権,2025,説明にJPN/Japan,低(要確認),照合なし,2025 World Wrestling Championships | Highlights Show / 2025 World Wrestling Championships,https://www.youtube.com/watch?v=ehSai8JowWo
kQNYO0rT5WE,Sakura ONISHI (JPN) vs. Mariia VYNNYK (UKR) | WORLD CHAMPIONSHIPS 2025 | Gold Medal | WW 59Kg,2025-09-16,12:01,試合,シニア(または不明),世界選手権,2025,タイトルにJPN/Japan・選手名の一致,高,尾西 桜(Sakura ONISHI),2025 World Wrestling Championships,https://www.youtube.com/watch?v=kQNYO0rT5WE
Rl0_m0qnz50,Rahman AMOUZADKHALILI (IRI) vs. Kotaro KIYOOKA (JPN) | WORLD CHAMPIONSHIPS 2025 | 65kg Gold Medal,2025-09-16,5:07,試合,シニア(または不明),世界選手権,2025,タイトルにJPN/Japan・選手名の一致,高,清岡 幸大郎(Kotaro KIYOOKA),2025 World Wrestling Championships,https://www.youtube.com/watch?v=Rl0_m0qnz50
0PjdTMV9x8Q,What a dominant win 🔥 Amouzad 🇮🇷 shuts out Kiyooka 🇯🇵 10-0 in the World Championships final!,2025-09-16,0:27,試合,シニア(または不明),世界選手権,2025,タイトルにJPN/Japan,高,照合なし,2025 World Wrestling Championships - Shorts,https://www.youtube.com/watch?v=0PjdTMV9x8Q
XYXRMRE2LZQ,Every match from  Kota TAKAHASHI (JPN) at the Senior World Championships,2025-09-16,32:09,試合まとめ,シニア(または不明),世界選手権,2025,タイトルにJPN/Japan・選手名の一致,高,髙橋 海大(Kota TAKAHASHI),2025 World Wrestling Championships,https://www.youtube.com/watch?v=XYXRMRE2LZQ
8QAEHv37FlU,Kyle SNYDER (USA) vs. Arash YOSHIDA (JPN) | WORLD CHAMPIONSHIPS 2025 | Semi Final | FS 97Kg,2025-09-15,8:43,試合,シニア(または不明),世界選手権,2025,タイトルにJPN/Japan・選手名の一致,高,吉田 アラシ(Arash YOSHIDA),,https://www.youtube.com/watch?v=8QAEHv37FlU
lxHg1eRzc0I,🔥IT’S A REMATCH🔥 of the 65kg Paris Olympics final!AMOUZAD 🇮🇷 VS KIYOOKA 🇯🇵Who wins it this time? 🤼,2025-09-15,0:18,試合,シニア(または不明),オリンピック,2025,タイトルにJPN/Japan,高,照合なし,2025 World Wrestling Championships - Shorts,https://www.youtube.com/watch?v=lxHg1eRzc0I
jRNj_Vfb31w,Yoshinosuke AOYAGI (JPN) vs. Tulga TUMUR OCHIR (MGL) | WORLD CHAMPIONSHIPS 2025 | 70kg Gold Medal,2025-09-14,10:53,試合,シニア(または不明),世界選手権,2025,タイトルにJPN/Japan・選手名の一致,高,青柳 善の輔(Yoshinosuke AOYAGI),Best of Yoshinosuke AOYAGI / 2025 World Wrestling Championships,https://www.youtube.com/watch?v=jRNj_Vfb31w
S9T0kJL3u0o,Zahid VALENCIA (USA) vs. Hayato ISHIGURO (JPN) | WORLD CHAMPIONSHIPS 2025 | Gold Medal | FS 86Kg,2025-09-14,10:03,試合,シニア(または不明),世界選手権,2025,タイトルにJPN/Japan・選手名の一致,高,石黒 隼士(Hayato ISHIGURO),2025 World Wrestling Championships,https://www.youtube.com/watch?v=S9T0kJL3u0o
Tfz6LkUmMgM,This celebration from world champ Aoyagi 🇯🇵 … remind you of anyone? 😆🔥,2025-09-14,0:11,ショート,シニア(または不明),,2025,タイトルにJPN/Japan,高,照合なし,2025 World Wrestling Championships - Shorts,https://www.youtube.com/watch?v=Tfz6LkUmMgM
RiEz-EljfWA,Kota TAKAHASHI 🇯🇵 is on fire today 🔥 He still hasn’t given up a single point!,2025-09-14,0:33,ショート,シニア(または不明),,2025,タイトルにJPN/Japan・選手名の一致(国名なし),高,髙橋 海大(Kota TAKAHASHI),2025 World Wrestling Championships - Shorts,https://www.youtube.com/watch?v=RiEz-EljfWA
tQXgQDPu2nw,A Decade of Dominance: Freestyle Wrestling's Top World Championship Highlights,2025-09-06,9:34,ハイライト・特集,シニア(または不明),世界選手権,2025,説明にJPN/Japan,低(要確認),照合なし,Best Moves by the Greatest Wrestlers,https://www.youtube.com/watch?v=tQXgQDPu2nw
ivi8UHiUyW8,Sowaka UCHIDA 🇯🇵 is on a hunt for her 4th straight age-group world title 🌏🔥,2025-08-27,0:14,ショート,U20,世界選手権,2025,タイトルにJPN/Japan・選手名の一致(国名なし),高,内田 颯夏(Sowaka UCHIDA),2025 U20 World Championships - Shorts,https://www.youtube.com/watch?v=ivi8UHiUyW8
JtfMkwjIgWc,"Women's Wrestling Recap from the U20 World Championships in Samokov, Bulgaria 🇧🇬",2025-08-23,2:33,ハイライト・特集,U20,世界選手権,2025,説明にJPN/Japan,低(要確認),照合なし,2025 U20 World Championships - Shorts,https://www.youtube.com/watch?v=JtfMkwjIgWc
YSqZRmjuRG0,Rinka OGAWA (JPN) vs. Audrey Rae JIMENEZ (USA) | U20 WORLD CHAMPIONSHIPS 2025 | Gold Medal | WW 50Kg,2025-08-22,8:58,試合,U20,世界選手権,2025,タイトルにJPN/Japan・選手名の一致,高,小川 凜佳(Rinka OGAWA),2025 U20 World Championships,https://www.youtube.com/watch?v=YSqZRmjuRG0
94TwT7TKZRk,Momoko KITADE (JPN) vs. Margarita SALNAZARIAN (UWW) | U20 WORLDS  2025 | Gold Medal | WW 65Kg,2025-08-21,9:54,試合,U20,世界選手権,2025,タイトルにJPN/Japan・選手名の一致,高,北出 桃子(Momoko KITADE),2025 U20 World Championships,https://www.youtube.com/watch?v=94TwT7TKZRk
XwH9jD5zZGI,"Freestyle Recap from the U20 World Championships in Samokov, Bulgaria 🇧🇬",2025-08-21,1:45,ハイライト・特集,U20,世界選手権,2025,説明にJPN/Japan,低(要確認),照合なし,2025 U20 World Championships - Shorts,https://www.youtube.com/watch?v=XwH9jD5zZGI
_Z4Axx8dtvc,Ray HOSHINO (JPN) vs. Srishti SRISHTI (IND) | U20 WORLD CHAMPIONSHIPS 2025 | Gold Medal | WW 68Kg,2025-08-20,8:02,試合,U20,世界選手権,2025,タイトルにJPN/Japan,高,照合なし,2025 U20 World Championships,https://www.youtube.com/watch?v=_Z4Axx8dtvc
zRD0BIuCBh8,"Day Two Recap from the U20 World Championships in Samokov, Bulgaria 🇧🇬",2025-08-19,2:17,ハイライト・特集,U20,世界選手権,2025,説明にJPN/Japan,低(要確認),照合なし,2025 U20 World Championships - Shorts,https://www.youtube.com/watch?v=zRD0BIuCBh8
8GI3CbIOEBg,Masanosuke ONO wins U20 and Senior world golds months apart,2025-08-17,1:11,その他,U20,世界選手権,2025,選手名の一致(国名なし),中,小野 正之助(Masanosuke ONO),Ahead of the 2025 U20 World Championships,https://www.youtube.com/watch?v=8GI3CbIOEBg
9q713mFlJOE,"Yuka Kagami grabs 2019 U20 world title, 5 years before making Japanese Olympic history",2025-08-14,9:55,ハイライト・特集,U20,オリンピック,2019,タイトルにJPN/Japan・選手名の一致(国名なし),高,鏡 優翔(Yuka KAGAMI),Ahead of the 2025 U20 World Championships / Best of Yuuka Kagami,https://www.youtube.com/watch?v=9q713mFlJOE
fu9hEH1pdaQ,Zalina TOTROVA UWW beats Waka AWANO 🇯🇵 6-3 🔥,2025-08-06,0:32,ショート,U17,世界選手権,2025,タイトルにJPN/Japan,高,照合なし,2025 U17 World Championships - Shorts,https://www.youtube.com/watch?v=fu9hEH1pdaQ
O5V_bZBWoAg,Rihito HIURA (JPN) vs. Sitender SITENDER (IND) | U17 WORLD CHAMPIONSHIPS 2025 | Gold Medal | FS 60Kg,2025-08-03,6:54,試合,U17,世界選手権,2025,タイトルにJPN/Japan,高,照合なし,2025 U17 World Championships,https://www.youtube.com/watch?v=O5V_bZBWoAg
oJlnjj6t-uk,Jinnosuke OKONOGI (JPN): Every match at the  U17 World Championships,2025-08-02,17:51,試合まとめ,U17,世界選手権,2025,タイトルにJPN/Japan,高,照合なし,2025 U17 World Championships,https://www.youtube.com/watch?v=oJlnjj6t-uk
of-8fgyXIJY,How do you win a World gold? 🌎🥇Jinnosuke OKONOGI 🇯🇵 does it with a 5-point throw 🔥👏,2025-08-02,0:10,ショート,U17,世界選手権,2025,タイトルにJPN/Japan,高,照合なし,2025 U17 World Championships - Shorts,https://www.youtube.com/watch?v=of-8fgyXIJY
phcD0nvNGj8,Tricky little cut back ✂️🇯🇵,2025-07-31,0:14,ショート,シニア(または不明),,2025,タイトルにJPN/Japan,高,照合なし,,https://www.youtube.com/watch?v=phcD0nvNGj8
fB6NEyuDFM4,A buzzer-beater with legend Kaori Icho in your corner 🔥🤯🇯🇵,2025-07-30,0:40,ショート,U17,世界選手権,2025,タイトルにJPN/Japan,高,照合なし,2025 U17 World Championships - Shorts,https://www.youtube.com/watch?v=fB6NEyuDFM4
H37Oh8fBu6I,Kota Takahashi wins Ranking Series gold at 74 kg 🥇👏🔥,2025-07-18,0:23,ショート,シニア(または不明),ランキングシリーズ等,2025,選手名の一致(国名なし),中,髙橋 海大(Kota TAKAHASHI),2025 Budapest Ranking Series - Shorts,https://www.youtube.com/watch?v=H37Oh8fBu6I
SmxCIeOOiqE,What a crazy match between Kota Takahashi 🇯🇵 and David Carr 🇺🇸,2025-07-18,1:38,その他,シニア(または不明),ランキングシリーズ等,2025,タイトルにJPN/Japan・選手名の一致(国名なし),高,髙橋 海大(Kota TAKAHASHI),2025 Budapest Ranking Series - Shorts,https://www.youtube.com/watch?v=SmxCIeOOiqE
BiFXmJNf1rE,Every match from Japan's muscle man Kota TAKAHASHI (JPN) at the Hungarian Ranking Series,2025-07-18,26:35,試合まとめ,シニア(または不明),ランキングシリーズ等,2025,タイトルにJPN/Japan・選手名の一致,高,髙橋 海大(Kota TAKAHASHI),2025 Budapest Ranking Series,https://www.youtube.com/watch?v=BiFXmJNf1rE
QMulrQcHGvk,Taiyrbek ZHUMASHBEK UULU (KGZ) vs. Takara SUDA (JPN) | RANKING SERIES 2025 | Gold Medal | FS 61Kg,2025-07-17,10:11,試合,シニア(または不明),ランキングシリーズ等,2025,タイトルにJPN/Japan・選手名の一致,高,須田 宝(Takara SUDA),2025 Budapest Ranking Series,https://www.youtube.com/watch?v=QMulrQcHGvk
bQM3CF_lxRE,"In wrestling, the real victory is respect 🇮🇷🇯🇵",2025-07-17,0:20,ショート,シニア(または不明),ランキングシリーズ等,2025,タイトルにJPN/Japan,高,照合なし,2025 Budapest Ranking Series - Shorts,https://www.youtube.com/watch?v=bQM3CF_lxRE
48ywxDAr2nE,Japanese Masterclass of Technique | Nonoka Ozaki | Ultimate Highlight,2025-06-04,8:16,ハイライト・特集,シニア(または不明),,2025,タイトルにJPN/Japan・選手名の一致(国名なし),高,尾﨑 野乃香(Nonoka OZAKI),Best of Nonoka OZAKI,https://www.youtube.com/watch?v=48ywxDAr2nE
2FHouH-Py4s,Kaisei Tanabe 🇯🇵 shines on the big stage! 🌟,2025-04-04,0:14,ショート,シニア(または不明),,2025,タイトルにJPN/Japan・選手名の一致(国名なし),高,田南部 魁星(Kaisei TANABE),,https://www.youtube.com/watch?v=2FHouH-Py4s
lZ8Y0aRmuA8,65kg Asian🥇goes to ➡️ Miwa Morikawa 🇯🇵,2025-04-03,0:19,ショート,シニア(または不明),,2025,タイトルにJPN/Japan・選手名の一致(国名なし),高,森川 美和(Miwa MORIKAWA),,https://www.youtube.com/watch?v=lZ8Y0aRmuA8
B04-br1KdZM,Arash Yoshida 🇯🇵 takes down TWO world champs 💥,2025-04-03,0:24,ショート,シニア(または不明),,2025,タイトルにJPN/Japan・選手名の一致(国名なし),高,吉田 アラシ(Arash YOSHIDA),,https://www.youtube.com/watch?v=B04-br1KdZM
1uJTLI7zt6E,Rizabek AITMUKHAN (KAZ) vs. Arash YOSHIDA (JPN) | ASIAN CHAMPIONSHIPS 2025 | Gold Medal | FS 97Kg,2025-03-29,8:28,試合,シニア(または不明),アジア選手権,2025,タイトルにJPN/Japan・選手名の一致,高,吉田 アラシ(Arash YOSHIDA),2025 Senior Asian Championships,https://www.youtube.com/watch?v=1uJTLI7zt6E
EAothmOd5SQ,Arash YOSHIDA (JPN) | Road to 97KG Gold | Freestyle Wrestling | Senior Asian Championships,2025-03-29,2:20,試合まとめ,シニア(または不明),アジア選手権,2025,タイトルにJPN/Japan・選手名の一致,高,吉田 アラシ(Arash YOSHIDA),2025 Senior Asian Championships,https://www.youtube.com/watch?v=EAothmOd5SQ
l3cqVej9reI,Kaisei TANABE🇯🇵 storm to the finals 🌪️,2025-03-29,0:38,試合,シニア(または不明),アジア選手権,2025,タイトルにJPN/Japan・選手名の一致(国名なし),高,田南部 魁星(Kaisei TANABE),2025 Senior Asian Championships - Shorts,https://www.youtube.com/watch?v=l3cqVej9reI
XapiGoV4e9g,Arash YOSHIDA 🇯🇵➡️ to the semis 🔥,2025-03-29,0:13,ショート,シニア(または不明),アジア選手権,2025,タイトルにJPN/Japan・選手名の一致(国名なし),高,吉田 アラシ(Arash YOSHIDA),2025 Senior Asian Championships - Shorts,https://www.youtube.com/watch?v=XapiGoV4e9g
9C60GfcU8Gs,Choe 🇰🇵  crashes Kiyooka 🇯🇵,2025-03-29,0:20,ショート,シニア(または不明),アジア選手権,2025,タイトルにJPN/Japan,高,照合なし,2025 Senior Asian Championships - Shorts,https://www.youtube.com/watch?v=9C60GfcU8Gs
zE7lE1gbOL4,10-0 win from Moe KIYOOKA 🇯🇵🔥,2025-03-29,0:28,ショート,シニア(または不明),アジア選手権,2025,タイトルにJPN/Japan・選手名の一致(国名なし),高,清岡 もえ(Moe KIYOOKA),2025 Senior Asian Championships - Shorts,https://www.youtube.com/watch?v=zE7lE1gbOL4
4AVAJEd5NjI,OZAKI🇯🇵 vs SUKHEE 🇲🇳 put on a show🔥,2025-03-29,0:22,試合,シニア(または不明),アジア選手権,2025,タイトルにJPN/Japan,高,照合なし,2025 Senior Asian Championships - Shorts,https://www.youtube.com/watch?v=4AVAJEd5NjI
y-ClzWip81o,MATCH OF THE DAY: Nonoka OZAKI (JPN) vs. Tserenchimed SUKHEE (MGL) | ASIAN CHAMPIONSHIPS 2025,2025-03-28,9:06,試合,シニア(または不明),アジア選手権,2025,タイトルにJPN/Japan・選手名の一致,高,尾﨑 野乃香(Nonoka OZAKI),2025 Senior Asian Championships,https://www.youtube.com/watch?v=y-ClzWip81o
A8T1M7H-Gd4,Hyogyong CHOE (PRK) vs. Moe KIYOOKA (JPN) | WW 53kg ASIAN CHAMPIONSHIPS FINALS  2025,2025-03-28,7:21,試合,シニア(または不明),アジア選手権,2025,タイトルにJPN/Japan・選手名の一致,高,清岡 もえ(Moe KIYOOKA),2025 Senior Asian Championships,https://www.youtube.com/watch?v=A8T1M7H-Gd4
VC3zwvhsmOc,Sakura ONISHI (JPN) | Road to 59KG Gold | Women’s Wrestling | Senior Asian Championships,2025-03-27,2:27,試合まとめ,シニア(または不明),アジア選手権,2025,タイトルにJPN/Japan・選手名の一致,高,尾西 桜(Sakura ONISHI),2025 Senior Asian Championships,https://www.youtube.com/watch?v=VC3zwvhsmOc
4TrF1IPgFSw,SAKURA ONISHI IS AN ASIAN CHAMPION! 🏆🇯🇵Her first senior Asian title — these emotions say it ALL! 😊✨,2025-03-27,0:21,ショート,シニア(または不明),アジア選手権,2025,タイトルにJPN/Japan・選手名の一致(国名なし),高,尾西 桜(Sakura ONISHI),2025 Senior Asian Championships - Shorts,https://www.youtube.com/watch?v=4TrF1IPgFSw
dLsHbsn4ufQ,Sakura ONISHI (JPN) vs. Pyol HONG (PRK) | ASIAN WRESTLING CHAMPIONSHIPS 2025 | Gold Medal | WW 59Kg,2025-03-27,10:40,試合,シニア(または不明),アジア選手権,2025,タイトルにJPN/Japan・選手名の一致,高,尾西 桜(Sakura ONISHI),2025 Senior Asian Championships,https://www.youtube.com/watch?v=dLsHbsn4ufQ
ZCG34UaRwfU,Remina YOSHIMOTO 🇯🇵 is on a mission for her 3rd Asian gold 🥇🥇🥇 #wrestleAmman,2025-03-27,0:15,ショート,シニア(または不明),アジア選手権,2025,タイトルにJPN/Japan・選手名の一致(国名なし),高,吉元 玲美那(Remina YOSHIMOTO),2025 Senior Asian Championships - Shorts,https://www.youtube.com/watch?v=ZCG34UaRwfU
YDx8ReTyDcI,MATCH OF THE DAY: Lei LI (CHN) vs. Katsuaki ENDO (JPN) | ASIAN CHAMPIONSHIP GR 67kg QUARTERFINALS,2025-03-26,12:47,試合,シニア(または不明),アジア選手権,2025,タイトルにJPN/Japan・選手名の一致,高,遠藤 功章(Katsuaki ENDO),2025 Senior Asian Championships,https://www.youtube.com/watch?v=YDx8ReTyDcI
ywntt-QwuA8,Japan got doubles!,2025-03-13,0:11,ショート,シニア(または不明),,2025,タイトルにJPN/Japan,高,照合なし,,https://www.youtube.com/watch?v=ywntt-QwuA8
n90v0pMGKOY,Anastasiya ALPYEYEVA takes out Nodoka YAMAMOTO 11-1,2025-03-11,0:16,ショート,シニア(または不明),,2025,選手名の一致(国名なし),中,山本 和佳(Nodoka YAMAMOTO),,https://www.youtube.com/watch?v=n90v0pMGKOY
yimVUF86tn0,Sakura Onishi is too good,2025-03-08,0:15,ショート,シニア(または不明),,2025,選手名の一致(国名なし),中,尾西 桜(Sakura ONISHI),,https://www.youtube.com/watch?v=yimVUF86tn0
FI0MPZJyn7E,Amirmohammad YAZDANICHERATI (IRI) vs AOYAGI (JPN) 2024 Seniors Asian Championships Final,2025-03-07,9:29,試合,シニア(または不明),アジア選手権,2024,タイトルにJPN/Japan,高,照合なし,Best of Yoshinosuke AOYAGI / Best of Amirmohammad YAZDANICHERATI,https://www.youtube.com/watch?v=FI0MPZJyn7E
PDR0pHYHIVY,Japanese Domination - Wrestling,2025-03-07,0:23,ショート,シニア(または不明),,2025,タイトルにJPN/Japan,高,照合なし,,https://www.youtube.com/watch?v=PDR0pHYHIVY
r_Bd7_U-138,Yu SHIOTANI (JPN) | Road to 60KG Gold | Greco-Roman Wrestling | Muhamet Malo Senior Ranking Series,2025-03-02,2:21,試合まとめ,シニア(または不明),ランキングシリーズ等,2025,タイトルにJPN/Japan・選手名の一致,高,塩谷 優(Yu SHIOTANI),The Muhamet Malo Senior Ranking Wrestling Series 2025,https://www.youtube.com/watch?v=r_Bd7_U-138
RiO2NWSmYe0,Yu SHIOTANI (JPN) vs. Amiran SHAVADZE (GEO) | RANKING SERIES 2025 | Gold Medal | GR 60Kg,2025-03-02,6:41,試合,シニア(または不明),ランキングシリーズ等,2025,タイトルにJPN/Japan・選手名の一致,高,塩谷 優(Yu SHIOTANI),The Muhamet Malo Senior Ranking Wrestling Series 2025,https://www.youtube.com/watch?v=RiO2NWSmYe0
_a8XW-pin-4,Moe KIYOOKA (JPN) | Road to 53KG Gold | Women’s Wrestling | Muhamet Malo Senior Ranking Series,2025-03-01,3:04,試合まとめ,シニア(または不明),ランキングシリーズ等,2025,タイトルにJPN/Japan・選手名の一致,高,清岡 もえ(Moe KIYOOKA),The Muhamet Malo Senior Ranking Wrestling Series 2025,https://www.youtube.com/watch?v=_a8XW-pin-4
YOFnq-C-OH0,Moe KIYOOKA (JPN) vs. Andreea Beatrice ANA (ROU) | RANKING SERIES 2025 | Gold Medal | WW 53Kg,2025-03-01,7:50,試合,シニア(または不明),ランキングシリーズ等,2025,タイトルにJPN/Japan・選手名の一致,高,清岡 もえ(Moe KIYOOKA),The Muhamet Malo Senior Ranking Wrestling Series 2025,https://www.youtube.com/watch?v=YOFnq-C-OH0
y-QoHMuoKGw,Zelu LI (CHN) vs. Ami ISHII (JPN) | RANKING SERIES 2025 | Gold Medal | WW 68Kg,2025-02-28,9:42,試合,シニア(または不明),ランキングシリーズ等,2025,タイトルにJPN/Japan・選手名の一致,高,石井 亜海(Ami ISHII),The Muhamet Malo Senior Ranking Wrestling Series 2025,https://www.youtube.com/watch?v=y-QoHMuoKGw
wv3I7odebvw,Sakura ONISHI (JPN) | Road to 59KG Gold | Women’s Wrestling | Muhamet Malo Senior Ranking Series,2025-02-28,3:09,試合まとめ,シニア(または不明),ランキングシリーズ等,2025,タイトルにJPN/Japan・選手名の一致,高,尾西 桜(Sakura ONISHI),The Muhamet Malo Senior Ranking Wrestling Series 2025,https://www.youtube.com/watch?v=wv3I7odebvw
xrRt2eViPis,Miwa MORIKAWA (JPN) | Road to 65KG Gold | Women’s Wrestling | Muhamet Malo Senior Ranking Series,2025-02-28,1:19,試合まとめ,シニア(または不明),ランキングシリーズ等,2025,タイトルにJPN/Japan・選手名の一致,高,森川 美和(Miwa MORIKAWA),The Muhamet Malo Senior Ranking Wrestling Series 2025,https://www.youtube.com/watch?v=xrRt2eViPis
e1tc6UnBemo,Umi ITO (JPN) | Road to 50KG Gold | Women’s Wrestling | Muhamet Malo Senior Ranking Series,2025-02-28,2:07,試合まとめ,シニア(または不明),ランキングシリーズ等,2025,タイトルにJPN/Japan・選手名の一致,高,伊藤 海(Umi ITO),The Muhamet Malo Senior Ranking Wrestling Series 2025,https://www.youtube.com/watch?v=e1tc6UnBemo
9T1kVvxZGjs,Arash YOSHIDA (JPN) | Road to 97KG Gold | Freestyle Wrestling | Muhamet Malo Senior Ranking Series,2025-02-27,2:27,試合まとめ,シニア(または不明),ランキングシリーズ等,2025,タイトルにJPN/Japan・選手名の一致,高,吉田 アラシ(Arash YOSHIDA),The Muhamet Malo Senior Ranking Wrestling Series 2025,https://www.youtube.com/watch?v=9T1kVvxZGjs
D01__15mwWY,Takara SUDA (JPN) | Road to 61KG Gold | Freestyle Wrestling | Muhamet Malo Senior Ranking Series,2025-02-26,2:16,試合まとめ,シニア(または不明),ランキングシリーズ等,2025,タイトルにJPN/Japan・選手名の一致,高,須田 宝(Takara SUDA),The Muhamet Malo Senior Ranking Wrestling Series 2025,https://www.youtube.com/watch?v=D01__15mwWY
OFMbGPc8xRQ,Crazy back and forth match from Kaisei Tanabe 🇯🇵 and Islam Dudaev 🇦🇱,2025-02-26,0:22,ショート,シニア(または不明),ランキングシリーズ等,2025,タイトルにJPN/Japan・選手名の一致(国名なし),高,田南部 魁星(Kaisei TANABE),2025 ALBANIA WRESTLING RANKING SERIES – SHORTS,https://www.youtube.com/watch?v=OFMbGPc8xRQ
73RXxFexFnE,Trust the process - Akari Fujinami,2025-01-13,0:20,ショート,シニア(または不明),,2025,選手名の一致(国名なし),中,藤波 朱理(Akari FUJINAMI),,https://www.youtube.com/watch?v=73RXxFexFnE
erXMHQkeDhI,is Japan the new wrestling super power?,2025-01-08,0:18,ショート,シニア(または不明),,2025,タイトルにJPN/Japan,高,照合なし,,https://www.youtube.com/watch?v=erXMHQkeDhI
tA3NG7S_yXg,Japan can't be stopped,2025-01-05,2:02,その他,シニア(または不明),,2025,タイトルにJPN/Japan,高,照合なし,,https://www.youtube.com/watch?v=tA3NG7S_yXg
EPDPdb8P22c,Japan - Top Wrestling Team of 2024,2025-01-03,1:35,その他,シニア(または不明),,2024,タイトルにJPN/Japan,高,照合なし,,https://www.youtube.com/watch?v=EPDPdb8P22c
UXoY_2bTFtY,Wrestling training in Japan is insane!,2024-11-29,1:02,その他,シニア(または不明),,2024,タイトルにJPN/Japan,高,照合なし,,https://www.youtube.com/watch?v=UXoY_2bTFtY
rdXqrnJdA7E,The Ultimate Rei Higuchi Highlight,2024-11-20,0:43,ハイライト・特集,シニア(または不明),,2024,選手名の一致(国名なし),中,樋口 黎(Rei HIGUCHI),,https://www.youtube.com/watch?v=rdXqrnJdA7E
xMWIpI6sfUI,The Ultimate Rei Higuchi Highlight,2024-11-19,4:44,ハイライト・特集,シニア(または不明),,2024,選手名の一致(国名なし),中,樋口 黎(Rei HIGUCHI),Best of Rei HIGUCHI / Best Moves by the Greatest Wrestlers,https://www.youtube.com/watch?v=xMWIpI6sfUI
TTiwN0F4-Nc,Undefeated: Akari Fujinami | 137 match win streak,2024-11-11,13:52,その他,シニア(または不明),,2024,選手名の一致(国名なし),中,藤波 朱理(Akari FUJINAMI),Best of Akari Fujinami / Best Moves by the Greatest Wrestlers,https://www.youtube.com/watch?v=TTiwN0F4-Nc
4Q1w_jA41pc,Jia LONG 🇨🇳 takes out Miwa MORIKAWA 🇯🇵 11-1 to enter 65kg final! #wrestletirana,2024-10-31,0:08,試合,シニア(または不明),,2024,タイトルにJPN/Japan・選手名の一致(国名なし),高,森川 美和(Miwa MORIKAWA),,https://www.youtube.com/watch?v=4Q1w_jA41pc
L8debEIFP7s,Miwa MORIKAWA 🇯🇵 has her eyes on that world 🥇 #wrestleTirana,2024-10-31,0:14,ショート,シニア(または不明),,2024,タイトルにJPN/Japan・選手名の一致(国名なし),高,森川 美和(Miwa MORIKAWA),,https://www.youtube.com/watch?v=L8debEIFP7s
Gi61vCkckoc,53 seconds is all Ibragim IBRAGIMOV 🏳 needed to pick up the 14-2 win over Kaiji OGINO 🇯🇵,2024-10-28,0:29,ショート,シニア(または不明),,2024,タイトルにJPN/Japan・選手名の一致(国名なし),高,荻野 海志(Kaiji OGINO),,https://www.youtube.com/watch?v=Gi61vCkckoc
KJUngzyLqOQ,Welcome to the big league Yu SAKAMOTO 🇯🇵. She wins 🥇 at 53kg,2024-10-28,0:18,ショート,シニア(または不明),,2024,タイトルにJPN/Japan・選手名の一致(国名なし),高,照合なし,,https://www.youtube.com/watch?v=KJUngzyLqOQ
puoWwYL1Bks,Yu SAKAMOTO 🇯🇵 was in the killer mood #wrestleTirana,2024-10-26,0:15,ショート,シニア(または不明),,2024,タイトルにJPN/Japan・選手名の一致(国名なし),高,照合なし,,https://www.youtube.com/watch?v=puoWwYL1Bks
5lLcAiSZaSw,Every Yui Susaki Senior World Championships Final,2024-10-09,16:39,試合,シニア(または不明),世界選手権,2024,選手名の一致(国名なし),中,須﨑 優衣(Yui SUSAKI),Best Moves by the Greatest Wrestlers / Best of Yui Susaki,https://www.youtube.com/watch?v=5lLcAiSZaSw
19iSc32BS7s,Every Yui Susaki Worlds Final,2024-10-08,0:14,試合,シニア(または不明),世界選手権,2024,選手名の一致(国名なし),中,須﨑 優衣(Yui SUSAKI),,https://www.youtube.com/watch?v=19iSc32BS7s
Z13WV__m9go,That's back-to-back-to-back world titles for Sowaka UCHIDA 🇯🇵 #wrestlePontevedra,2024-09-07,0:09,ショート,U20,,2024,タイトルにJPN/Japan・選手名の一致(国名なし),高,内田 颯夏(Sowaka UCHIDA),U20 WORLD WRESTLING CHAMPIONSHIPS 2024,https://www.youtube.com/watch?v=Z13WV__m9go
0sJCKKxTZNc,Sakura ONISHI 🇯🇵 goes big and goes home with a world gold medal 🥇 #wrestlePontevedra,2024-09-06,0:12,ショート,U20,,2024,タイトルにJPN/Japan・選手名の一致(国名なし),高,尾西 桜(Sakura ONISHI),U20 WORLD WRESTLING CHAMPIONSHIPS 2024,https://www.youtube.com/watch?v=0sJCKKxTZNc
OZ323by2rBw,Remember the name - Sowaka UCHIDA 🇯🇵 #wrestlePontevedra,2024-09-06,0:21,ショート,U20,,2024,タイトルにJPN/Japan・選手名の一致(国名なし),高,内田 颯夏(Sowaka UCHIDA),U20 WORLD WRESTLING CHAMPIONSHIPS 2024,https://www.youtube.com/watch?v=OZ323by2rBw
mjKm3U94vBY,Haruna MORIKAWA 🇯🇵 was surprised by that move by Svenja JUNGO 🇨🇭#wrestlePontevedra,2024-09-04,0:16,ショート,U20,,2024,タイトルにJPN/Japan・選手名の一致(国名なし),高,森川 晴凪(Haruna MORIKAWA),U20 WORLD WRESTLING CHAMPIONSHIPS 2024,https://www.youtube.com/watch?v=mjKm3U94vBY
pw_iV4vtlvM,"Yuu KUTSUME 🇯🇵, Japan's first 🥇 at U17 World Championships #wrestleAmman",2024-08-24,0:13,ショート,U17,世界選手権,2024,タイトルにJPN/Japan,高,照合なし,2024 U17 World Wrestling Championships,https://www.youtube.com/watch?v=pw_iV4vtlvM
ZToW0AEqqD0,Nana KOZUKA 🇯🇵 into the U17 World finals 💪 #wrestleAmman,2024-08-22,0:13,試合,U17,,2024,タイトルにJPN/Japan,高,照合なし,2024 U17 World Wrestling Championships,https://www.youtube.com/watch?v=ZToW0AEqqD0
r7awAWTt54w,Yuu KUTSUME 🇯🇵 is a force 💪 #wrestleAmman,2024-08-22,0:14,ショート,U17,,2024,タイトルにJPN/Japan,高,照合なし,2024 U17 World Wrestling Championships,https://www.youtube.com/watch?v=r7awAWTt54w
CkOtjmf9uCM,The best women's wrestling nations competing at the Paris 2024 Olympic Games,2024-07-29,3:56,その他,シニア(または不明),オリンピック,2024,説明にJPN/Japan,低(要確認),照合なし,Wrestling at #paris2024,https://www.youtube.com/watch?v=CkOtjmf9uCM
yUkzaKrgf5Q,1/4 FS - 86 kg: S. TAKATANI (JPN) v. I. VEREB (HUN),2024-07-06,3:24,試合,シニア(または不明),オリンピック予選,2021,タイトルにJPN/Japan・選手名の一致,高,高谷 惣亮(Sosuke TAKATANI),Freestyle Wrestling - 2021 World Olympic Qualifiers - Sofia (BUL),https://www.youtube.com/watch?v=yUkzaKrgf5Q
gL6wsCzmrC8,1/8 FS - 125 kg: T. YAMAMOTO (JPN) v. R. ISKANDARI (TJK),2024-07-06,2:03,試合,シニア(または不明),オリンピック予選,2021,タイトルにJPN/Japan・選手名の一致,高,山本 泰輝(Taiki YAMAMOTO),Freestyle Wrestling - 2021 World Olympic Qualifiers - Sofia (BUL),https://www.youtube.com/watch?v=gL6wsCzmrC8
GAyt0MF6lgI,Qual. FS - 97 kg: R. BARAN (POL) v. T. YAMAGUCHI (JPN),2024-07-06,10:12,試合,シニア(または不明),オリンピック予選,2021,タイトルにJPN/Japan・選手名の一致,高,山口 太一(Taichi YAMAGUCHI),Freestyle Wrestling - 2021 World Olympic Qualifiers - Sofia (BUL),https://www.youtube.com/watch?v=GAyt0MF6lgI
sDm_Pbmpmrc,Qual. FS - 86 kg: S. IANNATTONI (ITA) v. S. TAKATANI (JPN),2024-07-06,5:29,試合,シニア(または不明),オリンピック予選,2021,タイトルにJPN/Japan・選手名の一致,高,高谷 惣亮(Sosuke TAKATANI),Freestyle Wrestling - 2021 World Olympic Qualifiers - Sofia (BUL),https://www.youtube.com/watch?v=sDm_Pbmpmrc
lMPxrky0D7o,1/4 FS - 57 kg: Y. TAKAHASHI (JPN) v. V. EGOROV (MKD),2024-07-06,4:05,試合,シニア(または不明),オリンピック予選,2021,タイトルにJPN/Japan・選手名の一致,高,照合なし(同じローマ字が2人以上),Freestyle Wrestling - 2021 World Olympic Qualifiers - Sofia (BUL),https://www.youtube.com/watch?v=lMPxrky0D7o
UVWpAFDGjGs,Qual. FS - 125 kg: R. CHINTOAN (ROU) v. T. YAMAMOTO (JPN),2024-07-06,11:45,試合,シニア(または不明),オリンピック予選,2021,タイトルにJPN/Japan・選手名の一致,高,山本 泰輝(Taiki YAMAMOTO),Freestyle Wrestling - 2021 World Olympic Qualifiers - Sofia (BUL),https://www.youtube.com/watch?v=UVWpAFDGjGs
8ZTdc9oTFSE,1/8 FS - 86 kg: T. FRIEV NASKID (ESP) v. S. TAKATANI (JPN),2024-07-06,9:56,試合,シニア(または不明),オリンピック予選,2021,タイトルにJPN/Japan・選手名の一致,高,高谷 惣亮(Sosuke TAKATANI),Freestyle Wrestling - 2021 World Olympic Qualifiers - Sofia (BUL),https://www.youtube.com/watch?v=8ZTdc9oTFSE
SAfFkHNuAYQ,1/8 FS - 57 kg: Y. TAKAHASHI (JPN) v. R. KOVACS (ROU),2024-07-06,7:55,試合,シニア(または不明),オリンピック予選,2021,タイトルにJPN/Japan・選手名の一致,高,照合なし(同じローマ字が2人以上),Freestyle Wrestling - 2021 World Olympic Qualifiers - Sofia (BUL),https://www.youtube.com/watch?v=SAfFkHNuAYQ
4OghlF9YvQs,Qual. GR - 87 kg: A. ALMENDRA (PAN) v. M. SUMI (JPN),2024-07-06,3:06,試合,シニア(または不明),オリンピック予選,2021,タイトルにJPN/Japan,高,照合なし,Greco-Roman Wrestling - 2021 World Olympic Qualifiers - Sofia (BUL),https://www.youtube.com/watch?v=4OghlF9YvQs
ZmwPuUCEhos,1/8 GR - 97 kg: V. LAURINAITIS (LTU) v. Y. NARA (JPN),2024-07-06,3:10,試合,シニア(または不明),オリンピック予選,2021,タイトルにJPN/Japan・選手名の一致,高,奈良 勇太(Yuta NARA),Greco-Roman Wrestling - 2021 World Olympic Qualifiers - Sofia (BUL),https://www.youtube.com/watch?v=ZmwPuUCEhos
1CEwtszFr7Y,1/8 GR - 130 kg: M. PEREZ HELLBU (VEN) v. A. SONODA (JPN),2024-07-06,9:30,試合,シニア(または不明),オリンピック予選,2021,タイトルにJPN/Japan,高,照合なし,Greco-Roman Wrestling - 2021 World Olympic Qualifiers - Sofia (BUL),https://www.youtube.com/watch?v=1CEwtszFr7Y
f5WBNppBAFs,1/8 GR - 87 kg: M. SUMI (JPN) v. N. ALIZADEH (IRI),2024-07-06,8:08,試合,シニア(または不明),オリンピック予選,2021,タイトルにJPN/Japan,高,照合なし,Greco-Roman Wrestling - 2021 World Olympic Qualifiers - Sofia (BUL),https://www.youtube.com/watch?v=f5WBNppBAFs
ls3sDbrT4b4,1/8 GR - 67 kg: D. MARTINEZ DE  (MEX) v. S. TAKAHASHI (JPN),2024-07-06,7:46,試合,シニア(または不明),オリンピック予選,2021,タイトルにJPN/Japan・選手名の一致,高,照合なし(同じローマ字が2人以上),Greco-Roman Wrestling - 2021 World Olympic Qualifiers - Sofia (BUL),https://www.youtube.com/watch?v=ls3sDbrT4b4
u3IQdpjnyp4,Qual. GR - 67 kg: S. TAKAHASHI (JPN) v. M. SANCHEZ SILV (ESP),2024-07-06,8:03,試合,シニア(または不明),オリンピック予選,2021,タイトルにJPN/Japan・選手名の一致,高,照合なし(同じローマ字が2人以上),Greco-Roman Wrestling - 2021 World Olympic Qualifiers - Sofia (BUL),https://www.youtube.com/watch?v=u3IQdpjnyp4
2QsDCUSKI9E,1/4 GR - 67 kg: S. TAKAHASHI (JPN) v. A. LIAVONCHYK (BLR),2024-07-06,7:59,試合,シニア(または不明),オリンピック予選,2021,タイトルにJPN/Japan・選手名の一致,高,照合なし(同じローマ字が2人以上),Greco-Roman Wrestling - 2021 World Olympic Qualifiers - Sofia (BUL),https://www.youtube.com/watch?v=2QsDCUSKI9E
QRci6J2_cyA,1/4 GR - 130 kg: A. SONODA (JPN) v. A. ALEXUC CIURA (ROU),2024-07-06,6:54,試合,シニア(または不明),オリンピック予選,2021,タイトルにJPN/Japan,高,照合なし,Greco-Roman Wrestling - 2021 World Olympic Qualifiers - Sofia (BUL),https://www.youtube.com/watch?v=QRci6J2_cyA
5Mqr646tef0,Qual. GR - 97 kg: Y. NARA (JPN) v. O. SYRLYBAY (KAZ),2024-07-06,8:16,試合,シニア(または不明),オリンピック予選,2021,タイトルにJPN/Japan・選手名の一致,高,奈良 勇太(Yuta NARA),Greco-Roman Wrestling - 2021 World Olympic Qualifiers - Sofia (BUL),https://www.youtube.com/watch?v=5Mqr646tef0
86Tu4o-p_VA,Repechage GR - 130 kg: A. SYZDYKOV (KAZ) v. A. SONODA (JPN),2024-07-06,2:58,試合,シニア(または不明),オリンピック予選,2021,タイトルにJPN/Japan,高,照合なし,Greco-Roman Wrestling - 2021 World Olympic Qualifiers - Sofia (BUL),https://www.youtube.com/watch?v=86Tu4o-p_VA
MIj8qG6h_n0,1/4 GR - 63 kg: A. HAGERUP (NOR) v. A. SUZUKI (JPN),2024-07-06,1:39,試合,シニア(または不明),ランキングシリーズ等,2021,タイトルにJPN/Japan・選手名の一致,高,鈴木 絢大(Ayata SUZUKI),Greco-Roman Wrestling - 2021 Poland Open - Warsaw (POL),https://www.youtube.com/watch?v=MIj8qG6h_n0
3-U2-ztLl8c,1/2 GR - 63 kg: A. SUZUKI (JPN) v. C. KRAEMER (GER),2024-07-06,8:42,試合,シニア(または不明),ランキングシリーズ等,2021,タイトルにJPN/Japan・選手名の一致,高,鈴木 絢大(Ayata SUZUKI),Greco-Roman Wrestling - 2021 Poland Open - Warsaw (POL),https://www.youtube.com/watch?v=3-U2-ztLl8c
XzgRxYUfEXo,GOLD GR - 63 kg: I. BAKHRAMOV (UZB) v. A. SUZUKI (JPN),2024-07-06,8:17,試合,シニア(または不明),ランキングシリーズ等,2021,タイトルにJPN/Japan・選手名の一致,高,鈴木 絢大(Ayata SUZUKI),Greco-Roman Wrestling - 2021 Poland Open - Warsaw (POL),https://www.youtube.com/watch?v=XzgRxYUfEXo
D9LCKxrsxBA,1/8 FS - 86 kg: A. NAIFONOV (RWF) v. H. ISHIGURO (JPN),2024-07-06,6:11,試合,シニア(または不明),世界選手権,2021,タイトルにJPN/Japan・選手名の一致,高,石黒 隼士(Hayato ISHIGURO),Freestyle Wrestling - 2021 Senior World Championships - Oslo (NOR),https://www.youtube.com/watch?v=D9LCKxrsxBA
SsEzNwJuspg,Qual. FS - 86 kg: G. GANBAATAR (MGL) v. H. ISHIGURO (JPN),2024-07-06,9:37,試合,シニア(または不明),世界選手権,2021,タイトルにJPN/Japan・選手名の一致,高,石黒 隼士(Hayato ISHIGURO),Freestyle Wrestling - 2021 Senior World Championships - Oslo (NOR),https://www.youtube.com/watch?v=SsEzNwJuspg
YMF7dQ-1n3k,1/8 FS - 74 kg: A. KENTCHADZE (GEO) v. M. SATO (JPN),2024-07-06,12:25,試合,シニア(または不明),世界選手権,2021,タイトルにJPN/Japan・選手名の一致,高,佐藤 匡記(Masaki SATO),Freestyle Wrestling - 2021 Senior World Championships - Oslo (NOR),https://www.youtube.com/watch?v=YMF7dQ-1n3k
FEh7wiGaN1I,Qual. FS - 74 kg: M. SATO (JPN) v. B. GONG (KOR),2024-07-06,12:37,試合,シニア(または不明),世界選手権,2021,タイトルにJPN/Japan・選手名の一致,高,佐藤 匡記(Masaki SATO),Freestyle Wrestling - 2021 Senior World Championships - Oslo (NOR),https://www.youtube.com/watch?v=FEh7wiGaN1I
UCC2Zc7Otw8,1/8 FS - 61 kg: T. HASEGAWA (JPN) v. R. AMOUZADKHALI (IRI),2024-07-06,10:37,試合,シニア(または不明),世界選手権,2021,タイトルにJPN/Japan・選手名の一致,高,長谷川 敏裕(Toshihiro HASEGAWA),Freestyle Wrestling - 2021 Senior World Championships - Oslo (NOR),https://www.youtube.com/watch?v=UCC2Zc7Otw8
8iPhbtZMlgg,1/4 FS - 61 kg: E. GRIGOREV (POL) v. T. HASEGAWA (JPN),2024-07-06,8:16,試合,シニア(または不明),世界選手権,2021,タイトルにJPN/Japan・選手名の一致,高,長谷川 敏裕(Toshihiro HASEGAWA),Freestyle Wrestling - 2021 Senior World Championships - Oslo (NOR),https://www.youtube.com/watch?v=8iPhbtZMlgg
49tovYXrW0M,1/8 FS - 125 kg: J. LUDESCHER (AUT) v. T. YAMAMOTO (JPN),2024-07-06,8:18,試合,シニア(または不明),世界選手権,2021,タイトルにJPN/Japan・選手名の一致,高,山本 泰輝(Taiki YAMAMOTO),Freestyle Wrestling - 2021 Senior World Championships - Oslo (NOR),https://www.youtube.com/watch?v=49tovYXrW0M
ZTs1gkJpjNE,Qual. FS - 61 kg: N. MEGERLE (GER) v. T. HASEGAWA (JPN),2024-07-06,8:51,試合,シニア(または不明),世界選手権,2021,タイトルにJPN/Japan・選手名の一致,高,長谷川 敏裕(Toshihiro HASEGAWA),Freestyle Wrestling - 2021 Senior World Championships - Oslo (NOR),https://www.youtube.com/watch?v=ZTs1gkJpjNE
eUVZHPcAWMk,1/2 FS - 61 kg: T. HASEGAWA (JPN) v. A. MAGOMEDOV (RWF),2024-07-06,5:56,試合,シニア(または不明),世界選手権,2021,タイトルにJPN/Japan・選手名の一致,高,長谷川 敏裕(Toshihiro HASEGAWA),Freestyle Wrestling - 2021 Senior World Championships - Oslo (NOR),https://www.youtube.com/watch?v=eUVZHPcAWMk
rOD1Ghhv39w,Qual. FS - 65 kg: G. KABOCHE (KEN) v. K. YAMAGUCHI (JPN),2024-07-06,1:38,試合,シニア(または不明),世界選手権,2021,タイトルにJPN/Japan・選手名の一致,高,照合なし(同じローマ字が2人以上),Freestyle Wrestling - 2021 Senior World Championships - Oslo (NOR),https://www.youtube.com/watch?v=rOD1Ghhv39w
vg9bV4siRFQ,1/8 FS - 57 kg: T. ABE (JPN) v. M. NAIM (BUL),2024-07-06,9:03,試合,シニア(または不明),世界選手権,2021,タイトルにJPN/Japan・選手名の一致,高,阿部 天臥(Tenga ABE),Freestyle Wrestling - 2021 Senior World Championships - Oslo (NOR),https://www.youtube.com/watch?v=vg9bV4siRFQ
LH1AULjqG7Y,1/4 FS - 79 kg: A. ASHIROV (AZE) v. R. YOSHIDA (JPN),2024-07-06,10:18,試合,シニア(または不明),世界選手権,2021,タイトルにJPN/Japan・選手名の一致,高,照合なし(同じローマ字が2人以上),Freestyle Wrestling - 2021 Senior World Championships - Oslo (NOR),https://www.youtube.com/watch?v=LH1AULjqG7Y
K8EwvVG_-7k,1/8 FS - 79 kg: R. YOSHIDA (JPN) v. M. OH (KOR),2024-07-06,7:42,試合,シニア(または不明),世界選手権,2021,タイトルにJPN/Japan・選手名の一致,高,照合なし(同じローマ字が2人以上),Freestyle Wrestling - 2021 Senior World Championships - Oslo (NOR),https://www.youtube.com/watch?v=K8EwvVG_-7k
ce-mrSiyDZI,Qual. FS - 57 kg: T. ABE (JPN) v. D. CAPELLAN (CAN),2024-07-06,8:45,試合,シニア(または不明),世界選手権,2021,タイトルにJPN/Japan・選手名の一致,高,阿部 天臥(Tenga ABE),Freestyle Wrestling - 2021 Senior World Championships - Oslo (NOR),https://www.youtube.com/watch?v=ce-mrSiyDZI
ZNWejoS2sYg,1/2 FS - 79 kg: R. YOSHIDA (JPN) v. J. BURROUGHS (USA),2024-07-06,9:24,試合,シニア(または不明),世界選手権,2021,タイトルにJPN/Japan・選手名の一致,高,照合なし(同じローマ字が2人以上),Freestyle Wrestling - 2021 Senior World Championships - Oslo (NOR),https://www.youtube.com/watch?v=ZNWejoS2sYg
hoNRnyDhsbg,1/8 FS - 65 kg: K. YAMAGUCHI (JPN) v. T. TUMUR OCHIR (MGL),2024-07-06,10:53,試合,シニア(または不明),世界選手権,2021,タイトルにJPN/Japan・選手名の一致,高,照合なし(同じローマ字が2人以上),Freestyle Wrestling - 2021 Senior World Championships - Oslo (NOR),https://www.youtube.com/watch?v=hoNRnyDhsbg
pEZklG60m14,1/4 FS - 57 kg: T. ABE (JPN) v. S. ATLI (TUR),2024-07-06,8:57,試合,シニア(または不明),世界選手権,2021,タイトルにJPN/Japan・選手名の一致,高,阿部 天臥(Tenga ABE),Freestyle Wrestling - 2021 Senior World Championships - Oslo (NOR),https://www.youtube.com/watch?v=pEZklG60m14
zZxrLzI3fTY,Qual. FS - 92 kg: I. MTSITURI (GEO) v. T. OTSU (JPN),2024-07-06,8:36,試合,シニア(または不明),世界選手権,2021,タイトルにJPN/Japan,高,照合なし,Freestyle Wrestling - 2021 Senior World Championships - Oslo (NOR),https://www.youtube.com/watch?v=zZxrLzI3fTY
CoEJCF9hQzU,Qual. WW - 55 kg: O. KHOMENETS (UKR) v. T. SAKURAI (JPN),2024-07-06,8:04,試合,シニア(または不明),世界選手権,2021,タイトルにJPN/Japan,高,照合なし,Best of Tsugumi SAKURAI / Women's Wrestling - 2021 Senior World Championships - Oslo (NOR),https://www.youtube.com/watch?v=CoEJCF9hQzU
EsLsWQMKYv0,1/8 WW - 62 kg: A. TYNYBEKOVA (KGZ) v. N. OZAKI (JPN),2024-07-06,8:41,試合,シニア(または不明),世界選手権,2021,タイトルにJPN/Japan・選手名の一致,高,尾﨑 野乃香(Nonoka OZAKI),Women's Wrestling - 2021 Senior World Championships - Oslo (NOR),https://www.youtube.com/watch?v=EsLsWQMKYv0
dpMkiRv8jnk,Qual. FS - 70 kg: J. MOTOYAMA (JPN) v. E. ELAHI (IRI),2024-07-06,9:01,試合,シニア(または不明),世界選手権,2021,タイトルにJPN/Japan,高,照合なし,Freestyle Wrestling - 2021 Senior World Championships - Oslo (NOR),https://www.youtube.com/watch?v=dpMkiRv8jnk
AUS_-XEeMig,1/4 WW - 55 kg: R. ZASINA (POL) v. T. SAKURAI (JPN),2024-07-06,7:53,試合,シニア(または不明),世界選手権,2021,タイトルにJPN/Japan,高,照合なし,Best of Tsugumi SAKURAI / Women's Wrestling - 2021 Senior World Championships - Oslo (NOR),https://www.youtube.com/watch?v=AUS_-XEeMig
uH4gTK_Coko,1/8 FS - 97 kg: A. SADULAEV (RWF) v. T. ISHIGURO (JPN),2024-07-06,2:23,試合,シニア(または不明),世界選手権,2021,タイトルにJPN/Japan・選手名の一致,高,石黒 峻士(Takashi ISHIGURO),Freestyle Wrestling - 2021 Senior World Championships - Oslo (NOR),https://www.youtube.com/watch?v=uH4gTK_Coko
UDpCHpkXRCc,1/2 WW - 55 kg: T. SAKURAI (JPN) v. O. KHOROSHAVTSE (RWF),2024-07-06,8:47,試合,シニア(または不明),世界選手権,2021,タイトルにJPN/Japan,高,照合なし,Best of Tsugumi SAKURAI / Women's Wrestling - 2021 Senior World Championships - Oslo (NOR),https://www.youtube.com/watch?v=UDpCHpkXRCc
SXtZqY4K4R0,BRONZE FS - 79 kg: R. VALIEV (RWF) v. R. YOSHIDA (JPN),2024-07-06,3:59,試合,シニア(または不明),世界選手権,2021,タイトルにJPN/Japan・選手名の一致,高,照合なし(同じローマ字が2人以上),Freestyle Wrestling - 2021 Senior World Championships - Oslo (NOR),https://www.youtube.com/watch?v=SXtZqY4K4R0
i_lQW8HA6QA,Repechage WW - 62 kg: N. OZAKI (JPN) v. V. IVANOVA (BLR),2024-07-06,7:29,試合,シニア(または不明),世界選手権,2021,タイトルにJPN/Japan・選手名の一致,高,尾﨑 野乃香(Nonoka OZAKI),Women's Wrestling - 2021 Senior World Championships - Oslo (NOR),https://www.youtube.com/watch?v=i_lQW8HA6QA
iR5a52JVqic,1/8 WW - 50 kg: N. VARAKINA (BLR) v. R. YOSHIMOTO (JPN),2024-07-06,2:37,試合,シニア(または不明),世界選手権,2021,タイトルにJPN/Japan・選手名の一致,高,吉元 玲美那(Remina YOSHIMOTO),Women's Wrestling - 2021 Senior World Championships - Oslo (NOR),https://www.youtube.com/watch?v=iR5a52JVqic
5u6ujeW7b_E,Qual. WW - 50 kg: G. DILYTE (LTU) v. R. YOSHIMOTO (JPN),2024-07-06,0:52,試合,シニア(または不明),世界選手権,2021,タイトルにJPN/Japan・選手名の一致,高,吉元 玲美那(Remina YOSHIMOTO),Women's Wrestling - 2021 Senior World Championships - Oslo (NOR),https://www.youtube.com/watch?v=5u6ujeW7b_E
6xe2cjiBAhs,Repechage FS - 97 kg: T. ISHIGURO (JPN) v. A. HUSHTYN (BLR),2024-07-06,10:54,試合,シニア(または不明),世界選手権,2021,タイトルにJPN/Japan・選手名の一致,高,石黒 峻士(Takashi ISHIGURO),Freestyle Wrestling - 2021 Senior World Championships - Oslo (NOR),https://www.youtube.com/watch?v=6xe2cjiBAhs
IW3GQxaxdjQ,1/4 WW - 50 kg: R. YOSHIMOTO (JPN) v. O. DOLGORJAV (MGL),2024-07-06,1:36,試合,シニア(または不明),世界選手権,2021,タイトルにJPN/Japan・選手名の一致,高,吉元 玲美那(Remina YOSHIMOTO),Women's Wrestling - 2021 Senior World Championships - Oslo (NOR),https://www.youtube.com/watch?v=IW3GQxaxdjQ
YtGL20w9wAY,1/8 WW - 76 kg: Y. MATSUYUKI (JPN) v. Z. NEMETH (HUN),2024-07-06,8:12,試合,シニア(または不明),世界選手権,2021,タイトルにJPN/Japan・選手名の一致,高,松雪 泰葉(Yasuha MATSUYUKI),Women's Wrestling - 2021 Senior World Championships - Oslo (NOR),https://www.youtube.com/watch?v=YtGL20w9wAY
_XyblY4wSBI,1/4 WW - 65 kg: A. TEMIRTASSOVA (KAZ) v. M. MORIKAWA (JPN),2024-07-06,9:05,試合,シニア(または不明),世界選手権,2021,タイトルにJPN/Japan・選手名の一致,高,森川 美和(Miwa MORIKAWA),Women's Wrestling - 2021 Senior World Championships - Oslo (NOR),https://www.youtube.com/watch?v=_XyblY4wSBI
aITSmP-LOEw,1/4 WW - 53 kg: L. VALVERDE MEL (ECU) v. A. FUJINAMI (JPN),2024-07-06,6:08,試合,シニア(または不明),世界選手権,2021,タイトルにJPN/Japan・選手名の一致,高,藤波 朱理(Akari FUJINAMI),Women's Wrestling - 2021 Senior World Championships - Oslo (NOR),https://www.youtube.com/watch?v=aITSmP-LOEw
xHRj4bJr-1o,1/8 WW - 65 kg: M. MORIKAWA (JPN) v. M. MAMASHUK (BLR),2024-07-06,8:40,試合,シニア(または不明),世界選手権,2021,タイトルにJPN/Japan・選手名の一致,高,森川 美和(Miwa MORIKAWA),Women's Wrestling - 2021 Senior World Championships - Oslo (NOR),https://www.youtube.com/watch?v=xHRj4bJr-1o
gle3xZX23T0,1/4 WW - 76 kg: Y. MATSUYUKI (JPN) v. S. HAMZA (EGY),2024-07-06,10:01,試合,シニア(または不明),世界選手権,2021,タイトルにJPN/Japan・選手名の一致,高,松雪 泰葉(Yasuha MATSUYUKI),Women's Wrestling - 2021 Senior World Championships - Oslo (NOR),https://www.youtube.com/watch?v=gle3xZX23T0
PMGSLCTb1_Y,1/2 WW - 50 kg: E. VUC (ROU) v. R. YOSHIMOTO (JPN),2024-07-06,5:58,試合,シニア(または不明),世界選手権,2021,タイトルにJPN/Japan・選手名の一致,高,吉元 玲美那(Remina YOSHIMOTO),Women's Wrestling - 2021 Senior World Championships - Oslo (NOR),https://www.youtube.com/watch?v=PMGSLCTb1_Y
gCfeuhQcv8E,1/2 WW - 53 kg: A. FUJINAMI (JPN) v. K. KRAWCZYK (POL),2024-07-06,4:46,試合,シニア(または不明),世界選手権,2021,タイトルにJPN/Japan・選手名の一致,高,藤波 朱理(Akari FUJINAMI),Women's Wrestling - 2021 Senior World Championships - Oslo (NOR),https://www.youtube.com/watch?v=gCfeuhQcv8E
num2D7vx3xk,1/8 WW - 53 kg: A. FUJINAMI (JPN) v. P. POOJA (IND),2024-07-06,3:06,試合,シニア(または不明),世界選手権,2021,タイトルにJPN/Japan・選手名の一致,高,藤波 朱理(Akari FUJINAMI),Women's Wrestling - 2021 Senior World Championships - Oslo (NOR),https://www.youtube.com/watch?v=num2D7vx3xk
xp_f-H0yfvg,1/2 WW - 65 kg: M. MORIKAWA (JPN) v. F. MOLINARI (USA),2024-07-06,9:46,試合,シニア(または不明),世界選手権,2021,タイトルにJPN/Japan・選手名の一致,高,森川 美和(Miwa MORIKAWA),Women's Wrestling - 2021 Senior World Championships - Oslo (NOR),https://www.youtube.com/watch?v=xp_f-H0yfvg
g-DWCBW6Znk,BRONZE WW - 62 kg: N. OZAKI (JPN) v. I. PROKOPEVNIUK (UKR),2024-07-06,7:12,試合,シニア(または不明),世界選手権,2021,タイトルにJPN/Japan・選手名の一致,高,尾﨑 野乃香(Nonoka OZAKI),Women's Wrestling - 2021 Senior World Championships - Oslo (NOR),https://www.youtube.com/watch?v=g-DWCBW6Znk
lMesX0Am5AA,Qual. WW - 68 kg: R. MIYAJI (JPN) v. A. HANZLICKOVA (CZE),2024-07-06,10:25,試合,シニア(または不明),世界選手権,2021,タイトルにJPN/Japan・選手名の一致,高,宮道 りん(Rin MIYAJI),Women's Wrestling - 2021 Senior World Championships - Oslo (NOR),https://www.youtube.com/watch?v=lMesX0Am5AA
83a9Uv_xGuY,1/8 WW - 59 kg: D. KAYUMOVA (KAZ) v. A. HANAI (JPN),2024-07-06,8:49,試合,シニア(または不明),世界選手権,2021,タイトルにJPN/Japan,高,照合なし,Women's Wrestling - 2021 Senior World Championships - Oslo (NOR),https://www.youtube.com/watch?v=83a9Uv_xGuY
NfWIWLIv2OI,1/4 WW - 68 kg: D. DOMIKAITYTE (LTU) v. R. MIYAJI (JPN),2024-07-06,1:44,試合,シニア(または不明),世界選手権,2021,タイトルにJPN/Japan・選手名の一致,高,宮道 りん(Rin MIYAJI),Women's Wrestling - 2021 Senior World Championships - Oslo (NOR),https://www.youtube.com/watch?v=NfWIWLIv2OI
P_3WLwXv7UQ,Qual. WW - 72 kg: D. ENKH AMAR (MGL) v. M. FURUICHI (JPN),2024-07-06,8:13,試合,シニア(または不明),世界選手権,2021,タイトルにJPN/Japan・選手名の一致,高,古市 雅子(Masako FURUICHI),Women's Wrestling - 2021 Senior World Championships - Oslo (NOR),https://www.youtube.com/watch?v=P_3WLwXv7UQ
QJghg9dSKYo,1/8 WW - 57 kg: S. NANJO (JPN) v. A. VALENCIA ESC (MEX),2024-07-06,9:34,試合,シニア(または不明),世界選手権,2021,タイトルにJPN/Japan・選手名の一致,高,南條 早映(Sae NANJO),Women's Wrestling - 2021 Senior World Championships - Oslo (NOR),https://www.youtube.com/watch?v=QJghg9dSKYo
rva6bdaw2PA,1/4 WW - 72 kg: D. KAKRAN (IND) v. M. FURUICHI (JPN),2024-07-06,5:50,試合,シニア(または不明),世界選手権,2021,タイトルにJPN/Japan・選手名の一致,高,古市 雅子(Masako FURUICHI),Women's Wrestling - 2021 Senior World Championships - Oslo (NOR),https://www.youtube.com/watch?v=rva6bdaw2PA
KWKoYa0GI4E,1/4 WW - 57 kg: E. NIKOLOVA (BUL) v. S. NANJO (JPN),2024-07-06,6:04,試合,シニア(または不明),ランキングシリーズ等,2021,タイトルにJPN/Japan・選手名の一致,高,南條 早映(Sae NANJO),Women's Wrestling - 2021 Senior World Championships - Oslo (NOR),https://www.youtube.com/watch?v=KWKoYa0GI4E
59l4ERJxwJQ,1/2 WW - 57 kg: S. NANJO (JPN) v. H. MAROULIS (USA),2024-07-06,9:34,試合,シニア(または不明),世界選手権,2021,タイトルにJPN/Japan・選手名の一致,高,南條 早映(Sae NANJO),Women's Wrestling - 2021 Senior World Championships - Oslo (NOR),https://www.youtube.com/watch?v=59l4ERJxwJQ
LjEP2bggSoE,1/2 WW - 68 kg: T. STOCK MENSAH (USA) v. R. MIYAJI (JPN),2024-07-06,0:56,試合,シニア(または不明),世界選手権,2021,タイトルにJPN/Japan・選手名の一致,高,宮道 りん(Rin MIYAJI),Women's Wrestling - 2021 Senior World Championships - Oslo (NOR),https://www.youtube.com/watch?v=LjEP2bggSoE
LngX2ov2qzg,1/4 WW - 59 kg: A. HANAI (JPN) v. S. BAATARJAV (MGL),2024-07-06,7:57,試合,シニア(または不明),世界選手権,2021,タイトルにJPN/Japan,高,照合なし,Women's Wrestling - 2021 Senior World Championships - Oslo (NOR),https://www.youtube.com/watch?v=LngX2ov2qzg
Yqxti7vcMMo,1/2 WW - 72 kg: M. FURUICHI (JPN) v. A. SCHELL (GER),2024-07-06,7:55,試合,シニア(または不明),世界選手権,2021,タイトルにJPN/Japan・選手名の一致,高,古市 雅子(Masako FURUICHI),Women's Wrestling - 2021 Senior World Championships - Oslo (NOR),https://www.youtube.com/watch?v=Yqxti7vcMMo
sE4Ef_hqJcE,Qual. GR - 77 kg: M. LIPASTI (FIN) v. K. SAKURABA (JPN),2024-07-06,7:17,試合,シニア(または不明),,2024,タイトルにJPN/Japan・選手名の一致,高,櫻庭 功大(Kodai SAKURABA),,https://www.youtube.com/watch?v=sE4Ef_hqJcE
IH_L2X6LQDU,Qual. GR - 72 kg: D. DIMITROV (BUL) v. T. INOUE (JPN),2024-07-06,9:12,試合,シニア(または不明),,2024,タイトルにJPN/Japan,高,照合なし,,https://www.youtube.com/watch?v=IH_L2X6LQDU
_W8jLI2TOMQ,Qual. GR - 82 kg: P. NOVAK (CZE) v. S. MUKAI (JPN),2024-07-06,8:42,試合,シニア(または不明),,2024,タイトルにJPN/Japan,高,照合なし,,https://www.youtube.com/watch?v=_W8jLI2TOMQ
7-6c0fAxwy8,1/8 GR - 55 kg: S. LUND (NOR) v. K. MATSUI (JPN),2024-07-06,3:38,試合,シニア(または不明),,2024,タイトルにJPN/Japan,高,照合なし,,https://www.youtube.com/watch?v=7-6c0fAxwy8
SyPeb9pR0Pg,1/8 GR - 77 kg: B. KOURINNOI (SWE) v. K. SAKURABA (JPN),2024-07-06,11:17,試合,シニア(または不明),,2024,タイトルにJPN/Japan・選手名の一致,高,櫻庭 功大(Kodai SAKURABA),,https://www.youtube.com/watch?v=SyPeb9pR0Pg
H08dhLZEm9M,1/4 GR - 55 kg: K. MATSUI (JPN) v. E. OZTURK (TUR),2024-07-06,9:55,試合,シニア(または不明),,2024,タイトルにJPN/Japan,高,照合なし,,https://www.youtube.com/watch?v=H08dhLZEm9M
85YDbY9j8kM,1/4 GR - 77 kg: T. BERDYIEU (BLR) v. K. SAKURABA (JPN),2024-07-06,5:34,試合,シニア(または不明),世界選手権,2021,タイトルにJPN/Japan・選手名の一致,高,櫻庭 功大(Kodai SAKURABA),Greco-Roman Wrestling - 2021 Senior World Championships - Oslo (NOR),https://www.youtube.com/watch?v=85YDbY9j8kM
w7cRYIqGPxA,1/8 GR - 82 kg: S. MUKAI (JPN) v. B. PROVISOR (USA),2024-07-06,9:45,試合,シニア(または不明),世界選手権,2021,タイトルにJPN/Japan,高,照合なし,Greco-Roman Wrestling - 2021 Senior World Championships - Oslo (NOR),https://www.youtube.com/watch?v=w7cRYIqGPxA
SpAsrXozC4o,1/2 GR - 55 kg: E. AZIZLI (AZE) v. K. MATSUI (JPN),2024-07-06,9:10,試合,シニア(または不明),世界選手権,2021,タイトルにJPN/Japan,高,照合なし,Greco-Roman Wrestling - 2021 Senior World Championships - Oslo (NOR),https://www.youtube.com/watch?v=SpAsrXozC4o
gIjaFR51Fwc,BRONZE WW - 57 kg: V. CHUMIKOVA (RWF) v. S. NANJO (JPN),2024-07-06,9:13,試合,シニア(または不明),世界選手権,2021,タイトルにJPN/Japan・選手名の一致,高,南條 早映(Sae NANJO),Women's Wrestling - 2021 Senior World Championships - Oslo (NOR),https://www.youtube.com/watch?v=gIjaFR51Fwc
7SBYZ2ORtGg,Qual. GR - 97 kg: G. KURNICZAK (POL) v. Y. NARA (JPN),2024-07-06,8:16,試合,シニア(または不明),世界選手権,2021,タイトルにJPN/Japan・選手名の一致,高,奈良 勇太(Yuta NARA),Greco-Roman Wrestling - 2021 Senior World Championships - Oslo (NOR),https://www.youtube.com/watch?v=7SBYZ2ORtGg
IKGJpttLBEE,1/4 GR - 60 kg: A. SUZUKI (JPN) v. M. MAMMADOV (AZE),2024-07-06,8:56,試合,シニア(または不明),,2024,タイトルにJPN/Japan・選手名の一致,高,鈴木 絢大(Ayata SUZUKI),,https://www.youtube.com/watch?v=IKGJpttLBEE
-lcO_Sd3tjo,1/8 GR - 60 kg: G. GYANENDER (IND) v. A. SUZUKI (JPN),2024-07-06,9:23,試合,シニア(または不明),,2024,タイトルにJPN/Japan・選手名の一致,高,鈴木 絢大(Ayata SUZUKI),,https://www.youtube.com/watch?v=-lcO_Sd3tjo
FueMe_I4Dvg,Qual. GR - 60 kg: H. MAEGISALU (EST) v. A. SUZUKI (JPN),2024-07-06,6:51,試合,シニア(または不明),世界選手権,2021,タイトルにJPN/Japan・選手名の一致,高,鈴木 絢大(Ayata SUZUKI),Greco-Roman Wrestling - 2021 Senior World Championships - Oslo (NOR),https://www.youtube.com/watch?v=FueMe_I4Dvg
AsmX09S5Jng,Qual. GR - 130 kg: A. SONODA (JPN) v. D. OVASAPYAN (ARM),2024-07-06,13:42,試合,シニア(または不明),世界選手権,2021,タイトルにJPN/Japan,高,照合なし,Greco-Roman Wrestling - 2021 Senior World Championships - Oslo (NOR),https://www.youtube.com/watch?v=AsmX09S5Jng
qRH_ObTAjL8,1/8 GR - 63 kg: K. SULAIMANOV (KGZ) v. K. SHIMIZU (JPN),2024-07-06,10:40,試合,シニア(または不明),世界選手権,2021,タイトルにJPN/Japan・選手名の一致,高,清水 賢亮(Kensuke SHIMIZU),Greco-Roman Wrestling - 2021 Senior World Championships - Oslo (NOR),https://www.youtube.com/watch?v=qRH_ObTAjL8
NnfexrO0JEQ,1/8 GR - 67 kg: M. GERAEI (IRI) v. T. SHIMOYAMADA (JPN),2024-07-06,10:17,試合,シニア(または不明),世界選手権,2021,タイトルにJPN/Japan,高,照合なし,Greco-Roman Wrestling - 2021 Senior World Championships - Oslo (NOR),https://www.youtube.com/watch?v=NnfexrO0JEQ
PCSrel7O5vE,1/4 GR - 63 kg: L. ABULADZE (GEO) v. K. SHIMIZU (JPN),2024-07-06,8:47,試合,シニア(または不明),世界選手権,2021,タイトルにJPN/Japan・選手名の一致,高,清水 賢亮(Kensuke SHIMIZU),Greco-Roman Wrestling - 2021 Senior World Championships - Oslo (NOR),https://www.youtube.com/watch?v=PCSrel7O5vE
twPDu1KJTwQ,Qual. GR - 87 kg: T. TSURUDA (JPN) v. A. KULYNYCZ (POL),2024-07-06,8:40,試合,シニア(または不明),世界選手権,2021,タイトルにJPN/Japan・選手名の一致,高,鶴田 峻大(Takahiro TSURUDA),Greco-Roman Wrestling - 2021 Senior World Championships - Oslo (NOR),https://www.youtube.com/watch?v=twPDu1KJTwQ
MePm6cUa6yE,Repechage GR - 63 kg: S. ASSETULY (KAZ) v. K. SHIMIZU (JPN),2024-07-06,9:50,試合,シニア(または不明),世界選手権,2021,タイトルにJPN/Japan・選手名の一致,高,清水 賢亮(Kensuke SHIMIZU),Greco-Roman Wrestling - 2021 Senior World Championships - Oslo (NOR),https://www.youtube.com/watch?v=MePm6cUa6yE
j_SK_7JYGbA,Repechage GR - 67 kg: T. SHIMOYAMADA (JPN) v. H. JAFAROV (AZE),2024-07-06,8:03,試合,シニア(または不明),世界選手権,2021,タイトルにJPN/Japan,高,照合なし,Greco-Roman Wrestling - 2021 Senior World Championships - Oslo (NOR),https://www.youtube.com/watch?v=j_SK_7JYGbA
dZu_f8fyBbw,BRONZE GR - 63 kg: K. SHIMIZU (JPN) v. E. TORBA (HUN),2024-07-06,4:50,試合,シニア(または不明),世界選手権,2021,タイトルにJPN/Japan・選手名の一致,高,清水 賢亮(Kensuke SHIMIZU),Greco-Roman Wrestling - 2021 Senior World Championships - Oslo (NOR),https://www.youtube.com/watch?v=dZu_f8fyBbw
FkVVf6-TFZg,1/2 GR - 55 kg: J. ORTIKBOEV (UZB) v. Y. SHIOTANI (JPN),2024-07-06,10:37,試合,シニア(または不明),アジア選手権,2022,タイトルにJPN/Japan・選手名の一致,高,塩谷 優(Yu SHIOTANI),Greco-Roman Wrestling - 2022 Senior Asian C'ships - Ulaanbaatar (MGL),https://www.youtube.com/watch?v=FkVVf6-TFZg
M4QtGLorjBA,1/4 GR - 77 kg: S. OLONBAYAR (MGL) v. K. SAKURABA (JPN),2024-07-06,3:11,試合,シニア(または不明),アジア選手権,2022,タイトルにJPN/Japan・選手名の一致,高,櫻庭 功大(Kodai SAKURABA),Greco-Roman Wrestling - 2022 Senior Asian C'ships - Ulaanbaatar (MGL),https://www.youtube.com/watch?v=M4QtGLorjBA
9GZ_YzMFFJI,1/4 GR - 55 kg: Y. SHIOTANI (JPN) v. H. JEON (KOR),2024-07-06,8:56,試合,シニア(または不明),アジア選手権,2022,タイトルにJPN/Japan・選手名の一致,高,塩谷 優(Yu SHIOTANI),Greco-Roman Wrestling - 2022 Senior Asian C'ships - Ulaanbaatar (MGL),https://www.youtube.com/watch?v=9GZ_YzMFFJI
NJzgwG1y-iw,1/4 GR - 130 kg: A. SONODA (JPN) v. K. DORJKHAND (MGL),2024-07-06,8:20,試合,シニア(または不明),アジア選手権,2022,タイトルにJPN/Japan,高,照合なし,Greco-Roman Wrestling - 2022 Senior Asian C'ships - Ulaanbaatar (MGL),https://www.youtube.com/watch?v=NJzgwG1y-iw
zxzjer2iNxM,1/4 GR - 63 kg: K. SHIMIZU (JPN) v. I. MOHAMMADI (IRI),2024-07-06,9:04,試合,シニア(または不明),アジア選手権,2022,タイトルにJPN/Japan・選手名の一致,高,清水 賢亮(Kensuke SHIMIZU),Greco-Roman Wrestling - 2022 Senior Asian C'ships - Ulaanbaatar (MGL),https://www.youtube.com/watch?v=zxzjer2iNxM
56I1o1Lmznw,1/2 GR - 77 kg: M. YEREZHEPOV (KAZ) v. K. SAKURABA (JPN),2024-07-06,8:23,試合,シニア(または不明),アジア選手権,2022,タイトルにJPN/Japan・選手名の一致,高,櫻庭 功大(Kodai SAKURABA),Greco-Roman Wrestling - 2022 Senior Asian C'ships - Ulaanbaatar (MGL),https://www.youtube.com/watch?v=56I1o1Lmznw
5BdoWmBzLqI,1/4 GR - 87 kg: M. SUMI (JPN) v. K. SUNIL (IND),2024-07-06,8:31,試合,シニア(または不明),アジア選手権,2022,タイトルにJPN/Japan,高,照合なし,Greco-Roman Wrestling - 2022 Senior Asian C'ships - Ulaanbaatar (MGL),https://www.youtube.com/watch?v=5BdoWmBzLqI
reca1j8u5Y0,1/2 GR - 130 kg: A. SONODA (JPN) v. A. SYZDYKOV (KAZ),2024-07-06,4:42,試合,シニア(または不明),アジア選手権,2022,タイトルにJPN/Japan,高,照合なし,Greco-Roman Wrestling - 2022 Senior Asian C'ships - Ulaanbaatar (MGL),https://www.youtube.com/watch?v=reca1j8u5Y0
785QUI43GYg,BRONZE GR - 77 kg: S. SAJAN (IND) v. K. SAKURABA (JPN),2024-07-06,3:41,試合,シニア(または不明),アジア選手権,2022,タイトルにJPN/Japan・選手名の一致,高,櫻庭 功大(Kodai SAKURABA),Greco-Roman Wrestling - 2022 Senior Asian C'ships - Ulaanbaatar (MGL),https://www.youtube.com/watch?v=785QUI43GYg
IsB2Jhke4l4,BRONZE GR - 130 kg: R. KIM (KGZ) v. A. SONODA (JPN),2024-07-06,0:54,試合,シニア(または不明),アジア選手権,2022,タイトルにJPN/Japan,高,照合なし,Greco-Roman Wrestling - 2022 Senior Asian C'ships - Ulaanbaatar (MGL),https://www.youtube.com/watch?v=IsB2Jhke4l4
KlbqHR2zMBA,1/2 GR - 82 kg: D. KALEN (KAZ) v. Y. OKAJIMA (JPN),2024-07-06,2:45,試合,シニア(または不明),アジア選手権,2022,タイトルにJPN/Japan・選手名の一致,高,岡嶋 勇也(Yuya OKAJIMA),Greco-Roman Wrestling - 2022 Senior Asian C'ships - Ulaanbaatar (MGL),https://www.youtube.com/watch?v=KlbqHR2zMBA
V_LOD76ekTY,1/2 GR - 60 kg: A. SUZUKI (JPN) v. M. MOHSEN NEJAD (IRI),2024-07-06,8:54,試合,シニア(または不明),アジア選手権,2022,タイトルにJPN/Japan・選手名の一致,高,鈴木 絢大(Ayata SUZUKI),Greco-Roman Wrestling - 2022 Senior Asian C'ships - Ulaanbaatar (MGL),https://www.youtube.com/watch?v=V_LOD76ekTY
iUzQi3NTLI0,1/4 GR - 82 kg: K. ASYKEEV (KGZ) v. Y. OKAJIMA (JPN),2024-07-06,9:26,試合,シニア(または不明),アジア選手権,2022,タイトルにJPN/Japan・選手名の一致,高,岡嶋 勇也(Yuya OKAJIMA),Greco-Roman Wrestling - 2022 Senior Asian C'ships - Ulaanbaatar (MGL),https://www.youtube.com/watch?v=iUzQi3NTLI0
m4k3B_wm2K0,1/4 GR - 72 kg: A. AMZEYEV (KAZ) v. S. TAKAHASHI (JPN),2024-07-06,2:57,試合,シニア(または不明),アジア選手権,2022,タイトルにJPN/Japan・選手名の一致,高,照合なし(同じローマ字が2人以上),Greco-Roman Wrestling - 2022 Senior Asian C'ships - Ulaanbaatar (MGL),https://www.youtube.com/watch?v=m4k3B_wm2K0
u2Fk9h7xk28,1/4 GR - 67 kg: K. ENDO (JPN) v. E. SATAROV (KGZ),2024-07-06,14:12,試合,シニア(または不明),アジア選手権,2022,タイトルにJPN/Japan・選手名の一致,高,照合なし(同じローマ字が2人以上),Greco-Roman Wrestling - 2022 Senior Asian C'ships - Ulaanbaatar (MGL),https://www.youtube.com/watch?v=u2Fk9h7xk28
DY9SQgphUEI,1/4 GR - 60 kg: A. SUZUKI (JPN) v. F. TUKHTAEV (UZB),2024-07-06,12:45,試合,シニア(または不明),アジア選手権,2022,タイトルにJPN/Japan・選手名の一致,高,鈴木 絢大(Ayata SUZUKI),Greco-Roman Wrestling - 2022 Senior Asian C'ships - Ulaanbaatar (MGL),https://www.youtube.com/watch?v=DY9SQgphUEI
c7aM9AoKCIg,1/4 GR - 97 kg: R. ASSAKALOV (UZB) v. T. TSURUDA (JPN),2024-07-06,6:29,試合,シニア(または不明),アジア選手権,2022,タイトルにJPN/Japan・選手名の一致,高,鶴田 峻大(Takahiro TSURUDA),Greco-Roman Wrestling - 2022 Senior Asian C'ships - Ulaanbaatar (MGL),https://www.youtube.com/watch?v=c7aM9AoKCIg
XBVoFIEEKrI,1/2 GR - 67 kg: H. RYU (KOR) v. K. ENDO (JPN),2024-07-06,9:03,試合,シニア(または不明),アジア選手権,2022,タイトルにJPN/Japan・選手名の一致,高,照合なし(同じローマ字が2人以上),Greco-Roman Wrestling - 2022 Senior Asian C'ships - Ulaanbaatar (MGL),https://www.youtube.com/watch?v=XBVoFIEEKrI
dqfCSxFTzug,BRONZE GR - 60 kg: G. GYANENDER (IND) v. A. SUZUKI (JPN),2024-07-06,10:49,試合,シニア(または不明),アジア選手権,2022,タイトルにJPN/Japan・選手名の一致,高,鈴木 絢大(Ayata SUZUKI),Greco-Roman Wrestling - 2022 Senior Asian C'ships - Ulaanbaatar (MGL),https://www.youtube.com/watch?v=dqfCSxFTzug
pnjyG0x94FI,BRONZE GR - 72 kg: S. TAKAHASHI (JPN) v. J. LEE (KOR),2024-07-06,7:47,試合,シニア(または不明),アジア選手権,2022,タイトルにJPN/Japan・選手名の一致,高,照合なし(同じローマ字が2人以上),Greco-Roman Wrestling - 2022 Senior Asian C'ships - Ulaanbaatar (MGL),https://www.youtube.com/watch?v=pnjyG0x94FI
zTBx7e6WwFs,BRONZE GR - 97 kg: T. TSURUDA (JPN) v. S. SERIKKAN (KAZ),2024-07-06,11:30,試合,シニア(または不明),アジア選手権,2022,タイトルにJPN/Japan・選手名の一致,高,鶴田 峻大(Takahiro TSURUDA),Greco-Roman Wrestling - 2022 Senior Asian C'ships - Ulaanbaatar (MGL),https://www.youtube.com/watch?v=zTBx7e6WwFs
HqLiGiz5jZ4,BRONZE GR - 67 kg: S. BADAGHI MOFR (IRI) v. K. ENDO (JPN),2024-07-06,9:36,試合,シニア(または不明),アジア選手権,2022,タイトルにJPN/Japan・選手名の一致,高,照合なし(同じローマ字が2人以上),Greco-Roman Wrestling - 2022 Senior Asian C'ships - Ulaanbaatar (MGL),https://www.youtube.com/watch?v=HqLiGiz5jZ4
Umbg-f4Iets,BRONZE GR - 82 kg: M. RASULOV (UZB) v. Y. OKAJIMA (JPN),2024-07-06,8:55,試合,シニア(または不明),アジア選手権,2022,タイトルにJPN/Japan・選手名の一致,高,岡嶋 勇也(Yuya OKAJIMA),Greco-Roman Wrestling - 2022 Senior Asian C'ships - Ulaanbaatar (MGL),https://www.youtube.com/watch?v=Umbg-f4Iets
WoroN8OJx3E,Round 2 WW - 59 kg: S. NATAMI (JPN) v. S. SARITA (IND),2024-07-06,7:44,試合,シニア(または不明),,2024,タイトルにJPN/Japan・選手名の一致,高,屶網 さら(Sara NATAAMI),,https://www.youtube.com/watch?v=WoroN8OJx3E
eMLDFZpfzAw,Round 2 WW - 50 kg: M. MANISHA (IND) v. R. YOSHIMOTO (JPN),2024-07-06,2:01,試合,シニア(または不明),,2024,タイトルにJPN/Japan・選手名の一致,高,吉元 玲美那(Remina YOSHIMOTO),,https://www.youtube.com/watch?v=eMLDFZpfzAw
jox3rNOGIrE,Round 1 WW - 76 kg: A. MEDET KYZY (KGZ) v. Y. KAGAMI (JPN),2024-07-06,8:00,試合,シニア(または不明),,2024,タイトルにJPN/Japan・選手名の一致,高,鏡 優翔(Yuka KAGAMI),,https://www.youtube.com/watch?v=jox3rNOGIrE
l3laMZy7gio,1/2 WW - 50 kg: R. YOSHIMOTO (JPN) v. J. IMMAEVA (UZB),2024-07-06,1:42,試合,シニア(または不明),,2024,タイトルにJPN/Japan・選手名の一致,高,吉元 玲美那(Remina YOSHIMOTO),,https://www.youtube.com/watch?v=l3laMZy7gio
TDoWGgWhnbo,Round 4 WW - 59 kg: D. AIMBETOVA (UZB) v. S. NATAMI (JPN),2024-07-06,3:39,試合,シニア(または不明),,2024,タイトルにJPN/Japan・選手名の一致,高,屶網 さら(Sara NATAAMI),,https://www.youtube.com/watch?v=TDoWGgWhnbo
VuYUFdZYJUI,1/2 WW - 68 kg: N. MATSUYUKI (JPN) v. M. BAKBERGENOVA (KAZ),2024-07-06,8:15,試合,シニア(または不明),,2024,タイトルにJPN/Japan,高,照合なし,,https://www.youtube.com/watch?v=VuYUFdZYJUI
5mBuI35oUGw,Round 1 WW - 55 kg: U. IMAI (JPN) v. S. SHOKEEN (IND),2024-07-06,2:07,試合,シニア(または不明),アジア選手権,2022,タイトルにJPN/Japan・選手名の一致,高,今井 佑海(Umi IMAI),Women's Wrestling - 2022 Senior Asian C'ships - Ulaanbaatar (MGL),https://www.youtube.com/watch?v=5mBuI35oUGw
GW23U-fNpD4,1/2 WW - 76 kg: G. YERKEBAYEVA (KAZ) v. Y. KAGAMI (JPN),2024-07-06,6:52,試合,シニア(または不明),,2024,タイトルにJPN/Japan・選手名の一致,高,鏡 優翔(Yuka KAGAMI),,https://www.youtube.com/watch?v=GW23U-fNpD4
rpz1GkkWX5o,Round 3 WW - 76 kg: Y. KAGAMI (JPN) v. S. KUMARI (IND),2024-07-06,5:22,試合,シニア(または不明),アジア選手権,2022,タイトルにJPN/Japan・選手名の一致,高,鏡 優翔(Yuka KAGAMI),Women's Wrestling - 2022 Senior Asian C'ships - Ulaanbaatar (MGL),https://www.youtube.com/watch?v=rpz1GkkWX5o
T-gDvKegXFg,Round 1 WW - 50 kg: R. YOSHIMOTO (JPN) v. M. CHEON (KOR),2024-07-06,1:16,試合,シニア(または不明),アジア選手権,2022,タイトルにJPN/Japan・選手名の一致,高,吉元 玲美那(Remina YOSHIMOTO),Women's Wrestling - 2022 Senior Asian C'ships - Ulaanbaatar (MGL),https://www.youtube.com/watch?v=T-gDvKegXFg
_84Uo7oRNyQ,Round 4 WW - 55 kg: U. IMAI (JPN) v. A. SHAGAYEVA (KAZ),2024-07-06,2:37,試合,シニア(または不明),アジア選手権,2022,タイトルにJPN/Japan・選手名の一致,高,今井 佑海(Umi IMAI),Women's Wrestling - 2022 Senior Asian C'ships - Ulaanbaatar (MGL),https://www.youtube.com/watch?v=_84Uo7oRNyQ
cT1zxsMGUkY,Round 1 WW - 68 kg: S. HOODA (IND) v. N. MATSUYUKI (JPN),2024-07-06,9:06,試合,シニア(または不明),アジア選手権,2022,タイトルにJPN/Japan,高,照合なし,Women's Wrestling - 2022 Senior Asian C'ships - Ulaanbaatar (MGL),https://www.youtube.com/watch?v=cT1zxsMGUkY
QguHKzGqY8Q,BRONZE WW - 68 kg: D. ENKHSAIKHAN (MGL) v. N. MATSUYUKI (JPN),2024-07-06,8:17,試合,シニア(または不明),アジア選手権,2022,タイトルにJPN/Japan,高,照合なし,Women's Wrestling - 2022 Senior Asian C'ships - Ulaanbaatar (MGL),https://www.youtube.com/watch?v=QguHKzGqY8Q
oIcX0JE-SEs,Round 5 WW - 55 kg: U. IMAI (JPN) v. S. JIENBAEVA (UZB),2024-07-06,2:53,試合,シニア(または不明),アジア選手権,2022,タイトルにJPN/Japan・選手名の一致,高,今井 佑海(Umi IMAI),Women's Wrestling - 2022 Senior Asian C'ships - Ulaanbaatar (MGL),https://www.youtube.com/watch?v=oIcX0JE-SEs
rexkEgc46wM,Round 5 WW - 59 kg: D. KAYUMOVA (KAZ) v. S. NATAMI (JPN),2024-07-06,7:56,試合,シニア(または不明),アジア選手権,2022,タイトルにJPN/Japan・選手名の一致,高,屶網 さら(Sara NATAAMI),Women's Wrestling - 2022 Senior Asian C'ships - Ulaanbaatar (MGL),https://www.youtube.com/watch?v=rexkEgc46wM
-SEo_YRmXgs,Round 1 WW - 57 kg: T. SAKURAI (JPN) v. H. KIM (KOR),2024-07-06,3:00,試合,シニア(または不明),,2024,タイトルにJPN/Japan,高,照合なし,Best of Tsugumi SAKURAI,https://www.youtube.com/watch?v=-SEo_YRmXgs
OoPPdWaxf5I,Round 1 WW - 53 kg: A. FUJINAMI (JPN) v. K. BATKHUYAG (MGL),2024-07-06,5:16,試合,シニア(または不明),,2024,タイトルにJPN/Japan・選手名の一致,高,藤波 朱理(Akari FUJINAMI),,https://www.youtube.com/watch?v=OoPPdWaxf5I
PVWtbg4yO9U,1/4 WW - 62 kg: H. LEE (KOR) v. N. OZAKI (JPN),2024-07-06,0:51,試合,シニア(または不明),,2024,タイトルにJPN/Japan・選手名の一致,高,尾﨑 野乃香(Nonoka OZAKI),,https://www.youtube.com/watch?v=PVWtbg4yO9U
Bl3QpQX0Dw8,1/2 WW - 57 kg: T. SAKURAI (JPN) v. S. AKHMEDOVA (UZB),2024-07-06,7:41,試合,シニア(または不明),,2024,タイトルにJPN/Japan,高,照合なし,Best of Tsugumi SAKURAI,https://www.youtube.com/watch?v=Bl3QpQX0Dw8
-EdgpY-FZa0,Round 1 WW - 65 kg: M. MORIKAWA (JPN) v. A. JUMABAEVA (UZB),2024-07-06,2:43,試合,シニア(または不明),,2024,タイトルにJPN/Japan・選手名の一致,高,森川 美和(Miwa MORIKAWA),,https://www.youtube.com/watch?v=-EdgpY-FZa0
K-wOhIrL9JE,Round 2 WW - 72 kg: D. ENKH AMAR (MGL) v. S. NIIKURA (JPN),2024-07-06,9:32,試合,シニア(または不明),,2024,タイトルにJPN/Japan・選手名の一致,高,新倉 すみれ(Sumire NIIKURA),,https://www.youtube.com/watch?v=K-wOhIrL9JE
wYhy5pb2XPg,Round 3 WW - 65 kg: P. ULZIISAIKHAN (MGL) v. M. MORIKAWA (JPN),2024-07-06,8:35,試合,シニア(または不明),,2024,タイトルにJPN/Japan・選手名の一致,高,森川 美和(Miwa MORIKAWA),,https://www.youtube.com/watch?v=wYhy5pb2XPg
EjrKywTzR-Q,Round 2 WW - 53 kg: S. SHINDE (IND) v. A. FUJINAMI (JPN),2024-07-06,1:26,試合,シニア(または不明),,2024,タイトルにJPN/Japan・選手名の一致,高,藤波 朱理(Akari FUJINAMI),,https://www.youtube.com/watch?v=EjrKywTzR-Q
_B-MbflN2dE,1/2 WW - 62 kg: M. MANISHA (IND) v. N. OZAKI (JPN),2024-07-06,1:25,試合,シニア(または不明),,2024,タイトルにJPN/Japan・選手名の一致,高,尾﨑 野乃香(Nonoka OZAKI),,https://www.youtube.com/watch?v=_B-MbflN2dE
NwCHv8gGqOo,Round 3 WW - 57 kg: B. KHURELKHUU (MGL) v. T. SAKURAI (JPN),2024-07-06,7:56,試合,シニア(または不明),,2024,タイトルにJPN/Japan,高,照合なし,Best of Tsugumi SAKURAI,https://www.youtube.com/watch?v=NwCHv8gGqOo
Ow1Yclwz8rk,Round 4 WW - 65 kg: D. ABEN (KAZ) v. M. MORIKAWA (JPN),2024-07-06,3:00,試合,シニア(または不明),,2024,タイトルにJPN/Japan・選手名の一致,高,森川 美和(Miwa MORIKAWA),,https://www.youtube.com/watch?v=Ow1Yclwz8rk
kQYpmAUWiNw,1/2 WW - 53 kg: A. FUJINAMI (JPN) v. A. KEUNIMJAEVA (UZB),2024-07-06,3:22,試合,シニア(または不明),,2024,タイトルにJPN/Japan・選手名の一致,高,藤波 朱理(Akari FUJINAMI),,https://www.youtube.com/watch?v=kQYpmAUWiNw
2dv00Jn-gRE,Round 5 WW - 72 kg: S. NIIKURA (JPN) v. S. OKNAZAROVA (UZB),2024-07-06,7:00,試合,シニア(または不明),アジア選手権,2022,タイトルにJPN/Japan・選手名の一致,高,新倉 すみれ(Sumire NIIKURA),Women's Wrestling - 2022 Senior Asian C'ships - Ulaanbaatar (MGL),https://www.youtube.com/watch?v=2dv00Jn-gRE
e5F-7Cyz2Rg,Round 2 WW - 57 kg: N. RAIMOVA (KAZ) v. T. SAKURAI (JPN),2024-07-06,2:55,試合,シニア(または不明),,2024,タイトルにJPN/Japan,高,照合なし,Best of Tsugumi SAKURAI,https://www.youtube.com/watch?v=e5F-7Cyz2Rg
PfkJ1PE9ME4,1/4 FS - 70 kg: M. YEGANEHJAFAR (IRI) v. T. NARIKUNI (JPN),2024-07-06,10:07,試合,シニア(または不明),アジア選手権,2022,タイトルにJPN/Japan・選手名の一致,高,成國 大志(Taishi NARIKUNI),Freestyle Wrestling - 2022 Senior Asian C'ships - Ulaanbaatar (MGL),https://www.youtube.com/watch?v=PfkJ1PE9ME4
D4yUd1oN-ts,1/4 FS - 57 kg: K. RAVI (IND) v. R. ARAI (JPN),2024-07-06,9:12,試合,シニア(または不明),アジア選手権,2022,タイトルにJPN/Japan・選手名の一致,高,新井 陸人(Rikuto ARAI),Freestyle Wrestling - 2022 Senior Asian C'ships - Ulaanbaatar (MGL),https://www.youtube.com/watch?v=D4yUd1oN-ts
HvGL-mq9KvY,1/4 FS - 79 kg: Z. ZAKIROV (KAZ) v. Y. TAKAHASHI (JPN),2024-07-06,9:54,試合,シニア(または不明),アジア選手権,2022,タイトルにJPN/Japan・選手名の一致,高,照合なし(同じローマ字が2人以上),Freestyle Wrestling - 2022 Senior Asian C'ships - Ulaanbaatar (MGL),https://www.youtube.com/watch?v=HvGL-mq9KvY
sEOFMVS06gQ,1/4 FS - 65 kg: K. YAMAGUCHI (JPN) v. R. AMOUZADKHALI (IRI),2024-07-06,10:01,試合,シニア(または不明),アジア選手権,2022,タイトルにJPN/Japan・選手名の一致,高,照合なし(同じローマ字が2人以上),Freestyle Wrestling - 2022 Senior Asian C'ships - Ulaanbaatar (MGL),https://www.youtube.com/watch?v=sEOFMVS06gQ
yZf6gQF5ADE,Qual. FS - 79 kg: S. BOZOROV (TJK) v. Y. TAKAHASHI (JPN),2024-07-06,5:30,試合,シニア(または不明),アジア選手権,2022,タイトルにJPN/Japan・選手名の一致,高,照合なし(同じローマ字が2人以上),Freestyle Wrestling - 2022 Senior Asian C'ships - Ulaanbaatar (MGL),https://www.youtube.com/watch?v=yZf6gQF5ADE
I6Sn7RPUhPA,Repechage FS - 65 kg: I. ULLAH (PAK) v. K. YAMAGUCHI (JPN),2024-07-06,7:30,試合,シニア(または不明),アジア選手権,2022,タイトルにJPN/Japan・選手名の一致,高,照合なし(同じローマ字が2人以上),Freestyle Wrestling - 2022 Senior Asian C'ships - Ulaanbaatar (MGL),https://www.youtube.com/watch?v=I6Sn7RPUhPA
QaA4OkrZGTQ,1/4 FS - 97 kg: S. KADIAN (IND) v. T. ISHIGURO (JPN),2024-07-06,8:06,試合,シニア(または不明),アジア選手権,2022,タイトルにJPN/Japan・選手名の一致,高,石黒 峻士(Takashi ISHIGURO),Freestyle Wrestling - 2022 Senior Asian C'ships - Ulaanbaatar (MGL),https://www.youtube.com/watch?v=QaA4OkrZGTQ
t59JYmn8Isw,1/2 FS - 79 kg: Y. TAKAHASHI (JPN) v. A. SAVADKOUHI (IRI),2024-07-06,8:53,試合,シニア(または不明),アジア選手権,2022,タイトルにJPN/Japan・選手名の一致,高,照合なし(同じローマ字が2人以上),Freestyle Wrestling - 2022 Senior Asian C'ships - Ulaanbaatar (MGL),https://www.youtube.com/watch?v=t59JYmn8Isw
7E-yZm7IHRc,BRONZE FS - 65 kg: K. YAMAGUCHI (JPN) v. T. TSEVEENSUREN (MGL),2024-07-06,9:44,試合,シニア(または不明),アジア選手権,2022,タイトルにJPN/Japan・選手名の一致,高,照合なし(同じローマ字が2人以上),Freestyle Wrestling - 2022 Senior Asian C'ships - Ulaanbaatar (MGL),https://www.youtube.com/watch?v=7E-yZm7IHRc
oTpP0UUqSww,1/2 FS - 70 kg: T. NARIKUNI (JPN) v. S. TALGAT (KAZ),2024-07-06,12:32,試合,シニア(または不明),アジア選手権,2022,タイトルにJPN/Japan・選手名の一致,高,成國 大志(Taishi NARIKUNI),Freestyle Wrestling - 2022 Senior Asian C'ships - Ulaanbaatar (MGL),https://www.youtube.com/watch?v=oTpP0UUqSww
14ji9NZBMuY,Qual. FS - 74 kg: A. J M A ABDALK (KUW) v. D. TAKATANI (JPN),2024-07-06,0:51,試合,シニア(または不明),アジア選手権,2022,タイトルにJPN/Japan・選手名の一致,高,高谷 大地(Daichi TAKATANI),Best of Daichi TAKATANI / Freestyle Wrestling - 2022 Senior Asian C'ships - Ulaanbaatar (MGL),https://www.youtube.com/watch?v=14ji9NZBMuY
3OpPaff8rxk,BRONZE FS - 57 kg: R. ARAI (JPN) v. Z. ZANDANBUD (MGL),2024-07-06,8:51,試合,シニア(または不明),アジア選手権,2022,タイトルにJPN/Japan・選手名の一致,高,新井 陸人(Rikuto ARAI),Freestyle Wrestling - 2022 Senior Asian C'ships - Ulaanbaatar (MGL),https://www.youtube.com/watch?v=3OpPaff8rxk
wM0BXE2lzSk,BRONZE FS - 79 kg: B. ENKHBAYAR (MGL) v. Y. TAKAHASHI (JPN),2024-07-06,6:56,試合,シニア(または不明),アジア選手権,2022,タイトルにJPN/Japan・選手名の一致,高,照合なし(同じローマ字が2人以上),Freestyle Wrestling - 2022 Senior Asian C'ships - Ulaanbaatar (MGL),https://www.youtube.com/watch?v=wM0BXE2lzSk
U1qvRs7cZdM,1/2 FS - 61 kg: U. ZHOLDOSHBEKO (KGZ) v. R. HIGUCHI (JPN),2024-07-06,6:57,試合,シニア(または不明),アジア選手権,2022,タイトルにJPN/Japan・選手名の一致,高,樋口 黎(Rei HIGUCHI),Freestyle Wrestling - 2022 Senior Asian C'ships - Ulaanbaatar (MGL),https://www.youtube.com/watch?v=U1qvRs7cZdM
bOV0ijwfnSE,Qual. FS - 61 kg: A. A A ALMOHAIN (KUW) v. R. HIGUCHI (JPN),2024-07-06,1:01,試合,シニア(または不明),アジア選手権,2022,タイトルにJPN/Japan・選手名の一致,高,樋口 黎(Rei HIGUCHI),Freestyle Wrestling - 2022 Senior Asian C'ships - Ulaanbaatar (MGL),https://www.youtube.com/watch?v=bOV0ijwfnSE
v7-b6-QiAeo,1/4 FS - 61 kg: R. HIGUCHI (JPN) v. M. KADYAN (IND),2024-07-06,1:56,試合,シニア(または不明),アジア選手権,2022,タイトルにJPN/Japan・選手名の一致,高,樋口 黎(Rei HIGUCHI),Freestyle Wrestling - 2022 Senior Asian C'ships - Ulaanbaatar (MGL),https://www.youtube.com/watch?v=v7-b6-QiAeo
z-ErowWTDZI,1/4 FS - 92 kg: T. OTSU (JPN) v. J. KIM (KOR),2024-07-06,7:25,試合,シニア(または不明),アジア選手権,2022,タイトルにJPN/Japan,高,照合なし,Freestyle Wrestling - 2022 Senior Asian C'ships - Ulaanbaatar (MGL),https://www.youtube.com/watch?v=z-ErowWTDZI
kghepK0tV-4,1/4 FS - 86 kg: G. KIM (KOR) v. S. SHIRAI (JPN),2024-07-06,3:13,試合,シニア(または不明),アジア選手権,2022,タイトルにJPN/Japan,高,照合なし,Freestyle Wrestling - 2022 Senior Asian C'ships - Ulaanbaatar (MGL),https://www.youtube.com/watch?v=kghepK0tV-4
yfkQUSr4R5c,1/4 FS - 74 kg: Y. EMAMICHOGHAE (IRI) v. D. TAKATANI (JPN),2024-07-06,14:17,試合,シニア(または不明),アジア選手権,2022,タイトルにJPN/Japan・選手名の一致,高,高谷 大地(Daichi TAKATANI),Best of Daichi TAKATANI / Freestyle Wrestling - 2022 Senior Asian C'ships - Ulaanbaatar (MGL),https://www.youtube.com/watch?v=yfkQUSr4R5c
I9J1k-VQc5I,1/2 FS - 92 kg: T. OTSU (JPN) v. A. FIROUZPOURBA (IRI),2024-07-06,5:46,試合,シニア(または不明),アジア選手権,2022,タイトルにJPN/Japan,高,照合なし,Freestyle Wrestling - 2022 Senior Asian C'ships - Ulaanbaatar (MGL),https://www.youtube.com/watch?v=I9J1k-VQc5I
TxAcyO2CTio,Qual. FS - 86 kg: S. SHIRAI (JPN) v. T. MENDBILEG (MGL),2024-07-06,8:36,試合,シニア(または不明),アジア選手権,2022,タイトルにJPN/Japan,高,照合なし,Freestyle Wrestling - 2022 Senior Asian C'ships - Ulaanbaatar (MGL),https://www.youtube.com/watch?v=TxAcyO2CTio
fwVHNYf8kIM,1/4 FS - 125 kg: B. ENKHTUVSHIN (MGL) v. T. YAMAMOTO (JPN),2024-07-06,8:59,試合,シニア(または不明),アジア選手権,2022,タイトルにJPN/Japan・選手名の一致,高,山本 泰輝(Taiki YAMAMOTO),Freestyle Wrestling - 2022 Senior Asian C'ships - Ulaanbaatar (MGL),https://www.youtube.com/watch?v=fwVHNYf8kIM
wDM9dPAw0b8,BRONZE FS - 92 kg: A. DAVLUMBAYEV (KAZ) v. T. OTSU (JPN),2024-07-06,10:23,試合,シニア(または不明),アジア選手権,2022,タイトルにJPN/Japan,高,照合なし,Freestyle Wrestling - 2022 Senior Asian C'ships - Ulaanbaatar (MGL),https://www.youtube.com/watch?v=wDM9dPAw0b8
rmTPyp6dvbM,BRONZE FS - 74 kg: D. TAKATANI (JPN) v. B. BAT ERDENE (MGL),2024-07-06,6:31,試合,シニア(または不明),アジア選手権,2022,タイトルにJPN/Japan・選手名の一致,高,高谷 大地(Daichi TAKATANI),Best of Daichi TAKATANI / Freestyle Wrestling - 2022 Senior Asian C'ships - Ulaanbaatar (MGL),https://www.youtube.com/watch?v=rmTPyp6dvbM
DHb_FpvYtnY,1/4 GR - 55 kg: S. INAOKA (JPN) v. N. BEKIMOV (KAZ),2024-07-06,2:05,試合,U17,アジア選手権,2022,タイトルにJPN/Japan,高,照合なし,Greco-Roman Wrestling - 2022 U17 Asian Championships - Bishkek (KGZ),https://www.youtube.com/watch?v=DHb_FpvYtnY
e1OXYWdsPak,1/4 GR - 92 kg: T. KONDO (JPN) v. S. RUSTAMOV (UZB),2024-07-06,2:24,試合,U17,アジア選手権,2022,タイトルにJPN/Japan・選手名の一致,高,近藤 大朗(Tairo KONDO),Greco-Roman Wrestling - 2022 U17 Asian Championships - Bishkek (KGZ),https://www.youtube.com/watch?v=e1OXYWdsPak
M56Nu9P9hF0,Round 3 GR - 45 kg: T. KISHIDA (JPN) v. U. HAN (KOR),2024-07-06,2:20,試合,U17,アジア選手権,2022,タイトルにJPN/Japan・選手名の一致,高,岸田 大雅(Taiga KISHIDA),Greco-Roman Wrestling - 2022 U17 Asian Championships - Bishkek (KGZ),https://www.youtube.com/watch?v=M56Nu9P9hF0
OXrv_830kjY,Round 2 GR - 45 kg: T. KISHIDA (JPN) v. S. RUZIOKHUNOV (UZB),2024-07-06,7:54,試合,U17,アジア選手権,2022,タイトルにJPN/Japan・選手名の一致,高,岸田 大雅(Taiga KISHIDA),Greco-Roman Wrestling - 2022 U17 Asian Championships - Bishkek (KGZ),https://www.youtube.com/watch?v=OXrv_830kjY
a6hHQOxbmWg,Round 2 GR - 48 kg: Y. TSUBOTA (JPN) v. A. ZHUMA (KAZ),2024-07-06,2:09,試合,U17,アジア選手権,2022,タイトルにJPN/Japan,高,照合なし,Greco-Roman Wrestling - 2022 U17 Asian Championships - Bishkek (KGZ),https://www.youtube.com/watch?v=a6hHQOxbmWg
rsDTIFKUVB0,1/2 GR - 51 kg: R. BEKIMOV (KAZ) v. D. MORISHITA (JPN),2024-07-06,1:27,試合,U17,アジア選手権,2022,タイトルにJPN/Japan・選手名の一致,高,森下 大輔(Daisuke MORISHITA),Greco-Roman Wrestling - 2022 U17 Asian Championships - Bishkek (KGZ),https://www.youtube.com/watch?v=rsDTIFKUVB0
8kkSjumMqTo,Round 1 GR - 45 kg: P. AHMADI BALOO (IRI) v. T. KISHIDA (JPN),2024-07-06,7:38,試合,U17,アジア選手権,2022,タイトルにJPN/Japan・選手名の一致,高,岸田 大雅(Taiga KISHIDA),Greco-Roman Wrestling - 2022 U17 Asian Championships - Bishkek (KGZ),https://www.youtube.com/watch?v=8kkSjumMqTo
IIWoJqdIimk,Round 3 GR - 48 kg: Y. TSUBOTA (JPN) v. B. BEISHENKULOV (KGZ),2024-07-06,6:28,試合,U17,アジア選手権,2022,タイトルにJPN/Japan,高,照合なし,Greco-Roman Wrestling - 2022 U17 Asian Championships - Bishkek (KGZ),https://www.youtube.com/watch?v=IIWoJqdIimk
f0mZQGEp1Pc,1/4 GR - 60 kg: S. YASUMI (JPN) v. Z. MIRZALIEV (KGZ),2024-07-06,5:58,試合,U17,アジア選手権,2022,タイトルにJPN/Japan・選手名の一致,高,八隅 士和(Shina YASUMI),Greco-Roman Wrestling - 2022 U17 Asian Championships - Bishkek (KGZ),https://www.youtube.com/watch?v=f0mZQGEp1Pc
g6rWNS7NjY4,1/4 GR - 51 kg: M. SEYTIYEV (TKM) v. D. MORISHITA (JPN),2024-07-06,2:27,試合,U17,アジア選手権,2022,タイトルにJPN/Japan・選手名の一致,高,森下 大輔(Daisuke MORISHITA),Greco-Roman Wrestling - 2022 U17 Asian Championships - Bishkek (KGZ),https://www.youtube.com/watch?v=g6rWNS7NjY4
0J4jR5ApblU,Round 1 GR - 48 kg: S. KHOLMURZAEV (UZB) v. Y. TSUBOTA (JPN),2024-07-06,2:58,試合,U17,アジア選手権,2022,タイトルにJPN/Japan,高,照合なし,Greco-Roman Wrestling - 2022 U17 Asian Championships - Bishkek (KGZ),https://www.youtube.com/watch?v=0J4jR5ApblU
p-757S0T7v4,1/4 GR - 110 kg: S. KIM (KOR) v. H. NAKAZAWA (JPN),2024-07-06,6:19,試合,U17,アジア選手権,2022,タイトルにJPN/Japan・選手名の一致,高,照合なし,Greco-Roman Wrestling - 2022 U17 Asian Championships - Bishkek (KGZ),https://www.youtube.com/watch?v=p-757S0T7v4
8MMoYJ4JvT0,Round 3 WW - 61 kg: U. ESENBAEVA (UZB) v. N. MOROHOSHI (JPN),2024-07-06,5:26,試合,U17,アジア選手権,2022,タイトルにJPN/Japan・選手名の一致,高,諸星 菜夏(Nana MOROHOSHI),Woman's Wrestling - 2022 U17 Asian Championships - Bishkek (KGZ),https://www.youtube.com/watch?v=8MMoYJ4JvT0
EKljSQEMoFk,Round 1 WW - 53 kg: A. STRATAN (KAZ) v. U. NISHIOKA (JPN),2024-07-06,8:02,試合,U17,アジア選手権,2022,タイトルにJPN/Japan・選手名の一致,高,西岡 吟(Uta NISHIOKA),Woman's Wrestling - 2022 U17 Asian Championships - Bishkek (KGZ),https://www.youtube.com/watch?v=EKljSQEMoFk
L3cYywbbc_Y,Repechage GR - 65 kg: K. SAKAUE (JPN) v. K. KAKABAYEV (TKM),2024-07-06,5:56,試合,U17,アジア選手権,2022,タイトルにJPN/Japan・選手名の一致,高,坂上 翔琉(Kakeru SAKAUE),Greco-Roman Wrestling - 2022 U17 Asian Championships - Bishkek (KGZ),https://www.youtube.com/watch?v=L3cYywbbc_Y
VTC3kEm6tPc,1/4 GR - 80 kg: B. KORGANOV (KAZ) v. K. WATANABE (JPN),2024-07-06,1:48,試合,U17,アジア選手権,2022,タイトルにJPN/Japan・選手名の一致,高,照合なし(同じローマ字が2人以上),Greco-Roman Wrestling - 2022 U17 Asian Championships - Bishkek (KGZ),https://www.youtube.com/watch?v=VTC3kEm6tPc
o1i-RM6jTyI,Round 3 WW - 46 kg: M. KAWAMURA (JPN) v. A. MURATBAY (KAZ),2024-07-06,4:10,試合,U17,アジア選手権,2022,タイトルにJPN/Japan・選手名の一致,高,川村 百花(Momoka KAWAMURA),Woman's Wrestling - 2022 U17 Asian Championships - Bishkek (KGZ),https://www.youtube.com/watch?v=o1i-RM6jTyI
LQYVDOk6J1U,1/2 WW - 40 kg: M. EZAKA (JPN) v. A. TYULENDINOVA (KAZ),2024-07-06,4:53,試合,U17,アジア選手権,2022,タイトルにJPN/Japan,高,照合なし,Woman's Wrestling - 2022 U17 Asian Championships - Bishkek (KGZ),https://www.youtube.com/watch?v=LQYVDOk6J1U
ZIpDQFcZ6pM,Round 3 GR - 71 kg: Y. TAKAHASHI (JPN) v. M. MORADI (IRI),2024-07-06,6:45,試合,U17,アジア選手権,2022,タイトルにJPN/Japan・選手名の一致,高,照合なし(同じローマ字が2人以上),Greco-Roman Wrestling - 2022 U17 Asian Championships - Bishkek (KGZ),https://www.youtube.com/watch?v=ZIpDQFcZ6pM
Aj9CDiPpDEY,Round 2 WW - 61 kg: N. MOROHOSHI (JPN) v. E. LKHAGVASUREN (MGL),2024-07-06,6:25,試合,U17,アジア選手権,2022,タイトルにJPN/Japan・選手名の一致,高,諸星 菜夏(Nana MOROHOSHI),Woman's Wrestling - 2022 U17 Asian Championships - Bishkek (KGZ),https://www.youtube.com/watch?v=Aj9CDiPpDEY
RzoyGTydEEU,1/2 WW - 61 kg: S. SAVITA (IND) v. N. MOROHOSHI (JPN),2024-07-06,0:48,試合,U17,アジア選手権,2022,タイトルにJPN/Japan・選手名の一致,高,諸星 菜夏(Nana MOROHOSHI),Woman's Wrestling - 2022 U17 Asian Championships - Bishkek (KGZ),https://www.youtube.com/watch?v=RzoyGTydEEU
gqV5UXw2l3Q,Round 3 WW - 69 kg: A. AMIRSHEYEVA (KAZ) v. H. KOBARU (JPN),2024-07-06,5:16,試合,U17,アジア選手権,2022,タイトルにJPN/Japan・選手名の一致,高,小原 春佳(Haruka KOBARU),Woman's Wrestling - 2022 U17 Asian Championships - Bishkek (KGZ),https://www.youtube.com/watch?v=gqV5UXw2l3Q
-WqTw5ZiEv8,1/2 WW - 69 kg: H. KOBARU (JPN) v. B. MANSI (IND),2024-07-06,6:10,試合,U17,アジア選手権,2022,タイトルにJPN/Japan・選手名の一致,高,小原 春佳(Haruka KOBARU),Woman's Wrestling - 2022 U17 Asian Championships - Bishkek (KGZ),https://www.youtube.com/watch?v=-WqTw5ZiEv8
0Zkln9HdK5A,1/2 WW - 53 kg: K. BYAMBASUREN (MGL) v. U. NISHIOKA (JPN),2024-07-06,1:49,試合,U17,アジア選手権,2022,タイトルにJPN/Japan・選手名の一致,高,西岡 吟(Uta NISHIOKA),Woman's Wrestling - 2022 U17 Asian Championships - Bishkek (KGZ),https://www.youtube.com/watch?v=0Zkln9HdK5A
2acvnsWImOQ,Round 3 WW - 53 kg: U. NISHIOKA (JPN) v. R. REENA (IND),2024-07-06,3:56,試合,U17,アジア選手権,2022,タイトルにJPN/Japan・選手名の一致,高,西岡 吟(Uta NISHIOKA),Woman's Wrestling - 2022 U17 Asian Championships - Bishkek (KGZ),https://www.youtube.com/watch?v=2acvnsWImOQ
JzVFawdpbWU,Round 2 WW - 40 kg: M. EZAKA (JPN) v. G. ABDUNAZAROVA (UZB),2024-07-06,4:54,試合,U17,アジア選手権,2022,タイトルにJPN/Japan,高,照合なし,Woman's Wrestling - 2022 U17 Asian Championships - Bishkek (KGZ),https://www.youtube.com/watch?v=JzVFawdpbWU
ziyiw6uOjZ8,Round 2 WW - 69 kg: H. KOBARU (JPN) v. K. SHARSHEBAEVA (KGZ),2024-07-06,7:41,試合,U17,アジア選手権,2022,タイトルにJPN/Japan・選手名の一致,高,小原 春佳(Haruka KOBARU),Woman's Wrestling - 2022 U17 Asian Championships - Bishkek (KGZ),https://www.youtube.com/watch?v=ziyiw6uOjZ8
JVJoEfMakFY,Round 1 GR - 71 kg: A. VAHOBOV (UZB) v. Y. TAKAHASHI (JPN),2024-07-06,6:06,試合,U17,アジア選手権,2022,タイトルにJPN/Japan・選手名の一致,高,照合なし(同じローマ字が2人以上),Greco-Roman Wrestling - 2022 U17 Asian Championships - Bishkek (KGZ),https://www.youtube.com/watch?v=JVJoEfMakFY
bEbeEib_5KQ,Round 1 WW - 46 kg: S. SHRUTI (IND) v. M. KAWAMURA (JPN),2024-07-06,6:06,試合,U17,アジア選手権,2022,タイトルにJPN/Japan・選手名の一致,高,川村 百花(Momoka KAWAMURA),Woman's Wrestling - 2022 U17 Asian Championships - Bishkek (KGZ),https://www.youtube.com/watch?v=bEbeEib_5KQ
WS0vxEoMdQU,Round 3 WW - 40 kg: A. ABDYKADYROVA (KGZ) v. M. EZAKA (JPN),2024-07-06,6:10,試合,U17,アジア選手権,2022,タイトルにJPN/Japan,高,照合なし,Woman's Wrestling - 2022 U17 Asian Championships - Bishkek (KGZ),https://www.youtube.com/watch?v=WS0vxEoMdQU
Ye0ZzUXTnMw,1/2 WW - 46 kg: N. CHINZORIG (MGL) v. M. KAWAMURA (JPN),2024-07-06,5:59,試合,U17,アジア選手権,2022,タイトルにJPN/Japan・選手名の一致,高,川村 百花(Momoka KAWAMURA),Woman's Wrestling - 2022 U17 Asian Championships - Bishkek (KGZ),https://www.youtube.com/watch?v=Ye0ZzUXTnMw
Tg86uAyLcEI,BRONZE WW - 46 kg: D. ABDYKADYROVA (KGZ) v. M. KAWAMURA (JPN),2024-07-06,4:31,試合,U17,アジア選手権,2022,タイトルにJPN/Japan・選手名の一致,高,川村 百花(Momoka KAWAMURA),Woman's Wrestling - 2022 U17 Asian Championships - Bishkek (KGZ),https://www.youtube.com/watch?v=Tg86uAyLcEI
u6iFLAxBHX8,GOLD WW - 40 kg: M. EZAKA (JPN) v. M. MUSKAN (IND),2024-07-06,1:29,試合,U17,アジア選手権,2022,タイトルにJPN/Japan,高,照合なし,Woman's Wrestling - 2022 U17 Asian Championships - Bishkek (KGZ),https://www.youtube.com/watch?v=u6iFLAxBHX8
0H5Lbpv4YGA,Round 3 WW - 49 kg: S. GEREL (MGL) v. N. MASUDA (JPN),2024-07-06,2:00,試合,U17,アジア選手権,2022,タイトルにJPN/Japan・選手名の一致,高,升田 夏実(Natsumi MASUDA),Woman's Wrestling - 2022 U17 Asian Championships - Bishkek (KGZ),https://www.youtube.com/watch?v=0H5Lbpv4YGA
19fq7MGMB3Q,BRONZE WW - 53 kg: A. NURUDINOVA (KGZ) v. U. NISHIOKA (JPN),2024-07-06,8:07,試合,U17,アジア選手権,2022,タイトルにJPN/Japan・選手名の一致,高,西岡 吟(Uta NISHIOKA),Woman's Wrestling - 2022 U17 Asian Championships - Bishkek (KGZ),https://www.youtube.com/watch?v=19fq7MGMB3Q
CM-ZHA1ZlqU,Round 2 WW - 65 kg: S. HIGASHI (JPN) v. M. MAKSOT (KAZ),2024-07-06,4:13,試合,U17,アジア選手権,2022,タイトルにJPN/Japan,高,照合なし,Woman's Wrestling - 2022 U17 Asian Championships - Bishkek (KGZ),https://www.youtube.com/watch?v=CM-ZHA1ZlqU
EDFcqkyKMgo,Round 2 WW - 49 kg: N. MASUDA (JPN) v. A. ABYLOVA (KAZ),2024-07-06,1:11,試合,U17,アジア選手権,2022,タイトルにJPN/Japan・選手名の一致,高,升田 夏実(Natsumi MASUDA),Woman's Wrestling - 2022 U17 Asian Championships - Bishkek (KGZ),https://www.youtube.com/watch?v=EDFcqkyKMgo
Kekm27C6G2o,1/4 FS - 71 kg: B. BAKHYTZHAN (KAZ) v. S. ANDO (JPN),2024-07-06,6:59,試合,U17,アジア選手権,2022,タイトルにJPN/Japan・選手名の一致,高,照合なし(同じローマ字が2人以上),Freestyle Wrestling -  2022 U17 Asian Championships - Bishkek (KGZ),https://www.youtube.com/watch?v=Kekm27C6G2o
UKHpYMOPwX8,Round 3 WW - 65 kg: S. HIGASHI (JPN) v. S. SULTONOVA (UZB),2024-07-06,6:21,試合,U17,アジア選手権,2022,タイトルにJPN/Japan,高,照合なし,Woman's Wrestling - 2022 U17 Asian Championships - Bishkek (KGZ),https://www.youtube.com/watch?v=UKHpYMOPwX8
vxxwkFgb1t0,1/2 FS - 71 kg: S. ANDO (JPN) v. Y. SHAFIEI (IRI),2024-07-06,6:11,試合,U17,アジア選手権,2022,タイトルにJPN/Japan・選手名の一致,高,照合なし(同じローマ字が2人以上),Freestyle Wrestling -  2022 U17 Asian Championships - Bishkek (KGZ),https://www.youtube.com/watch?v=vxxwkFgb1t0
9AbbwCxIx94,BRONZE WW - 61 kg: N. MOROHOSHI (JPN) v. Z. NURLAN KYZY (KGZ),2024-07-06,3:21,試合,U17,アジア選手権,2022,タイトルにJPN/Japan・選手名の一致,高,諸星 菜夏(Nana MOROHOSHI),Woman's Wrestling - 2022 U17 Asian Championships - Bishkek (KGZ),https://www.youtube.com/watch?v=9AbbwCxIx94
_d2beD3m7S8,GOLD WW - 69 kg: H. KOBARU (JPN) v. O. ERDENEBAT (MGL),2024-07-06,7:38,試合,U17,アジア選手権,2022,タイトルにJPN/Japan・選手名の一致,高,小原 春佳(Haruka KOBARU),Woman's Wrestling - 2022 U17 Asian Championships - Bishkek (KGZ),https://www.youtube.com/watch?v=_d2beD3m7S8
0skyi1A8hEg,1/2 WW - 57 kg: Y. MIN (KOR) v. S. OTA (JPN),2024-07-06,4:39,試合,U17,アジア選手権,2022,タイトルにJPN/Japan・選手名の一致,高,太田 早也香(Sayaka OTA),Woman's Wrestling - 2022 U17 Asian Championships - Bishkek (KGZ),https://www.youtube.com/watch?v=0skyi1A8hEg
E6gt06TsPGI,Qual. FS - 80 kg: N. OKAZAWA (JPN) v. A. YULDOSHEV (UZB),2024-07-06,7:31,試合,U17,アジア選手権,2022,タイトルにJPN/Japan・選手名の一致,高,岡澤 ナツラ(Natsura OKAZAWA),Freestyle Wrestling -  2022 U17 Asian Championships - Bishkek (KGZ),https://www.youtube.com/watch?v=E6gt06TsPGI
GXaTgPx7sqI,1/2 WW - 49 kg: N. MASUDA (JPN) v. S. DJENBAEVA (UZB),2024-07-06,6:13,試合,U17,アジア選手権,2022,タイトルにJPN/Japan・選手名の一致,高,升田 夏実(Natsumi MASUDA),Woman's Wrestling - 2022 U17 Asian Championships - Bishkek (KGZ),https://www.youtube.com/watch?v=GXaTgPx7sqI
jV90_c-1DVE,Round 1 WW - 73 kg: A. YERTOSTIK (KAZ) v. M. ISHIDA (JPN),2024-07-06,0:49,試合,U17,アジア選手権,2022,タイトルにJPN/Japan・選手名の一致,高,石田 眞子(Mako ISHIDA),Woman's Wrestling - 2022 U17 Asian Championships - Bishkek (KGZ),https://www.youtube.com/watch?v=jV90_c-1DVE
xJTmo7leUoA,1/4 WW - 57 kg: S. OTA (JPN) v. A. MEDET KYZY (KGZ),2024-07-06,5:58,試合,U17,アジア選手権,2022,タイトルにJPN/Japan・選手名の一致,高,太田 早也香(Sayaka OTA),Woman's Wrestling - 2022 U17 Asian Championships - Bishkek (KGZ),https://www.youtube.com/watch?v=xJTmo7leUoA
bJCFSl-fCKY,1/2 FS - 65 kg: Y. TAKIZAWA (JPN) v. A. RAHIMOV (UZB),2024-07-06,6:25,試合,U17,アジア選手権,2022,タイトルにJPN/Japan・選手名の一致,高,瀧澤 勇仁(Yujin TAKIZAWA),Freestyle Wrestling -  2022 U17 Asian Championships - Bishkek (KGZ),https://www.youtube.com/watch?v=bJCFSl-fCKY
kf1hQAWyCS0,1/2 WW - 65 kg: G. TASHTANBEKOV (KGZ) v. S. HIGASHI (JPN),2024-07-06,2:38,試合,U17,アジア選手権,2022,タイトルにJPN/Japan,高,照合なし,Woman's Wrestling - 2022 U17 Asian Championships - Bishkek (KGZ),https://www.youtube.com/watch?v=kf1hQAWyCS0
75Ad6UNxKms,1/4 FS - 65 kg: Y. TAKIZAWA (JPN) v. J. KIM (KOR),2024-07-06,6:03,試合,U17,アジア選手権,2022,タイトルにJPN/Japan・選手名の一致,高,瀧澤 勇仁(Yujin TAKIZAWA),Freestyle Wrestling -  2022 U17 Asian Championships - Bishkek (KGZ),https://www.youtube.com/watch?v=75Ad6UNxKms
alKiN6MD5Os,Round 3 WW - 73 kg: B. NOMIN ERDENE (MGL) v. M. ISHIDA (JPN),2024-07-06,2:01,試合,U17,アジア選手権,2022,タイトルにJPN/Japan・選手名の一致,高,石田 眞子(Mako ISHIDA),Woman's Wrestling - 2022 U17 Asian Championships - Bishkek (KGZ),https://www.youtube.com/watch?v=alKiN6MD5Os
cZnpTn4Wu84,Round 2 WW - 73 kg: L. MOLDOGAZIEVA (KGZ) v. M. ISHIDA (JPN),2024-07-06,8:00,試合,U17,アジア選手権,2022,タイトルにJPN/Japan・選手名の一致,高,石田 眞子(Mako ISHIDA),Woman's Wrestling - 2022 U17 Asian Championships - Bishkek (KGZ),https://www.youtube.com/watch?v=cZnpTn4Wu84
Q5zRpGQcCDI,GOLD WW - 49 kg: A. SHINDE (IND) v. N. MASUDA (JPN),2024-07-06,3:47,試合,シニア(または不明),,2024,タイトルにJPN/Japan・選手名の一致,高,升田 夏実(Natsumi MASUDA),,https://www.youtube.com/watch?v=Q5zRpGQcCDI
gp-TUeJpcPs,GOLD FS - 71 kg: N. NARENDER (IND) v. S. ANDO (JPN),2024-07-06,8:13,試合,シニア(または不明),,2024,タイトルにJPN/Japan・選手名の一致,高,照合なし(同じローマ字が2人以上),,https://www.youtube.com/watch?v=gp-TUeJpcPs
9jB9v62rCuo,Qual. FS - 55 kg: Y. ITO (JPN) v. S. ALMARAFI (JOR),2024-07-06,2:08,試合,シニア(または不明),,2024,タイトルにJPN/Japan・選手名の一致,高,照合なし(同じローマ字が2人以上),,https://www.youtube.com/watch?v=9jB9v62rCuo
TMe0kMLEORw,1/2 FS - 60 kg: B. SHARIP UULU (KGZ) v. M. KOIWA (JPN),2024-07-06,6:04,試合,シニア(または不明),,2024,タイトルにJPN/Japan・選手名の一致,高,小岩 芽以(Mei KOIWA),,https://www.youtube.com/watch?v=TMe0kMLEORw
vtoscJoklKg,1/4 FS - 55 kg: V. PATIL (IND) v. Y. ITO (JPN),2024-07-06,5:43,試合,シニア(または不明),,2024,タイトルにJPN/Japan・選手名の一致,高,照合なし(同じローマ字が2人以上),,https://www.youtube.com/watch?v=vtoscJoklKg
-cpXKQMAc28,Round 2 FS - 48 kg: S. ACHAPALE (IND) v. L. AKAGI (JPN),2024-07-06,7:06,試合,シニア(または不明),,2024,タイトルにJPN/Japan,高,照合なし,,https://www.youtube.com/watch?v=-cpXKQMAc28
4s1eztf8de0,1/4 FS - 45 kg: K. SHIGEMITSU (JPN) v. A. ASHYRGULYYEV (TKM),2024-07-06,8:09,試合,シニア(または不明),,2024,タイトルにJPN/Japan,高,照合なし,,https://www.youtube.com/watch?v=4s1eztf8de0
HIZDGWlsCu0,Qual. FS - 60 kg: Y. HALLYYEV (TKM) v. M. KOIWA (JPN),2024-07-06,2:21,試合,シニア(または不明),,2024,タイトルにJPN/Japan・選手名の一致,高,小岩 芽以(Mei KOIWA),,https://www.youtube.com/watch?v=HIZDGWlsCu0
y-VefHDPUgc,1/4 FS - 51 kg: T. KIFUNE (JPN) v. A. KOBILOV (UZB),2024-07-06,5:18,試合,シニア(または不明),,2024,タイトルにJPN/Japan・選手名の一致,高,貴船 武人(Takehito KIFUNE),,https://www.youtube.com/watch?v=y-VefHDPUgc
GpUibrvYVGE,Round 1 FS - 48 kg: A. TEYMORIZAD (IRI) v. L. AKAGI (JPN),2024-07-06,2:53,試合,シニア(または不明),,2024,タイトルにJPN/Japan,高,照合なし,,https://www.youtube.com/watch?v=GpUibrvYVGE
NHPS057CLSU,1/4 FS - 60 kg: M. KOIWA (JPN) v. A. ALTANGEREL (MGL),2024-07-06,1:15,試合,シニア(または不明),,2024,タイトルにJPN/Japan・選手名の一致,高,小岩 芽以(Mei KOIWA),,https://www.youtube.com/watch?v=NHPS057CLSU
jbi8NrKUE0I,Round 3 FS - 48 kg: M. DARKHANBAT (MGL) v. L. AKAGI (JPN),2024-07-06,4:47,試合,シニア(または不明),,2024,タイトルにJPN/Japan,高,照合なし,,https://www.youtube.com/watch?v=jbi8NrKUE0I
0dDSKKer04Y,1/4 FS - 92 kg: G. HOKI (JPN) v. S. JAGLAN (IND),2024-07-06,6:13,試合,シニア(または不明),,2024,タイトルにJPN/Japan・選手名の一致,高,甫木 元起(Genki HOKI),,https://www.youtube.com/watch?v=0dDSKKer04Y
6X3nGg69Wzc,1/2 FS - 48 kg: A. RAKHMONOV (UZB) v. L. AKAGI (JPN),2024-07-06,2:02,試合,シニア(または不明),,2024,タイトルにJPN/Japan,高,照合なし,,https://www.youtube.com/watch?v=6X3nGg69Wzc
aGEzuEQ1l8g,1/4 FS - 110 kg: J. LEE (KOR) v. K. IWASAKI (JPN),2024-07-06,5:06,試合,シニア(または不明),,2024,タイトルにJPN/Japan・選手名の一致,高,岩崎 和志(Kazushi IWASAKI),,https://www.youtube.com/watch?v=aGEzuEQ1l8g
aZemjQk-6KY,BRONZE FS - 60 kg: A. KALIYEV (KAZ) v. M. KOIWA (JPN),2024-07-06,7:18,試合,シニア(または不明),,2024,タイトルにJPN/Japan・選手名の一致,高,小岩 芽以(Mei KOIWA),,https://www.youtube.com/watch?v=aZemjQk-6KY
m1KUw_cvHRk,BRONZE FS - 55 kg: Y. ITO (JPN) v. H. USMONOV (UZB),2024-07-06,5:43,試合,シニア(または不明),,2024,タイトルにJPN/Japan・選手名の一致,高,照合なし(同じローマ字が2人以上),,https://www.youtube.com/watch?v=m1KUw_cvHRk
KWab8P9votI,Round 2 WW - 39 kg: A. BAKYTBEKOVA (KGZ) v. K. OBARA (JPN),2024-07-06,5:54,試合,シニア(または不明),,2024,タイトルにJPN/Japan,高,照合なし,,https://www.youtube.com/watch?v=KWab8P9votI
uAVwdHHzAA0,Round 3 WW - 46 kg: E. KARABALAEVA (KGZ) v. N. KOZUKA (JPN),2024-07-06,3:22,試合,シニア(または不明),,2024,タイトルにJPN/Japan,高,照合なし,,https://www.youtube.com/watch?v=uAVwdHHzAA0
KFCGnc94TSQ,Round 1 WW - 36 kg: S. UCHIDA (JPN) v. U. MALTSEVA (KAZ),2024-07-06,2:20,試合,シニア(または不明),,2024,タイトルにJPN/Japan・選手名の一致,高,内田 颯夏(Sowaka UCHIDA),,https://www.youtube.com/watch?v=KFCGnc94TSQ
STgyQljxQfk,Round 1 WW - 46 kg: N. KOZUKA (JPN) v. E. KUMARI (IND),2024-07-06,5:46,試合,シニア(または不明),,2024,タイトルにJPN/Japan,高,照合なし,,https://www.youtube.com/watch?v=STgyQljxQfk
inUpay02BCM,Round 1 WW - 42 kg: M. MONIKA (IND) v. Y. KATSUME (JPN),2024-07-06,2:35,試合,シニア(または不明),,2024,タイトルにJPN/Japan,高,照合なし,,https://www.youtube.com/watch?v=inUpay02BCM
nGekCn-buV0,Round 3 WW - 50 kg: A. BOLDBAATAR (MGL) v. Y. SHIMODA (JPN),2024-07-06,8:10,試合,シニア(または不明),,2024,タイトルにJPN/Japan,高,照合なし,,https://www.youtube.com/watch?v=nGekCn-buV0
6kDFvymuzp0,Round 3 WW - 58 kg: A. ZARYP (KAZ) v. S. NOGUCHI (JPN),2024-07-06,1:13,試合,シニア(または不明),,2024,タイトルにJPN/Japan,高,照合なし,,https://www.youtube.com/watch?v=6kDFvymuzp0
AkfSsXs2_-o,Round 4 WW - 46 kg: M. AKHMETZHAN (KAZ) v. N. KOZUKA (JPN),2024-07-06,2:35,試合,シニア(または不明),,2024,タイトルにJPN/Japan,高,照合なし,,https://www.youtube.com/watch?v=AkfSsXs2_-o
Y2meIGx3sLo,Round 2 WW - 42 kg: Y. KATSUME (JPN) v. M. USMANOVA (KAZ),2024-07-06,1:08,試合,シニア(または不明),,2024,タイトルにJPN/Japan,高,照合なし,Best of Akhmed Usmanov,https://www.youtube.com/watch?v=Y2meIGx3sLo
eARMW8gJjaM,Round 1 WW - 33 kg: A. KVERNADZE (KAZ) v. A. NAKANISHI (JPN),2024-07-06,1:14,試合,シニア(または不明),,2024,タイトルにJPN/Japan,高,照合なし,,https://www.youtube.com/watch?v=eARMW8gJjaM
Myh0Ws_cMcE,Round 3 WW - 62 kg: S. YERBOLAT (KAZ) v. Y. KOSHIBA (JPN),2024-07-06,1:06,試合,シニア(または不明),,2024,タイトルにJPN/Japan・選手名の一致,高,小柴 ゆり(Yuri KOSHIBA),,https://www.youtube.com/watch?v=Myh0Ws_cMcE
RD75QM8q9nQ,Round 2 WW - 62 kg: Y. KOSHIBA (JPN) v. A. ZHAPAROVA (KGZ),2024-07-06,5:54,試合,シニア(または不明),,2024,タイトルにJPN/Japan・選手名の一致,高,小柴 ゆり(Yuri KOSHIBA),,https://www.youtube.com/watch?v=RD75QM8q9nQ
faPoSkHK9_E,Round 2 WW - 66 kg: Y. HONDA (JPN) v. A. NUGIMANOVA (KAZ),2024-07-06,0:46,試合,シニア(または不明),,2024,タイトルにJPN/Japan,高,照合なし,,https://www.youtube.com/watch?v=faPoSkHK9_E
lqWXKLmY0P0,Round 2 WW - 46 kg: S. GANBAT (MGL) v. N. KOZUKA (JPN),2024-07-06,1:47,試合,シニア(または不明),,2024,タイトルにJPN/Japan,高,照合なし,,https://www.youtube.com/watch?v=lqWXKLmY0P0
xZMcKpx0zT8,Round 2 WW - 58 kg: M. QUTASHAT (JOR) v. S. NOGUCHI (JPN),2024-07-06,1:33,試合,シニア(または不明),,2024,タイトルにJPN/Japan,高,照合なし,,https://www.youtube.com/watch?v=xZMcKpx0zT8
7TO1_xHizm8,Round 2 WW - 36 kg: S. LAVHATE (IND) v. S. UCHIDA (JPN),2024-07-06,6:03,試合,シニア(または不明),,2024,タイトルにJPN/Japan・選手名の一致,高,内田 颯夏(Sowaka UCHIDA),,https://www.youtube.com/watch?v=7TO1_xHizm8
DfyCbnRh0I0,Round 4 WW - 54 kg: R. KINOSHITA (JPN) v. M. B ISHAKAT (JOR),2024-07-06,2:12,試合,シニア(または不明),,2024,タイトルにJPN/Japan・選手名の一致,高,木下 凛(Rin KINOSHITA),,https://www.youtube.com/watch?v=DfyCbnRh0I0
Mwa7Ca5kdms,Round 2 WW - 33 kg: A. NAKANISHI (JPN) v. A. ASANGAZIEVA (KGZ),2024-07-06,6:01,試合,シニア(または不明),,2024,タイトルにJPN/Japan,高,照合なし,,https://www.youtube.com/watch?v=Mwa7Ca5kdms
UEAsFaSZjuw,Round 4 WW - 58 kg: A. ASAMALIKOVA (KGZ) v. S. NOGUCHI (JPN),2024-07-06,2:18,試合,シニア(または不明),,2024,タイトルにJPN/Japan,高,照合なし,,https://www.youtube.com/watch?v=UEAsFaSZjuw
yRIsa980eY0,Round 1 WW - 62 kg: M. URJIN (MGL) v. Y. KOSHIBA (JPN),2024-07-06,6:32,試合,シニア(または不明),,2024,タイトルにJPN/Japan・選手名の一致,高,小柴 ゆり(Yuri KOSHIBA),,https://www.youtube.com/watch?v=yRIsa980eY0
3FDTtxUHtKc,Round 3 WW - 42 kg: A. KALIDINOVA (KGZ) v. Y. KATSUME (JPN),2024-07-06,0:54,試合,シニア(または不明),,2024,タイトルにJPN/Japan,高,照合なし,,https://www.youtube.com/watch?v=3FDTtxUHtKc
HWrzD4urLqw,Round 1 WW - 66 kg: E. BAKYTOVA (KGZ) v. Y. HONDA (JPN),2024-07-06,1:50,試合,シニア(または不明),,2024,タイトルにJPN/Japan,高,照合なし,,https://www.youtube.com/watch?v=HWrzD4urLqw
M27geer6wkU,Round 3 WW - 54 kg: R. KINOSHITA (JPN) v. M. UURTUYA (MGL),2024-07-06,4:07,試合,シニア(または不明),,2024,タイトルにJPN/Japan・選手名の一致,高,木下 凛(Rin KINOSHITA),,https://www.youtube.com/watch?v=M27geer6wkU
R4caNQqcuQg,Round 2 WW - 50 kg: Y. SHIMODA (JPN) v. R. RAJNITA (IND),2024-07-06,5:52,試合,シニア(または不明),,2024,タイトルにJPN/Japan,高,照合なし,,https://www.youtube.com/watch?v=R4caNQqcuQg
fE52mBQtPko,Round 1 WW - 58 kg: S. NOGUCHI (JPN) v. R. NAGAR (IND),2024-07-06,1:46,試合,シニア(または不明),,2024,タイトルにJPN/Japan,高,照合なし,,https://www.youtube.com/watch?v=fE52mBQtPko
9K3KC2_OGNE,Round 1 WW - 39 kg: K. OBARA (JPN) v. A. BURKUTBAYEVA (KAZ),2024-07-06,6:21,試合,シニア(または不明),,2024,タイトルにJPN/Japan,高,照合なし,,https://www.youtube.com/watch?v=9K3KC2_OGNE
q5eDcGSgloQ,Round 1 WW - 50 kg: D. ZHANDYROVA (KAZ) v. Y. SHIMODA (JPN),2024-07-06,5:34,試合,シニア(または不明),,2024,タイトルにJPN/Japan,高,照合なし,,https://www.youtube.com/watch?v=q5eDcGSgloQ
7m1eNh1gEOU,Round 5 WW - 42 kg: Y. KATSUME (JPN) v. M. BAYARMAGNAI (MGL),2024-07-06,1:07,試合,シニア(または不明),,2024,タイトルにJPN/Japan,高,照合なし,,https://www.youtube.com/watch?v=7m1eNh1gEOU
Iu3-DhTUmfs,Round 5 WW - 54 kg: N. NEHA (IND) v. R. KINOSHITA (JPN),2024-07-06,6:20,試合,シニア(または不明),,2024,タイトルにJPN/Japan・選手名の一致,高,木下 凛(Rin KINOSHITA),,https://www.youtube.com/watch?v=Iu3-DhTUmfs
YczPhOSJ1gg,Round 3 WW - 33 kg: A. NAKANISHI (JPN) v. T. TANISHA (IND),2024-07-06,4:36,試合,シニア(または不明),,2024,タイトルにJPN/Japan,高,照合なし,,https://www.youtube.com/watch?v=YczPhOSJ1gg
g16Cy2UWfuU,Round 3 WW - 39 kg: D. DIPANSHI (IND) v. K. OBARA (JPN),2024-07-06,5:17,試合,シニア(または不明),,2024,タイトルにJPN/Japan,高,照合なし,,https://www.youtube.com/watch?v=g16Cy2UWfuU
whee-QhgTKg,Round 5 WW - 50 kg: Y. SHIMODA (JPN) v. A. SHUMKAROVA (KGZ),2024-07-06,6:04,試合,シニア(または不明),,2024,タイトルにJPN/Japan,高,照合なし,,https://www.youtube.com/watch?v=whee-QhgTKg
rg1hA13tVpI,Round 3 WW - 66 kg: Y. HONDA (JPN) v. K. KAJAL (IND),2024-07-06,4:16,試合,シニア(または不明),,2024,タイトルにJPN/Japan,高,照合なし,,https://www.youtube.com/watch?v=rg1hA13tVpI
y1TP_ZLO8ic,Round 3 WW - 36 kg: A. DUISHENKULOV (KGZ) v. S. UCHIDA (JPN),2024-07-06,1:05,試合,シニア(または不明),,2024,タイトルにJPN/Japan・選手名の一致,高,内田 颯夏(Sowaka UCHIDA),,https://www.youtube.com/watch?v=y1TP_ZLO8ic
6q61OWjZAaw,Round 2 FS - 48 kg: J. YAMAMOTO (JPN) v. E. TURDUBEKOV (KGZ),2024-07-06,5:48,試合,シニア(または不明),,2024,タイトルにJPN/Japan,高,照合なし,,https://www.youtube.com/watch?v=6q61OWjZAaw
9WHMkgPaiwA,Round 3 FS - 52 kg: O. ASAN UULU (KGZ) v. H. KITAMURA (JPN),2024-07-06,5:57,試合,シニア(または不明),,2024,タイトルにJPN/Japan,高,照合なし,,https://www.youtube.com/watch?v=9WHMkgPaiwA
sSsP0Mmc_vM,1/4 FS - 41 kg: Y. FURUSAWA (JPN) v. B. UUGANBAYAR (MGL),2024-07-06,1:34,試合,シニア(または不明),,2024,タイトルにJPN/Japan,高,照合なし,,https://www.youtube.com/watch?v=sSsP0Mmc_vM
Fay8KdpEuQ4,1/2 FS - 44 kg: A. MEHRALIZADEH (IRI) v. I. NOZAKI (JPN),2024-07-06,5:56,試合,シニア(または不明),,2024,タイトルにJPN/Japan,高,照合なし,,https://www.youtube.com/watch?v=Fay8KdpEuQ4
oAl9UWLSHKQ,1/2 FS - 41 kg: Y. FURUSAWA (JPN) v. A. MOHAMMADI MO (IRI),2024-07-06,8:02,試合,シニア(または不明),,2024,タイトルにJPN/Japan,高,照合なし,,https://www.youtube.com/watch?v=oAl9UWLSHKQ
-NCgaukYmAk,Round 3 FS - 62 kg: N. NURDINOV (KGZ) v. K. ITO (JPN),2024-07-06,10:27,試合,シニア(または不明),,2024,タイトルにJPN/Japan・選手名の一致,高,照合なし(同じローマ字が2人以上),,https://www.youtube.com/watch?v=-NCgaukYmAk
TmFuaWKuoQw,Round 2 FS - 68 kg: N. RUHIL (IND) v. R. TANAKA (JPN),2024-07-06,7:28,試合,シニア(または不明),,2024,タイトルにJPN/Japan・選手名の一致,高,田中 陸(Riku TANAKA),,https://www.youtube.com/watch?v=TmFuaWKuoQw
V2m-ftQ_9ko,1/2 FS - 38 kg: Y. MAEDA (JPN) v. A. ALIZADEH (IRI),2024-07-06,8:50,試合,シニア(または不明),,2024,タイトルにJPN/Japan,高,照合なし,,https://www.youtube.com/watch?v=V2m-ftQ_9ko
iF8kU8pt3LY,Round 3 FS - 38 kg: S. KAIYPBEKOV (KGZ) v. Y. MAEDA (JPN),2024-07-06,5:39,試合,シニア(または不明),,2024,タイトルにJPN/Japan,高,照合なし,,https://www.youtube.com/watch?v=iF8kU8pt3LY
49UCUY83g6w,Round 1 FS - 38 kg: S. SALMAN (BRN) v. Y. MAEDA (JPN),2024-07-06,0:58,試合,シニア(または不明),,2024,タイトルにJPN/Japan,高,照合なし,,https://www.youtube.com/watch?v=49UCUY83g6w
lDvznhY3Afg,Round 2 FS - 38 kg: A. BEKHBAT (MGL) v. Y. MAEDA (JPN),2024-07-06,1:24,試合,シニア(または不明),,2024,タイトルにJPN/Japan,高,照合なし,,https://www.youtube.com/watch?v=lDvznhY3Afg
LSHLoq36Gso,Round 2 FS - 44 kg: M. AMGALAN (MGL) v. I. NOZAKI (JPN),2024-07-06,4:32,試合,シニア(または不明),,2024,タイトルにJPN/Japan,高,照合なし,,https://www.youtube.com/watch?v=LSHLoq36Gso
x2rBFLmyhCY,BRONZE FS - 44 kg: M. ABDRAIMOV (KGZ) v. I. NOZAKI (JPN),2024-07-06,4:37,試合,シニア(または不明),,2024,タイトルにJPN/Japan,高,照合なし,,https://www.youtube.com/watch?v=x2rBFLmyhCY
6UFO-RfpuYw,Round 1 FS - 44 kg: I. ISHWAR (IND) v. I. NOZAKI (JPN),2024-07-06,5:23,試合,シニア(または不明),,2024,タイトルにJPN/Japan,高,照合なし,,https://www.youtube.com/watch?v=6UFO-RfpuYw
loFxJ0qiqOg,Round 2 FS - 62 kg: T. KADAM (IND) v. K. ITO (JPN),2024-07-06,9:59,試合,シニア(または不明),,2024,タイトルにJPN/Japan・選手名の一致,高,照合なし(同じローマ字が2人以上),,https://www.youtube.com/watch?v=loFxJ0qiqOg
83QOx6Z0FoQ,GOLD FS - 41 kg: N. ASHIMZHANOV (KAZ) v. Y. FURUSAWA (JPN),2024-07-06,3:39,試合,シニア(または不明),,2024,タイトルにJPN/Japan,高,照合なし,,https://www.youtube.com/watch?v=83QOx6Z0FoQ
9j0LDMg4ROw,GOLD FS - 38 kg: Y. MAEDA (JPN) v. N. TURDALY (KAZ),2024-07-06,5:07,試合,シニア(または不明),,2024,タイトルにJPN/Japan,高,照合なし,,https://www.youtube.com/watch?v=9j0LDMg4ROw
cs0AGmAcnm4,Round 2 FS - 38 kg: A. BEKHBAT (MGL) v. Y. MAEDA (JPN),2024-07-06,1:24,試合,シニア(または不明),,2024,タイトルにJPN/Japan,高,照合なし,,https://www.youtube.com/watch?v=cs0AGmAcnm4
nJp4QB93nz8,BRONZE FS - 62 kg: Z. BAKHYTZHAN (KAZ) v. K. ITO (JPN),2024-07-06,6:12,試合,シニア(または不明),,2024,タイトルにJPN/Japan・選手名の一致,高,照合なし(同じローマ字が2人以上),,https://www.youtube.com/watch?v=nJp4QB93nz8
xmnJfPHMnGM,1/4 GR - 63 kg: R. BEISHEKEEV (KGZ) v. K. SAWADA (JPN),2024-07-06,8:18,試合,シニア(または不明),,2024,タイトルにJPN/Japan・選手名の一致,高,澤田 幸明(Komei SAWADA),,https://www.youtube.com/watch?v=xmnJfPHMnGM
ajDjA7Cnxk0,1/4 GR - 55 kg: Y. KAMALIYEV (KAZ) v. K. YAMAGIWA (JPN),2024-07-06,6:57,試合,シニア(または不明),,2024,タイトルにJPN/Japan・選手名の一致,高,山際 航平(Kohei YAMAGIWA),,https://www.youtube.com/watch?v=ajDjA7Cnxk0
CHkOrsbNmEw,BRONZE GR - 63 kg: K. SAWADA (JPN) v. A. ANIL (IND),2024-07-06,9:47,試合,シニア(または不明),,2024,タイトルにJPN/Japan・選手名の一致,高,澤田 幸明(Komei SAWADA),,https://www.youtube.com/watch?v=CHkOrsbNmEw
cHt5IXiipoI,1/4 GR - 72 kg: E. MARS UULU (KGZ) v. H. KIKUTA (JPN),2024-07-06,9:05,試合,シニア(または不明),,2024,タイトルにJPN/Japan・選手名の一致,高,菊田 創(Hajime KIKUTA),,https://www.youtube.com/watch?v=cHt5IXiipoI
o_NqSfWr4lU,1/2 GR - 82 kg: R. KAKEGAWA (JPN) v. A. MOHMADIPIANI (IRI),2024-07-06,5:09,試合,シニア(または不明),,2024,タイトルにJPN/Japan・選手名の一致,高,掛川 零恩(Reon KAKEGAWA),Best of Alireza Mohmadi,https://www.youtube.com/watch?v=o_NqSfWr4lU
6aScu0Lu7uo,BRONZE GR - 72 kg: H. KIKUTA (JPN) v. M. OH (KOR),2024-07-06,3:55,試合,シニア(または不明),,2024,タイトルにJPN/Japan・選手名の一致,高,菊田 創(Hajime KIKUTA),,https://www.youtube.com/watch?v=6aScu0Lu7uo
Zm37MJ5nuqI,1/4 GR - 60 kg: Y. MORI (JPN) v. A. MOHSEN NEZHA (IRI),2024-07-06,6:27,試合,シニア(または不明),,2024,タイトルにJPN/Japan・選手名の一致,高,森 靖仁(Yasuhito MORI),,https://www.youtube.com/watch?v=Zm37MJ5nuqI
H9JzeR3GFMo,BRONZE GR - 60 kg: Y. MORI (JPN) v. D. UTEPKALIYEV (KAZ),2024-07-06,2:56,試合,シニア(または不明),,2024,タイトルにJPN/Japan・選手名の一致,高,森 靖仁(Yasuhito MORI),,https://www.youtube.com/watch?v=H9JzeR3GFMo
OJ2NFrucXRw,GOLD WW - 50 kg: S. SWEETY (IND) v. Y. SAKAMOTO (JPN),2024-07-06,6:08,試合,シニア(または不明),,2024,タイトルにJPN/Japan・選手名の一致,高,照合なし,,https://www.youtube.com/watch?v=OJ2NFrucXRw
ddhQRJBRcmk,1/2 WW - 55 kg: M. OONO (JPN) v. A. KURBANBAEVA (UZB),2024-07-06,1:55,試合,シニア(または不明),,2024,タイトルにJPN/Japan・選手名の一致,高,照合なし(同じローマ字が2人以上),,https://www.youtube.com/watch?v=ddhQRJBRcmk
UY4HdRUbvRw,Round 2 WW - 68 kg: A. ARJU (IND) v. K. KOBAYASHI (JPN),2024-07-06,0:51,試合,シニア(または不明),,2024,タイトルにJPN/Japan・選手名の一致,高,照合なし(同じローマ字が2人以上),,https://www.youtube.com/watch?v=UY4HdRUbvRw
wkK07ztIyIA,Round 3 WW - 55 kg: A. SHAGAYEVA (KAZ) v. M. OONO (JPN),2024-07-06,5:28,試合,シニア(または不明),,2024,タイトルにJPN/Japan・選手名の一致,高,照合なし(同じローマ字が2人以上),,https://www.youtube.com/watch?v=wkK07ztIyIA
5pbzv3JQjYk,Round 2 WW - 57 kg: L. MIZUMA (JPN) v. S. SITO (IND),2024-07-06,9:25,試合,シニア(または不明),,2024,タイトルにJPN/Japan,高,照合なし,,https://www.youtube.com/watch?v=5pbzv3JQjYk
BE2LIUoG1Jg,GOLD WW - 55 kg: R. REENA (IND) v. M. OONO (JPN),2024-07-06,7:33,試合,シニア(または不明),,2024,タイトルにJPN/Japan・選手名の一致,高,照合なし(同じローマ字が2人以上),,https://www.youtube.com/watch?v=BE2LIUoG1Jg
HATWmLgBhVA,Round 3 WW - 59 kg: T. MALIK (IND) v. N. NAKAMURA (JPN),2024-07-06,5:48,試合,シニア(または不明),,2024,タイトルにJPN/Japan・選手名の一致,高,中村 成実(Narumi NAKAMURA),,https://www.youtube.com/watch?v=HATWmLgBhVA
nfSDqSC9vFM,1/4 WW - 62 kg: N. IKEHATA (JPN) v. K. BOLDBAATAR (MGL),2024-07-06,2:49,試合,シニア(または不明),,2024,タイトルにJPN/Japan・選手名の一致,高,池畑 菜々(Nana IKEHATA),,https://www.youtube.com/watch?v=nfSDqSC9vFM
Kfo3NK8s9Pw,Round 1 WW - 53 kg: B. ENKHBOLD (MGL) v. R. HATTORI (JPN),2024-07-06,3:05,試合,シニア(または不明),,2024,タイトルにJPN/Japan,高,照合なし,,https://www.youtube.com/watch?v=Kfo3NK8s9Pw
gwxo4HOQTZY,1/2 WW - 62 kg: S. SARIKA (IND) v. N. IKEHATA (JPN),2024-07-06,8:34,試合,シニア(または不明),,2024,タイトルにJPN/Japan・選手名の一致,高,池畑 菜々(Nana IKEHATA),,https://www.youtube.com/watch?v=gwxo4HOQTZY
BldNZOJ1MJc,1/2 WW - 57 kg: Z. BAYANOVA (KAZ) v. L. MIZUMA (JPN),2024-07-06,9:09,試合,シニア(または不明),,2024,タイトルにJPN/Japan,高,照合なし,,https://www.youtube.com/watch?v=BldNZOJ1MJc
F14C9qV0Zgk,Round 3 WW - 72 kg: A. PANASSOVICH (KAZ) v. Y. FUJIKURA (JPN),2024-07-06,2:34,試合,シニア(または不明),,2024,タイトルにJPN/Japan・選手名の一致,高,藤倉 優花(Yuka FUJIKURA),,https://www.youtube.com/watch?v=F14C9qV0Zgk
TMWdgO06dgY,Round 2 WW - 53 kg: R. HATTORI (JPN) v. A. ANTIM (IND),2024-07-06,3:01,試合,シニア(または不明),,2024,タイトルにJPN/Japan,高,照合なし,,https://www.youtube.com/watch?v=TMWdgO06dgY
4j9NwIvnRtQ,Round 3 WW - 50 kg: Y. SAKAMOTO (JPN) v. M. TOLIPBEKOVA (UZB),2024-07-06,3:40,試合,シニア(または不明),,2024,タイトルにJPN/Japan・選手名の一致,高,照合なし,,https://www.youtube.com/watch?v=4j9NwIvnRtQ
H770GUvhr24,Round 1 WW - 65 kg: D. SAZANOVA (KGZ) v. N. ITO (JPN),2024-07-06,5:33,試合,シニア(または不明),,2024,タイトルにJPN/Japan・選手名の一致,高,照合なし(同じローマ字が2人以上),,https://www.youtube.com/watch?v=H770GUvhr24
dm1es1pfuh4,1/2 WW - 50 kg: Y. SAKAMOTO (JPN) v. Z. ENKHBAT (MGL),2024-07-06,2:41,試合,シニア(または不明),,2024,タイトルにJPN/Japan・選手名の一致,高,照合なし,,https://www.youtube.com/watch?v=dm1es1pfuh4
sg_MNt4Vrkk,Round 4 WW - 72 kg: B. BIPASHA (IND) v. Y. FUJIKURA (JPN),2024-07-06,8:36,試合,シニア(または不明),,2024,タイトルにJPN/Japan・選手名の一致,高,藤倉 優花(Yuka FUJIKURA),,https://www.youtube.com/watch?v=sg_MNt4Vrkk
OdoGmMZluUQ,Round 2 WW - 55 kg: M. OONO (JPN) v. A. KADYRBEK KYZ (KGZ),2024-07-06,1:24,試合,シニア(または不明),,2024,タイトルにJPN/Japan・選手名の一致,高,照合なし(同じローマ字が2人以上),,https://www.youtube.com/watch?v=OdoGmMZluUQ
SMM9upsJpVg,Round 1 WW - 50 kg: K. APEKOVA (KAZ) v. Y. SAKAMOTO (JPN),2024-07-06,6:07,試合,シニア(または不明),,2024,タイトルにJPN/Japan・選手名の一致,高,照合なし,,https://www.youtube.com/watch?v=SMM9upsJpVg
2e-1R2OxH1o,Round 2 WW - 59 kg: M. AMAN (KAZ) v. N. NAKAMURA (JPN),2024-07-06,8:21,試合,シニア(または不明),,2024,タイトルにJPN/Japan・選手名の一致,高,中村 成実(Narumi NAKAMURA),,https://www.youtube.com/watch?v=2e-1R2OxH1o
QGz67zfp4yg,1/4 FS - 79 kg: S. TAKAHARA (JPN) v. A. KARIMOV (UZB),2024-07-06,6:57,試合,シニア(または不明),,2024,タイトルにJPN/Japan・選手名の一致,高,高原 崇陽(Subaru TAKAHARA),,https://www.youtube.com/watch?v=QGz67zfp4yg
2jUdOQnyhWs,1/2 FS - 65 kg: U. JALOLOV (UZB) v. M. HOSOKAWA (JPN),2024-07-06,13:00,試合,シニア(または不明),,2024,タイトルにJPN/Japan・選手名の一致,高,細川 周(Makoto HOSOKAWA),,https://www.youtube.com/watch?v=2jUdOQnyhWs
9zW2dJni99g,1/2 FS - 57 kg: M. BAZARBAYEV (KAZ) v. T. YAMAGUCHI (JPN),2024-07-06,7:09,試合,シニア(または不明),,2024,タイトルにJPN/Japan・選手名の一致,高,山口 太一(Taichi YAMAGUCHI),,https://www.youtube.com/watch?v=9zW2dJni99g
aTw7jlJfm2c,BRONZE FS - 74 kg: R. TOGIYA (JPN) v. D. SAGDATOV (KAZ),2024-07-06,1:54,試合,シニア(または不明),,2024,タイトルにJPN/Japan・選手名の一致,高,硎屋 亮太郎(Ryotaro TOGIYA),,https://www.youtube.com/watch?v=aTw7jlJfm2c
FP4MaSchmyc,Qual. FS - 74 kg: R. TOGIYA (JPN) v. I. BAKYTBEKOV (KGZ),2024-07-06,8:04,試合,シニア(または不明),,2024,タイトルにJPN/Japan・選手名の一致,高,硎屋 亮太郎(Ryotaro TOGIYA),,https://www.youtube.com/watch?v=FP4MaSchmyc
R7DRjl2kUXk,BRONZE FS - 57 kg: A. AMAN (IND) v. T. YAMAGUCHI (JPN),2024-07-06,6:55,試合,シニア(または不明),,2024,タイトルにJPN/Japan・選手名の一致,高,山口 太一(Taichi YAMAGUCHI),,https://www.youtube.com/watch?v=R7DRjl2kUXk
BI8QtggvDfQ,GOLD FS - 65 kg: S. SUJEET (IND) v. M. HOSOKAWA (JPN),2024-07-06,8:11,試合,シニア(または不明),,2024,タイトルにJPN/Japan・選手名の一致,高,細川 周(Makoto HOSOKAWA),,https://www.youtube.com/watch?v=BI8QtggvDfQ
23-YDgoY9QI,1/4 FS - 92 kg: I. KIKUCHI (JPN) v. M. AZIMI (IRI),2024-07-06,3:09,試合,シニア(または不明),,2024,タイトルにJPN/Japan・選手名の一致,高,照合なし,,https://www.youtube.com/watch?v=23-YDgoY9QI
8Cp_M1HvAEY,1/4 FS - 74 kg: R. TOGIYA (JPN) v. E. ELAHI (IRI),2024-07-06,8:10,試合,シニア(または不明),,2024,タイトルにJPN/Japan・選手名の一致,高,硎屋 亮太郎(Ryotaro TOGIYA),,https://www.youtube.com/watch?v=8Cp_M1HvAEY
t065U2SUQ5g,BRONZE WW - 57 kg: S. SITO (IND) v. L. MIZUMA (JPN),2024-07-06,8:36,試合,シニア(または不明),,2024,タイトルにJPN/Japan,高,照合なし,,https://www.youtube.com/watch?v=t065U2SUQ5g
ds0lR0tQ5x0,1/4 FS - 61 kg: A. SAKYBAEV (KGZ) v. H. SATO (JPN),2024-07-06,11:01,試合,シニア(または不明),,2024,タイトルにJPN/Japan,高,照合なし,,https://www.youtube.com/watch?v=ds0lR0tQ5x0
25xG03PIVz4,1/4 GR - 48 kg: Y. TAKEMOTO (JPN) v. R. SHARMA (IND),2024-07-06,2:47,試合,シニア(または不明),,2024,タイトルにJPN/Japan,高,照合なし,,https://www.youtube.com/watch?v=25xG03PIVz4
wNNCBBpY2cM,Qual. GR - 80 kg: C. HAN LINDEMYE (USA) v. T. YOSHIDA (JPN),2024-07-06,6:29,試合,シニア(または不明),,2024,タイトルにJPN/Japan・選手名の一致,高,照合なし(同じローマ字が2人以上),,https://www.youtube.com/watch?v=wNNCBBpY2cM
ODvXE7m7sEs,1/8 GR - 55 kg: K. KANAZAWA (JPN) v. W. EKEROT (SWE),2024-07-06,4:47,試合,シニア(または不明),,2024,タイトルにJPN/Japan・選手名の一致,高,金澤 孝羽(Kohaku KANAZAWA),,https://www.youtube.com/watch?v=ODvXE7m7sEs
_Vdo62Z0DJY,1/8 GR - 110 kg: D. MGELADZE (GEO) v. S. OYABU (JPN),2024-07-06,1:13,試合,シニア(または不明),,2024,タイトルにJPN/Japan,高,照合なし,,https://www.youtube.com/watch?v=_Vdo62Z0DJY
Vf_aX0POxXg,1/4 GR - 55 kg: S. SURAJ (IND) v. K. KANAZAWA (JPN),2024-07-06,5:49,試合,シニア(または不明),,2024,タイトルにJPN/Japan・選手名の一致,高,金澤 孝羽(Kohaku KANAZAWA),,https://www.youtube.com/watch?v=Vf_aX0POxXg
GPEcBgjB1xc,1/4 GR - 80 kg: S. AZARSHAB (IRI) v. T. YOSHIDA (JPN),2024-07-06,5:59,試合,シニア(または不明),,2024,タイトルにJPN/Japan・選手名の一致,高,照合なし(同じローマ字が2人以上),,https://www.youtube.com/watch?v=GPEcBgjB1xc
OQ7n1hv3MY4,Qual. GR - 65 kg: J. ADAMS (USA) v. T. SUZUKI (JPN),2024-07-06,2:07,試合,シニア(または不明),,2024,タイトルにJPN/Japan・選手名の一致,高,鈴木 飛来(Takaku SUZUKI),,https://www.youtube.com/watch?v=OQ7n1hv3MY4
KNHEjaMq6Lk,1/8 GR - 80 kg: T. YOSHIDA (JPN) v. G. STAN (ROU),2024-07-06,5:37,試合,シニア(または不明),,2024,タイトルにJPN/Japan・選手名の一致,高,照合なし(同じローマ字が2人以上),,https://www.youtube.com/watch?v=KNHEjaMq6Lk
dEz8XWejRvs,Qual. GR - 71 kg: N. KADODE (JPN) v. P. AKASH (IND),2024-07-06,4:47,試合,シニア(または不明),,2024,タイトルにJPN/Japan・選手名の一致,高,角出 直生(Naoki KADODE),,https://www.youtube.com/watch?v=dEz8XWejRvs
bfi5nddKteI,Repechage GR - 48 kg: G. PUCHER (ITA) v. Y. TAKEMOTO (JPN),2024-07-06,7:55,試合,シニア(または不明),,2024,タイトルにJPN/Japan,高,照合なし,,https://www.youtube.com/watch?v=bfi5nddKteI
-qyRY3SyjZg,1/4 GR - 45 kg: H. SAKAMOTO (JPN) v. I. MEREUTA (ROU),2024-07-06,6:05,試合,シニア(または不明),,2024,タイトルにJPN/Japan・選手名の一致,高,坂本 広(Hiroshi SAKAMOTO),,https://www.youtube.com/watch?v=-qyRY3SyjZg
LUyp46s942Y,1/4 GR - 71 kg: N. KADODE (JPN) v. A. VARDERESYAN (ARM),2024-07-06,5:45,試合,シニア(または不明),,2024,タイトルにJPN/Japan・選手名の一致,高,角出 直生(Naoki KADODE),,https://www.youtube.com/watch?v=LUyp46s942Y
0Pzs76SztxY,1/8 GR - 60 kg: S. SAKAKI (JPN) v. A. SILVERIN (SWE),2024-07-06,7:03,試合,シニア(または不明),,2024,タイトルにJPN/Japan・選手名の一致,高,榊 颯太(Sota SAKAKI),,https://www.youtube.com/watch?v=0Pzs76SztxY
SMVA_4mS8A4,1/8 GR - 51 kg: M. NAKAMURA (JPN) v. L. BENZING (GER),2024-07-06,7:31,試合,シニア(または不明),,2024,タイトルにJPN/Japan・選手名の一致,高,照合なし(同じローマ字が2人以上),,https://www.youtube.com/watch?v=SMVA_4mS8A4
Gqr8_G4ZHzw,Repechage GR - 55 kg: A. VARZARI (ROU) v. K. KANAZAWA (JPN),2024-07-06,9:25,試合,シニア(または不明),,2024,タイトルにJPN/Japan・選手名の一致,高,金澤 孝羽(Kohaku KANAZAWA),,https://www.youtube.com/watch?v=Gqr8_G4ZHzw
CwqxLspeO2g,1/8 WW - 65 kg: A. SATO (JPN) v. D. KONSTANTYNOV (UKR),2024-07-06,5:31,試合,シニア(または不明),,2024,タイトルにJPN/Japan,高,照合なし,,https://www.youtube.com/watch?v=CwqxLspeO2g
hNH9i7yyJjI,1/8 WW - 49 kg: R. HEGEDUS (SVK) v. M. TAKEUCHI (JPN),2024-07-06,5:13,試合,シニア(または不明),,2024,タイトルにJPN/Japan・選手名の一致,高,竹内 美保子(Mihoko TAKEUCHI),,https://www.youtube.com/watch?v=hNH9i7yyJjI
-Y56mhW2810,Qual. WW - 57 kg: S. UCHIDA (JPN) v. M. HANSEN (NOR),2024-07-06,2:33,試合,シニア(または不明),,2024,タイトルにJPN/Japan・選手名の一致,高,内田 颯夏(Sowaka UCHIDA),,https://www.youtube.com/watch?v=-Y56mhW2810
6hT7UYPwdXE,Qual. GR - 65 kg: J. ADAMS (USA) v. T. SUZUKI (JPN),2024-07-06,2:07,試合,シニア(または不明),,2024,タイトルにJPN/Japan・選手名の一致,高,鈴木 飛来(Takaku SUZUKI),,https://www.youtube.com/watch?v=6hT7UYPwdXE
PX2p1VLdYso,1/4 GR - 51 kg: M. NAKAMURA (JPN) v. A. SUMBUL (TUR),2024-07-06,8:53,試合,シニア(または不明),,2024,タイトルにJPN/Japan・選手名の一致,高,照合なし(同じローマ字が2人以上),,https://www.youtube.com/watch?v=PX2p1VLdYso
jHGX3e5YQFY,Qual. WW - 73 kg: M. KOMADA (JPN) v. G. RUSSELL (RSA),2024-07-06,1:07,試合,シニア(または不明),,2024,タイトルにJPN/Japan・選手名の一致,高,駒田 真琴(Makoto KOMADA),,https://www.youtube.com/watch?v=jHGX3e5YQFY
2eVS3eCuV0Q,BRONZE GR - 48 kg: Y. TAKEMOTO (JPN) v. S. KHALILOV (AZE),2024-07-06,2:03,試合,シニア(または不明),,2024,タイトルにJPN/Japan,高,照合なし,,https://www.youtube.com/watch?v=2eVS3eCuV0Q
lWLXb8uZS7I,1/4 GR - 55 kg: S. SURAJ (IND) v. K. KANAZAWA (JPN),2024-07-06,5:49,試合,シニア(または不明),,2024,タイトルにJPN/Japan・選手名の一致,高,金澤 孝羽(Kohaku KANAZAWA),,https://www.youtube.com/watch?v=lWLXb8uZS7I
-elgFcsX4IM,1/4 WW - 57 kg: S. MOORE (USA) v. S. UCHIDA (JPN),2024-07-06,4:45,試合,シニア(または不明),,2024,タイトルにJPN/Japan・選手名の一致,高,内田 颯夏(Sowaka UCHIDA),,https://www.youtube.com/watch?v=-elgFcsX4IM
M5t9XZ7Rp8Y,BRONZE GR - 55 kg: K. KANAZAWA (JPN) v. K. NORMUKHAMMAD (UZB),2024-07-06,11:37,試合,シニア(または不明),,2024,タイトルにJPN/Japan・選手名の一致,高,金澤 孝羽(Kohaku KANAZAWA),,https://www.youtube.com/watch?v=M5t9XZ7Rp8Y
rriOem_hTKo,Repechage GR - 65 kg: T. SUZUKI (JPN) v. S. BRUNNER (SUI),2024-07-06,6:51,試合,シニア(または不明),,2024,タイトルにJPN/Japan・選手名の一致,高,鈴木 飛来(Takaku SUZUKI),,https://www.youtube.com/watch?v=rriOem_hTKo
S1KoVpSNhV8,1/4 WW - 73 kg: M. KOMADA (JPN) v. E. YASIN (TUR),2024-07-06,6:07,試合,シニア(または不明),,2024,タイトルにJPN/Japan・選手名の一致,高,駒田 真琴(Makoto KOMADA),,https://www.youtube.com/watch?v=S1KoVpSNhV8
hx4oNDqmNwQ,1/4 WW - 65 kg: S. PERRY (USA) v. A. SATO (JPN),2024-07-06,5:33,試合,シニア(または不明),,2024,タイトルにJPN/Japan,高,照合なし,,https://www.youtube.com/watch?v=hx4oNDqmNwQ
ekW7rFgun7Y,1/8 WW - 57 kg: S. UCHIDA (JPN) v. A. LIPPUNER (SUI),2024-07-06,4:45,試合,シニア(または不明),,2024,タイトルにJPN/Japan・選手名の一致,高,内田 颯夏(Sowaka UCHIDA),,https://www.youtube.com/watch?v=ekW7rFgun7Y
-pz84kMAlEQ,1/2 WW - 65 kg: Z. NURLAN KYZY (KGZ) v. A. SATO (JPN),2024-07-06,6:10,試合,シニア(または不明),,2024,タイトルにJPN/Japan,高,照合なし,,https://www.youtube.com/watch?v=-pz84kMAlEQ
QDp4JzWrooY,1/2 WW - 49 kg: F. RINELLA (ITA) v. M. TAKEUCHI (JPN),2024-07-06,6:37,試合,シニア(または不明),,2024,タイトルにJPN/Japan・選手名の一致,高,竹内 美保子(Mihoko TAKEUCHI),,https://www.youtube.com/watch?v=QDp4JzWrooY
V5qzYnht7_k,1/4 WW - 49 kg: A. ZADVORNA (UKR) v. M. TAKEUCHI (JPN),2024-07-06,2:55,試合,シニア(または不明),,2024,タイトルにJPN/Japan・選手名の一致,高,竹内 美保子(Mihoko TAKEUCHI),,https://www.youtube.com/watch?v=V5qzYnht7_k
Q0PAEmTkN1c,1/2 WW - 57 kg: U. ESENBAEVA (UZB) v. S. UCHIDA (JPN),2024-07-06,0:51,試合,シニア(または不明),,2024,タイトルにJPN/Japan・選手名の一致,高,内田 颯夏(Sowaka UCHIDA),,https://www.youtube.com/watch?v=Q0PAEmTkN1c
fIYoYeLSdFY,1/2 WW - 73 kg: M. KOMADA (JPN) v. M. ZENKINA (UKR),2024-07-06,3:27,試合,シニア(または不明),,2024,タイトルにJPN/Japan・選手名の一致,高,駒田 真琴(Makoto KOMADA),,https://www.youtube.com/watch?v=fIYoYeLSdFY
cOuFBIJixR0,1/4 WW - 40 kg: Y. DRUZENKO (UKR) v. M. EZAKA (JPN),2024-07-06,6:17,試合,シニア(または不明),,2024,タイトルにJPN/Japan,高,照合なし,,https://www.youtube.com/watch?v=cOuFBIJixR0
fXZm18lRz4k,Qual. WW - 69 kg: A. ERKAN (TUR) v. C. YOSHIDA (JPN),2024-07-06,4:15,試合,シニア(または不明),,2024,タイトルにJPN/Japan・選手名の一致,高,吉田 千沙都(Chisato YOSHIDA),,https://www.youtube.com/watch?v=fXZm18lRz4k
OkPMkE1TlZY,1/4 WW - 61 kg: E. NICOLODI (ITA) v. S. SASAKI (JPN),2024-07-06,1:04,試合,シニア(または不明),,2024,タイトルにJPN/Japan・選手名の一致,高,佐々木 すず(Suzu SASAKI),,https://www.youtube.com/watch?v=OkPMkE1TlZY
MTn7xphU4eA,1/8 WW - 61 kg: S. PETRACHE (ROU) v. S. SASAKI (JPN),2024-07-06,1:27,試合,シニア(または不明),,2024,タイトルにJPN/Japan・選手名の一致,高,佐々木 すず(Suzu SASAKI),,https://www.youtube.com/watch?v=MTn7xphU4eA
FPfY7_rFFYM,1/4 WW - 46 kg: K. MATSUDA (JPN) v. A. VOICULESCU (ROU),2024-07-06,1:07,試合,シニア(または不明),,2024,タイトルにJPN/Japan,高,照合なし,,https://www.youtube.com/watch?v=FPfY7_rFFYM
EezyFt-3Rc0,1/4 WW - 69 kg: G. TASHTANBEKOV (KGZ) v. C. YOSHIDA (JPN),2024-07-06,2:35,試合,シニア(または不明),,2024,タイトルにJPN/Japan・選手名の一致,高,吉田 千沙都(Chisato YOSHIDA),,https://www.youtube.com/watch?v=EezyFt-3Rc0
Qro1N9OwNmM,1/4 WW - 53 kg: S. ONISHI (JPN) v. L. COHEN (FRA),2024-07-06,2:15,試合,シニア(または不明),,2024,タイトルにJPN/Japan・選手名の一致,高,尾西 桜(Sakura ONISHI),,https://www.youtube.com/watch?v=Qro1N9OwNmM
at_8hrdKQ4I,1/8 WW - 53 kg: R. REENA (IND) v. S. ONISHI (JPN),2024-07-06,10:05,試合,シニア(または不明),,2024,タイトルにJPN/Japan・選手名の一致,高,尾西 桜(Sakura ONISHI),,https://www.youtube.com/watch?v=at_8hrdKQ4I
5MT4-bVbACI,1/2 WW - 69 kg: C. YOSHIDA (JPN) v. N. SOKOLOVSKA (UKR),2024-07-06,6:10,試合,シニア(または不明),ランキングシリーズ等,2024,タイトルにJPN/Japan・選手名の一致,高,吉田 千沙都(Chisato YOSHIDA),,https://www.youtube.com/watch?v=5MT4-bVbACI
f2__AGhJSaU,1/2 WW - 46 kg: K. MATSUDA (JPN) v. S. SHRUTI (IND),2024-07-06,6:43,試合,シニア(または不明),,2024,タイトルにJPN/Japan,高,照合なし,,https://www.youtube.com/watch?v=f2__AGhJSaU
gdGxUS6ACVY,1/2 WW - 40 kg: Y. KARABACAK (TUR) v. M. EZAKA (JPN),2024-07-06,3:08,試合,シニア(または不明),,2024,タイトルにJPN/Japan,高,照合なし,,https://www.youtube.com/watch?v=gdGxUS6ACVY
sAZ20UjG-s4,1/2 WW - 61 kg: S. SASAKI (JPN) v. S. SAVITA (IND),2024-07-06,3:20,試合,シニア(または不明),,2024,タイトルにJPN/Japan・選手名の一致,高,佐々木 すず(Suzu SASAKI),,https://www.youtube.com/watch?v=sAZ20UjG-s4
Q-n4Tg952Xw,1/2 WW - 53 kg: S. ONISHI (JPN) v. Y. CHEN (TPE),2024-07-06,1:13,試合,シニア(または不明),,2024,タイトルにJPN/Japan・選手名の一致,高,尾西 桜(Sakura ONISHI),,https://www.youtube.com/watch?v=Q-n4Tg952Xw
FU1Svnz3fHY,BRONZE WW - 73 kg: L. ENGLICH (GER) v. M. KOMADA (JPN),2024-07-06,6:59,試合,シニア(または不明),,2024,タイトルにJPN/Japan・選手名の一致,高,駒田 真琴(Makoto KOMADA),,https://www.youtube.com/watch?v=FU1Svnz3fHY
LoqHUnK9eqQ,1/8 FS - 65 kg: A. ANKIT (IND) v. K. KANNO (JPN),2024-07-06,8:19,試合,シニア(または不明),,2024,タイトルにJPN/Japan,高,照合なし,,https://www.youtube.com/watch?v=LoqHUnK9eqQ
d90Mq5TljPw,Qual. FS - 65 kg: C. GAO (TPE) v. K. KANNO (JPN),2024-07-06,2:53,試合,シニア(または不明),,2024,タイトルにJPN/Japan,高,照合なし,,https://www.youtube.com/watch?v=d90Mq5TljPw
sf3JIMDT6FI,Qual. FS - 55 kg: T. OSEDO (JPN) v. J. FORREST (USA),2024-07-06,3:47,試合,シニア(または不明),,2024,タイトルにJPN/Japan・選手名の一致,高,大脊戸 逞斗(Takuto OSEDO),,https://www.youtube.com/watch?v=sf3JIMDT6FI
1otyYjiBFiU,Qual. FS - 110 kg: K. UTSUNOMIYA (JPN) v. A. KUSSAINOV (KAZ),2024-07-06,2:09,試合,シニア(または不明),,2024,タイトルにJPN/Japan・選手名の一致,高,宇都宮 快斗(Kaito UTSUNOMIYA),,https://www.youtube.com/watch?v=1otyYjiBFiU
VUC7oexXyvo,1/4 FS - 48 kg: A. YOSHIDA (JPN) v. R. GALBOURAEV (FRA),2024-07-06,9:45,試合,シニア(または不明),,2024,タイトルにJPN/Japan・選手名の一致,高,照合なし(同じローマ字が2人以上),,https://www.youtube.com/watch?v=VUC7oexXyvo
PzuahzXVqk8,Qual. FS - 80 kg: Y. HOROKH (UKR) v. S. ASANO (JPN),2024-07-06,8:25,試合,シニア(または不明),,2024,タイトルにJPN/Japan,高,照合なし,,https://www.youtube.com/watch?v=PzuahzXVqk8
Orrbe-b67cw,BRONZE WW - 61 kg: A. CRETU (MDA) v. S. SASAKI (JPN),2024-07-06,1:55,試合,シニア(または不明),,2024,タイトルにJPN/Japan・選手名の一致,高,佐々木 すず(Suzu SASAKI),,https://www.youtube.com/watch?v=Orrbe-b67cw
SlnIwa196L0,Qual. FS - 60 kg: T. OGINO (JPN) v. E. LIU (TPE),2024-07-06,1:41,試合,シニア(または不明),,2024,タイトルにJPN/Japan・選手名の一致,高,荻野 大河(Taiga OGINO),,https://www.youtube.com/watch?v=SlnIwa196L0
4_oqEZmkWZM,1/4 FS - 60 kg: K. LARKIN (USA) v. T. OGINO (JPN),2024-07-06,5:35,試合,シニア(または不明),,2024,タイトルにJPN/Japan・選手名の一致,高,荻野 大河(Taiga OGINO),,https://www.youtube.com/watch?v=4_oqEZmkWZM
2muIPsM6DIg,Repechage FS - 55 kg: T. OSEDO (JPN) v. S. HUNGERBUEHLE (SUI),2024-07-06,6:01,試合,シニア(または不明),,2024,タイトルにJPN/Japan・選手名の一致,高,大脊戸 逞斗(Takuto OSEDO),,https://www.youtube.com/watch?v=2muIPsM6DIg
Dy-H7HN2heM,Qual. FS - 51 kg: T. KATAOKA (JPN) v. V. KORNILOV (UKR),2024-07-06,4:23,試合,シニア(または不明),,2024,タイトルにJPN/Japan・選手名の一致,高,片岡 大河(Taiga KATAOKA),,https://www.youtube.com/watch?v=Dy-H7HN2heM
yHJCs2czJMI,1/8 FS - 51 kg: T. KATAOKA (JPN) v. B. KERIMBEKOV (KGZ),2024-07-06,8:25,試合,シニア(または不明),,2024,タイトルにJPN/Japan・選手名の一致,高,片岡 大河(Taiga KATAOKA),,https://www.youtube.com/watch?v=yHJCs2czJMI
2SkD6XTZSzg,Qual. FS - 71 kg: K. FURUICHI (JPN) v. R. YEPREMYAN (ARM),2024-07-06,8:55,試合,シニア(または不明),,2024,タイトルにJPN/Japan・選手名の一致,高,古市 一翔(Kazuto FURUICHI),,https://www.youtube.com/watch?v=2SkD6XTZSzg
S1wYqzNrK14,1/8 FS - 60 kg: T. OGINO (JPN) v. M. WAGIN (GER),2024-07-06,5:51,試合,シニア(または不明),,2024,タイトルにJPN/Japan・選手名の一致,高,荻野 大河(Taiga OGINO),,https://www.youtube.com/watch?v=S1wYqzNrK14
aVRsXh9gwyI,1/8 FS - 92 kg: E. ALIZADEH MAL (IRI) v. S. KANAZAWA (JPN),2024-07-06,5:59,試合,シニア(または不明),,2024,タイトルにJPN/Japan・選手名の一致,高,金澤 空大(Sorato KANAZAWA),,https://www.youtube.com/watch?v=aVRsXh9gwyI
RxuxNqXaOMA,1/4 FS - 45 kg: T. OGITA (JPN) v. C. RUSU (MDA),2024-07-06,5:51,試合,シニア(または不明),,2024,タイトルにJPN/Japan,高,照合なし,,https://www.youtube.com/watch?v=RxuxNqXaOMA
q913ZxKhQDM,Repechage FS - 55 kg: T. OSEDO (JPN) v. Z. TABALDIEV (KGZ),2024-07-06,6:05,試合,シニア(または不明),,2024,タイトルにJPN/Japan・選手名の一致,高,大脊戸 逞斗(Takuto OSEDO),,https://www.youtube.com/watch?v=q913ZxKhQDM
Bg4kXDNQutE,BRONZE FS - 55 kg: T. OSEDO (JPN) v. V. PATIL (IND),2024-07-06,5:59,試合,シニア(または不明),,2024,タイトルにJPN/Japan・選手名の一致,高,大脊戸 逞斗(Takuto OSEDO),,https://www.youtube.com/watch?v=Bg4kXDNQutE
eLiUMENB9SI,1/2 FS - 60 kg: T. OGINO (JPN) v. B. SHARIP UULU (KGZ),2024-07-06,5:47,試合,シニア(または不明),,2024,タイトルにJPN/Japan・選手名の一致,高,荻野 大河(Taiga OGINO),,https://www.youtube.com/watch?v=eLiUMENB9SI
26Mtb1w4sw0,BRONZE FS - 60 kg: A. NINI (ITA) v. T. OGINO (JPN),2024-07-06,5:57,試合,シニア(または不明),,2024,タイトルにJPN/Japan・選手名の一致,高,荻野 大河(Taiga OGINO),,https://www.youtube.com/watch?v=26Mtb1w4sw0
OGnOgFW-IAA,1/8 FS - 65 kg: H. ZOPALI (TUR) v. Y. AOYAGI (JPN),2024-07-06,12:21,試合,U20,世界選手権,2022,タイトルにJPN/Japan・選手名の一致,高,青柳 善の輔(Yoshinosuke AOYAGI),Freestyle Wrestling - 2022 U20 World Championships - Sofia (BUL),https://www.youtube.com/watch?v=OGnOgFW-IAA
tio-arHCfu8,Qual. FS - 97 kg: A. AZARPIRA (IRI) v. T. HAMADA (JPN),2024-07-06,11:03,試合,U20,世界選手権,2022,タイトルにJPN/Japan・選手名の一致,高,照合なし,Freestyle Wrestling - 2022 U20 World Championships - Sofia (BUL),https://www.youtube.com/watch?v=tio-arHCfu8
f7kfe7OLB24,Qual. FS - 65 kg: A. SARDARYAN (ARM) v. Y. AOYAGI (JPN),2024-07-06,6:33,試合,U20,世界選手権,2022,タイトルにJPN/Japan・選手名の一致,高,青柳 善の輔(Yoshinosuke AOYAGI),Freestyle Wrestling - 2022 U20 World Championships - Sofia (BUL),https://www.youtube.com/watch?v=f7kfe7OLB24
RSMDHAfiIOg,1/8 FS - 79 kg: S. TAIR (KAZ) v. D. SHIMIZU (JPN),2024-07-06,5:51,試合,U20,世界選手権,2022,タイトルにJPN/Japan,高,照合なし,Freestyle Wrestling - 2022 U20 World Championships - Sofia (BUL),https://www.youtube.com/watch?v=RSMDHAfiIOg
MosPiyW9PQc,1/4 FS - 70 kg: M. YADAV (IND) v. K. TAKAHASHI (JPN),2024-07-06,9:53,試合,U20,世界選手権,2022,タイトルにJPN/Japan・選手名の一致,高,照合なし(同じローマ字が2人以上),Freestyle Wrestling - 2022 U20 World Championships - Sofia (BUL),https://www.youtube.com/watch?v=MosPiyW9PQc
p8m4gWauZAY,1/8 FS - 70 kg: K. TAKAHASHI (JPN) v. M. AKHMEDOV (TJK),2024-07-06,8:37,試合,U20,世界選手権,2022,タイトルにJPN/Japan・選手名の一致,高,照合なし(同じローマ字が2人以上),Freestyle Wrestling - 2022 U20 World Championships - Sofia (BUL),https://www.youtube.com/watch?v=p8m4gWauZAY
LcsI2KOQmnA,1/4 FS - 65 kg: Y. AOYAGI (JPN) v. U. JALOLOV (UZB),2024-07-06,5:33,試合,U20,世界選手権,2022,タイトルにJPN/Japan・選手名の一致,高,青柳 善の輔(Yoshinosuke AOYAGI),Freestyle Wrestling - 2022 U20 World Championships - Sofia (BUL),https://www.youtube.com/watch?v=LcsI2KOQmnA
JawwRWYZ0rI,Qual. FS - 125 kg: G. IVANOV (BUL) v. R. FUJITA (JPN),2024-07-06,8:06,試合,U20,世界選手権,2022,タイトルにJPN/Japan・選手名の一致,高,照合なし,Freestyle Wrestling - 2022 U20 World Championships - Sofia (BUL),https://www.youtube.com/watch?v=JawwRWYZ0rI
RUVC4WbHrEc,1/4 FS - 74 kg: G. CARA (MDA) v. R. KAMIYA (JPN),2024-07-06,8:50,試合,U20,世界選手権,2022,タイトルにJPN/Japan・選手名の一致,高,神谷 龍之介(Ryunosuke KAMIYA),Freestyle Wrestling - 2022 U20 World Championships - Sofia (BUL),https://www.youtube.com/watch?v=RUVC4WbHrEc
vQAIEnsvihE,Repechage FS - 65 kg: M. ZHYRGALBEK U (KGZ) v. Y. AOYAGI (JPN),2024-07-06,8:07,試合,シニア(または不明),,2024,タイトルにJPN/Japan・選手名の一致,高,青柳 善の輔(Yoshinosuke AOYAGI),,https://www.youtube.com/watch?v=vQAIEnsvihE
8f_mWK1NI9A,1/8 FS - 92 kg: S. MIURA (JPN) v. A. FIROUZPOURBA (IRI),2024-07-06,6:19,試合,シニア(または不明),,2024,タイトルにJPN/Japan・選手名の一致,高,照合なし(同じローマ字が2人以上),,https://www.youtube.com/watch?v=8f_mWK1NI9A
vXV0Kpvnfbo,1/8 FS - 74 kg: I. YERBOLATOV (KAZ) v. R. KAMIYA (JPN),2024-07-06,7:47,試合,シニア(または不明),,2024,タイトルにJPN/Japan・選手名の一致,高,神谷 龍之介(Ryunosuke KAMIYA),,https://www.youtube.com/watch?v=vXV0Kpvnfbo
VA5teNjG0rc,1/4 FS - 61 kg: Y. NISHIUCHI (JPN) v. J. ALLAHVERDIYE (AZE),2024-07-06,10:35,試合,U20,世界選手権,2022,タイトルにJPN/Japan・選手名の一致,高,西内 悠人(Yuto NISHIUCHI),Freestyle Wrestling - 2022 U20 World Championships - Sofia (BUL),https://www.youtube.com/watch?v=VA5teNjG0rc
xeKblf-NFTA,1/8 FS - 61 kg: H. ABRAHAMYAN (ARM) v. Y. NISHIUCHI (JPN),2024-07-06,8:41,試合,U20,世界選手権,2022,タイトルにJPN/Japan・選手名の一致,高,西内 悠人(Yuto NISHIUCHI),Freestyle Wrestling - 2022 U20 World Championships - Sofia (BUL),https://www.youtube.com/watch?v=xeKblf-NFTA
2d2DgVYtNsQ,1/2 FS - 74 kg: S. JAGLAN (IND) v. R. KAMIYA (JPN),2024-07-06,7:37,試合,U20,世界選手権,2022,タイトルにJPN/Japan・選手名の一致,高,神谷 龍之介(Ryunosuke KAMIYA),Freestyle Wrestling - 2022 U20 World Championships - Sofia (BUL),https://www.youtube.com/watch?v=2d2DgVYtNsQ
EBTrRM8wzZg,BRONZE FS - 65 kg: Y. AOYAGI (JPN) v. R. CORNELLA (USA),2024-07-06,11:13,試合,U20,世界選手権,2022,タイトルにJPN/Japan・選手名の一致,高,青柳 善の輔(Yoshinosuke AOYAGI),Freestyle Wrestling - 2022 U20 World Championships - Sofia (BUL),https://www.youtube.com/watch?v=EBTrRM8wzZg
WueVJsE63Yo,1/2 FS - 61 kg: Y. NISHIUCHI (JPN) v. K. MOHIT (IND),2024-07-06,8:05,試合,U20,世界選手権,2022,タイトルにJPN/Japan・選手名の一致,高,西内 悠人(Yuto NISHIUCHI),Freestyle Wrestling - 2022 U20 World Championships - Sofia (BUL),https://www.youtube.com/watch?v=WueVJsE63Yo
XuTt0nk_4DY,Qual. WW - 59 kg: S. MOTOKI (JPN) v. Y. LESKOVETS (UKR),2024-07-06,5:29,試合,U20,世界選手権,2022,タイトルにJPN/Japan・選手名の一致,高,元木 咲良(Sakura MOTOKI),Best of Sakura MOTOKI / Woman's Wrestling - 2022 U20 World Championships - Sofia (BUL),https://www.youtube.com/watch?v=XuTt0nk_4DY
DesCHpOcyQw,1/4 WW - 59 kg: S. MOTOKI (JPN) v. B. FAND (IND),2024-07-06,1:20,試合,U20,世界選手権,2022,タイトルにJPN/Japan・選手名の一致,高,元木 咲良(Sakura MOTOKI),Best of Sakura MOTOKI / Woman's Wrestling - 2022 U20 World Championships - Sofia (BUL),https://www.youtube.com/watch?v=DesCHpOcyQw
L30cjiW287A,1/4 WW - 68 kg: A. ISHII (JPN) v. A. ARJU (IND),2024-07-06,2:59,試合,U20,世界選手権,2022,タイトルにJPN/Japan・選手名の一致,高,石井 亜海(Ami ISHII),Woman's Wrestling - 2022 U20 World Championships - Sofia (BUL),https://www.youtube.com/watch?v=L30cjiW287A
mRW_PmyONpY,1/4 WW - 55 kg: S. JIENBAEVA (UZB) v. M. KIYOOKA (JPN),2024-07-06,8:08,試合,U20,世界選手権,2022,タイトルにJPN/Japan・選手名の一致,高,清岡 もえ(Moe KIYOOKA),Woman's Wrestling - 2022 U20 World Championships - Sofia (BUL),https://www.youtube.com/watch?v=mRW_PmyONpY
v2rLH-Cw488,Repechage FS - 92 kg: S. MIURA (JPN) v. K. ANGYAL (HUN),2024-07-06,2:05,試合,U20,世界選手権,2022,タイトルにJPN/Japan・選手名の一致,高,照合なし(同じローマ字が2人以上),Freestyle Wrestling - 2022 U20 World Championships - Sofia (BUL),https://www.youtube.com/watch?v=v2rLH-Cw488
2RxlPHUBTlQ,1/4 WW - 76 kg: T. KELLY (USA) v. A. MORO (JPN),2024-07-06,7:19,試合,U20,世界選手権,2022,タイトルにJPN/Japan・選手名の一致,高,茂呂 綾乃(Ayano MORO),Woman's Wrestling - 2022 U20 World Championships - Sofia (BUL),https://www.youtube.com/watch?v=2RxlPHUBTlQ
W9dFYo-K9jI,Qual. WW - 55 kg: M. KIYOOKA (JPN) v. P. LIAO (TPE),2024-07-06,1:30,試合,U20,世界選手権,2022,タイトルにJPN/Japan・選手名の一致,高,清岡 もえ(Moe KIYOOKA),Woman's Wrestling - 2022 U20 World Championships - Sofia (BUL),https://www.youtube.com/watch?v=W9dFYo-K9jI
xcffwa7GwFU,1/4 WW - 50 kg: U. ITO (JPN) v. S. CAYIR (TUR),2024-07-06,6:33,試合,U20,世界選手権,2022,タイトルにJPN/Japan・選手名の一致,高,伊藤 海(Umi ITO),Woman's Wrestling - 2022 U20 World Championships - Sofia (BUL),https://www.youtube.com/watch?v=xcffwa7GwFU
q0M5Iy_7kFk,1/8 WW - 50 kg: M. MUNKHBAT (MGL) v. U. ITO (JPN),2024-07-06,5:37,試合,U20,世界選手権,2022,タイトルにJPN/Japan・選手名の一致,高,伊藤 海(Umi ITO),Woman's Wrestling - 2022 U20 World Championships - Sofia (BUL),https://www.youtube.com/watch?v=q0M5Iy_7kFk
y7_Z9RJKBCc,1/8 WW - 68 kg: A. ISHII (JPN) v. N. MIRZAZADA (AZE),2024-07-06,5:47,試合,U20,世界選手権,2022,タイトルにJPN/Japan・選手名の一致,高,石井 亜海(Ami ISHII),Woman's Wrestling - 2022 U20 World Championships - Sofia (BUL),https://www.youtube.com/watch?v=y7_Z9RJKBCc
GJNkA48jIW0,1/2 WW - 50 kg: P. PRAJAPAT (IND) v. U. ITO (JPN),2024-07-06,1:33,試合,U20,世界選手権,2022,タイトルにJPN/Japan・選手名の一致,高,伊藤 海(Umi ITO),Woman's Wrestling - 2022 U20 World Championships - Sofia (BUL),https://www.youtube.com/watch?v=GJNkA48jIW0
fUfOqSaQr48,1/2 WW - 55 kg: R. SZENTTAMASI (HUN) v. M. KIYOOKA (JPN),2024-07-06,2:35,試合,U20,世界選手権,2022,タイトルにJPN/Japan・選手名の一致,高,清岡 もえ(Moe KIYOOKA),Woman's Wrestling - 2022 U20 World Championships - Sofia (BUL),https://www.youtube.com/watch?v=fUfOqSaQr48
3cG2Uw5tQZw,1/2 WW - 68 kg: A. ISHII (JPN) v. N. BAS (TUR),2024-07-06,8:33,試合,U20,世界選手権,2022,タイトルにJPN/Japan・選手名の一致,高,石井 亜海(Ami ISHII),Woman's Wrestling - 2022 U20 World Championships - Sofia (BUL),https://www.youtube.com/watch?v=3cG2Uw5tQZw
csCaxmZN7Oo,1/2 WW - 59 kg: E. DAGBASI (TUR) v. S. MOTOKI (JPN),2024-07-06,7:57,試合,U20,世界選手権,2022,タイトルにJPN/Japan・選手名の一致,高,元木 咲良(Sakura MOTOKI),Best of Sakura MOTOKI / Woman's Wrestling - 2022 U20 World Championships - Sofia (BUL),https://www.youtube.com/watch?v=csCaxmZN7Oo
k7OZ8JbfLO0,1/2 WW - 76 kg: D. TKACHUK (POL) v. A. MORO (JPN),2024-07-06,2:17,試合,U20,世界選手権,2022,タイトルにJPN/Japan・選手名の一致,高,茂呂 綾乃(Ayano MORO),Woman's Wrestling - 2022 U20 World Championships - Sofia (BUL),https://www.youtube.com/watch?v=k7OZ8JbfLO0
sonzmHoTcQo,1/8 WW - 57 kg: R. NATAMI (JPN) v. G. CROSS (CAN),2024-07-06,6:11,試合,U20,世界選手権,2022,タイトルにJPN/Japan・選手名の一致,高,屶網 瑠夏(Ruka NATAMI),Woman's Wrestling - 2022 U20 World Championships - Sofia (BUL),https://www.youtube.com/watch?v=sonzmHoTcQo
QZ6XysK6Iyg,1/4 WW - 53 kg: A. KIMURA (JPN) v. A. ANTIM (IND),2024-07-06,1:35,試合,U20,世界選手権,2022,タイトルにJPN/Japan,高,照合なし,Woman's Wrestling - 2022 U20 World Championships - Sofia (BUL),https://www.youtube.com/watch?v=QZ6XysK6Iyg
cC-zmb0mYp4,1/8 WW - 53 kg: A. JANKURTARAN (AZE) v. A. KIMURA (JPN),2024-07-06,8:25,試合,U20,世界選手権,2022,タイトルにJPN/Japan,高,照合なし,Woman's Wrestling - 2022 U20 World Championships - Sofia (BUL),https://www.youtube.com/watch?v=cC-zmb0mYp4
T8Zv_BH70B4,1/8 WW - 65 kg: M. YOSHITAKE (JPN) v. E. ELEKES (HUN),2024-07-06,8:13,試合,U20,世界選手権,2022,タイトルにJPN/Japan・選手名の一致,高,吉武 まひろ(Mahiro YOSHITAKE),Woman's Wrestling - 2022 U20 World Championships - Sofia (BUL),https://www.youtube.com/watch?v=T8Zv_BH70B4
W8HsVWslYfA,1/8 WW - 62 kg: V. OEVERBY (NOR) v. N. OZAKI (JPN),2024-07-06,1:55,試合,U20,世界選手権,2022,タイトルにJPN/Japan・選手名の一致,高,尾﨑 野乃香(Nonoka OZAKI),Woman's Wrestling - 2022 U20 World Championships - Sofia (BUL),https://www.youtube.com/watch?v=W8HsVWslYfA
XCIhDZX_J8o,1/4 WW - 62 kg: N. OZAKI (JPN) v. W. STANETA (POL),2024-07-06,0:37,試合,U20,世界選手権,2022,タイトルにJPN/Japan・選手名の一致,高,尾﨑 野乃香(Nonoka OZAKI),Woman's Wrestling - 2022 U20 World Championships - Sofia (BUL),https://www.youtube.com/watch?v=XCIhDZX_J8o
06wgoOvCdMA,1/4 WW - 72 kg: N. BATIR (TUR) v. S. NIIKURA (JPN),2024-07-06,9:39,試合,U20,世界選手権,2022,タイトルにJPN/Japan・選手名の一致,高,新倉 すみれ(Sumire NIIKURA),Woman's Wrestling - 2022 U20 World Championships - Sofia (BUL),https://www.youtube.com/watch?v=06wgoOvCdMA
4MjyttY-Dq0,1/4 WW - 57 kg: O. KHOMENETS (UKR) v. R. NATAMI (JPN),2024-07-06,8:09,試合,U20,世界選手権,2022,タイトルにJPN/Japan・選手名の一致,高,屶網 瑠夏(Ruka NATAMI),Woman's Wrestling - 2022 U20 World Championships - Sofia (BUL),https://www.youtube.com/watch?v=4MjyttY-Dq0
HB7Wb3R7FEg,Qual. WW - 62 kg: N. OZAKI (JPN) v. I. BONDAR (UKR),2024-07-06,7:53,試合,U20,世界選手権,2022,タイトルにJPN/Japan・選手名の一致,高,尾﨑 野乃香(Nonoka OZAKI),Woman's Wrestling - 2022 U20 World Championships - Sofia (BUL),https://www.youtube.com/watch?v=HB7Wb3R7FEg
GI-2T0bOrag,1/2 WW - 62 kg: B. SOLTANOVA (AZE) v. N. OZAKI (JPN),2024-07-06,1:11,試合,U20,世界選手権,2022,タイトルにJPN/Japan・選手名の一致,高,尾﨑 野乃香(Nonoka OZAKI),Woman's Wrestling - 2022 U20 World Championships - Sofia (BUL),https://www.youtube.com/watch?v=GI-2T0bOrag
WKZQt3s8Wuc,1/4 WW - 65 kg: M. YOSHITAKE (JPN) v. R. LARRAMENDY (USA),2024-07-06,2:43,試合,U20,世界選手権,2022,タイトルにJPN/Japan・選手名の一致,高,吉武 まひろ(Mahiro YOSHITAKE),Woman's Wrestling - 2022 U20 World Championships - Sofia (BUL),https://www.youtube.com/watch?v=WKZQt3s8Wuc
mtiYbd1qgY4,1/2 WW - 57 kg: R. NATAMI (JPN) v. Z. BAYANOVA (KAZ),2024-07-06,8:33,試合,U20,世界選手権,2022,タイトルにJPN/Japan・選手名の一致,高,屶網 瑠夏(Ruka NATAMI),Woman's Wrestling - 2022 U20 World Championships - Sofia (BUL),https://www.youtube.com/watch?v=mtiYbd1qgY4
-z2RxdHE0Tg,1/2 WW - 72 kg: A. PANASSOVICH (KAZ) v. S. NIIKURA (JPN),2024-07-06,13:03,試合,U20,世界選手権,2022,タイトルにJPN/Japan・選手名の一致,高,新倉 すみれ(Sumire NIIKURA),Woman's Wrestling - 2022 U20 World Championships - Sofia (BUL),https://www.youtube.com/watch?v=-z2RxdHE0Tg
vWi_6ODqoKk,1/2 WW - 65 kg: M. YOSHITAKE (JPN) v. K. JLASSI (TUN),2024-07-06,2:23,試合,U20,世界選手権,2022,タイトルにJPN/Japan・選手名の一致,高,吉武 まひろ(Mahiro YOSHITAKE),Woman's Wrestling - 2022 U20 World Championships - Sofia (BUL),https://www.youtube.com/watch?v=vWi_6ODqoKk
_sNMC2xmTSw,Qual. GR - 77 kg: I. HORIKITA (JPN) v. R. PASHAIEV (UKR),2024-07-06,11:49,試合,U20,世界選手権,2022,タイトルにJPN/Japan・選手名の一致,高,堀北 一咲望(Isami HORIKITA),Greco-Roman Wrestling - 2022 U20 World Championships - Sofia (BUL),https://www.youtube.com/watch?v=_sNMC2xmTSw
U-GAipvLC0Q,1/8 GR - 55 kg: A. GANIEV (UZB) v. T. ONISHI (JPN),2024-07-06,8:41,試合,U20,世界選手権,2022,タイトルにJPN/Japan・選手名の一致,高,尾西 大河(Taiga ONISHI),Greco-Roman Wrestling - 2022 U20 World Championships - Sofia (BUL),https://www.youtube.com/watch?v=U-GAipvLC0Q
Nc5dt5OpUno,1/8 GR - 87 kg: T. IWAI (JPN) v. D. YUN (KOR),2024-07-06,3:03,試合,U20,世界選手権,2022,タイトルにJPN/Japan,高,照合なし,Greco-Roman Wrestling - 2022 U20 World Championships - Sofia (BUL),https://www.youtube.com/watch?v=Nc5dt5OpUno
YgGbuKgQPds,1/4 GR - 63 kg: Z. BABASHOV (AZE) v. C. MARUYAMA (JPN),2024-07-06,8:07,試合,U20,世界選手権,2022,タイトルにJPN/Japan・選手名の一致,高,丸山 千恵蔵(Chiezo MARUYAMA),Greco-Roman Wrestling - 2022 U20 World Championships - Sofia (BUL),https://www.youtube.com/watch?v=YgGbuKgQPds
ZrsGZfOqhYc,1/8 GR - 63 kg: M. EMILOV (BUL) v. C. MARUYAMA (JPN),2024-07-06,11:51,試合,U20,世界選手権,2022,タイトルにJPN/Japan・選手名の一致,高,丸山 千恵蔵(Chiezo MARUYAMA),Greco-Roman Wrestling - 2022 U20 World Championships - Sofia (BUL),https://www.youtube.com/watch?v=ZrsGZfOqhYc
c9cdh1KeSxM,Repechage WW - 53 kg: A. ANDRICH (GER) v. A. KIMURA (JPN),2024-07-06,3:51,試合,U20,世界選手権,2022,タイトルにJPN/Japan,高,照合なし,Woman's Wrestling - 2022 U20 World Championships - Sofia (BUL),https://www.youtube.com/watch?v=c9cdh1KeSxM
mydhP4YA4Z0,1/4 GR - 55 kg: T. ONISHI (JPN) v. N. GULUZADE (AZE),2024-07-06,2:59,試合,U20,世界選手権,2022,タイトルにJPN/Japan・選手名の一致,高,尾西 大河(Taiga ONISHI),Greco-Roman Wrestling - 2022 U20 World Championships - Sofia (BUL),https://www.youtube.com/watch?v=mydhP4YA4Z0
s_3gBF8UntY,1/2 GR - 63 kg: I. MOHAMMADI (IRI) v. C. MARUYAMA (JPN),2024-07-06,8:17,試合,U20,世界選手権,2022,タイトルにJPN/Japan・選手名の一致,高,丸山 千恵蔵(Chiezo MARUYAMA),Greco-Roman Wrestling - 2022 U20 World Championships - Sofia (BUL),https://www.youtube.com/watch?v=s_3gBF8UntY
DkXAzUBRXLc,1/8 GR - 60 kg: S. ESMAEILI LEI (IRI) v. K. GOMI (JPN),2024-07-06,11:33,試合,U20,世界選手権,2022,タイトルにJPN/Japan・選手名の一致,高,五味 虹登(Koto GOMI),Best of Saeid ESMAEILI / Greco-Roman Wrestling - 2022 U20 World Championships - Sofia (BUL),https://www.youtube.com/watch?v=DkXAzUBRXLc
TMmkBoc7n7k,Qual. GR - 82 kg: R. YAMAGUCHI (JPN) v. I. IVANOV (BUL),2024-07-06,8:33,試合,U20,世界選手権,2022,タイトルにJPN/Japan,高,照合なし,Greco-Roman Wrestling - 2022 U20 World Championships - Sofia (BUL),https://www.youtube.com/watch?v=TMmkBoc7n7k
_IqEC1Tgm08,Qual. GR - 67 kg: N. BROLADZE (GEO) v. R. TOYOTA (JPN),2024-07-06,7:07,試合,U20,世界選手権,2022,タイトルにJPN/Japan,高,照合なし,Greco-Roman Wrestling - 2022 U20 World Championships - Sofia (BUL),https://www.youtube.com/watch?v=_IqEC1Tgm08
LHYWD8dV4nw,Repechage GR - 55 kg: I. ZAIRAKIS (GRE) v. T. ONISHI (JPN),2024-07-06,2:50,試合,U20,世界選手権,2022,タイトルにJPN/Japan・選手名の一致,高,尾西 大河(Taiga ONISHI),Greco-Roman Wrestling - 2022 U20 World Championships - Sofia (BUL),https://www.youtube.com/watch?v=LHYWD8dV4nw
3PVs3V02CN8,Qual. GR - 72 kg: E. NISHIDA (JPN) v. A. ABDI (IRI),2024-07-06,9:57,試合,U20,世界選手権,2022,タイトルにJPN/Japan,高,照合なし,Greco-Roman Wrestling - 2022 U20 World Championships - Sofia (BUL),https://www.youtube.com/watch?v=3PVs3V02CN8
0G_eOC7OEK8,1/8 GR - 97 kg: I. RAKHMATOV (UZB) v. R. NAKAHARA (JPN),2024-07-06,1:39,試合,U20,世界選手権,2022,タイトルにJPN/Japan・選手名の一致,高,中原 陸(Riku NAKAHARA),Greco-Roman Wrestling - 2022 U20 World Championships - Sofia (BUL),https://www.youtube.com/watch?v=0G_eOC7OEK8
N1AP-ksiJvI,BRONZE GR - 63 kg: A. SARIYAR (TUR) v. C. MARUYAMA (JPN),2024-07-06,11:11,試合,U20,世界選手権,2022,タイトルにJPN/Japan・選手名の一致,高,丸山 千恵蔵(Chiezo MARUYAMA),Greco-Roman Wrestling - 2022 U20 World Championships - Sofia (BUL),https://www.youtube.com/watch?v=N1AP-ksiJvI
rRPGf2_a8RQ,Repechage GR - 60 kg: K. GOMI (JPN) v. V. VOITOVYCH (UKR),2024-07-06,4:45,試合,U20,世界選手権,2022,タイトルにJPN/Japan・選手名の一致,高,五味 虹登(Koto GOMI),Greco-Roman Wrestling - 2022 U20 World Championships - Sofia (BUL),https://www.youtube.com/watch?v=rRPGf2_a8RQ
RXp9XKesSws,Repechage GR - 60 kg: M. BLACK (USA) v. K. GOMI (JPN),2024-07-06,7:01,試合,U20,世界選手権,2022,タイトルにJPN/Japan・選手名の一致,高,五味 虹登(Koto GOMI),Greco-Roman Wrestling - 2022 U20 World Championships - Sofia (BUL),https://www.youtube.com/watch?v=RXp9XKesSws
eAyYZld0dOQ,Repechage GR - 67 kg: R. TOYOTA (JPN) v. L. IVANCIC (CRO),2024-07-06,10:39,試合,U20,世界選手権,2022,タイトルにJPN/Japan,高,照合なし,Greco-Roman Wrestling - 2022 U20 World Championships - Sofia (BUL),https://www.youtube.com/watch?v=eAyYZld0dOQ
AkMaRVtxBY8,BRONZE GR - 60 kg: K. GOMI (JPN) v. N. MAMMADLI (AZE),2024-07-06,9:05,試合,U20,世界選手権,2022,タイトルにJPN/Japan・選手名の一致,高,五味 虹登(Koto GOMI),Greco-Roman Wrestling - 2022 U20 World Championships - Sofia (BUL),https://www.youtube.com/watch?v=AkMaRVtxBY8
luCKiYt7YOk,Qual. GR - 97 kg: G. MELIA (GEO) v. T. TSURUDA (JPN),2024-07-06,9:23,試合,シニア(または不明),,2024,タイトルにJPN/Japan・選手名の一致,高,鶴田 峻大(Takahiro TSURUDA),,https://www.youtube.com/watch?v=luCKiYt7YOk
mSKD_Zso2-M,Qual. M GP - 71 kg: A. YANO (JPN) v. G. PANFILII (MDA),2024-07-06,5:31,試合,シニア(または不明),,2024,タイトルにJPN/Japan,高,照合なし,,https://www.youtube.com/watch?v=mSKD_Zso2-M
KNIVJ0fj3yc,1/8 M GP - 66 kg: M. DUSHKO (UKR) v. K. HIRASAWA (JPN),2024-07-06,2:21,試合,シニア(または不明),,2024,タイトルにJPN/Japan,高,照合なし,,https://www.youtube.com/watch?v=KNIVJ0fj3yc
mY2KPXaehiM,1/8 FS - 65 kg: L. GERSTENBERGE (GER) v. R. ANRAKU (JPN),2024-07-06,8:53,試合,シニア(または不明),,2024,タイトルにJPN/Japan,高,照合なし,,https://www.youtube.com/watch?v=mY2KPXaehiM
Wbx1Bhc1lpc,Eighth Final • WW 50Kg • Meng FAN (CHN) vs. Yui SUSAKI (JPN),2024-07-06,3:23,試合,シニア(または不明),,2024,タイトルにJPN/Japan・選手名の一致,高,須﨑 優衣(Yui SUSAKI),,https://www.youtube.com/watch?v=Wbx1Bhc1lpc
Lj9hwq7Bfjw,Semi Final • WW 65Kg • Tancholpon KYBALBEKOVA (KGZ) vs. Nagisa ITO (JPN),2024-07-06,3:21,試合,シニア(または不明),,2024,タイトルにJPN/Japan・選手名の一致,高,伊藤 渚(Nagisa ITO),,https://www.youtube.com/watch?v=Lj9hwq7Bfjw
R5QvnuR5F8k,Semi Final • FS 57Kg • Sagar SAGAR (IND) vs. Yuto NISHIUCHI (JPN),2024-07-06,1:34,試合,シニア(または不明),,2024,タイトルにJPN/Japan・選手名の一致,高,西内 悠人(Yuto NISHIUCHI),,https://www.youtube.com/watch?v=R5QvnuR5F8k
f0ERIXMHRLo,Bronze Medal • FS 65Kg • Kaiji OGINO (JPN) vs. Dalgat ABDULKADYROV (AIN),2024-07-06,12:41,試合,シニア(または不明),,2024,タイトルにJPN/Japan・選手名の一致,高,荻野 海志(Kaiji OGINO),,https://www.youtube.com/watch?v=f0ERIXMHRLo
bEKtJX0MVTA,5 Things Yui Susaki Can't Live Without,2024-07-06,5:03,その他,シニア(または不明),,2024,選手名の一致(国名なし),中,須﨑 優衣(Yui SUSAKI),,https://www.youtube.com/watch?v=bEKtJX0MVTA
Prio_Dmamr4,GOLD WW - 57 kg: A. ANSHU (IND) v. T. SAKURAI (JPN),2024-07-06,1:31,試合,シニア(または不明),,2024,タイトルにJPN/Japan,高,照合なし,Best of Tsugumi SAKURAI,https://www.youtube.com/watch?v=Prio_Dmamr4
nBCU6QNE0rQ,Semi Final • FS 61Kg • Rei HIGUCHI (JPN) vs. Seth Anthony GROSS (USA),2024-07-06,10:27,試合,シニア(または不明),,2024,タイトルにJPN/Japan・選手名の一致,高,樋口 黎(Rei HIGUCHI),,https://www.youtube.com/watch?v=nBCU6QNE0rQ
I04x65Tkyo8,Semi Final • GR 60Kg • FUMITA Kenichiro (JPN) vs. Edmond Armen NAZARYAN (BUL),2024-07-06,12:15,試合,シニア(または不明),,2024,タイトルにJPN/Japan・選手名の一致,高,文田 健一郎(Kenichiro FUMITA),,https://www.youtube.com/watch?v=I04x65Tkyo8
jgEJqVkMzMw,Gold Medal • WW 50Kg • Ankush ANKUSH (IND) vs. Yui SUSAKI (JPN),2024-07-06,2:39,試合,シニア(または不明),,2024,タイトルにJPN/Japan・選手名の一致,高,須﨑 優衣(Yui SUSAKI),,https://www.youtube.com/watch?v=jgEJqVkMzMw
kwhIB8LlFLo,Daichi TAKATANI (JPN) vs. Frank CHAMIZO MARQUEZ (ITA) | Seniors World Championships 2023 | Qualifica,2024-07-06,10:01,試合,シニア(または不明),世界選手権,2023,タイトルにJPN/Japan・選手名の一致,高,高谷 大地(Daichi TAKATANI),Best of Daichi TAKATANI,https://www.youtube.com/watch?v=kwhIB8LlFLo
WnvKucVma0w,Wanhao ZOU (CHN) vs. Rei HIGUCHI (JPN) | Seniors World Championships 2023 | Eighth Final | FS 57Kg,2024-07-06,8:34,試合,シニア(または不明),世界選手権,2023,タイトルにJPN/Japan・選手名の一致,高,樋口 黎(Rei HIGUCHI),,https://www.youtube.com/watch?v=WnvKucVma0w
2JheB4pN3ZY,Rei HIGUCHI (JPN) vs. Arsen HARUTYUNYAN (ARM) | Seniors World Championships 2023 | Quarter Final | F,2024-07-06,9:52,試合,シニア(または不明),世界選手権,2023,タイトルにJPN/Japan・選手名の一致,高,樋口 黎(Rei HIGUCHI),,https://www.youtube.com/watch?v=2JheB4pN3ZY
o4yJVn1vyv4,Daichi TAKATANI (JPN) vs. Kyle Douglas DAKE (USA) | Seniors World Championships 2023 | Quarter Final,2024-07-06,9:23,試合,シニア(または不明),世界選手権,2023,タイトルにJPN/Japan・選手名の一致,高,高谷 大地(Daichi TAKATANI),Best of Daichi TAKATANI,https://www.youtube.com/watch?v=o4yJVn1vyv4
Tpkzu1bhSDg,Islam DUDAEV (ALB) vs. OTOGURO Takuto (JPN) | Seniors World Championships 2023 | Qualification | FS,2024-07-06,9:05,試合,シニア(または不明),世界選手権,2023,タイトルにJPN/Japan,高,照合なし,,https://www.youtube.com/watch?v=Tpkzu1bhSDg
VSPPfK835yY,OTOGURO Takuto (JPN) vs. Erik ARUSHANIAN (UKR) | Seniors World Championships 2023 | 1/16 Final | FS,2024-07-06,3:06,試合,シニア(または不明),世界選手権,2023,タイトルにJPN/Japan,高,照合なし,,https://www.youtube.com/watch?v=VSPPfK835yY
aK3ov_f64oE,OTOGURO Takuto (JPN) vs. Ismail MUSUKAEV (HUN) | Seniors World Championships 2023 | Eighth Final | F,2024-07-06,8:34,試合,シニア(または不明),世界選手権,2023,タイトルにJPN/Japan,高,照合なし,,https://www.youtube.com/watch?v=aK3ov_f64oE
rp1LKpkXTEc,Rei HIGUCHI (JPN) vs. Stevan Andria MICIC (SRB) | Seniors World Championships 2023 | Gold Medal | FS,2024-07-06,10:51,試合,シニア(または不明),世界選手権,2023,タイトルにJPN/Japan・選手名の一致,高,樋口 黎(Rei HIGUCHI),,https://www.youtube.com/watch?v=rp1LKpkXTEc
4OMte-a-fGY,SUSAKI Yui (JPN) vs. Ziqi FENG (CHN) | Seniors World Championships 2023 | Semi Final | WW 50Kg,2024-07-06,12:38,試合,シニア(または不明),世界選手権,2023,タイトルにJPN/Japan・選手名の一致,高,須﨑 優衣(Yui SUSAKI),,https://www.youtube.com/watch?v=4OMte-a-fGY
9gZq8kwixeg,Nonoka OZAKI (JPN) vs. Lili LILI (CHN) | Seniors World Championships 2023 | Semi Final | WW 65Kg,2024-07-06,2:04,試合,シニア(または不明),世界選手権,2023,タイトルにJPN/Japan・選手名の一致,高,尾﨑 野乃香(Nonoka OZAKI),,https://www.youtube.com/watch?v=9gZq8kwixeg
xvzsG9HGmf8,Tsugumi SAKURAI (JPN) vs. Helen louise MAROULIS (USA) | Seniors World Championships 2023 | Semi Fina,2024-07-06,7:53,試合,シニア(または不明),世界選手権,2023,タイトルにJPN/Japan,高,照合なし,,https://www.youtube.com/watch?v=xvzsG9HGmf8
TjIYGKqR6kI,Jeongbin OH (KOR) vs. Akari FUJINAMI (JPN) | Seniors World Championships 2023 | Eighth Final | WW 53,2024-07-06,2:21,試合,シニア(または不明),世界選手権,2023,タイトルにJPN/Japan・選手名の一致,高,藤波 朱理(Akari FUJINAMI),,https://www.youtube.com/watch?v=TjIYGKqR6kI
8eh6ZxyYnQk,Lucia Yamileth YEPEZ GUZMAN (ECU) vs. Akari FUJINAMI (JPN) | Seniors World Championships 2023 | Quar,2024-07-06,7:17,試合,シニア(または不明),世界選手権,2023,タイトルにJPN/Japan・選手名の一致,高,藤波 朱理(Akari FUJINAMI),Best of Lucia YEPEZ GUZMAN,https://www.youtube.com/watch?v=8eh6ZxyYnQk
DsD96BDizzM,Anastasia NICHITA (MDA) vs. Tsugumi SAKURAI (JPN) | Seniors World Championships 2023 | Gold Medal |,2024-07-06,9:34,試合,シニア(または不明),世界選手権,2023,タイトルにJPN/Japan,高,照合なし,,https://www.youtube.com/watch?v=DsD96BDizzM
okOVot-KFAY,Akzhol MAKHMUDOV (KGZ) vs. Nao KUSAKA (JPN) | Seniors World Championships 2023 | Semi Final | GR 77K,2024-07-06,10:13,試合,シニア(または不明),世界選手権,2023,タイトルにJPN/Japan・選手名の一致,高,日下 尚(Nao KUSAKA),,https://www.youtube.com/watch?v=okOVot-KFAY
OSV_E1VGLDw,Akari FUJINAMI (JPN) vs. Vanesa KALADZINSKAYA (AIN) | Seniors World Championships 2023 | Gold Medal,2024-07-06,9:05,試合,シニア(または不明),世界選手権,2023,タイトルにJPN/Japan・選手名の一致,高,藤波 朱理(Akari FUJINAMI),,https://www.youtube.com/watch?v=OSV_E1VGLDw
VbmetVk2PfE,Irina RINGACI (MDA) vs. Ami ISHII (JPN) | Seniors World Championships 2023 | Bronze Medal | WW 68Kg,2024-07-06,13:17,試合,シニア(または不明),世界選手権,2023,タイトルにJPN/Japan・選手名の一致,高,石井 亜海(Ami ISHII),,https://www.youtube.com/watch?v=VbmetVk2PfE
fLP0OVvaNwE,Victor CIOBANU (MDA) vs. FUMITA Kenichiro (JPN) | Seniors World Championships 2023 | Qualification |,2024-07-06,13:46,試合,シニア(または不明),世界選手権,2023,タイトルにJPN/Japan・選手名の一致,高,文田 健一郎(Kenichiro FUMITA),,https://www.youtube.com/watch?v=fLP0OVvaNwE
ElSOrqI6lY4,Akari FUJINAMI - Road to Paris 2024 - Senior World Championships 2023,2024-07-06,7:30,試合まとめ,シニア(または不明),世界選手権,2024,選手名の一致(国名なし),中,藤波 朱理(Akari FUJINAMI),,https://www.youtube.com/watch?v=ElSOrqI6lY4
usOPlO6lTZc,Kotaro KIYOOKA (JPN) vs. Andranik AVETISYAN (ARM) | U23 World Championships 2023 | Qualification | F,2024-07-06,7:11,試合,U23,世界選手権,2023,タイトルにJPN/Japan・選手名の一致,高,清岡 幸大郎(Kotaro KIYOOKA),Best of Kotaro KIYOOKA,https://www.youtube.com/watch?v=usOPlO6lTZc
rjqK1jKKboc,Stuart MCKAY (GBR) vs. Takumi MORI (JPN) | WORLD WRESTLING CHAMPIONSHIPS 2023 | Bronze Medal | FS 78,2024-07-06,4:27,試合,シニア(または不明),,2023,タイトルにJPN/Japan,高,照合なし,,https://www.youtube.com/watch?v=rjqK1jKKboc
Z5lVh7vnzW4,Frank Chamizo Training in Japan,2024-07-06,10:13,その他,シニア(または不明),,2024,タイトルにJPN/Japan,高,照合なし,Best of Frank Chamizo,https://www.youtube.com/watch?v=Z5lVh7vnzW4
VPDNHGot_4s,Yui Susaki - Day In The Life With An Olympic Champion,2024-07-06,0:28,ショート,シニア(または不明),オリンピック,2024,選手名の一致(国名なし),中,須﨑 優衣(Yui SUSAKI),,https://www.youtube.com/watch?v=VPDNHGot_4s
iDKcJYp80dk,Yuuka Kagami: How The World Wrestling Champ Trains For Paris Olympic Games #roadtoparis2024,2024-06-19,8:26,その他,シニア(または不明),オリンピック,2024,選手名の一致(国名なし),中,鏡 優翔(Yuka KAGAMI),Best of Yuuka Kagami / #RoadToParis2024,https://www.youtube.com/watch?v=iDKcJYp80dk
uOhD24YjlLo,Kenichiro Fumita: Interview With The Wrestling World Champion #roadtoparis2024,2024-06-12,7:54,インタビュー,シニア(または不明),,2024,選手名の一致(国名なし),中,文田 健一郎(Kenichiro FUMITA),Best of Kenichiro Fumita / #RoadToParis2024,https://www.youtube.com/watch?v=uOhD24YjlLo
XpV_MCrEDqM,Rei HIGUCHI (JPN) vs. Aman AMAN (IND) | 2024 Hungarian Ranking Series | Gold Medal | FS 57Kg,2024-06-06,7:55,試合,シニア(または不明),ランキングシリーズ等,2024,タイトルにJPN/Japan・選手名の一致,高,樋口 黎(Rei HIGUCHI),2024 Hungarian Ranking Series / Best of Rei HIGUCHI / Best of Aman SEHRAWAT,https://www.youtube.com/watch?v=XpV_MCrEDqM
WFdiShOpdWM,Kotaro KIYOOKA (JPN) vs. Ismail MUSUKAEV (HUN) | 2024 2nd Hungarian Ranking Series | FS 65Kg,2024-06-06,9:33,試合,シニア(または不明),ランキングシリーズ等,2024,タイトルにJPN/Japan・選手名の一致,高,清岡 幸大郎(Kotaro KIYOOKA),Best of Kotaro KIYOOKA / 2024 Hungarian Ranking Series / Best of Ismail Musukaev,https://www.youtube.com/watch?v=WFdiShOpdWM
P0Q2P_Aslzo,Wrestling Prodigy Akari FUJINAMI #womenswrestling,2024-06-06,0:37,ショート,シニア(または不明),,2024,選手名の一致(国名なし),中,藤波 朱理(Akari FUJINAMI),,https://www.youtube.com/watch?v=P0Q2P_Aslzo
TOUUVWL0GW4,Akari Fujinami: Training With The Wrestling Prodigy For Paris Olympic Games #roadtoparis2024,2024-06-05,11:14,その他,シニア(または不明),オリンピック,2024,選手名の一致(国名なし),中,藤波 朱理(Akari FUJINAMI),Best of Akari Fujinami / #RoadToParis2024,https://www.youtube.com/watch?v=TOUUVWL0GW4
QYzamAl_9RU,Yui Susaki: A Day In The Life Of An Olympic Champion #roadtoparis2024,2024-05-30,15:40,その他,シニア(または不明),オリンピック,2024,選手名の一致(国名なし),中,須﨑 優衣(Yui SUSAKI),Best of Yui Susaki / A Day in the Life of an Olympic Wrestler,https://www.youtube.com/watch?v=QYzamAl_9RU
fnNz2CEZFl8,A Day in the Life with Olympic Wrestler Nonoka Ozaki,2024-04-30,13:23,その他,シニア(または不明),オリンピック,2024,選手名の一致(国名なし),中,尾﨑 野乃香(Nonoka OZAKI),A Day in the Life of an Olympic Wrestler,https://www.youtube.com/watch?v=fnNz2CEZFl8
rN8Ycfsidz4,A Day in the Life: Nonoka Ozaki 🇯🇵 just dropped exclusively on UWW+.,2024-04-23,0:17,ショート,シニア(または不明),,2024,タイトルにJPN/Japan・選手名の一致(国名なし),高,尾﨑 野乃香(Nonoka OZAKI),,https://www.youtube.com/watch?v=rN8Ycfsidz4
pQu4hmiOyZM,Kotaro KIYOOKA | Road to Paris |  Asian OG Qualifier | Kyrgyzstan • Bishkek,2024-04-20,2:50,試合まとめ,シニア(または不明),オリンピック予選,2024,選手名の一致(国名なし),中,清岡 幸大郎(Kotaro KIYOOKA),Best of Kotaro KIYOOKA / #RoadToParis2024 / 2024 Asian Olympic Qualifier,https://www.youtube.com/watch?v=pQu4hmiOyZM
j_aqgIUOkRA,Shingo Harada leading the way for team Japan #wrestlebishkek,2024-04-19,0:12,ショート,シニア(または不明),,2024,タイトルにJPN/Japan,高,照合なし,,https://www.youtube.com/watch?v=j_aqgIUOkRA
BsK7RQDN51E,Akzhol MAKHMUDOV (KGZ) vs. Nao KUSAKA (JPN) | 2024 Asian Championships | Gold Medal | GR 77Kg,2024-04-15,11:30,試合,シニア(または不明),アジア選手権,2024,タイトルにJPN/Japan・選手名の一致,高,日下 尚(Nao KUSAKA),Best of Nao KUSAKA / 2024 Asian Senior Championships / Best of Akzhol Makhmudov,https://www.youtube.com/watch?v=BsK7RQDN51E
0W_ELKU4GCA,Ayata SUZUKI (JPN) vs. Yerzhet ZHARLYKASSYN (KAZ) | 2024 Asian Championships | Gold Medal | GR 63Kg,2024-04-15,12:25,試合,シニア(または不明),アジア選手権,2024,タイトルにJPN/Japan・選手名の一致,高,鈴木 絢大(Ayata SUZUKI),2024 Asian Senior Championships,https://www.youtube.com/watch?v=0W_ELKU4GCA
zi6nnkyurJM,Tsugumi SAKURAI (JPN) vs. Yongxin FENG (CHN) | 2024 Asian Championships | Gold Medal | WW 57Kg,2024-04-15,9:47,試合,シニア(または不明),アジア選手権,2024,タイトルにJPN/Japan,高,照合なし,Best of Tsugumi SAKURAI / 2024 Asian Senior Championships,https://www.youtube.com/watch?v=zi6nnkyurJM
6BtWscVRTHU,Aisuluu TYNYBEKOVA (KGZ) vs. Sakura MOTOKI (JPN) | 2024 Asian Championships | Gold Medal | WW 62Kg,2024-04-15,9:55,試合,シニア(または不明),アジア選手権,2024,タイトルにJPN/Japan・選手名の一致,高,元木 咲良(Sakura MOTOKI),Best of Sakura MOTOKI / 2024 Asian Senior Championships / Best of Aisuluu Tynybekova,https://www.youtube.com/watch?v=6BtWscVRTHU
D1pHNvbLyVg,SUSAKI Yui (JPN) vs. Ziqi FENG (CHN) | 2024 Seniors Asian Championships | Gold Medal | WW 50Kg,2024-04-13,8:11,試合,シニア(または不明),アジア選手権,2024,タイトルにJPN/Japan・選手名の一致,高,須﨑 優衣(Yui SUSAKI),Best of Ziqi FENG / 2024 Asian Senior Championships / Best of Yui Susaki,https://www.youtube.com/watch?v=D1pHNvbLyVg
B2aDRrLJDNo,Buzzer beater ➡️ Kota TAKAHASHI 🇯🇵.,2024-04-12,0:11,ショート,シニア(または不明),,2024,タイトルにJPN/Japan・選手名の一致(国名なし),高,髙橋 海大(Kota TAKAHASHI),,https://www.youtube.com/watch?v=B2aDRrLJDNo
nrJ1eYZxOMo,Amirmohammad YAZDANI (IRI) vs. Yoshinosuke AOYAGI (JPN) | 2024 Asian Championships | FS 70Kg Gold,2024-04-12,9:29,試合,シニア(または不明),アジア選手権,2024,タイトルにJPN/Japan・選手名の一致,高,青柳 善の輔(Yoshinosuke AOYAGI),Best of Yoshinosuke AOYAGI / 2024 Asian Senior Championships,https://www.youtube.com/watch?v=nrJ1eYZxOMo
Z-JY6j1i83o,Kento YUMIYA (JPN) vs. Udit UDIT (IND) | 2024 Seniors Asian Championships | Gold Medal | FS 57Kg,2024-04-12,11:41,試合,シニア(または不明),アジア選手権,2024,タイトルにJPN/Japan・選手名の一致,高,弓矢 健人(Kento YUMIYA),2024 Asian Senior Championships,https://www.youtube.com/watch?v=Z-JY6j1i83o
77et3qm1OJs,Yui Susaki - Wrestling Is My Life,2024-03-08,4:33,その他,シニア(または不明),,2024,選手名の一致(国名なし),中,須﨑 優衣(Yui SUSAKI),Best of Yui Susaki,https://www.youtube.com/watch?v=77et3qm1OJs
iHQDFUC7pXY,Nonoka OZAKI 🇯🇵 goes through at least ten shirts and ten partners per practice.,2024-02-27,0:22,ショート,シニア(または不明),,2024,タイトルにJPN/Japan・選手名の一致(国名なし),高,尾﨑 野乃香(Nonoka OZAKI),Best of Nonoka OZAKI,https://www.youtube.com/watch?v=iHQDFUC7pXY
IdaZLypJjU4,Yui SUSAKI (JPN) remain unbeaten internationally,2024-01-13,2:42,その他,シニア(または不明),ランキングシリーズ等,2024,タイトルにJPN/Japan・選手名の一致,高,須﨑 優衣(Yui SUSAKI),Seniors Ranking Series | Budapest 2024 / Women's Wrestling - 2024 Zagreb Wrestling Ranking Series,https://www.youtube.com/watch?v=IdaZLypJjU4
vW9Rj6QkeHA,Sakura MOTOKI (JPN) vs. Aisuluu TYNYBEKOVA (KGZ) | Seniors Ranking Series 2024 | Semi Final | WW 62K,2024-01-12,8:13,試合,シニア(または不明),ランキングシリーズ等,2024,タイトルにJPN/Japan・選手名の一致,高,元木 咲良(Sakura MOTOKI),Best of Sakura MOTOKI / Seniors Ranking Series | Budapest 2024 / Women's Wrestling - 2024 Zagreb Wrestling Ranking Series,https://www.youtube.com/watch?v=vW9Rj6QkeHA
SZrAftHhC-M,"New season, same old Yui SUSAKI 🇯🇵 ⚡️. Dominant on a different level",2024-01-11,0:17,ショート,シニア(または不明),,2024,タイトルにJPN/Japan・選手名の一致(国名なし),高,須﨑 優衣(Yui SUSAKI),,https://www.youtube.com/watch?v=SZrAftHhC-M
hQFXPQHisM8,"Sara NATAMI -Road to Final | U23 World Championships | Tirana, Albania",2023-10-28,3:06,試合まとめ,U23,世界選手権,2023,選手名の一致(国名なし),中,屶網 さら(Sara NATAAMI),"Women's Wrestling | U23 World Championships 2023 | Tirana, Albania / 2023 U23 World Championships | Tirana, Albania",https://www.youtube.com/watch?v=hQFXPQHisM8
bcc1KqdJEfY,Mako Oono 🇯🇵 adds a second world title to her resume 🥇🥇 #WrestleTirana,2023-10-28,0:15,ショート,U23,世界選手権,2023,タイトルにJPN/Japan・選手名の一致(国名なし),高,大野 真子(Mako ONO),"Women's Wrestling | U23 World Championships 2023 | Tirana, Albania / 2023 U23 World Championships | Tirana, Albania",https://www.youtube.com/watch?v=bcc1KqdJEfY
WFi3e5c68uA,Sara NATAMI (JPN) vs. Zhala ALIYEVA (AZE) | U23 World Championships 2023 | Gold Medal | WW 57Kg,2023-10-28,9:48,試合,U23,世界選手権,2023,タイトルにJPN/Japan・選手名の一致,高,屶網 さら(Sara NATAAMI),"Women's Wrestling | U23 World Championships 2023 | Tirana, Albania / 2023 U23 World Championships | Tirana, Albania",https://www.youtube.com/watch?v=WFi3e5c68uA
FbgiJEvfkyg,Mako Oono 🇯🇵 sets up a 53kg finals 🔥 #WrestleTirana,2023-10-27,0:10,試合,U23,世界選手権,2023,タイトルにJPN/Japan・選手名の一致(国名なし),高,大野 真子(Mako ONO),"Women's Wrestling | U23 World Championships 2023 | Tirana, Albania / 2023 U23 World Championships | Tirana, Albania",https://www.youtube.com/watch?v=FbgiJEvfkyg
_tt3rWPI1As,Shoot with your elbows out and you'll end up flat on your back 🇯🇵💪 #WrestleTirana,2023-10-26,0:10,ショート,U23,世界選手権,2023,タイトルにJPN/Japan,高,照合なし,"Women's Wrestling | U23 World Championships 2023 | Tirana, Albania / 2023 U23 World Championships | Tirana, Albania",https://www.youtube.com/watch?v=_tt3rWPI1As
doPHMInFuY8,Umi Imai 🇯🇵 will look to win her 2nd age-group world title 👏🏼🔥 #WrestleTirana,2023-10-26,0:11,ショート,U23,世界選手権,2023,タイトルにJPN/Japan・選手名の一致(国名なし),高,今井 佑海(Umi IMAI),"Women's Wrestling | U23 World Championships 2023 | Tirana, Albania / 2023 U23 World Championships | Tirana, Albania",https://www.youtube.com/watch?v=doPHMInFuY8
RYKT3JsztKw,Yoshinosuke Aoyagi 🇯🇵 put up 33 offensive points on his run to the 70kg finals 💪 #WrestleTirana,2023-10-26,0:11,試合,U23,世界選手権,2023,タイトルにJPN/Japan・選手名の一致(国名なし),高,青柳 善の輔(Yoshinosuke AOYAGI),"Freestyle Wrestling | U23 World Championships 2023 | Tirana, Albania / 2023 U23 World Championships | Tirana, Albania",https://www.youtube.com/watch?v=RYKT3JsztKw
vOCSIFVxmxo,Yoshinosuke AOYAGI (JPN) vs. Inalbek SHERIEV (AIN) | U23 World Championships 2023 | Gold Medal | FS,2023-10-26,9:22,試合,U23,世界選手権,2023,タイトルにJPN/Japan・選手名の一致,高,青柳 善の輔(Yoshinosuke AOYAGI),"Best of Yoshinosuke AOYAGI / Freestyle Wrestling | U23 World Championships 2023 | Tirana, Albania / 2023 U23 World Championships | Tirana, Albania",https://www.youtube.com/watch?v=vOCSIFVxmxo
IcPu3YQvOfQ,Aaron Marquel BROOKS (USA) vs. Tatsuya SHIRAI (JPN) | U23 World Championships 2023 | Gold Medal | FS,2023-10-25,3:58,試合,U23,世界選手権,2023,タイトルにJPN/Japan・選手名の一致,高,白井 達也(Tatsuya SHIRAI),"Freestyle Wrestling | U23 World Championships 2023 | Tirana, Albania",https://www.youtube.com/watch?v=IcPu3YQvOfQ
K98C-VnHD38,SUSAKI Yui (JPN) vs. Otgonjargal DOLGORJAV (MGL) | Seniors World Championships 2023 | Gold Medal |,2023-10-02,3:24,試合,シニア(または不明),世界選手権,2023,タイトルにJPN/Japan・選手名の一致,高,須﨑 優衣(Yui SUSAKI),"Best of Otgonjargal DOLGORJAV / Women's Wrestling | Full Matches | 2023 Senior World Wrestling Championships / 2023 Senior World Wrestling Championships | Belgrade, Serbia / Best of Yui Susaki",https://www.youtube.com/watch?v=K98C-VnHD38
u75OKUN6Sms,“Sometimes there are no words to describe how great she is” 🇯🇵,2023-10-01,0:43,ショート,シニア(または不明),,2023,タイトルにJPN/Japan,高,照合なし,"Shorts | 2023 Senior World Wrestling Championships / Women's Wrestling | Shorts | 2023 Senior World Wrestling Championships / 2023 Senior World Wrestling Championships | Belgrade, Serbia / Best of Yui Susaki",https://www.youtube.com/watch?v=u75OKUN6Sms
3pM3Sst0-Rg,FUMITA Kenichiro (JPN) vs. Zholaman SHARSHENBEKOV (KGZ) | 2023 Seniors World Championships Finals,2023-09-23,9:09,試合,シニア(または不明),世界選手権,2023,タイトルにJPN/Japan・選手名の一致,高,文田 健一郎(Kenichiro FUMITA),"Best of Kenichiro Fumita / Greco-Roman Wrestling | Full Matches | 2023 Senior World Wrestling Championships / 2023 Senior World Wrestling Championships | Belgrade, Serbia / Best of Zholaman Sharshenbekov",https://www.youtube.com/watch?v=3pM3Sst0-Rg
-FH5gHBpyuY,Roundup Show | 2023 Belgrade Wrestling World Championships | Day 8,2023-09-23,10:39,その他,シニア(または不明),世界選手権,2023,説明にJPN/Japan,低(要確認),照合なし,"Roundup Show - 2023 World Wrestling Championships / 2023 Senior World Wrestling Championships | Belgrade, Serbia",https://www.youtube.com/watch?v=-FH5gHBpyuY
vPPvYHGu-Gw,Kenichiro FUMITA - The Road to The Final - Senior World Wrestling Championships 2023,2023-09-23,3:13,試合まとめ,シニア(または不明),世界選手権,2023,選手名の一致(国名なし),中,文田 健一郎(Kenichiro FUMITA),"Best of Kenichiro Fumita / The Road to The Final -  Senior World Championships 2023 / 2023 Senior World Wrestling Championships | Belgrade, Serbia",https://www.youtube.com/watch?v=vPPvYHGu-Gw
PsxVi1UG6Jw,Women's Wrestling Highlight - All Points Scored by Team Japan - Senior World Championships 2023,2023-09-21,12:22,ハイライト・特集,シニア(または不明),世界選手権,2023,タイトルにJPN/Japan,高,照合なし,"Women's Wrestling | Highlights | 2023 Senior World Wrestling Championships / 2023 Senior World Wrestling Championships | Belgrade, Serbia",https://www.youtube.com/watch?v=PsxVi1UG6Jw
djNri_zFkkc,Roundup Show | 2023 Belgrade Wrestling World Championships | Day 5,2023-09-20,9:34,その他,シニア(または不明),世界選手権,2023,説明にJPN/Japan,低(要確認),照合なし,"Roundup Show - 2023 World Wrestling Championships / 2023 Senior World Wrestling Championships | Belgrade, Serbia",https://www.youtube.com/watch?v=djNri_zFkkc
_sW3KvTVuss,One more for four. Yui Susaki #shorts,2023-09-19,0:09,ショート,シニア(または不明),,2023,選手名の一致(国名なし),中,須﨑 優衣(Yui SUSAKI),"Shorts | 2023 Senior World Wrestling Championships / Women's Wrestling | Shorts | 2023 Senior World Wrestling Championships / 2023 Senior World Wrestling Championships | Belgrade, Serbia",https://www.youtube.com/watch?v=_sW3KvTVuss
cC4VPjozE9U,Nonoka Ozaki 🇯🇵 looks unstoppable today 🔥#shorts,2023-09-19,0:12,ショート,シニア(または不明),,2023,タイトルにJPN/Japan・選手名の一致(国名なし),高,尾﨑 野乃香(Nonoka OZAKI),"Best of Nonoka OZAKI / Shorts | 2023 Senior World Wrestling Championships / Women's Wrestling | Shorts | 2023 Senior World Wrestling Championships / 2023 Senior World Wrestling Championships | Belgrade, Serbia",https://www.youtube.com/watch?v=cC4VPjozE9U
dlABd2EX1IY,Roundup Show | 2023 Belgrade Wrestling World Championships | Day 4,2023-09-19,12:04,その他,シニア(または不明),世界選手権,2023,説明にJPN/Japan,低(要確認),照合なし,"Roundup Show - 2023 World Wrestling Championships / 2023 Senior World Wrestling Championships | Belgrade, Serbia",https://www.youtube.com/watch?v=dlABd2EX1IY
XgIbtJtRX-E,Rei HIGUCHI - The Road to The Final -  Senior World Championships 2023,2023-09-18,4:15,試合まとめ,シニア(または不明),世界選手権,2023,選手名の一致(国名なし),中,樋口 黎(Rei HIGUCHI),Best of Rei HIGUCHI / The Road to The Final -  Senior World Championships 2023,https://www.youtube.com/watch?v=XgIbtJtRX-E
NIMC9nRPwGs,Ichika ARAI (JPN) vs. Alina FILIPOVYCH (UKR) | U20 World Championships 2023 | Gold Medal | WW 57Kg,2023-08-19,10:33,試合,U20,世界選手権,2023,タイトルにJPN/Japan・選手名の一致,高,新井 一花(Ichika ARAI),Women's Wrestling - 2023 U20 World Championships,https://www.youtube.com/watch?v=NIMC9nRPwGs
c5th4nxx0G4,Gold Medal • WW 68Kg • Elizaveta PETLIAKOVA (AIN) vs. Ray HOSHINO (JPN),2023-08-18,8:18,試合,U20,世界選手権,2023,タイトルにJPN/Japan,高,照合なし,Women's Wrestling - 2023 U20 World Championships,https://www.youtube.com/watch?v=c5th4nxx0G4
yg5rjAw8zuE,Gold Medal • FS 86Kg • Rakhim MAGAMADOV (FRA) vs. Fumiya IGARASHI (JPN),2023-08-16,11:39,試合,U20,世界選手権,2023,タイトルにJPN/Japan・選手名の一致,高,五十嵐 文彌(Fumiya IGARASHI),Freestyle Wrestling - 2023 U20 World Championships,https://www.youtube.com/watch?v=yg5rjAw8zuE
2pSKWxRAFik,Gold Medal • FS 57Kg • Yuto NISHIUCHI (JPN) vs. Luke Joseph LILLEDAHL (USA),2023-08-15,7:56,試合,U20,世界選手権,2023,タイトルにJPN/Japan・選手名の一致,高,西内 悠人(Yuto NISHIUCHI),Freestyle Wrestling - 2023 U20 World Championships,https://www.youtube.com/watch?v=2pSKWxRAFik
PSaOY5WTgds,#TBT: Women's wrestling legend Saori Yoshida wins 13th and final career world title,2023-08-10,8:28,試合,シニア(または不明),,2023,説明にJPN/Japan,低(要確認),照合なし,#ThrowBackThursday - United World Wrestling,https://www.youtube.com/watch?v=PSaOY5WTgds
9MEABaTbrfk,Gold Medal • FS 51Kg • Yamato OGAWA (JPN) vs. Rohit ROHIT (IND),2023-08-09,8:24,試合,U17,世界選手権,2023,タイトルにJPN/Japan・選手名の一致,高,小川 大和(Yamato OGAWA),Freestyle Wrestling - 2023 Istanbul U17 World Championships,https://www.youtube.com/watch?v=9MEABaTbrfk
JNwIuo0kuhA,Gold Medal • FS 60Kg • Sajad Gholamhassan PIRDAYEH (IRI) vs. Akito MAEHARA (JPN),2023-08-09,8:16,試合,U17,世界選手権,2023,タイトルにJPN/Japan・選手名の一致,高,前原 晟人(Akito MAEHARA),Freestyle Wrestling - 2023 Istanbul U17 World Championships,https://www.youtube.com/watch?v=JNwIuo0kuhA
mUObPlErhn4,Gold Medal • FS 48Kg • Yamato FURUSAWA (JPN) vs. Paul Joseph KENNY (USA),2023-08-06,6:57,試合,U17,世界選手権,2023,タイトルにJPN/Japan,高,照合なし,Freestyle Wrestling - 2023 Istanbul U17 World Championships,https://www.youtube.com/watch?v=mUObPlErhn4
Wcqr8gU5rLg,Koharu AKUTSU (JPN) vs. Rachana RACHANA (IND) | WW 40Kg | Gold Medal,2023-08-05,7:04,試合,U17,世界選手権,2023,タイトルにJPN/Japan,高,照合なし,Women's Wrestling - 2023 Istanbul U17 World Championships,https://www.youtube.com/watch?v=Wcqr8gU5rLg
KRjwIVJ-4Z4,Muskan MUSKAN (IND) vs. Natsumi MASUDA (JPN) | WW 46Kg | Gold Medal,2023-08-05,6:39,試合,U17,世界選手権,2023,タイトルにJPN/Japan・選手名の一致,高,升田 夏実(Natsumi MASUDA),Women's Wrestling - 2023 Istanbul U17 World Championships,https://www.youtube.com/watch?v=KRjwIVJ-4Z4
-50m20FLUQQ,Gold Medal • WW 53Kg • Sakura ONISHI (JPN) vs. Olga OVCHINNIKOVA (AIN),2023-08-05,1:51,試合,U17,世界選手権,2023,タイトルにJPN/Japan・選手名の一致,高,尾西 桜(Sakura ONISHI),Women's Wrestling - 2023 Istanbul U17 World Championships,https://www.youtube.com/watch?v=-50m20FLUQQ
c_6CbCZCWUk,Savita SAVITA (IND) vs. Konami ONO (JPN) | WW 61Kg | Gold Medal,2023-08-05,7:31,試合,U17,世界選手権,2023,タイトルにJPN/Japan・選手名の一致,高,小野 こなみ(Konami ONO),Women's Wrestling - 2023 Istanbul U17 World Championships,https://www.youtube.com/watch?v=c_6CbCZCWUk
41uBfLwyUXE,Qualification • FS 65Kg • Keyvan GHAREHDAGHI (JPN) vs. Erdal Shukri GALIP (BUL),2023-08-04,6:44,試合,シニア(または不明),,2023,タイトルにJPN/Japan,高,照合なし,,https://www.youtube.com/watch?v=41uBfLwyUXE
QYEDSnph3uQ,Bronze Medal • WW 73Kg • Ako UCHIYAMA (JPN) vs. Aliaksandra KAZLOVA (AIN),2023-08-03,6:04,試合,シニア(または不明),,2023,タイトルにJPN/Japan,高,照合なし,,https://www.youtube.com/watch?v=QYEDSnph3uQ
ev83bH62kQw,Gold Medal • WW 65Kg • Duygu GEN (TUR) vs. Chisato YOSHIDA (JPN),2023-08-03,6:22,試合,U17,世界選手権,2023,タイトルにJPN/Japan・選手名の一致,高,吉田 千沙都(Chisato YOSHIDA),Women's Wrestling - 2023 Istanbul U17 World Championships,https://www.youtube.com/watch?v=ev83bH62kQw
2izJYqpzlGo,Eighth Final • WW 53Kg • Bayasgalan MONGOLKHUU (MGL) vs. Sakura ONISHI (JPN),2023-08-03,2:19,試合,シニア(または不明),,2023,タイトルにJPN/Japan・選手名の一致,高,尾西 桜(Sakura ONISHI),,https://www.youtube.com/watch?v=2izJYqpzlGo
kj7mIa33zcY,Qualification • WW 61Kg • Konami ONO (JPN) vs. Leana Aurore Clara SIERRA (FRA),2023-08-03,2:45,試合,シニア(または不明),,2023,タイトルにJPN/Japan・選手名の一致,高,小野 こなみ(Konami ONO),,https://www.youtube.com/watch?v=kj7mIa33zcY
IqlHhwlD_xU,Semi Final • WW 49Kg • Rinka OGAWA (JPN) vs. Tana TIULIUSH (AIN),2023-08-03,4:34,試合,シニア(または不明),,2023,タイトルにJPN/Japan・選手名の一致,高,小川 凜佳(Rinka OGAWA),,https://www.youtube.com/watch?v=IqlHhwlD_xU
aIi1DcMGBGA,Eighth Final • GR 45Kg • Turan DASHDAMIROV (AZE) vs. Kaisei YAMAMOTO (JPN),2023-08-03,3:44,試合,シニア(または不明),,2023,タイトルにJPN/Japan,高,照合なし,,https://www.youtube.com/watch?v=aIi1DcMGBGA
tFleb6ebsBI,Eighth Final • GR 51Kg • Zhanbolat SAPARBEK (KAZ) vs. Futo FUKASAWA (JPN),2023-08-03,11:14,試合,シニア(または不明),,2023,タイトルにJPN/Japan,高,照合なし,,https://www.youtube.com/watch?v=tFleb6ebsBI
OsbbqIQzSI4,Eighth Final • WW 69Kg • Ai SAKAI (JPN) vs. Jasmine Dolores ROBINSON (USA),2023-08-03,4:30,試合,シニア(または不明),,2023,タイトルにJPN/Japan・選手名の一致,高,坂井 愛(Ai SAKAI),,https://www.youtube.com/watch?v=OsbbqIQzSI4
_udxrw1YTBc,Semi Final • WW 57Kg • YeoJin MIN (KOR) vs. Sowaka UCHIDA (JPN),2023-08-03,2:13,試合,シニア(または不明),,2023,タイトルにJPN/Japan・選手名の一致,高,内田 颯夏(Sowaka UCHIDA),,https://www.youtube.com/watch?v=_udxrw1YTBc
QAS2l6mFK6k,Quarter Final • WW 53Kg • Sakura ONISHI (JPN) vs. Karlee Sayuri Tadlas Kalia Kaia BROOKS (USA),2023-08-03,6:11,試合,シニア(または不明),,2023,タイトルにJPN/Japan・選手名の一致,高,尾西 桜(Sakura ONISHI),,https://www.youtube.com/watch?v=QAS2l6mFK6k
H06dzhhJgjI,Quarter Final • WW 57Kg • Sowaka UCHIDA (JPN) vs. Neha NEHA (IND),2023-08-03,8:34,試合,シニア(または不明),,2023,タイトルにJPN/Japan・選手名の一致,高,内田 颯夏(Sowaka UCHIDA),,https://www.youtube.com/watch?v=H06dzhhJgjI
9UrB8Do2FP4,Eighth Final • GR 71Kg • Isodzhon NURAKHMADOV (TJK) vs. Shuya MIURA (JPN),2023-08-03,4:44,試合,シニア(または不明),,2023,タイトルにJPN/Japan・選手名の一致,高,三浦 修矢(Shuya MIURA),,https://www.youtube.com/watch?v=9UrB8Do2FP4
KHKZcla9gQQ,Eighth Final • U17 GR 55Kg • Shu TAKAHASHI (JPN) vs. Mohammadreza Gholamreza GHOLAMI (IRI),2023-08-03,6:13,試合,U17,,2023,タイトルにJPN/Japan,高,照合なし,,https://www.youtube.com/watch?v=KHKZcla9gQQ
WOO1noY_kpE,Qualification • GR 71Kg • Shuya MIURA (JPN) vs. Ognjen TODOSIJEVIC (SRB),2023-08-03,4:25,試合,シニア(または不明),,2023,タイトルにJPN/Japan・選手名の一致,高,三浦 修矢(Shuya MIURA),,https://www.youtube.com/watch?v=WOO1noY_kpE
K5ArXMOmyfE,Semi Final • U17 GR 80Kg • Uladzislau DUBROUSKI (AIN) vs. Taizo YOSHIDA (JPN),2023-08-03,6:42,試合,U17,,2023,タイトルにJPN/Japan・選手名の一致,高,吉田 泰造(Taizo YOSHIDA),,https://www.youtube.com/watch?v=K5ArXMOmyfE
z6QPdq4_k9Y,Eighth Final • WW 61Kg • Konami ONO (JPN) vs. Leonie STEIGERT (GER),2023-08-03,6:51,試合,シニア(または不明),,2023,タイトルにJPN/Japan・選手名の一致,高,小野 こなみ(Konami ONO),,https://www.youtube.com/watch?v=z6QPdq4_k9Y
DevWToMXneU,Repechage • WW 73Kg • Ako UCHIYAMA (JPN) vs. Laia HORTA GALLARDO (ESP),2023-08-03,6:19,試合,シニア(または不明),,2023,タイトルにJPN/Japan,高,照合なし,,https://www.youtube.com/watch?v=DevWToMXneU
lw6mpNC0AB4,Repechage • GR 48Kg • Maksim BRADZIAK (AIN) vs. Haruku SHIINA (JPN),2023-08-03,7:12,試合,シニア(または不明),,2023,タイトルにJPN/Japan,高,照合なし,,https://www.youtube.com/watch?v=lw6mpNC0AB4
dr_HWznanxQ,Qualification • WW 46Kg • Hava KONCA (TUR) vs. Natsumi MASUDA (JPN),2023-08-03,4:55,試合,シニア(または不明),,2023,タイトルにJPN/Japan・選手名の一致,高,升田 夏実(Natsumi MASUDA),,https://www.youtube.com/watch?v=dr_HWznanxQ
LgfjtuPvrcI,Eighth Final • U17 GR 110Kg • Andreas Samuel KERN (SVK) vs. Ryosei KATAMATSU (JPN),2023-08-03,6:40,試合,U17,,2023,タイトルにJPN/Japan・選手名の一致,高,片松 龍誠(Ryosei KATAMATSU),,https://www.youtube.com/watch?v=LgfjtuPvrcI
CT2DDWn3apA,Quarter Final • WW 49Kg • Drishti DRISHTI (IND) vs. Rinka OGAWA (JPN),2023-08-03,3:41,試合,シニア(または不明),,2023,タイトルにJPN/Japan・選手名の一致,高,小川 凜佳(Rinka OGAWA),,https://www.youtube.com/watch?v=CT2DDWn3apA
jqPsjaXbN2E,Quarter Final • WW 65Kg • Chisato YOSHIDA (JPN) vs. Mukhayyo RAKHIMJONOVA (UZB),2023-08-03,5:46,試合,シニア(または不明),,2023,タイトルにJPN/Japan・選手名の一致,高,吉田 千沙都(Chisato YOSHIDA),,https://www.youtube.com/watch?v=jqPsjaXbN2E
wC3nH-LoPhs,Quarter Final • WW 61Kg • Eda BALAZS (HUN) vs. Konami ONO (JPN),2023-08-03,2:22,試合,シニア(または不明),,2023,タイトルにJPN/Japan・選手名の一致,高,小野 こなみ(Konami ONO),,https://www.youtube.com/watch?v=wC3nH-LoPhs
b7v0U0kRkmU,Eighth Final • U17 GR 80Kg • Itzhak Shon Itzhak NEMSADZE (ISR) vs. Taizo YOSHIDA (JPN),2023-08-03,3:21,試合,U17,,2023,タイトルにJPN/Japan・選手名の一致,高,吉田 泰造(Taizo YOSHIDA),,https://www.youtube.com/watch?v=b7v0U0kRkmU
ety60mZLRIA,Eighth Final • U17 GR 65Kg • Kumar SACHIN (IND) vs. Tsubasa EGUCHI (JPN),2023-08-03,4:55,試合,U17,,2023,タイトルにJPN/Japan・選手名の一致,高,江口 翼(Tsubasa EGUCHI),,https://www.youtube.com/watch?v=ety60mZLRIA
ktLwjWEpmC4,Semi Final • WW 43Kg • Mona EZAKA (JPN) vs. Maria Louiza GKIKA (GRE),2023-08-03,5:08,試合,シニア(または不明),,2023,タイトルにJPN/Japan,高,照合なし,,https://www.youtube.com/watch?v=ktLwjWEpmC4
GaHgPptzIQY,Quarter Final • U17 GR 80Kg • Taizo YOSHIDA (JPN) vs. Alireza Abghar ABBASI (IRI),2023-08-03,10:01,試合,U17,,2023,タイトルにJPN/Japan・選手名の一致,高,吉田 泰造(Taizo YOSHIDA),,https://www.youtube.com/watch?v=GaHgPptzIQY
rxBTYZ4k0ug,Qualification • U17 GR 80Kg • Taizo YOSHIDA (JPN) vs. Emir Tugra DAYAL (TUR),2023-08-03,8:40,試合,U17,,2023,タイトルにJPN/Japan・選手名の一致,高,吉田 泰造(Taizo YOSHIDA),,https://www.youtube.com/watch?v=rxBTYZ4k0ug
jQm0c1DkXPg,Quarter Final • WW 40Kg • Koharu AKUTSU (JPN) vs. Shokhista SHONAZAROVA (UZB),2023-08-03,8:43,試合,シニア(または不明),,2023,タイトルにJPN/Japan,高,照合なし,,https://www.youtube.com/watch?v=jQm0c1DkXPg
y-url3rgIxg,Eighth Final • WW 57Kg • Kai Yi LI (TPE) vs. Sowaka UCHIDA (JPN),2023-08-03,1:59,試合,シニア(または不明),,2023,タイトルにJPN/Japan・選手名の一致,高,内田 颯夏(Sowaka UCHIDA),,https://www.youtube.com/watch?v=y-url3rgIxg
tMNxS8jppGo,Qualification • WW 43Kg • Mona EZAKA (JPN) vs. Aleksandra BEREZOVSKAIA (AIN),2023-08-03,1:37,試合,シニア(または不明),,2023,タイトルにJPN/Japan,高,照合なし,,https://www.youtube.com/watch?v=tMNxS8jppGo
UKPvUyAZBIU,Eighth Final • U17 GR 48Kg • Payam Farzad AHMADI BALOOTAKI (IRI) vs. Haruku SHIINA (JPN),2023-08-03,6:46,試合,U17,,2023,タイトルにJPN/Japan,高,照合なし,,https://www.youtube.com/watch?v=UKPvUyAZBIU
Zu8gnwKBkKU,Qualification • WW 49Kg • Arina ABDULLINA (KAZ) vs. Rinka OGAWA (JPN),2023-08-03,2:14,試合,シニア(または不明),,2023,タイトルにJPN/Japan・選手名の一致,高,小川 凜佳(Rinka OGAWA),,https://www.youtube.com/watch?v=Zu8gnwKBkKU
CG_UmpcP2xw,Semi Final • WW 65Kg • Chisato YOSHIDA (JPN) vs. Margarita SALNAZARIAN (AIN),2023-08-03,5:54,試合,シニア(または不明),,2023,タイトルにJPN/Japan・選手名の一致,高,吉田 千沙都(Chisato YOSHIDA),,https://www.youtube.com/watch?v=CG_UmpcP2xw
7jC4-vyampY,Quarter Final • WW 46Kg • Josephine WRENSCH (GER) vs. Natsumi MASUDA (JPN),2023-08-03,6:19,試合,シニア(または不明),,2023,タイトルにJPN/Japan・選手名の一致,高,升田 夏実(Natsumi MASUDA),,https://www.youtube.com/watch?v=7jC4-vyampY
XTNx2fGS8BM,Qualification • WW 57Kg • Sowaka UCHIDA (JPN) vs. Nikola PIECHOCKA (POL),2023-08-03,2:00,試合,シニア(または不明),,2023,タイトルにJPN/Japan・選手名の一致,高,内田 颯夏(Sowaka UCHIDA),,https://www.youtube.com/watch?v=XTNx2fGS8BM
HWBqFxxwVVo,Repechage • GR 45Kg • Kaisei YAMAMOTO (JPN) vs. Kadyrbek ALMANBETOV (KGZ),2023-08-03,6:37,試合,シニア(または不明),,2023,タイトルにJPN/Japan,高,照合なし,,https://www.youtube.com/watch?v=HWBqFxxwVVo
A6bWx7IwzPA,Eighth Final • WW 73Kg • Piper Meredith FOWLER (USA) vs. Ako UCHIYAMA (JPN),2023-08-03,4:06,試合,シニア(または不明),,2023,タイトルにJPN/Japan,高,照合なし,,https://www.youtube.com/watch?v=A6bWx7IwzPA
Bg4GMLDbjK0,Eighth Final • WW 65Kg • Marina AKHAI (MGL) vs. Chisato YOSHIDA (JPN),2023-08-03,4:35,試合,シニア(または不明),,2023,タイトルにJPN/Japan・選手名の一致,高,吉田 千沙都(Chisato YOSHIDA),,https://www.youtube.com/watch?v=Bg4GMLDbjK0
92YQsZTqewk,Qualification • GR 60Kg • Daichi SAKASHITA (JPN) vs. Varun VARUN (IND),2023-08-03,7:08,試合,シニア(または不明),,2023,タイトルにJPN/Japan,高,照合なし,,https://www.youtube.com/watch?v=92YQsZTqewk
6NmWWYWjRbA,Quarter Final • WW 43Kg • Parveen PARVEEN (IND) vs. Mona EZAKA (JPN),2023-08-03,0:44,試合,シニア(または不明),,2023,タイトルにJPN/Japan,高,照合なし,,https://www.youtube.com/watch?v=6NmWWYWjRbA
S9A-3mZtFVw,Gold Medal • WW 57Kg • Sowaka UCHIDA (JPN) vs. Eylem ENGIN (TUR),2023-08-03,3:28,試合,U17,世界選手権,2023,タイトルにJPN/Japan・選手名の一致,高,内田 颯夏(Sowaka UCHIDA),Women's Wrestling - 2023 Istanbul U17 World Championships,https://www.youtube.com/watch?v=S9A-3mZtFVw
unHDKlkAAU4,Gold Medal • WW 49Kg • Sviatlana KATENKA (AIN) vs. Rinka OGAWA (JPN),2023-08-03,2:38,試合,U17,世界選手権,2023,タイトルにJPN/Japan・選手名の一致,高,小川 凜佳(Rinka OGAWA),Women's Wrestling - 2023 Istanbul U17 World Championships,https://www.youtube.com/watch?v=unHDKlkAAU4
OlrD99CdK0g,Gold Medal • WW 43Kg • Mona EZAKA (JPN) vs. Morgan Nicole TURNER (USA),2023-08-03,8:26,試合,U17,世界選手権,2023,タイトルにJPN/Japan,高,照合なし,Women's Wrestling - 2023 Istanbul U17 World Championships,https://www.youtube.com/watch?v=OlrD99CdK0g
WgV9CDqpna4,Semi Final • WW 53Kg • Fabiana RINELLA (ITA) vs. Sakura ONISHI (JPN),2023-08-03,2:57,試合,シニア(または不明),,2023,タイトルにJPN/Japan・選手名の一致,高,尾西 桜(Sakura ONISHI),,https://www.youtube.com/watch?v=WgV9CDqpna4
wQZ5PfLze4U,Semi Final • WW 46Kg • Natsumi MASUDA (JPN) vs. Daniella Tara HOSSEIN BEKY (NOR),2023-08-03,5:29,試合,シニア(または不明),,2023,タイトルにJPN/Japan・選手名の一致,高,升田 夏実(Natsumi MASUDA),,https://www.youtube.com/watch?v=wQZ5PfLze4U
jzUyuNPMiLU,Semi Final • WW 61Kg • Konami ONO (JPN) vs. Leah Melina Falkeid SAMSONSEN (NOR),2023-08-03,1:48,試合,シニア(または不明),,2023,タイトルにJPN/Japan・選手名の一致,高,小野 こなみ(Konami ONO),,https://www.youtube.com/watch?v=jzUyuNPMiLU
RNF20azxpl0,Semi Final • WW 40Kg • Koharu AKUTSU (JPN) vs. Klara WINKLER (GER),2023-08-03,8:03,試合,シニア(または不明),,2023,タイトルにJPN/Japan,高,照合なし,,https://www.youtube.com/watch?v=RNF20azxpl0
xQl8i6ciiS8,Gold Medal • GR 80Kg • Mikhail SHKARIN (AIN) vs. Taizo YOSHIDA (JPN),2023-08-02,11:05,試合,U17,世界選手権,2023,タイトルにJPN/Japan・選手名の一致,高,吉田 泰造(Taizo YOSHIDA),Greco-Roman Wrestling - 2023 Istanbul U17 World Championships,https://www.youtube.com/watch?v=xQl8i6ciiS8
_cxWLYcHwp0,Gold Medal • U15 WW 54Kg • Rion OGAWA (JPN) vs. Munisa MINGYASHAROVA (UZB),2023-07-14,1:30,試合,U15,アジア選手権,2023,タイトルにJPN/Japan,高,照合なし,Women's Wrestling - 2023 U15 Asian Championships,https://www.youtube.com/watch?v=_cxWLYcHwp0
ZkQHhqiDJsA,Final 3-4 • U15 WW 62Kg • Laylo ORAZBOEVA (UZB) vs. Natsuki KUMAZAWA (JPN),2023-07-14,2:56,試合,U15,アジア選手権,2023,タイトルにJPN/Japan,高,照合なし,Women's Wrestling - 2023 U15 Asian Championships,https://www.youtube.com/watch?v=ZkQHhqiDJsA
ALy0KgzJb7M,Gold Medal • U15 WW 50Kg • Nana KOZUKA (JPN) vs. Farida ABDRAKHMANOVA (KAZ),2023-07-14,4:50,試合,U15,アジア選手権,2023,タイトルにJPN/Japan,高,照合なし,Women's Wrestling - 2023 U15 Asian Championships,https://www.youtube.com/watch?v=ALy0KgzJb7M
XRIYP7MY4P4,Gold Medal • U15 WW 46Kg • Kumari ADITI (IND) vs. Yuu KATSUME (JPN),2023-07-14,1:36,試合,U15,アジア選手権,2023,タイトルにJPN/Japan,高,照合なし,Women's Wrestling - 2023 U15 Asian Championships,https://www.youtube.com/watch?v=XRIYP7MY4P4
nPuaVOV2E7M,Round 3 • U15 WW 36Kg • Pooja POOJA (IND) vs. Sayuki HIBARINO (JPN),2023-07-14,6:42,試合,U15,アジア選手権,2023,タイトルにJPN/Japan,高,照合なし,Women's Wrestling - 2023 U15 Asian Championships,https://www.youtube.com/watch?v=nPuaVOV2E7M
pIt9MRSS3cA,Gold Medal • U15 WW 58Kg • Hanano MORIWAKI (JPN) vs. Ariunzul BOLDBAATAR (MGL),2023-07-14,6:08,試合,U15,アジア選手権,2023,タイトルにJPN/Japan,高,照合なし,Women's Wrestling - 2023 U15 Asian Championships,https://www.youtube.com/watch?v=pIt9MRSS3cA
xsH72H3poe8,Gold Medal • U15 WW 66Kg • Yurina HONDA (JPN) vs. Mukhayyo RAKHIMJONOVA (UZB),2023-07-14,6:32,試合,U15,アジア選手権,2023,タイトルにJPN/Japan,高,照合なし,Women's Wrestling - 2023 U15 Asian Championships,https://www.youtube.com/watch?v=xsH72H3poe8
yNldpLuOqmM,Gold Medal • U15 WW 42Kg • Dipanshi DIPANSHI (IND) vs. Reisa KOJIMA (JPN),2023-07-14,5:54,試合,U15,アジア選手権,2023,タイトルにJPN/Japan,高,照合なし,Women's Wrestling - 2023 U15 Asian Championships,https://www.youtube.com/watch?v=yNldpLuOqmM
GfmmZU7AEkA,Gold Medal • FS 92Kg • Arash YOSHIDA (JPN) vs. Rizabek AITMUKHAN (KAZ),2023-04-15,9:00,試合,シニア(または不明),,2023,タイトルにJPN/Japan・選手名の一致,高,吉田 アラシ(Arash YOSHIDA),Freestyle Wrestling - 2023 Asian Wrestling Championships,https://www.youtube.com/watch?v=GfmmZU7AEkA
tgfTGRiWJuM,Gold Medal • FS 74Kg • Kirin KINOSHITA (JPN) vs. Darkhan YESSENGALI (KAZ),2023-04-15,9:47,試合,シニア(または不明),,2023,タイトルにJPN/Japan,高,照合なし,Freestyle Wrestling - 2023 Asian Wrestling Championships,https://www.youtube.com/watch?v=tgfTGRiWJuM
yEjP-3pRVHg,Extending the unbeaten streak to 117 bouts here is Akari FUJINAMI 🇯🇵,2023-04-13,0:12,ショート,シニア(または不明),,2023,タイトルにJPN/Japan・選手名の一致(国名なし),高,藤波 朱理(Akari FUJINAMI),,https://www.youtube.com/watch?v=yEjP-3pRVHg
h-GpoGmzHQc,"Sae NANJO: ""This year, the Meiji Cup is an important domestic tournament heading to the Olympics""",2023-04-13,0:58,ショート,シニア(または不明),オリンピック,2023,選手名の一致(国名なし),中,南條 早映(Sae NANJO),Women's Wrestling - 2023 Asian Wrestling Championships,https://www.youtube.com/watch?v=h-GpoGmzHQc
ERnCt8zvM_k,"An interview with Akari Fujinami 🇯🇵: ""I wanted to try things other than my specialty of low tackle""",2023-04-13,0:44,インタビュー,シニア(または不明),,2023,タイトルにJPN/Japan・選手名の一致(国名なし),高,藤波 朱理(Akari FUJINAMI),Best of Akari Fujinami / Women's Wrestling - 2023 Asian Wrestling Championships,https://www.youtube.com/watch?v=ERnCt8zvM_k
_M01xy5IGzk,Gold Medal • WW 72Kg • Zhamila BAKBERGENOVA (KAZ) vs. Sumire NIIKURA (JPN),2023-04-13,8:11,試合,シニア(または不明),,2023,タイトルにJPN/Japan・選手名の一致,高,新倉 すみれ(Sumire NIIKURA),Women's Wrestling - 2023 Asian Wrestling Championships,https://www.youtube.com/watch?v=_M01xy5IGzk
hXZ2ZMeuuRQ,Gold Medal • WW 65Kg • Jia LONG (CHN) vs. Mahiro YOSHITAKE (JPN),2023-04-13,8:32,試合,シニア(または不明),,2023,タイトルにJPN/Japan・選手名の一致,高,吉武 まひろ(Mahiro YOSHITAKE),Women's Wrestling - 2023 Asian Wrestling Championships,https://www.youtube.com/watch?v=hXZ2ZMeuuRQ
NUnUUnTuhgs,Gold Medal • WW 57Kg • Laylokhon SOBIROVA (UZB) vs. Sae NANJO (JPN),2023-04-13,3:00,試合,シニア(または不明),,2023,タイトルにJPN/Japan・選手名の一致,高,南條 早映(Sae NANJO),,https://www.youtube.com/watch?v=NUnUUnTuhgs
17T-3Ch8vgE,Gold Medal • WW 53Kg • Antim ANTIM (IND) vs. Akari FUJINAMI (JPN),2023-04-13,4:24,試合,シニア(または不明),,2023,タイトルにJPN/Japan・選手名の一致,高,藤波 朱理(Akari FUJINAMI),,https://www.youtube.com/watch?v=17T-3Ch8vgE
diiy1B_gyzo,Ami ISHII 🇯🇵 wins her first Asian 🥇,2023-04-12,0:13,ショート,シニア(または不明),,2023,タイトルにJPN/Japan・選手名の一致(国名なし),高,石井 亜海(Ami ISHII),,https://www.youtube.com/watch?v=diiy1B_gyzo
YWtiP7eUwLo,World silver medalist Ami ISHII (JPN) at 68kg earned gold in the senior Asian debut,2023-04-12,2:30,その他,シニア(または不明),,2023,タイトルにJPN/Japan・選手名の一致,高,石井 亜海(Ami ISHII),Women's Wrestling - 2023 Asian Wrestling Championships,https://www.youtube.com/watch?v=YWtiP7eUwLo
0xYAxlodtMA,Yui SAKANO at 59kg earned gold in the senior Asian debut,2023-04-12,0:53,ショート,シニア(または不明),,2023,選手名の一致(国名なし),中,坂野 結衣(Yui SAKANO),Women's Wrestling - 2023 Asian Wrestling Championships,https://www.youtube.com/watch?v=0xYAxlodtMA
gdMCzYcWRng,Remina YOSHIMOTO (JPN) defended her 50kg title at the Asian Championships,2023-04-12,1:17,その他,シニア(または不明),アジア選手権,2023,タイトルにJPN/Japan・選手名の一致,高,吉元 玲美那(Remina YOSHIMOTO),Women's Wrestling - 2023 Asian Wrestling Championships,https://www.youtube.com/watch?v=gdMCzYcWRng
yT9gB29N_vo,Gold Medal • WW 68Kg • Ami ISHII (JPN) vs. Nisha NISHA (IND),2023-04-12,8:04,試合,シニア(または不明),,2023,タイトルにJPN/Japan・選手名の一致,高,石井 亜海(Ami ISHII),Women's Wrestling - 2023 Asian Wrestling Championships,https://www.youtube.com/watch?v=yT9gB29N_vo
1kWVwP0xG3c,Gold Medal • WW 59Kg • Zhuomalaga ZHUOMALAGA (CHN) vs. Yui SAKANO (JPN),2023-04-12,8:48,試合,シニア(または不明),,2023,タイトルにJPN/Japan・選手名の一致,高,坂野 結衣(Yui SAKANO),Women's Wrestling - 2023 Asian Wrestling Championships,https://www.youtube.com/watch?v=1kWVwP0xG3c
91YJ8q0XFu8,Gold Medal • WW 50Kg • Jasmina IMMAEVA (UZB) vs. Remina YOSHIMOTO (JPN),2023-04-12,3:55,試合,シニア(または不明),,2023,タイトルにJPN/Japan・選手名の一致,高,吉元 玲美那(Remina YOSHIMOTO),Women's Wrestling - 2023 Asian Wrestling Championships,https://www.youtube.com/watch?v=91YJ8q0XFu8
ZilaD3B1FNM,Pure domination from Remina YOSHIMOTO 🇯🇵,2023-04-11,0:17,ショート,シニア(または不明),,2023,タイトルにJPN/Japan・選手名の一致(国名なし),高,吉元 玲美那(Remina YOSHIMOTO),,https://www.youtube.com/watch?v=ZilaD3B1FNM
gozE3h55tL8,No nerves from Ami ISHII 🇯🇵👏🏼,2023-04-11,0:15,ショート,シニア(または不明),,2023,タイトルにJPN/Japan・選手名の一致(国名なし),高,石井 亜海(Ami ISHII),,https://www.youtube.com/watch?v=gozE3h55tL8
COXz0KW1TR0,Gold Medal • GR 67Kg • Kyotaro SOGABE (JPN) vs. Abror ATABAEV (UZB),2023-04-11,2:32,試合,シニア(または不明),,2023,タイトルにJPN/Japan・選手名の一致,高,曽我部 京太郎(Kyotaro SOGABE),Greco-Roman Wrestling - 2023 Asian Wrestling Championships,https://www.youtube.com/watch?v=COXz0KW1TR0
5Tp6xmtfT6w,Gold Medal • WW 53Kg • Akari FUJINAMI (JPN) vs. Bolortuya BAT OCHIR (MGL),2023-02-04,5:06,試合,シニア(または不明),,2023,タイトルにJPN/Japan・選手名の一致,高,藤波 朱理(Akari FUJINAMI),,https://www.youtube.com/watch?v=5Tp6xmtfT6w
9zJcq46Kmb0,Gold Medal • WW 57Kg • Yongxin FENG (CHN) vs. Sae NANJO (JPN),2023-02-04,8:27,試合,シニア(または不明),,2023,タイトルにJPN/Japan・選手名の一致,高,南條 早映(Sae NANJO),,https://www.youtube.com/watch?v=9zJcq46Kmb0
zUKDoCXMxVg,Round 2 • WW 59Kg • Yui SAKANO (JPN) vs. Anastasia NICHITA (MDA),2023-02-03,8:57,試合,シニア(または不明),,2023,タイトルにJPN/Japan・選手名の一致,高,坂野 結衣(Yui SAKANO),,https://www.youtube.com/watch?v=zUKDoCXMxVg
F6SPUl7m1tk,Gold Medal • WW 62Kg • Grace Jacob BULLEN (NOR) vs. Sakura MOTOKI (JPN),2023-02-03,7:59,試合,シニア(または不明),,2023,タイトルにJPN/Japan・選手名の一致,高,元木 咲良(Sakura MOTOKI),Best of Sakura MOTOKI,https://www.youtube.com/watch?v=F6SPUl7m1tk
097afcdRdrc,Gold Medal • WW 65Kg • Mallory Maxine VELTE (USA) vs. Mahiro YOSHITAKE (JPN),2023-02-03,8:35,試合,シニア(または不明),,2023,タイトルにJPN/Japan・選手名の一致,高,吉武 まひろ(Mahiro YOSHITAKE),,https://www.youtube.com/watch?v=097afcdRdrc
e_hPuP2eaF4,Round 5 • WW 55Kg • Moe KIYOOKA (JPN) vs. Mariana DRAGUTAN (MDA),2023-02-02,5:38,試合,シニア(または不明),,2023,タイトルにJPN/Japan・選手名の一致,高,清岡 もえ(Moe KIYOOKA),,https://www.youtube.com/watch?v=e_hPuP2eaF4
4DnKLXme3jw,Gold Medal • WW 50Kg • Jiang ZHU (CHN) vs. Yui SUSAKI (JPN),2023-02-02,7:33,試合,シニア(または不明),,2023,タイトルにJPN/Japan・選手名の一致,高,須﨑 優衣(Yui SUSAKI),,https://www.youtube.com/watch?v=4DnKLXme3jw
3dYntTmSCKY,Gold Medal • FS 57Kg • Yuto NISHIUCHI (JPN) vs. Aliabbas RZAZADE (AZE),2023-02-01,8:50,試合,シニア(または不明),,2023,タイトルにJPN/Japan・選手名の一致,高,西内 悠人(Yuto NISHIUCHI),,https://www.youtube.com/watch?v=3dYntTmSCKY
8S5ugGHfKZk,Gold Medal • FS 86Kg • Hassan Aliazam YAZDANICHARATI (IRI) vs. Hayato ISHIGURO (JPN),2023-02-01,4:34,試合,シニア(または不明),,2023,タイトルにJPN/Japan・選手名の一致,高,石黒 隼士(Hayato ISHIGURO),,https://www.youtube.com/watch?v=8S5ugGHfKZk
3byZZK4anGs,UWW Embedded: USA and Iran renew rivalry at Freestyle World Cup,2023-01-26,8:46,その他,シニア(または不明),ワールドカップ,2023,説明にJPN/Japan,低(要確認),照合なし,,https://www.youtube.com/watch?v=3byZZK4anGs
TMb0YkI_F9g,Ozaki Earns Women’s Wrestler of the Year honors,2022-12-28,1:02,その他,シニア(または不明),,2022,説明にJPN/Japan,低(要確認),照合なし,Best of Nonoka OZAKI,https://www.youtube.com/watch?v=TMb0YkI_F9g
G2oywMXB_Xk,"Amouzad, Elor, Nazaryan Tabbed as UWW's Rising Stars of 2022",2022-12-22,1:34,その他,シニア(または不明),,2022,説明にJPN/Japan,低(要確認),照合なし,Best of Amit Elor,https://www.youtube.com/watch?v=G2oywMXB_Xk
YWWp86OWA7M,"Susaki, Abakarov, Makhmudov and Sharshenbekov named UWW's 2022 History Makers of the Year",2022-12-21,1:56,ハイライト・特集,シニア(または不明),,2022,説明にJPN/Japan,低(要確認),照合なし,Best of Yui Susaki / Best of Zholaman Sharshenbekov,https://www.youtube.com/watch?v=YWWp86OWA7M
GOx7NtGwU30,The World Wrestling World Cup Explainer,2022-11-26,1:12,その他,シニア(または不明),ワールドカップ,2022,説明にJPN/Japan,低(要確認),照合なし,,https://www.youtube.com/watch?v=GOx7NtGwU30
hV7SzjGEgwc,The Freestyle World Cup is coming to the United States,2022-11-20,1:17,その他,シニア(または不明),ワールドカップ,2022,説明にJPN/Japan,低(要確認),照合なし,,https://www.youtube.com/watch?v=hV7SzjGEgwc
Hp-2otWmxzI,Sae Nanjo (JPN) vs Patrycja Gil (POL) - Finał // U23 World Championships 2022 // 57kg,2022-10-22,4:45,試合,U23,世界選手権,2022,タイトルにJPN/Japan・選手名の一致,高,南條 早映(Sae NANJO),,https://www.youtube.com/watch?v=Hp-2otWmxzI
JjfRXrLbRf0,Haruna Okuno (JPN) vs Lucia Yepez Guzman (ECU) - Final // U23 World Championships 2022 // 53kg,2022-10-22,3:05,試合,U23,世界選手権,2022,タイトルにJPN/Japan,高,照合なし,Best of Lucia YEPEZ GUZMAN,https://www.youtube.com/watch?v=JjfRXrLbRf0
jh2RNwHOl48,Nonoka Ozaki (JPN) vs Iryna Bondar (UKR) -  Final // U23 World Championships 2022 // 62kg,2022-10-22,2:55,試合,U23,世界選手権,2022,タイトルにJPN/Japan・選手名の一致,高,尾﨑 野乃香(Nonoka OZAKI),Best of Nonoka OZAKI,https://www.youtube.com/watch?v=jh2RNwHOl48
bLz5sGul0Vo,Miwa Morikawa (JPN) vs Nigar Mirzazada (AZE) - Final // U23 World Championships 2022 // 65kg,2022-10-22,3:19,試合,U23,世界選手権,2022,タイトルにJPN/Japan・選手名の一致,高,森川 美和(Miwa MORIKAWA),,https://www.youtube.com/watch?v=bLz5sGul0Vo
sehuafM2lx8,Nesrin Bas (TUR) vs Naruha Matsuyuki (JPN) - Final // U23 World Championships 2022 // 68kg,2022-10-20,8:33,試合,U23,世界選手権,2022,タイトルにJPN/Japan,高,照合なし,Best of Nesrin BAS,https://www.youtube.com/watch?v=sehuafM2lx8
7_hkprJYTNk,Himeka Tokuhara (JPN) vs Magdalena Glodek (POL) - Final // World Championships 2022 // 59kg,2022-10-20,10:19,試合,シニア(または不明),世界選手権,2022,タイトルにJPN/Japan・選手名の一致,高,德原 姫花(Himeka TOKUHARA),,https://www.youtube.com/watch?v=7_hkprJYTNk
nAN1_7w5vBQ,Yui Susaki (JPN) vs Ankush Ankush (IND) - Final // U23 World Championships 2022 // 50kg,2022-10-20,2:17,試合,U23,世界選手権,2022,タイトルにJPN/Japan・選手名の一致,高,須﨑 優衣(Yui SUSAKI),Best of Yui Susaki,https://www.youtube.com/watch?v=nAN1_7w5vBQ
T9OvJlbVeAA,Moe Kiyooka (JPN) vs Mihaela Samoil (MDA) - Final // World Championships 2022 // 55kg,2022-10-20,6:23,試合,シニア(または不明),世界選手権,2022,タイトルにJPN/Japan・選手名の一致,高,清岡 もえ(Moe KIYOOKA),,https://www.youtube.com/watch?v=T9OvJlbVeAA
P6-Avb62i2M,U23 World Championship Teaser,2022-10-12,0:36,ショート,U23,世界選手権,2022,説明にJPN/Japan,低(要確認),照合なし,,https://www.youtube.com/watch?v=P6-Avb62i2M
VbySmfOqBWg,Rei Higuchi (JPN) vs Reza Atrinagharchi (IRI) - Finał // World Championships 2022 // 61kg,2022-09-24,3:23,試合,シニア(または不明),世界選手権,2022,タイトルにJPN/Japan・選手名の一致,高,樋口 黎(Rei HIGUCHI),Best of Rei HIGUCHI,https://www.youtube.com/watch?v=VbySmfOqBWg
D8PGSj5ngaU,Taishi Narikuni (JPN) vs Zain Allen Retherford (USA) - Final // World Championships 2022 // 70kg,2022-09-17,3:33,試合,シニア(または不明),世界選手権,2022,タイトルにJPN/Japan・選手名の一致,高,成國 大志(Taishi NARIKUNI),,https://www.youtube.com/watch?v=D8PGSj5ngaU
XcvbPncYW-w,Taishi NARIKUNI (JPN) wins first World gold at 70kg,2022-09-16,5:58,その他,シニア(または不明),,2022,タイトルにJPN/Japan・選手名の一致,高,成國 大志(Taishi NARIKUNI),,https://www.youtube.com/watch?v=XcvbPncYW-w
Qicr55HUIjg,Day Seven Finals Preview Show,2022-09-16,2:00,ハイライト・特集,シニア(または不明),,2022,説明にJPN/Japan,低(要確認),照合なし,,https://www.youtube.com/watch?v=Qicr55HUIjg
lh9ljYu3m1k,Is Yui SUSAKI (JPN) the best of all time ? #shorts,2022-09-16,0:14,ハイライト・特集,シニア(または不明),,2022,タイトルにJPN/Japan・選手名の一致,高,須﨑 優衣(Yui SUSAKI),,https://www.youtube.com/watch?v=lh9ljYu3m1k
G3XKFszXLhU,Tamyra Mensah (USA) vs Ami Ishii (JPN) - Final // World Championships 2022 // 68kg,2022-09-16,3:13,試合,シニア(または不明),世界選手権,2022,タイトルにJPN/Japan・選手名の一致,高,石井 亜海(Ami ISHII),,https://www.youtube.com/watch?v=G3XKFszXLhU
xdRGnx6qwxg,Tsugumi Sakurai (JPN) vs Helen Maroulis (USA) - Final // World Championships 2022 // 57kg,2022-09-16,7:59,試合,シニア(または不明),世界選手権,2022,タイトルにJPN/Japan,高,照合なし,Best of Tsugumi SAKURAI / Best of Helen Louise MAROULIS,https://www.youtube.com/watch?v=xdRGnx6qwxg
Jgfff1NNkvM,#WrestleBelgrade Day Six Finals Preview Show,2022-09-15,1:48,ハイライト・特集,シニア(または不明),世界選手権,2022,説明にJPN/Japan,低(要確認),照合なし,News + Highlights - 2022 World Championships #WrestleBelgrade,https://www.youtube.com/watch?v=Jgfff1NNkvM
X3lgXDF7C4o,Miwa Morikawa (JPN) vs Jia Long (CHN) - Final // World Championships 2022 // 65kg,2022-09-15,9:59,試合,シニア(または不明),世界選手権,2022,タイトルにJPN/Japan・選手名の一致,高,森川 美和(Miwa MORIKAWA),,https://www.youtube.com/watch?v=X3lgXDF7C4o
dD2MnX6Fndg,Yui Susaki (JPN) vs Otgonjargal Dolgorjav (MGL) - Final // World Championships 2022 // 50kg,2022-09-15,2:01,試合,シニア(または不明),世界選手権,2022,タイトルにJPN/Japan・選手名の一致,高,須﨑 優衣(Yui SUSAKI),Best of Otgonjargal DOLGORJAV / Best of Yui Susaki,https://www.youtube.com/watch?v=dD2MnX6Fndg
d_WrJVPSSvo,Yu SHIOTANI (JPN) runs it back to back #shorts,2022-09-14,0:08,ショート,シニア(または不明),,2022,タイトルにJPN/Japan・選手名の一致,高,塩谷 優(Yu SHIOTANI),,https://www.youtube.com/watch?v=d_WrJVPSSvo
bpEBVSt8cjM,Mayu Mukaida (JPN) vs Oleksandra Khomenets (UKR) - Final // World Championships 2022 // 55kg,2022-09-14,5:37,試合,シニア(または不明),世界選手権,2022,タイトルにJPN/Japan,高,照合なし,,https://www.youtube.com/watch?v=bpEBVSt8cjM
mjYnGpA5m7o,Nonoka Ozaki (JPN) vs Kayla Miracle (USA) - Final // World Championships 2022 // 62kg,2022-09-14,3:43,試合,シニア(または不明),世界選手権,2022,タイトルにJPN/Japan・選手名の一致,高,尾﨑 野乃香(Nonoka OZAKI),Best of Kayla Colleen Kiyoko MIRACLE / Best of Nonoka OZAKI,https://www.youtube.com/watch?v=mjYnGpA5m7o
yDoTFQznBNo,#WrestleBelgrade Day Four Finals Preview Show,2022-09-13,1:49,ハイライト・特集,シニア(または不明),世界選手権,2022,説明にJPN/Japan,低(要確認),照合なし,News + Highlights - 2022 World Championships #WrestleBelgrade,https://www.youtube.com/watch?v=yDoTFQznBNo
_A7ZICAlL98,#WrestleBelgrade 2022 World Championships (September 10-18),2022-09-02,1:03,その他,U20,世界選手権,2022,説明にJPN/Japan,低(要確認),照合なし,Beach Wrestling - 2022 U20 World Championships - Constanta (ROU),https://www.youtube.com/watch?v=_A7ZICAlL98
hDzTKHx7gN0,BRONZE GR - 55 kg: T. ONISHI (JPN) v. K. MANVELYAN (ARM),2022-08-20,2:33,試合,U20,世界選手権,2022,タイトルにJPN/Japan・選手名の一致,高,尾西 大河(Taiga ONISHI),Greco-Roman Wrestling - 2022 U20 World Championships - Sofia (BUL),https://www.youtube.com/watch?v=hDzTKHx7gN0
4QFFneK7NB0,Mahiro Yoshitake (JPN) vs Priyanka Priyanka (IND) - U20 World Championships 2022,2022-08-19,8:29,試合,U20,世界選手権,2022,タイトルにJPN/Japan・選手名の一致,高,吉武 まひろ(Mahiro YOSHITAKE),,https://www.youtube.com/watch?v=4QFFneK7NB0
XlIYUYsNDMI,Nonoka Ozaki (JPN) vs Sonam Sonam (IND) - Final // U 20 World Championships 2022,2022-08-19,1:27,試合,シニア(または不明),世界選手権,2022,タイトルにJPN/Japan・選手名の一致,高,尾﨑 野乃香(Nonoka OZAKI),Best of Nonoka OZAKI,https://www.youtube.com/watch?v=XlIYUYsNDMI
1ddrnfqW_JM,Ruka Natami (JPN) vs Sofia Kaur Macaluso (USA) - Final // U20 World Championships 2022,2022-08-19,8:45,試合,U20,世界選手権,2022,タイトルにJPN/Japan・選手名の一致,高,屶網 瑠夏(Ruka NATAMI),,https://www.youtube.com/watch?v=1ddrnfqW_JM
mvAitMm_FS0,Ami Ishii (JPN) vs Nurzat Nurtaeva (KGZ) - Final // U20 World Championships 2022,2022-08-18,1:57,試合,U20,世界選手権,2022,タイトルにJPN/Japan・選手名の一致,高,石井 亜海(Ami ISHII),Woman's Wrestling - 2022 U20 World Championships - Sofia (BUL),https://www.youtube.com/watch?v=mvAitMm_FS0
FPcZortbfFI,Ayano Moro (JPN) vs Priya Priya (IND) - Final // U20 World Championships 2022,2022-08-18,7:45,試合,U20,世界選手権,2022,タイトルにJPN/Japan・選手名の一致,高,茂呂 綾乃(Ayano MORO),Woman's Wrestling - 2022 U20 World Championships - Sofia (BUL),https://www.youtube.com/watch?v=FPcZortbfFI
q1Pionm63Ug,Sakura Motoki (JPN) vs Viktoria Borsos (HUN) - Final // U20 World Championships 2022,2022-08-18,1:45,試合,U20,世界選手権,2022,タイトルにJPN/Japan・選手名の一致,高,元木 咲良(Sakura MOTOKI),From U20 World Champs to Olympic Champs / Best of Sakura MOTOKI / Woman's Wrestling - 2022 U20 World Championships - Sofia (BUL),https://www.youtube.com/watch?v=q1Pionm63Ug
uiw1zKfr_EE,Moe Kiyooka (JPN) vs Albina Rillia (UKR) - Final // U20 World Championships 2022,2022-08-18,5:35,試合,U20,世界選手権,2022,タイトルにJPN/Japan・選手名の一致,高,清岡 もえ(Moe KIYOOKA),Woman's Wrestling - 2022 U20 World Championships - Sofia (BUL),https://www.youtube.com/watch?v=uiw1zKfr_EE
fM162jDRP5w,Umi Ito (JPN) vs Audrey Rae Jimenez (USA) - Final // U20 World Championships 2022,2022-08-18,2:51,試合,U20,世界選手権,2022,タイトルにJPN/Japan・選手名の一致,高,伊藤 海(Umi ITO),Woman's Wrestling - 2022 U20 World Championships - Sofia (BUL),https://www.youtube.com/watch?v=fM162jDRP5w
9Y-KeZFfK0c,Dzhabrail Gadzhiev (AZE) vs Ryunosuke Kamiya (JPN) - Final // U20 World Championships 2022,2022-08-17,2:19,試合,U20,世界選手権,2022,タイトルにJPN/Japan・選手名の一致,高,神谷 龍之介(Ryunosuke KAMIYA),,https://www.youtube.com/watch?v=9Y-KeZFfK0c
PaZyUiN6z-8,Yuto Nishiuchi (JPN) vs Armin Habibzadehsaroukolaei (IRI) - Final // U20 World Championships 2022,2022-08-17,8:29,試合,U20,世界選手権,2022,タイトルにJPN/Japan・選手名の一致,高,西内 悠人(Yuto NISHIUCHI),,https://www.youtube.com/watch?v=PaZyUiN6z-8
spQ2jBtzkE0,Harshita Harshita (IND) vs Chisato Yoshida (JPN) - Final // U17 World Championships 2022,2022-07-30,6:29,試合,U17,世界選手権,2022,タイトルにJPN/Japan・選手名の一致,高,吉田 千沙都(Chisato YOSHIDA),,https://www.youtube.com/watch?v=spQ2jBtzkE0
j-di3G82_tw,Mariia Yefremova (UKR) vs Sakura Onishi (JPN) - Final // U17 World Championships 2022,2022-07-30,6:39,試合,U17,世界選手権,2022,タイトルにJPN/Japan・選手名の一致,高,尾西 桜(Sakura ONISHI),,https://www.youtube.com/watch?v=j-di3G82_tw
eQYDjUu67os,Koko Matsuda (JPN) vs Gabriella Andrea Gomez (USA) - Final // U17 World Championships 2022,2022-07-29,7:27,試合,U17,世界選手権,2022,タイトルにJPN/Japan,高,照合なし,,https://www.youtube.com/watch?v=eQYDjUu67os
v8d0G4j5IbY,Muskan Muskan (IND) vs Mona Ezaka (JPN) - Final // U17 World Championships 2021,2022-07-29,4:27,試合,U17,世界選手権,2021,タイトルにJPN/Japan,高,照合なし,Greatest Wrestling Videos Of All Time | United World Wrestling,https://www.youtube.com/watch?v=v8d0G4j5IbY
42FCmAa2OLo,Anju Sato (JPN) vs Maria Magdalena Pantiru (ROU) - Final // U17 World Championships 2022,2022-07-28,5:58,試合,U17,世界選手権,2022,タイトルにJPN/Japan,高,照合なし,,https://www.youtube.com/watch?v=42FCmAa2OLo
QgKBNpUrosY,Sowaka Uchida (JPN) vs Gerda Terek (HUN) - Final // U17 World Championships 2022,2022-07-28,1:25,試合,U17,世界選手権,2022,タイトルにJPN/Japan・選手名の一致,高,内田 颯夏(Sowaka UCHIDA),,https://www.youtube.com/watch?v=QgKBNpUrosY
kDN3DbgjFj8,Ruzanna Mammadova (AZE) vs Mihoko Takeuchi (JPN) - Final // U17 World Championships 2022,2022-07-28,7:34,試合,U17,世界選手権,2022,タイトルにJPN/Japan・選手名の一致,高,竹内 美保子(Mihoko TAKEUCHI),,https://www.youtube.com/watch?v=kDN3DbgjFj8
i0-6BrzTQAY,Joel Richard Adams (USA) vs Ahoura Bouveiri Piani (IRI) - Final // U17 World Championships 2022,2022-07-26,6:26,試合,U17,世界選手権,2022,説明にJPN/Japan,低(要確認),照合なし,,https://www.youtube.com/watch?v=i0-6BrzTQAY
WL-_WWxcGgc,Suraj Suraj (IND) vs Faraim Mustafayev (AZE) - Final // U17 World Championships 2022,2022-07-26,6:19,試合,U17,世界選手権,2022,説明にJPN/Japan,低(要確認),照合なし,Greatest Wrestling Videos Of All Time | United World Wrestling,https://www.youtube.com/watch?v=WL-_WWxcGgc
0Gg9_rmrWpc,#WrestleRome U17 World Championships start Monday (July 25-31),2022-07-25,0:26,ショート,U17,世界選手権,2022,説明にJPN/Japan,低(要確認),照合なし,,https://www.youtube.com/watch?v=0Gg9_rmrWpc
t0EoHOshtXU,Murad Mammadov (AZE) vs Eldaniz Azizli (AZE) - Final // Matteo Pellicone 2022,2022-06-22,6:33,試合,シニア(または不明),ランキングシリーズ等,2022,説明にJPN/Japan,低(要確認),照合なし,Best of Murad MAMMADOV,https://www.youtube.com/watch?v=t0EoHOshtXU
QaG7q6fdd8o,BRONZE GR - 55 kg: S. INAOKA (JPN) v. A. ABDULLAKHODZ (KGZ),2022-06-19,2:54,試合,U17,アジア選手権,2022,タイトルにJPN/Japan,高,照合なし,Greco-Roman Wrestling - 2022 U17 Asian Championships - Bishkek (KGZ),https://www.youtube.com/watch?v=QaG7q6fdd8o
g_WnxXFwkoI,BRONZE GR - 51 kg: S. YULDASHEV (UZB) v. D. MORISHITA (JPN),2022-06-19,6:33,試合,U17,アジア選手権,2022,タイトルにJPN/Japan・選手名の一致,高,森下 大輔(Daisuke MORISHITA),Greco-Roman Wrestling - 2022 U17 Asian Championships - Bishkek (KGZ),https://www.youtube.com/watch?v=g_WnxXFwkoI
xs86tUjbpmk,BRONZE GR - 60 kg: S. YASUMI (JPN) v. Y. ASHRAPOV (KAZ),2022-06-19,1:03,試合,U17,アジア選手権,2022,タイトルにJPN/Japan・選手名の一致,高,八隅 士和(Shina YASUMI),Greco-Roman Wrestling - 2022 U17 Asian Championships - Bishkek (KGZ),https://www.youtube.com/watch?v=xs86tUjbpmk
Unzznw2ongM,BRONZE FS - 61 kg: T. TUMENBILEG (MGL) v. T. HASEGAWA (JPN),2022-06-14,9:07,試合,シニア(または不明),世界選手権,2021,タイトルにJPN/Japan・選手名の一致,高,長谷川 敏裕(Toshihiro HASEGAWA),Freestyle Wrestling - 2021 Senior World Championships - Oslo (NOR),https://www.youtube.com/watch?v=Unzznw2ongM
ow4owrYuIjc,Rei Higuchi (JPN) vs Darioush Hazrathgoli Zadeh Tansevan (IRI) - Final // Asian Championships 2022,2022-04-24,1:18,試合,シニア(または不明),アジア選手権,2022,タイトルにJPN/Japan・選手名の一致,高,樋口 黎(Rei HIGUCHI),Best of Rei HIGUCHI,https://www.youtube.com/watch?v=ow4owrYuIjc
HegjTxszNTo,Yones Aliakbar Emamichoghaei (IRI) vs Nurkozha Kaipanov (KAZ) - Final // Asian Championships 2022,2022-04-24,8:02,試合,シニア(または不明),アジア選手権,2022,説明にJPN/Japan,低(要確認),照合なし,,https://www.youtube.com/watch?v=HegjTxszNTo
p0b-xdz3O5s,Taishi Narikuni (JPN) vs Ernazar Akmataliev (KGZ) - Final // Asian Championships 2022,2022-04-23,11:40,試合,シニア(または不明),アジア選手権,2022,タイトルにJPN/Japan・選手名の一致,高,成國 大志(Taishi NARIKUNI),,https://www.youtube.com/watch?v=p0b-xdz3O5s
Vx99m0cv3GE,18-year-old Akari Fujinami wins 53 kg gold outscoring her opponents 41-0 at #WrestleUlaanbaatar,2022-04-22,2:35,その他,シニア(または不明),アジア選手権,2022,選手名の一致(国名なし),中,藤波 朱理(Akari FUJINAMI),Best of Akari Fujinami / Women's Wrestling - 2022 Senior Asian C'ships - Ulaanbaatar (MGL),https://www.youtube.com/watch?v=Vx99m0cv3GE
Imadzkf1mPY,Zhamila Bekbergenova (KAZ) vs Sumire Niikura (JPN) - Round 4 // Asian Championships 2022,2022-04-22,9:35,試合,シニア(または不明),アジア選手権,2022,タイトルにJPN/Japan・選手名の一致,高,新倉 すみれ(Sumire NIIKURA),,https://www.youtube.com/watch?v=Imadzkf1mPY
e0LQu2PPsIM,Miwa Morikawa (JPN) vs Radhika Radhika (IND) - Round 2 // Asian Championships 2022,2022-04-22,7:07,試合,シニア(または不明),アジア選手権,2022,タイトルにJPN/Japan・選手名の一致,高,森川 美和(Miwa MORIKAWA),,https://www.youtube.com/watch?v=e0LQu2PPsIM
s04JOvEiNUg,Sara Natami (JPN) vs Shoovdor Baatarjav (MGL) - Round 3 // Asian Championships 2022,2022-04-22,8:55,試合,シニア(または不明),アジア選手権,2022,タイトルにJPN/Japan・選手名の一致,高,屶網 さら(Sara NATAAMI),Women's Wrestling - 2022 Senior Asian C'ships - Ulaanbaatar (MGL),https://www.youtube.com/watch?v=s04JOvEiNUg
0r9ogsXMefs,Umi Imai (JPN) vs Otgonjargal Ganbaatar (MGL) - Round 2 // Asian Championships 2022,2022-04-22,7:57,試合,シニア(または不明),アジア選手権,2022,タイトルにJPN/Japan・選手名の一致,高,今井 佑海(Umi IMAI),,https://www.youtube.com/watch?v=0r9ogsXMefs
08gN_Dkxdjs,Tsugumi Sakurai (JPN) vs Anshu Anshu (IND) - Final // Asian Championships 2022,2022-04-22,1:31,試合,シニア(または不明),アジア選手権,2022,タイトルにJPN/Japan,高,照合なし,Best of Tsugumi SAKURAI / Best of Anshu ANSHU / Women's Wrestling - 2022 Senior Asian C'ships - Ulaanbaatar (MGL),https://www.youtube.com/watch?v=08gN_Dkxdjs
E2TbyDeewVo,Nonoka Ozaki (JPN) vs Aisuluu Tynybekova (KGZ) - Final // Asian Championships 2022,2022-04-22,11:12,試合,シニア(または不明),アジア選手権,2022,タイトルにJPN/Japan・選手名の一致,高,尾﨑 野乃香(Nonoka OZAKI),Best of Nonoka OZAKI / Women's Wrestling - 2022 Senior Asian C'ships - Ulaanbaatar (MGL),https://www.youtube.com/watch?v=E2TbyDeewVo
MOOUUTx-8QA,Akari Fujinami (JPN) vs Khulan Batkhuyang (MGL)- Final // Asian Championships 2022,2022-04-22,2:18,試合,シニア(または不明),アジア選手権,2022,タイトルにJPN/Japan・選手名の一致,高,藤波 朱理(Akari FUJINAMI),Best of Akari Fujinami / Women's Wrestling - 2022 Senior Asian C'ships - Ulaanbaatar (MGL),https://www.youtube.com/watch?v=MOOUUTx-8QA
8MffS1Na0qA,Aiperi Medet Kyzy (KGZ) vs Yuka Kagami (JPN) - Final // Asian Championships 2022,2022-04-21,11:24,試合,シニア(または不明),アジア選手権,2022,タイトルにJPN/Japan・選手名の一致,高,鏡 優翔(Yuka KAGAMI),Best of Aiperi Medet Kyzy / Best of Yuuka Kagami / Women's Wrestling - 2022 Senior Asian C'ships - Ulaanbaatar (MGL),https://www.youtube.com/watch?v=8MffS1Na0qA
sE4Za96fcRE,Remina Yoshimoto (JPN) vs Namuuntsetseg Tsogt Ochir (MGL) - Final // Asian Championships 2022,2022-04-21,7:39,試合,シニア(または不明),アジア選手権,2022,タイトルにJPN/Japan・選手名の一致,高,吉元 玲美那(Remina YOSHIMOTO),Women's Wrestling - 2022 Senior Asian C'ships - Ulaanbaatar (MGL),https://www.youtube.com/watch?v=sE4Za96fcRE
isKGaGWr0V0,Yu Shiotani (JPN) vs Amangali Bekbolatov (KAZ) - Final // Asian Championships 2022,2022-04-19,6:56,試合,シニア(または不明),アジア選手権,2022,タイトルにJPN/Japan・選手名の一致,高,塩谷 優(Yu SHIOTANI),Greco-Roman Wrestling - 2022 Senior Asian C'ships - Ulaanbaatar (MGL),https://www.youtube.com/watch?v=isKGaGWr0V0
lCDCgpSB2-E,Yu Shiotani (JPN) vs Amangali Bekbolatov (KAZ) - Final // Asian Championships 2022,2022-04-19,6:56,試合,シニア(または不明),アジア選手権,2022,タイトルにJPN/Japan・選手名の一致,高,塩谷 優(Yu SHIOTANI),Greco-Roman Wrestling - 2022 Senior Asian C'ships - Ulaanbaatar (MGL),https://www.youtube.com/watch?v=lCDCgpSB2-E
-WqVcYAl6JU,Top Five Career Moments: Yui SUSAKI (JPN),2022-03-08,3:11,ハイライト・特集,シニア(または不明),,2022,タイトルにJPN/Japan・選手名の一致,高,須﨑 優衣(Yui SUSAKI),Best of Yui Susaki,https://www.youtube.com/watch?v=-WqVcYAl6JU
LCzM1QjdPJQ,Top Five Team Performances of '21,2021-12-19,2:11,その他,シニア(または不明),,2021,説明にJPN/Japan,低(要確認),照合なし,,https://www.youtube.com/watch?v=LCzM1QjdPJQ
w5ImKzdug6U,Aisuluu TYNYBEKOVA 🇰🇬 Recaps Her Inspiring Journey to Kyrgyz Sports History,2021-11-18,11:47,ハイライト・特集,シニア(または不明),世界選手権,2021,説明にJPN/Japan,低(要確認),照合なし,News + Highlights - 2021 Senior World Championships - Oslo (NOR),https://www.youtube.com/watch?v=w5ImKzdug6U
B6iH9ObpluE,#WrestleOslo WW Top Performer: Akari FUJINAMI🇯🇵,2021-10-25,1:39,その他,シニア(または不明),世界選手権,2021,タイトルにJPN/Japan・選手名の一致(国名なし),高,藤波 朱理(Akari FUJINAMI),Best of Akari Fujinami / News + Highlights - 2021 Senior World Championships - Oslo (NOR),https://www.youtube.com/watch?v=B6iH9ObpluE
4THdyYVqias,20-year-old Ken MATSUI (JPN) wins first Senior World title at #WrestleOslo,2021-10-08,6:10,その他,シニア(または不明),,2021,タイトルにJPN/Japan,高,照合なし,,https://www.youtube.com/watch?v=4THdyYVqias
VXYlQQoCv64,GOLD GR - 55 kg: E. SEFERSHAEV (RWF) v. K. MATSUI (JPN),2021-10-08,10:12,試合,シニア(または不明),世界選手権,2021,タイトルにJPN/Japan,高,照合なし,Greco-Roman Wrestling - 2021 Senior World Championships - Oslo (NOR),https://www.youtube.com/watch?v=VXYlQQoCv64
--SdDM2BF2c,"Masako FURUICHI (JPN) wins 72kg gold, securing the team title for Japan at #WrestleOslo",2021-10-07,2:30,その他,シニア(または不明),,2021,タイトルにJPN/Japan・選手名の一致,高,古市 雅子(Masako FURUICHI),,https://www.youtube.com/watch?v=--SdDM2BF2c
pYvbn2RGDWA,GOLD WW - 72 kg: Z. BAKBERGENOVA (KAZ) v. M. FURUICHI (JPN),2021-10-07,7:59,試合,シニア(または不明),,2021,タイトルにJPN/Japan・選手名の一致,高,古市 雅子(Masako FURUICHI),,https://www.youtube.com/watch?v=pYvbn2RGDWA
gWwV0Ww1UP8,R. MIYAJI (JPN) v. M. ZHUMANAZAROVA (KGZ) | WW - 68 kg | GOLD,2021-10-07,3:28,試合,シニア(または不明),,2021,タイトルにJPN/Japan・選手名の一致,高,宮道 りん(Rin MIYAJI),Best of Meerim ZHUMANAZAROVA / Greatest Wrestling Videos Of All Time | United World Wrestling,https://www.youtube.com/watch?v=gWwV0Ww1UP8
tCH4aL23RQA,GOLD WW - 59 kg: A. HANAI (JPN) v. B. DUDOVA (BUL),2021-10-07,10:05,試合,シニア(または不明),,2021,タイトルにJPN/Japan,高,照合なし,Best of Bilyana Zhivkova DUDOVA,https://www.youtube.com/watch?v=tCH4aL23RQA
DGpgzfnYzqw,GOLD WW - 76 kg: H. MINAGAWA SUZ (JPN) v. Adeline Gray (USA),2021-10-06,8:22,試合,シニア(または不明),世界選手権,2021,タイトルにJPN/Japan,高,照合なし,News + Highlights - 2021 Senior World Championships - Oslo (NOR),https://www.youtube.com/watch?v=DGpgzfnYzqw
Tdlo_2Q3OpA,17-year-old Akari FUJINAMI (JPN) wins World championship gold at #WrestleOslo,2021-10-06,5:43,その他,シニア(または不明),世界選手権,2021,タイトルにJPN/Japan・選手名の一致,高,藤波 朱理(Akari FUJINAMI),Best of Akari Fujinami / Women's Wrestling - 2021 Senior World Championships - Oslo (NOR),https://www.youtube.com/watch?v=Tdlo_2Q3OpA
Q4PFx0OdmNw,Remina YOSHIMOTO (JPN) wins 50kg gold on senior Worlds debut at #WrestleOslo,2021-10-06,4:07,その他,シニア(または不明),世界選手権,2021,タイトルにJPN/Japan・選手名の一致,高,吉元 玲美那(Remina YOSHIMOTO),Women's Wrestling - 2021 Senior World Championships - Oslo (NOR),https://www.youtube.com/watch?v=Q4PFx0OdmNw
4Szph376xEs,GOLD WW - 65 kg: I. RINGACI (MDA) v. M. MORIKAWA (JPN),2021-10-06,9:28,試合,シニア(または不明),世界選手権,2021,タイトルにJPN/Japan・選手名の一致,高,森川 美和(Miwa MORIKAWA),Women's Wrestling - 2021 Senior World Championships - Oslo (NOR),https://www.youtube.com/watch?v=4Szph376xEs
4IpSX_KlGJc,GOLD WW - 53 kg: A. FUJINAMI (JPN) v. I. LEORDA (MDA),2021-10-06,3:18,試合,シニア(または不明),世界選手権,2021,タイトルにJPN/Japan・選手名の一致,高,藤波 朱理(Akari FUJINAMI),Women's Wrestling - 2021 Senior World Championships - Oslo (NOR),https://www.youtube.com/watch?v=4IpSX_KlGJc
gR-OAqDTblg,GOLD WW - 50 kg: Sarah Hildebrandt (USA) v. R. YOSHIMOTO (JPN),2021-10-06,9:19,試合,シニア(または不明),世界選手権,2021,タイトルにJPN/Japan・選手名の一致,高,吉元 玲美那(Remina YOSHIMOTO),Best of Sarah HILDEBRANDT / Women's Wrestling - 2021 Senior World Championships - Oslo (NOR),https://www.youtube.com/watch?v=gR-OAqDTblg
BiK6dmii-vU,1/2 WW - 59 kg: A. HANAI (JPN) v. M. NELSON (USA),2021-10-06,9:09,試合,シニア(または不明),世界選手権,2021,タイトルにJPN/Japan,高,照合なし,Women's Wrestling - 2021 Senior World Championships - Oslo (NOR),https://www.youtube.com/watch?v=BiK6dmii-vU
3oSpE7RFj-I,"""Confident"" Tsugumi SAKURAI (JPN) wins debut world gold #WrestleOslo",2021-10-05,5:38,その他,シニア(または不明),世界選手権,2021,タイトルにJPN/Japan,高,照合なし,Best of Tsugumi SAKURAI / News + Highlights - 2021 Senior World Championships - Oslo (NOR),https://www.youtube.com/watch?v=3oSpE7RFj-I
ek3zW0mAgPE,GOLD WW - 55 kg: T. SAKURAI (JPN) v. N. HEMMER (GER),2021-10-05,3:42,試合,シニア(または不明),世界選手権,2021,タイトルにJPN/Japan,高,照合なし,Best of Tsugumi SAKURAI / Women's Wrestling - 2021 Senior World Championships - Oslo (NOR),https://www.youtube.com/watch?v=ek3zW0mAgPE
plv4-RImOq8,Big Move Monday -- Yabiku Shohei (JPN) -- Tokyo2020 Olympic Games,2021-08-09,0:21,ショート,シニア(または不明),オリンピック,2021,タイトルにJPN/Japan,高,照合なし,Big Move Monday,https://www.youtube.com/watch?v=plv4-RImOq8
zBU8BcQXTDc,Japan’s rising star vs. Azerbaijan’s legend,2021-07-26,0:35,試合,シニア(または不明),,2021,タイトルにJPN/Japan,高,照合なし,,https://www.youtube.com/watch?v=zBU8BcQXTDc
WcZFO1V32MA,#TBT: Susaki 🇯🇵 storms past Stadnik at ’18 World C’ships,2021-07-22,6:23,その他,シニア(または不明),,2021,タイトルにJPN/Japan,高,照合なし,Best of Mariya STADNIK / Best of Yui Susaki,https://www.youtube.com/watch?v=WcZFO1V32MA
1B4nUVHOs_A,#WrestleWarsaw GR Top Performer: Islomjon BAKHRAMOV 🇺🇿,2021-06-15,0:55,ショート,シニア(または不明),ランキングシリーズ等,2021,説明にJPN/Japan,低(要確認),照合なし,News + Highlights - 2021 Poland Open - Warsaw (POL),https://www.youtube.com/watch?v=1B4nUVHOs_A
TXt63JUuBKM,Islomjon BAKHRAMOV (UZB) vs.  Ayata SUZUKI (JPN),2021-06-13,0:25,試合,シニア(または不明),ランキングシリーズ等,2021,タイトルにJPN/Japan・選手名の一致,高,鈴木 絢大(Ayata SUZUKI),News + Highlights - 2021 Poland Open - Warsaw (POL),https://www.youtube.com/watch?v=TXt63JUuBKM
AKBOWyz_gmI,BRONZE GR - 67 kg: A. VETSCH (SUI) v. S. TAKAHASHI (JPN),2021-05-10,0:12,試合,シニア(または不明),オリンピック予選,2021,タイトルにJPN/Japan・選手名の一致,高,照合なし(同じローマ字が2人以上),Greco-Roman Wrestling - 2021 World Olympic Qualifiers - Sofia (BUL),https://www.youtube.com/watch?v=AKBOWyz_gmI
foTujmkqy10,1/2 GR - 67 kg: P. NASIBOV (UKR) v. S. TAKAHASHI (JPN),2021-05-08,8:40,試合,シニア(または不明),オリンピック予選,2021,タイトルにJPN/Japan・選手名の一致,高,照合なし(同じローマ字が2人以上),"Qualifying Rounds (FS, WW, GR) - 2021 World Olympic Qualifiers - Sofia (BUL) / Greco-Roman Wrestling - 2021 World Olympic Qualifiers - Sofia (BUL)",https://www.youtube.com/watch?v=foTujmkqy10
2GupycCGG2A,GOLD FS - 57 kg: Y. TAKAHASHI (JPN) v. B. ERDENEBAT (MGL),2021-05-07,4:29,試合,シニア(または不明),オリンピック予選,2021,タイトルにJPN/Japan・選手名の一致,高,照合なし(同じローマ字が2人以上),Freestyle Wrestling - 2021 World Olympic Qualifiers - Sofia (BUL),https://www.youtube.com/watch?v=2GupycCGG2A
5MaEQv73GHQ,1/2 FS - 86 kg: Z. BARANOWSKI (POL) v. S. TAKATANI (JPN),2021-05-06,8:17,試合,シニア(または不明),オリンピック予選,2021,タイトルにJPN/Japan・選手名の一致,高,高谷 惣亮(Sosuke TAKATANI),"Qualifying Rounds (FS, WW, GR) - 2021 World Olympic Qualifiers - Sofia (BUL) / Freestyle Wrestling - 2021 World Olympic Qualifiers - Sofia (BUL)",https://www.youtube.com/watch?v=5MaEQv73GHQ
9KghzqRd6PI,1/2 FS - 57 kg: Y. TAKAHASHI (JPN) v. R. ANDREU ORTEG (CUB),2021-05-06,7:50,試合,シニア(または不明),オリンピック予選,2021,タイトルにJPN/Japan・選手名の一致,高,照合なし(同じローマ字が2人以上),"Qualifying Rounds (FS, WW, GR) - 2021 World Olympic Qualifiers - Sofia (BUL) / Freestyle Wrestling - 2021 World Olympic Qualifiers - Sofia (BUL)",https://www.youtube.com/watch?v=9KghzqRd6PI
6iVf09ib5V4,1/4 FS - 57 kg: Y. TAKAHASHI (JPN) v. V. EGOROV (MKD),2021-05-06,0:00,試合,シニア(または不明),オリンピック予選,2021,タイトルにJPN/Japan・選手名の一致,高,照合なし(同じローマ字が2人以上),Freestyle Wrestling - 2021 World Olympic Qualifiers - Sofia (BUL),https://www.youtube.com/watch?v=6iVf09ib5V4
6xlQ68RKc_E,BRONZE FS - 61 kg: S. SHIMAE (JPN) v. S. KIM (KOR),2021-04-18,7:58,試合,シニア(または不明),アジア選手権,2021,タイトルにJPN/Japan,高,照合なし,Freestyle Wrestling - 2021 Asian Championships - Almaty (KAZ),https://www.youtube.com/watch?v=6xlQ68RKc_E
hQJHW_RVjMw,1/4 FS - 86 kg: H. ISHIGURO (JPN) v. Hassan YAZDANI (IRI),2021-04-18,6:53,試合,シニア(または不明),アジア選手権,2021,タイトルにJPN/Japan・選手名の一致,高,石黒 隼士(Hayato ISHIGURO),Best of Hayato ISHIGURO / Best of Hassan Yazdani / Freestyle Wrestling - 2021 Asian Championships - Almaty (KAZ),https://www.youtube.com/watch?v=hQJHW_RVjMw
t9OPsD_FqtI,BRONZE FS - 86 kg: H. ISHIGURO (JPN) v. M. U AL OBAIDI (IRQ),2021-04-18,2:46,試合,シニア(または不明),アジア選手権,2021,タイトルにJPN/Japan・選手名の一致,高,石黒 隼士(Hayato ISHIGURO),Freestyle Wrestling - 2021 Asian Championships - Almaty (KAZ),https://www.youtube.com/watch?v=t9OPsD_FqtI
CANb26VIYUg,Qual. FS - 92 kg: R. YAMANAKA (JPN) v. S. SANJEET (IND),2021-04-18,13:40,試合,シニア(または不明),アジア選手権,2021,タイトルにJPN/Japan,高,照合なし,Freestyle Wrestling - 2021 Asian Championships - Almaty (KAZ),https://www.youtube.com/watch?v=CANb26VIYUg
-osP8afDWCU,Qual. FS - 125 kg: T. YAMAMOTO (JPN) v. A. NUTFULLAEV (UZB),2021-04-18,11:01,試合,シニア(または不明),アジア選手権,2021,タイトルにJPN/Japan・選手名の一致,高,山本 泰輝(Taiki YAMAMOTO),Freestyle Wrestling - 2021 Asian Championships - Almaty (KAZ),https://www.youtube.com/watch?v=-osP8afDWCU
7G1465uJVVM,1/4 FS - 61 kg: J. TUROBOV (UZB) v. S. SHIMAE (JPN),2021-04-18,8:10,試合,シニア(または不明),アジア選手権,2021,タイトルにJPN/Japan,高,照合なし,Freestyle Wrestling - 2021 Asian Championships - Almaty (KAZ),https://www.youtube.com/watch?v=7G1465uJVVM
TQlcHD7nqeQ,1/4 FS - 74 kg: K. OTOGURO (JPN) v. S. ZANDANBUD (MGL),2021-04-18,12:07,試合,シニア(または不明),アジア選手権,2021,タイトルにJPN/Japan,高,照合なし,Freestyle Wrestling - 2021 Asian Championships - Almaty (KAZ),https://www.youtube.com/watch?v=TQlcHD7nqeQ
HoslrsxEqbI,OTOGURO (JPN) Interview - 2021 Asian Championships #wrestlealmaty,2021-04-18,3:10,インタビュー,シニア(または不明),アジア選手権,2021,タイトルにJPN/Japan,高,照合なし,Interviews - 2021 Asian Championships- Almaty (KAZ),https://www.youtube.com/watch?v=HoslrsxEqbI
7dkwKNpJlgM,Hassan YAZDANI (IRI) vs. Hayato ISHIGURO (JPN),2021-04-18,0:45,試合,シニア(または不明),オリンピック予選,2021,タイトルにJPN/Japan・選手名の一致,高,石黒 隼士(Hayato ISHIGURO),News + Highlights - 2021 Asian Olympic Qualifiers - Almaty (KAZ),https://www.youtube.com/watch?v=7dkwKNpJlgM
SI3q35hCqn4,Qual. FS - 79 kg: R. YOSHIDA (JPN) v. A. SAVADKOUHI (IRI),2021-04-17,8:03,試合,シニア(または不明),アジア選手権,2021,タイトルにJPN/Japan・選手名の一致,高,照合なし(同じローマ字が2人以上),Freestyle Wrestling - 2021 Asian Championships - Almaty (KAZ),https://www.youtube.com/watch?v=SI3q35hCqn4
Xk9_g-U107s,GOLD FS - 65 kg: B. BAJRANG (IND) v. T. OTOGURO (JPN),2021-04-17,0:15,試合,シニア(または不明),アジア選手権,2021,タイトルにJPN/Japan,高,照合なし,Freestyle Wrestling - 2021 Asian Championships - Almaty (KAZ),https://www.youtube.com/watch?v=Xk9_g-U107s
ppM3l7LHWPY,BRONZE FS - 57 kg: M. BILAL (PAK) v. Y. TAKESHITA (JPN),2021-04-17,8:08,試合,シニア(または不明),アジア選手権,2021,タイトルにJPN/Japan・選手名の一致,高,竹下 雄登(Yuto TAKESHITA),Freestyle Wrestling - 2021 Asian Championships - Almaty (KAZ),https://www.youtube.com/watch?v=ppM3l7LHWPY
hXtbqUmKD6g,BRONZE FS - 97 kg: T. ISHIGURO (JPN) v. A. CHINBAT (MGL),2021-04-17,8:02,試合,シニア(または不明),アジア選手権,2021,タイトルにJPN/Japan・選手名の一致,高,石黒 峻士(Takashi ISHIGURO),Freestyle Wrestling - 2021 Asian Championships - Almaty (KAZ),https://www.youtube.com/watch?v=hXtbqUmKD6g
LH1YkyqWaO4,1/2 FS - 57 kg: A. SARLAK (IRI) v. Y. TAKESHITA (JPN),2021-04-17,9:31,試合,シニア(または不明),アジア選手権,2021,タイトルにJPN/Japan・選手名の一致,高,竹下 雄登(Yuto TAKESHITA),Freestyle Wrestling - 2021 Asian Championships - Almaty (KAZ),https://www.youtube.com/watch?v=LH1YkyqWaO4
jcJYlU6y36Q,1/4 FS - 65 kg: T. OTOGURO (JPN) v. N. RAKHIMOV (UZB),2021-04-17,4:23,試合,シニア(または不明),アジア選手権,2021,タイトルにJPN/Japan,高,照合なし,Freestyle Wrestling - 2021 Asian Championships - Almaty (KAZ),https://www.youtube.com/watch?v=jcJYlU6y36Q
tVuFMyIphNM,1/4 FS - 57 kg: Y. TAKESHITA (JPN) v. H. VOHIDOV (TJK),2021-04-17,9:01,試合,シニア(または不明),アジア選手権,2021,タイトルにJPN/Japan・選手名の一致,高,竹下 雄登(Yuto TAKESHITA),Freestyle Wrestling - 2021 Asian Championships - Almaty (KAZ),https://www.youtube.com/watch?v=tVuFMyIphNM
PKrSJgAtxTg,Repechage FS - 79 kg: R. YOSHIDA (JPN) v. S. USUPOV (KGZ),2021-04-17,0:42,試合,シニア(または不明),アジア選手権,2021,タイトルにJPN/Japan・選手名の一致,高,照合なし(同じローマ字が2人以上),Freestyle Wrestling - 2021 Asian Championships - Almaty (KAZ),https://www.youtube.com/watch?v=PKrSJgAtxTg
CERX2r88prI,1/4 FS - 70 kg: J. MOTOYAMA (JPN) v. P. HOMMADOV (TKM),2021-04-17,8:46,試合,シニア(または不明),アジア選手権,2021,タイトルにJPN/Japan,高,照合なし,Freestyle Wrestling - 2021 Asian Championships - Almaty (KAZ),https://www.youtube.com/watch?v=CERX2r88prI
UlgWFD5FYvo,1/2 FS - 65 kg: T. OTOGURO (JPN) v. M. GHIASI CHEKA (IRI),2021-04-17,8:40,試合,シニア(または不明),アジア選手権,2021,タイトルにJPN/Japan,高,照合なし,Freestyle Wrestling - 2021 Asian Championships - Almaty (KAZ),https://www.youtube.com/watch?v=UlgWFD5FYvo
dXsjL_EjNVM,Qual. FS - 57 kg: Y. TAKESHITA (JPN) v. Z. ZANDANBUD (MGL),2021-04-17,11:21,試合,シニア(または不明),アジア選手権,2021,タイトルにJPN/Japan・選手名の一致,高,竹下 雄登(Yuto TAKESHITA),Freestyle Wrestling - 2021 Asian Championships - Almaty (KAZ),https://www.youtube.com/watch?v=dXsjL_EjNVM
obrKZMAm6i8,1/4 FS - 97 kg: T. ISHIGURO (JPN) v. A. YERGALI (KAZ),2021-04-17,8:11,試合,シニア(または不明),アジア選手権,2021,タイトルにJPN/Japan・選手名の一致,高,石黒 峻士(Takashi ISHIGURO),Freestyle Wrestling - 2021 Asian Championships - Almaty (KAZ),https://www.youtube.com/watch?v=obrKZMAm6i8
H6bmL4Hvyo4,Bajrang BAJRANG IND and OTOGURO JPN Sem-Finals Bout,2021-04-17,0:56,試合,シニア(または不明),オリンピック予選,2021,タイトルにJPN/Japan,高,照合なし,News + Highlights - 2021 Asian Olympic Qualifiers - Almaty (KAZ),https://www.youtube.com/watch?v=H6bmL4Hvyo4
J_vAdmPlwho,Takuto OTOGURO (JPN) vs. Nodir RAKHIMOV (UZB),2021-04-17,0:23,試合,シニア(または不明),オリンピック予選,2021,タイトルにJPN/Japan,高,照合なし,News + Highlights - 2021 Asian Olympic Qualifiers - Almaty (KAZ),https://www.youtube.com/watch?v=J_vAdmPlwho
iIszNiuN9lA,#WrestleAlmaty WW Top Performer: Yui SUSAKI 🇯🇵,2021-04-16,2:05,その他,シニア(または不明),オリンピック予選,2021,タイトルにJPN/Japan・選手名の一致(国名なし),高,須﨑 優衣(Yui SUSAKI),Best of Yui Susaki / News + Highlights - 2021 Asian Olympic Qualifiers - Almaty (KAZ),https://www.youtube.com/watch?v=iIszNiuN9lA
2BiiP6gfees,BRONZE GR - 72 kg: T. HORIE (JPN) v. M. UROQOV (TJK),2021-04-15,6:50,試合,シニア(または不明),,2021,タイトルにJPN/Japan,高,照合なし,,https://www.youtube.com/watch?v=2BiiP6gfees
Yoa4CbAASRw,Tsuchika SHIMOYAMADA (JPN) Interview - 2021 Asian Championships #wrestlealmaty,2021-04-15,2:13,インタビュー,シニア(または不明),アジア選手権,2021,タイトルにJPN/Japan,高,照合なし,Interviews - 2021 Asian Championships- Almaty (KAZ),https://www.youtube.com/watch?v=Yoa4CbAASRw
M7m2XYxclzA,BRONZE GR - 97 kg: M. AMANO (JPN) v. B. MAKHMUDOV (KGZ),2021-04-14,8:28,試合,シニア(または不明),,2021,タイトルにJPN/Japan・選手名の一致,高,天野 雅之(Masayuki AMANO),,https://www.youtube.com/watch?v=M7m2XYxclzA
mhTGYXh9Y5o,BRONZE GR - 82 kg: S. MUKAI (JPN) v. Y. POLIVADOV (KAZ),2021-04-14,9:11,試合,シニア(または不明),,2021,タイトルにJPN/Japan,高,照合なし,,https://www.youtube.com/watch?v=mhTGYXh9Y5o
Kmpz2AuXsQc,1/4 GR - 60 kg: I. BAKHRAMOV (UZB) v. A. SUZUKI (JPN),2021-04-14,5:17,試合,シニア(または不明),アジア選手権,2021,タイトルにJPN/Japan・選手名の一致,高,鈴木 絢大(Ayata SUZUKI),Greco-Roman Wrestling - 2021 Asian Championships - Almaty (KAZ),https://www.youtube.com/watch?v=Kmpz2AuXsQc
RfjwjoZaqdA,1/2 GR - 60 kg: A. SUZUKI (JPN) v. M. MOHSEN NEJAD (IRI),2021-04-14,10:45,試合,シニア(または不明),アジア選手権,2021,タイトルにJPN/Japan・選手名の一致,高,鈴木 絢大(Ayata SUZUKI),Greco-Roman Wrestling - 2021 Asian Championships - Almaty (KAZ),https://www.youtube.com/watch?v=RfjwjoZaqdA
yw72RFjOEKo,1/4 GR - 72 kg: H. RYU (KOR) v. T. HORIE (JPN),2021-04-14,6:51,試合,シニア(または不明),アジア選手権,2021,タイトルにJPN/Japan,高,照合なし,Greco-Roman Wrestling - 2021 Asian Championships - Almaty (KAZ),https://www.youtube.com/watch?v=yw72RFjOEKo
2uC8BLb2y8k,1/2 GR - 82 kg: S. MUKAI (JPN) v. J. BERDIMURATOV (UZB),2021-04-14,7:26,試合,シニア(または不明),アジア選手権,2021,タイトルにJPN/Japan,高,照合なし,Greco-Roman Wrestling - 2021 Asian Championships - Almaty (KAZ),https://www.youtube.com/watch?v=2uC8BLb2y8k
8vFyMiztr9c,Round 1 GR - 82 kg: S. HARPREET (IND) v. S. MUKAI (JPN),2021-04-14,6:49,試合,シニア(または不明),アジア選手権,2021,タイトルにJPN/Japan,高,照合なし,Greco-Roman Wrestling - 2021 Asian Championships - Almaty (KAZ),https://www.youtube.com/watch?v=8vFyMiztr9c
Y2WumYiY7QU,1/4 GR - 67 kg: T. SHIMOYAMADA (JPN) v. A. ASHU (IND),2021-04-14,6:25,試合,シニア(または不明),アジア選手権,2021,タイトルにJPN/Japan,高,照合なし,Greco-Roman Wrestling - 2021 Asian Championships - Almaty (KAZ),https://www.youtube.com/watch?v=Y2WumYiY7QU
bljAwIX4Zt8,1/2 GR - 67 kg: H. ASSADI KOLMA (IRI) v. T. SHIMOYAMADA (JPN),2021-04-14,13:41,試合,シニア(または不明),アジア選手権,2021,タイトルにJPN/Japan,高,照合なし,Greco-Roman Wrestling - 2021 Asian Championships - Almaty (KAZ),https://www.youtube.com/watch?v=bljAwIX4Zt8
jnotEir7mOQ,Round 3 GR - 82 kg: Y. POLIVADOV (KAZ) v. S. MUKAI (JPN),2021-04-14,8:29,試合,シニア(または不明),アジア選手権,2021,タイトルにJPN/Japan,高,照合なし,Greco-Roman Wrestling - 2021 Asian Championships - Almaty (KAZ),https://www.youtube.com/watch?v=jnotEir7mOQ
urEBiP7s8Ik,BRONZE GR - 60 kg: M. ALLAYAROV (TKM) v. A. SUZUKI (JPN),2021-04-14,3:01,試合,シニア(または不明),アジア選手権,2021,タイトルにJPN/Japan・選手名の一致,高,鈴木 絢大(Ayata SUZUKI),Greco-Roman Wrestling - 2021 Asian Championships - Almaty (KAZ),https://www.youtube.com/watch?v=urEBiP7s8Ik
wR6ofjuIgqQ,GOLD GR - 67 kg: T. SHIMOYAMADA (JPN) v. A. KEBISPAYEV (KAZ),2021-04-14,11:36,試合,シニア(または不明),アジア選手権,2021,タイトルにJPN/Japan,高,照合なし,Greco-Roman Wrestling - 2021 Asian Championships - Almaty (KAZ),https://www.youtube.com/watch?v=wR6ofjuIgqQ
ytP2luslOlI,1/4 GR - 97 kg: M. AMANO (JPN) v. S. KIM (KOR),2021-04-14,9:04,試合,シニア(または不明),アジア選手権,2021,タイトルにJPN/Japan・選手名の一致,高,天野 雅之(Masayuki AMANO),Greco-Roman Wrestling - 2021 Asian Championships - Almaty (KAZ),https://www.youtube.com/watch?v=ytP2luslOlI
NCIv7c8lf5A,Tsuchika SHIMOYAMADA (JPN) vs.  Almat KEBISPAYEV (KAZ),2021-04-14,0:46,試合,シニア(または不明),オリンピック予選,2021,タイトルにJPN/Japan,高,照合なし,News + Highlights - 2021 Asian Olympic Qualifiers - Almaty (KAZ),https://www.youtube.com/watch?v=NCIv7c8lf5A
bya7G_ozTcg,Hansu RYU (KOR) vs. Taishi HORIE (JPN),2021-04-14,0:25,試合,シニア(または不明),オリンピック予選,2021,タイトルにJPN/Japan,高,照合なし,News + Highlights - 2021 Asian Olympic Qualifiers - Almaty (KAZ),https://www.youtube.com/watch?v=bya7G_ozTcg
5bazTUWAx4E,1/4 GR - 87 kg: S. LEE (KOR) v. S. SAKABE (JPN),2021-04-13,9:45,試合,シニア(または不明),アジア選手権,2021,タイトルにJPN/Japan・選手名の一致,高,阪部 創(So SAKABE),Best of Seunghwan LEE / Greco-Roman Wrestling - 2021 Asian Championships - Almaty (KAZ),https://www.youtube.com/watch?v=5bazTUWAx4E
680eQ8Ee7-4,Qual. GR - 63 kg: A. ACHILOV (TKM) v. K. SHIMIZU (JPN),2021-04-13,6:02,試合,シニア(または不明),アジア選手権,2021,タイトルにJPN/Japan・選手名の一致,高,清水 賢亮(Kensuke SHIMIZU),Greco-Roman Wrestling - 2021 Asian Championships - Almaty (KAZ),https://www.youtube.com/watch?v=680eQ8Ee7-4
Yt-UnVrpSW8,1/4 GR - 55 kg: N. ABDULLAEV (KGZ) v. Y. SHIOTANI (JPN),2021-04-13,8:45,試合,シニア(または不明),アジア選手権,2021,タイトルにJPN/Japan・選手名の一致,高,塩谷 優(Yu SHIOTANI),Greco-Roman Wrestling - 2021 Asian Championships - Almaty (KAZ),https://www.youtube.com/watch?v=Yt-UnVrpSW8
0le7R1OKHgw,1/4 GR - 130 kg: S. OKUMURA (JPN) v. A. SYZDYKOV (KAZ),2021-04-13,1:30,試合,シニア(または不明),アジア選手権,2021,タイトルにJPN/Japan・選手名の一致,高,奥村 総太(Sota OKUMURA),Best of Alimkhan SYZDYKOV / Greco-Roman Wrestling - 2021 Asian Championships - Almaty (KAZ),https://www.youtube.com/watch?v=0le7R1OKHgw
Hqpkyi6gtOE,1/4 GR - 63 kg: H. CHUNG (KOR) v. K. SHIMIZU (JPN),2021-04-13,8:38,試合,シニア(または不明),アジア選手権,2021,タイトルにJPN/Japan・選手名の一致,高,清水 賢亮(Kensuke SHIMIZU),Greco-Roman Wrestling - 2021 Asian Championships - Almaty (KAZ),https://www.youtube.com/watch?v=Hqpkyi6gtOE
J5nyexwGJxE,Qual. GR - 77 kg: K. SAKURABA (JPN) v. S. GURPREET (IND),2021-04-13,9:48,試合,シニア(または不明),アジア選手権,2021,タイトルにJPN/Japan・選手名の一致,高,櫻庭 功大(Kodai SAKURABA),Greco-Roman Wrestling - 2021 Asian Championships - Almaty (KAZ),https://www.youtube.com/watch?v=J5nyexwGJxE
x5aACjGkFkU,1/2 GR - 55 kg: S. SANDEEP (IND) v. Y. SHIOTANI (JPN),2021-04-13,6:11,試合,シニア(または不明),アジア選手権,2021,タイトルにJPN/Japan・選手名の一致,高,塩谷 優(Yu SHIOTANI),Greco-Roman Wrestling - 2021 Asian Championships - Almaty (KAZ),https://www.youtube.com/watch?v=x5aACjGkFkU
8JpDyNb-V_s,BRONZE GR - 130 kg: S. OKUMURA (JPN) v. M. KIM (KOR),2021-04-13,2:42,試合,シニア(または不明),アジア選手権,2021,タイトルにJPN/Japan・選手名の一致,高,奥村 総太(Sota OKUMURA),Greco-Roman Wrestling - 2021 Asian Championships - Almaty (KAZ),https://www.youtube.com/watch?v=8JpDyNb-V_s
8Oh8qsxHchw,GOLD GR - 55 kg: Y. SHIOTANI (JPN) v. I. BAKHROMOV (UZB),2021-04-13,8:51,試合,シニア(または不明),アジア選手権,2021,タイトルにJPN/Japan・選手名の一致,高,塩谷 優(Yu SHIOTANI),Greco-Roman Wrestling - 2021 Asian Championships - Almaty (KAZ),https://www.youtube.com/watch?v=8Oh8qsxHchw
7RC5W-fvJIM,Yu SHIOTANI (JPN) vs. Ilkhom BAKHROMOV (UZB),2021-04-13,0:45,試合,シニア(または不明),アジア選手権,2021,タイトルにJPN/Japan・選手名の一致,高,塩谷 優(Yu SHIOTANI),News + Highlights - 2021 Asian Championships - Almaty (KAZ),https://www.youtube.com/watch?v=7RC5W-fvJIM
42n-IgPXj18,Yu SHIOTANI (JPN) vs. Sandeep SANDEEP (IND),2021-04-13,0:27,試合,シニア(または不明),アジア選手権,2021,タイトルにJPN/Japan・選手名の一致,高,塩谷 優(Yu SHIOTANI),News + Highlights - 2021 Asian Championships - Almaty (KAZ),https://www.youtube.com/watch?v=42n-IgPXj18
wHz85-GXG-M,Yui SUSAKI (JPN) - Interview - 2021 Asian Olympic Qualifiers #wrestlealmaty,2021-04-11,6:13,インタビュー,シニア(または不明),オリンピック予選,2021,タイトルにJPN/Japan・選手名の一致,高,須﨑 優衣(Yui SUSAKI),Interviews - 2021 Asian Olympic Qualifiers - Almaty (KAZ),https://www.youtube.com/watch?v=wHz85-GXG-M
8zxGdjWE4mM,BRONZE FS - 125 kg: A. LAZAREV (KGZ) v. T. TANAKA (JPN),2021-04-11,0:48,試合,シニア(または不明),オリンピック予選,2021,タイトルにJPN/Japan・選手名の一致,高,田中 太陽(Taiyo TANAKA),Freestyle Wrestling - 2021 Asian Olympic Qualifiers - Almaty (KAZ),https://www.youtube.com/watch?v=8zxGdjWE4mM
fy7-YEhwvUs,BRONZE FS - 86 kg: N. KARYPBAEV (KGZ) v. S. TAKATANI (JPN),2021-04-11,8:50,試合,シニア(または不明),オリンピック予選,2021,タイトルにJPN/Japan・選手名の一致,高,高谷 惣亮(Sosuke TAKATANI),Freestyle Wrestling - 2021 Asian Olympic Qualifiers - Almaty (KAZ),https://www.youtube.com/watch?v=fy7-YEhwvUs
-O1xIYS1DKo,Qual. FS - 97 kg: M. MOHAMMADIAN (IRI) v. N. AKAGUMA (JPN),2021-04-11,6:20,試合,シニア(または不明),オリンピック予選,2021,タイトルにJPN/Japan,高,照合なし,Freestyle Wrestling - 2021 Asian Olympic Qualifiers - Almaty (KAZ),https://www.youtube.com/watch?v=-O1xIYS1DKo
VTz_nUoOKaI,Qual. FS - 125 kg: T. TANAKA (JPN) v. S. HEMELYAYEV (TKM),2021-04-11,9:25,試合,シニア(または不明),オリンピック予選,2021,タイトルにJPN/Japan・選手名の一致,高,田中 太陽(Taiyo TANAKA),Freestyle Wrestling - 2021 Asian Olympic Qualifiers - Almaty (KAZ),https://www.youtube.com/watch?v=VTz_nUoOKaI
16c7ymfLJmM,1/2 FS - 125 kg: T. TANAKA (JPN) v. L. MUNKHTUR (MGL),2021-04-11,8:31,試合,シニア(または不明),オリンピック予選,2021,タイトルにJPN/Japan・選手名の一致,高,田中 太陽(Taiyo TANAKA),"Qualifying Rounds (FS, WW, GR) - 2021 Asian Olympic Qualifiers - Almaty (KAZ) / Freestyle Wrestling - 2021 Asian Olympic Qualifiers - Almaty (KAZ)",https://www.youtube.com/watch?v=16c7ymfLJmM
OJFuZnpx3Gs,1/2 FS - 86 kg: S. TAKATANI (JPN) v. Z. LIN (CHN),2021-04-11,10:40,試合,シニア(または不明),オリンピック予選,2021,タイトルにJPN/Japan・選手名の一致,高,高谷 惣亮(Sosuke TAKATANI),"Qualifying Rounds (FS, WW, GR) - 2021 Asian Olympic Qualifiers - Almaty (KAZ) / Freestyle Wrestling - 2021 Asian Olympic Qualifiers - Almaty (KAZ)",https://www.youtube.com/watch?v=OJFuZnpx3Gs
Q-ZPjn_NVb0,1/4 FS - 86 kg: S. TAKATANI (JPN) v. G. GANBAATAR (MGL),2021-04-11,8:35,試合,シニア(または不明),オリンピック予選,2021,タイトルにJPN/Japan・選手名の一致,高,高谷 惣亮(Sosuke TAKATANI),Freestyle Wrestling - 2021 Asian Olympic Qualifiers - Almaty (KAZ),https://www.youtube.com/watch?v=Q-ZPjn_NVb0
ax1O3FB1dLU,Repechage FS - 97 kg: N. AKAGUMA (JPN) v. Z. SAPAROV (TKM),2021-04-11,9:44,試合,シニア(または不明),オリンピック予選,2021,タイトルにJPN/Japan,高,照合なし,Freestyle Wrestling - 2021 Asian Olympic Qualifiers - Almaty (KAZ),https://www.youtube.com/watch?v=ax1O3FB1dLU
m-r7lN_Z-Jc,1/4 FS - 125 kg: T. TANAKA (JPN) v. R. ISKANDARI (TJK),2021-04-11,8:54,試合,シニア(または不明),オリンピック予選,2021,タイトルにJPN/Japan・選手名の一致,高,田中 太陽(Taiyo TANAKA),Freestyle Wrestling - 2021 Asian Olympic Qualifiers - Almaty (KAZ),https://www.youtube.com/watch?v=m-r7lN_Z-Jc
eh1nlPb7JGE,Round 5 WW - 50 kg: N. TSOGT OCHIR (MGL) v. Y. SUSAKI (JPN),2021-04-10,2:26,試合,シニア(または不明),オリンピック予選,2021,タイトルにJPN/Japan・選手名の一致,高,須﨑 優衣(Yui SUSAKI),Best of Yui Susaki / Women's Wrestling - 2021 Asian Olympic Qualifiers - Almaty (KAZ),https://www.youtube.com/watch?v=eh1nlPb7JGE
s61dNFALEfk,Yui SUSAKI (JPN) vs. Namuuntsetseg TSOGT OCHIR (MGL),2021-04-10,0:32,試合,シニア(または不明),オリンピック予選,2021,タイトルにJPN/Japan・選手名の一致,高,須﨑 優衣(Yui SUSAKI),Best of Yui Susaki / News + Highlights - 2021 Asian Olympic Qualifiers - Almaty (KAZ),https://www.youtube.com/watch?v=s61dNFALEfk
I-66wMKi48o,Round 3 WW - 50 kg: Y. SUSAKI (JPN) v. M. CHEON (KOR),2021-04-10,2:42,試合,シニア(または不明),オリンピック予選,2021,タイトルにJPN/Japan・選手名の一致,高,須﨑 優衣(Yui SUSAKI),Best of Yui Susaki / Women's Wrestling - 2021 Asian Olympic Qualifiers - Almaty (KAZ),https://www.youtube.com/watch?v=I-66wMKi48o
bMiUEl8mzMI,Round 2 WW - 50 kg: Y. SUSAKI (JPN) v. D. YAKHSHIMURAT (UZB),2021-04-10,1:17,試合,シニア(または不明),オリンピック予選,2021,タイトルにJPN/Japan・選手名の一致,高,須﨑 優衣(Yui SUSAKI),Best of Yui Susaki / Women's Wrestling - 2021 Asian Olympic Qualifiers - Almaty (KAZ),https://www.youtube.com/watch?v=bMiUEl8mzMI
8RZYSl8ptyA,S. SEEMA (IND) v. Y. SUSAKI (JPN) | WW 50 kg | Round 4,2021-04-10,4:49,試合,シニア(または不明),オリンピック予選,2021,タイトルにJPN/Japan・選手名の一致,高,須﨑 優衣(Yui SUSAKI),Greatest Wrestling Videos Of All Time | United World Wrestling / Best of Yui Susaki / Women's Wrestling - 2021 Asian Olympic Qualifiers - Almaty (KAZ),https://www.youtube.com/watch?v=8RZYSl8ptyA
k3IK3zLNzoA,Yui SUSAKI (JPN) v. Dauletbike YAKHSHIMURATOVA (UZB),2021-04-10,0:36,試合,シニア(または不明),オリンピック予選,2021,タイトルにJPN/Japan・選手名の一致,高,須﨑 優衣(Yui SUSAKI),News + Highlights - 2021 Asian Olympic Qualifiers - Almaty (KAZ),https://www.youtube.com/watch?v=k3IK3zLNzoA
3IjIowlHkQA,1/4 GR - 97 kg: S. LEE (KOR) v. Y. NARA (JPN),2021-04-09,10:28,試合,シニア(または不明),オリンピック予選,2021,タイトルにJPN/Japan・選手名の一致,高,奈良 勇太(Yuta NARA),Greco-Roman Wrestling - 2021 Asian Olympic Qualifiers - Almaty (KAZ),https://www.youtube.com/watch?v=3IjIowlHkQA
f4UFvIfPoeg,Round 1 GR - 130 kg: R. KIM (KGZ) v. A. SONODA (JPN),2021-04-09,8:44,試合,シニア(または不明),オリンピック予選,2021,タイトルにJPN/Japan,高,照合なし,Greco-Roman Wrestling - 2021 Asian Olympic Qualifiers - Almaty (KAZ),https://www.youtube.com/watch?v=f4UFvIfPoeg
gzv1WaHq14U,Qual. GR - 67 kg: A. VARDANYAN (UZB) v. S. TAKAHASHI (JPN),2021-04-09,10:06,試合,シニア(または不明),オリンピック予選,2021,タイトルにJPN/Japan・選手名の一致,高,照合なし(同じローマ字が2人以上),Greco-Roman Wrestling - 2021 Asian Olympic Qualifiers - Almaty (KAZ),https://www.youtube.com/watch?v=gzv1WaHq14U
aObCrlUc8vI,Qual. GR - 77 kg: B. K BADR (QAT) v. S. YABIKU (JPN),2021-04-09,2:25,試合,シニア(または不明),オリンピック予選,2021,タイトルにJPN/Japan,高,照合なし,Greco-Roman Wrestling - 2021 Asian Olympic Qualifiers - Almaty (KAZ),https://www.youtube.com/watch?v=aObCrlUc8vI
UdZr4IpEoRA,1/4 GR - 87 kg: N. TURSYNOV (KAZ) v. M. SUMI (JPN),2021-04-09,9:20,試合,シニア(または不明),オリンピック予選,2021,タイトルにJPN/Japan,高,照合なし,Best of Nursultan TURSYNOV / Greco-Roman Wrestling - 2021 Asian Olympic Qualifiers - Almaty (KAZ),https://www.youtube.com/watch?v=UdZr4IpEoRA
6toH_sz3UZw,Round 2 GR - 130 kg: N. NAVEEN (IND) v. A. SONODA (JPN),2021-04-09,10:09,試合,シニア(または不明),オリンピック予選,2021,タイトルにJPN/Japan,高,照合なし,Greco-Roman Wrestling - 2021 Asian Olympic Qualifiers - Almaty (KAZ),https://www.youtube.com/watch?v=6toH_sz3UZw
GgEMd1f93L0,Round 3 GR - 130 kg: M. ABDULLAEV (UZB) v. A. SONODA (JPN),2021-04-09,2:45,試合,シニア(または不明),オリンピック予選,2021,タイトルにJPN/Japan,高,照合なし,Greco-Roman Wrestling - 2021 Asian Olympic Qualifiers - Almaty (KAZ),https://www.youtube.com/watch?v=GgEMd1f93L0
OX_Krk_Wlfc,A. MAKHMUDOV (KGZ) v. S. YABIKU (JPN) | GR - 77 kg | GOLD,2021-04-09,8:57,試合,シニア(または不明),オリンピック予選,2021,タイトルにJPN/Japan,高,照合なし,Greco-Roman Wrestling - 2021 Asian Olympic Qualifiers - Almaty (KAZ),https://www.youtube.com/watch?v=OX_Krk_Wlfc
r40MrYiAeRQ,1/2 GR - 77 kg: H. ZHANG (CHN) v. S. YABIKU (JPN),2021-04-09,10:45,試合,シニア(または不明),オリンピック予選,2021,タイトルにJPN/Japan,高,照合なし,"Qualifying Rounds (FS, WW, GR) - 2021 Asian Olympic Qualifiers - Almaty (KAZ) / Greco-Roman Wrestling - 2021 Asian Olympic Qualifiers - Almaty (KAZ)",https://www.youtube.com/watch?v=r40MrYiAeRQ
x6P-T6fBbg8,BRONZE GR - 87 kg: M. SUMI (JPN) v. K. SUNIL (IND),2021-04-09,8:03,試合,シニア(または不明),オリンピック予選,2021,タイトルにJPN/Japan,高,照合なし,Greco-Roman Wrestling - 2021 Asian Olympic Qualifiers - Almaty (KAZ),https://www.youtube.com/watch?v=x6P-T6fBbg8
35Qefmjg9L8,1/4 GR - 77 kg: H. ZUHUROV (TJK) v. S. YABIKU (JPN),2021-04-09,8:29,試合,シニア(または不明),オリンピック予選,2021,タイトルにJPN/Japan,高,照合なし,Greco-Roman Wrestling - 2021 Asian Olympic Qualifiers - Almaty (KAZ),https://www.youtube.com/watch?v=35Qefmjg9L8
NRRpPkcIed4,Yui SUSAKI (JPN),2021-04-07,0:15,ショート,シニア(または不明),,2021,タイトルにJPN/Japan・選手名の一致,高,須﨑 優衣(Yui SUSAKI),,https://www.youtube.com/watch?v=NRRpPkcIed4
0rcsS15mypg,TBT: Yonemitsu Ends Japan’s 24-Year FS Olympic Gold Medal Drought,2021-03-11,10:40,その他,シニア(または不明),オリンピック,2021,タイトルにJPN/Japan,高,照合なし,#ThrowBackThursday - United World Wrestling,https://www.youtube.com/watch?v=0rcsS15mypg
-A6l2ro18PU,Signature Move: Vorobieva’s Dump,2020-11-28,1:28,その他,シニア(または不明),,2020,説明にJPN/Japan,低(要確認),照合なし,#UWWBest,https://www.youtube.com/watch?v=-A6l2ro18PU
TwgCgOjqSHY,"UWW LIVE: Helen MAROULIS (USA), Rio Olympic Champion  🇺🇸",2020-11-23,24:03,その他,シニア(または不明),オリンピック,2020,説明にJPN/Japan,低(要確認),照合なし,UWW Live + UWW Minute,https://www.youtube.com/watch?v=TwgCgOjqSHY
jXbpidRAcmo,HUGE UPSET: Mensah Handles Olympic Champ Dosho,2020-11-21,2:27,その他,シニア(または不明),オリンピック,2020,説明にJPN/Japan,低(要確認),照合なし,#UWWBest,https://www.youtube.com/watch?v=jXbpidRAcmo
dkRP5IIc5FY,#TBT: Geeta PHOGAT (IND) Defeats Gurova En Route to World Bronze,2020-11-12,8:03,試合,シニア(または不明),,2020,説明にJPN/Japan,低(要確認),照合なし,#ThrowBackThursday - United World Wrestling,https://www.youtube.com/watch?v=dkRP5IIc5FY
4wyhSdY35_s,"UWW LIVE: Olympic Gold Medalist & Three-Time World Champ, RISAKO KAWAI (JPN)",2020-11-11,15:22,その他,シニア(または不明),オリンピック,2020,タイトルにJPN/Japan,高,照合なし,UWW Live + UWW Minute,https://www.youtube.com/watch?v=4wyhSdY35_s
e6QNDsqKjXU,Big Move Monday -- Risako KAWAI (JPN) -- Senior Worlds 2017,2020-09-28,0:17,ショート,シニア(または不明),世界選手権,2017,タイトルにJPN/Japan,高,照合なし,Big Move Monday,https://www.youtube.com/watch?v=e6QNDsqKjXU
E-rm3uuF_eY,Big Move Monday -- Kaori ICHO (JPN) -- Senior Worlds 2014,2020-08-17,0:36,ショート,シニア(または不明),世界選手権,2014,タイトルにJPN/Japan,高,照合なし,Big Move Monday,https://www.youtube.com/watch?v=E-rm3uuF_eY
I0LoYS3ZAS4,"Iconic Performance: Adekuoroye, Amri First African WW to Reach World Finals",2020-08-08,3:23,試合,シニア(または不明),,2020,説明にJPN/Japan,低(要確認),照合なし,#UWWBest,https://www.youtube.com/watch?v=I0LoYS3ZAS4
Sl1jaa14qro,UWW Minute: Japan Returns to the Mats,2020-08-08,0:52,ショート,シニア(または不明),,2020,タイトルにJPN/Japan,高,照合なし,UWW Live + UWW Minute,https://www.youtube.com/watch?v=Sl1jaa14qro
zjuJzLMDwnw,Big Move Monday -- T. HASEGAWA (JPN) -- U-23 Worlds 2018,2020-08-03,0:25,ショート,U23,世界選手権,2018,タイトルにJPN/Japan・選手名の一致,高,長谷川 敏裕(Toshihiro HASEGAWA),Big Move Monday,https://www.youtube.com/watch?v=zjuJzLMDwnw
h8MkH3ssbmc,Big Move Monday -- S. TAKAHASHI (JPN) -- Senior Asians 2019 #WrestleNewDelhi,2020-06-29,0:25,ショート,シニア(または不明),,2019,タイトルにJPN/Japan・選手名の一致,高,照合なし(同じローマ字が2人以上),Big Move Monday,https://www.youtube.com/watch?v=h8MkH3ssbmc
WHZldIwfRG0,Iconic Performance: Tynybekova Becomes Kyrgyzstan’s First World Champ,2020-06-21,3:27,その他,シニア(または不明),,2020,説明にJPN/Japan,低(要確認),照合なし,#UWWBest,https://www.youtube.com/watch?v=WHZldIwfRG0
s4L-8xiQlVk,1/8 FS - 51 kg: A. MARUYAMA (JPN) v. R. FIGUEROA II (USA),2020-02-25,2:02,試合,U17,世界選手権,2019,タイトルにJPN/Japan・選手名の一致,高,丸山 愛斗(Aito MARUYAMA),Freestyle Wrestling - 2019 Cadet World Championships,https://www.youtube.com/watch?v=s4L-8xiQlVk
91_NkXrzzKA,GOLD WW - 65 kg: Y. ZHANG (CHN) v. S. MASUYAMA (JPN),2020-02-25,6:43,試合,U20,アジア選手権,2019,タイトルにJPN/Japan,高,照合なし,Women's Wrestling - 2019 Junior Asian Championships // Chon Buri - Thailand,https://www.youtube.com/watch?v=91_NkXrzzKA
7fLVKkojhjE,GOLD WW - 53 kg: U. IMAI (JPN) v. A. NANDINTSETSE (MGL),2020-02-25,8:06,試合,U20,アジア選手権,2019,タイトルにJPN/Japan・選手名の一致,高,今井 佑海(Umi IMAI),Women's Wrestling - 2019 Junior Asian Championships // Chon Buri - Thailand,https://www.youtube.com/watch?v=7fLVKkojhjE
5gAy7UmlXFs,BRONZE WW - 72 kg: K. KOBAYASHI (JPN) v. G. ZHAPPAROVA (KAZ),2020-02-25,9:02,試合,U20,アジア選手権,2019,タイトルにJPN/Japan・選手名の一致,高,照合なし(同じローマ字が2人以上),Women's Wrestling - 2019 Junior Asian Championships // Chon Buri - Thailand,https://www.youtube.com/watch?v=5gAy7UmlXFs
y9hXEZFWSlo,GOLD WW - 62 kg: Y. WU (CHN) v. A. KODAMA (JPN),2020-02-25,8:24,試合,U20,アジア選手権,2019,タイトルにJPN/Japan,高,照合なし,Women's Wrestling - 2019 Junior Asian Championships // Chon Buri - Thailand,https://www.youtube.com/watch?v=y9hXEZFWSlo
pvZYyJvWHmg,GOLD WW - 57 kg: A. SAWA (JPN) v. N. ANARKULOVA (KGZ),2020-02-25,3:41,試合,U20,アジア選手権,2019,タイトルにJPN/Japan,高,照合なし,Women's Wrestling - 2019 Junior Asian Championships // Chon Buri - Thailand,https://www.youtube.com/watch?v=pvZYyJvWHmg
n96PMtwAmPc,1/2 FS - 74 kg: D. KAISANOV (KAZ) v. D. TAKATANI (JPN),2020-02-24,11:03,試合,シニア(または不明),アジア選手権,2020,タイトルにJPN/Japan・選手名の一致,高,高谷 大地(Daichi TAKATANI),Best of Daichi TAKATANI / Freestyle Wrestling - 2020 Asian Championships | New Delhi India,https://www.youtube.com/watch?v=n96PMtwAmPc
h2uWQRTuTd0,BRONZE FS - 74 kg: K. MAHMOOD (IRQ) v. D. TAKATANI (JPN),2020-02-24,8:24,試合,シニア(または不明),アジア選手権,2020,タイトルにJPN/Japan・選手名の一致,高,高谷 大地(Daichi TAKATANI),Best of Daichi TAKATANI / Freestyle Wrestling - 2020 Asian Championships | New Delhi India,https://www.youtube.com/watch?v=h2uWQRTuTd0
_8VzVxtDCrg,1/4 FS - 74 kg: M. J M A ABDULK (KUW) v. D. TAKATANI (JPN),2020-02-24,0:56,試合,シニア(または不明),アジア選手権,2020,タイトルにJPN/Japan・選手名の一致,高,高谷 大地(Daichi TAKATANI),Best of Daichi TAKATANI / Freestyle Wrestling - 2020 Asian Championships | New Delhi India,https://www.youtube.com/watch?v=_8VzVxtDCrg
SFEJaIAzo78,GOLD FS - 92 kg: T. OTSU (JPN) v. M. EBRAHIMIZIVL (IRI),2020-02-24,9:19,試合,シニア(または不明),アジア選手権,2020,タイトルにJPN/Japan,高,照合なし,Freestyle Wrestling - 2020 Asian Championships | New Delhi India,https://www.youtube.com/watch?v=SFEJaIAzo78
s4eMY9rGx6Y,1/2 FS - 61 kg: R. SAKAKI (JPN) v. M. IKROMOV (TJK),2020-02-24,9:10,試合,シニア(または不明),アジア選手権,2020,タイトルにJPN/Japan・選手名の一致,高,榊 流斗(Ryuto SAKAKI),Freestyle Wrestling - 2020 Asian Championships | New Delhi India,https://www.youtube.com/watch?v=s4eMY9rGx6Y
zYjgZkW_beE,1/2 FS - 86 kg: D. PUNIA (IND) v. S. YAMADA (JPN),2020-02-24,10:18,試合,シニア(または不明),アジア選手権,2020,タイトルにJPN/Japan・選手名の一致,高,山田 脩(Shu YAMADA),Freestyle Wrestling - 2020 Asian Championships | New Delhi India,https://www.youtube.com/watch?v=zYjgZkW_beE
mFVLcn8-0hY,GOLD FS - 65 kg: T. OTOGURO (JPN) v. B. BAJRANG (IND),2020-02-24,8:05,試合,シニア(または不明),アジア選手権,2020,タイトルにJPN/Japan,高,照合なし,Freestyle Wrestling - 2020 Asian Championships | New Delhi India,https://www.youtube.com/watch?v=mFVLcn8-0hY
3rw_KS3Cthc,1/4 FS - 61 kg: R. SAKAKI (JPN) v. E. DMITRIEV (PHI),2020-02-24,8:23,試合,シニア(または不明),アジア選手権,2020,タイトルにJPN/Japan・選手名の一致,高,榊 流斗(Ryuto SAKAKI),Freestyle Wrestling - 2020 Asian Championships | New Delhi India,https://www.youtube.com/watch?v=3rw_KS3Cthc
GWN4e3Q9ZcE,GOLD FS - 65 kg: T. OTOGURO (JPN) v. B. BAJRANG (IND),2020-02-24,7:49,試合,シニア(または不明),アジア選手権,2020,タイトルにJPN/Japan,高,照合なし,Freestyle Wrestling - 2020 Asian Championships | New Delhi India,https://www.youtube.com/watch?v=GWN4e3Q9ZcE
2Dmnjc7P-aY,BRONZE FS - 61 kg: J. YUN (KOR) v. R. SAKAKI (JPN),2020-02-24,8:19,試合,シニア(または不明),アジア選手権,2020,タイトルにJPN/Japan・選手名の一致,高,榊 流斗(Ryuto SAKAKI),Freestyle Wrestling - 2020 Asian Championships | New Delhi India,https://www.youtube.com/watch?v=2Dmnjc7P-aY
UwYSUSQ78zc,GOLD FS - 86 kg: A. BAZRIGHALEH (IRI) v. S. YAMADA (JPN),2020-02-24,9:37,試合,シニア(または不明),アジア選手権,2020,タイトルにJPN/Japan・選手名の一致,高,山田 脩(Shu YAMADA),Freestyle Wrestling - 2020 Asian Championships | New Delhi India,https://www.youtube.com/watch?v=UwYSUSQ78zc
KzEDCdU81xk,1/4 FS - 86 kg: A. GAMIDGADZHIE (KGZ) v. S. YAMADA (JPN),2020-02-24,2:13,試合,シニア(または不明),アジア選手権,2020,タイトルにJPN/Japan・選手名の一致,高,山田 脩(Shu YAMADA),Freestyle Wrestling - 2020 Asian Championships | New Delhi India,https://www.youtube.com/watch?v=KzEDCdU81xk
ev1iuQrKfZo,1/4 FS - 125 kg: K. NAM (KOR) v. T. TANAKA (JPN),2020-02-24,2:36,試合,シニア(または不明),アジア選手権,2020,タイトルにJPN/Japan・選手名の一致,高,田中 太陽(Taiyo TANAKA),Freestyle Wrestling - 2020 Asian Championships | New Delhi India,https://www.youtube.com/watch?v=ev1iuQrKfZo
V9DN9gAluQc,GOLD FS - 65 kg: T. OTOGURO (JPN) v. B. BAJRANG (IND),2020-02-24,10:48,試合,シニア(または不明),アジア選手権,2020,タイトルにJPN/Japan,高,照合なし,Freestyle Wrestling - 2020 Asian Championships | New Delhi India,https://www.youtube.com/watch?v=V9DN9gAluQc
ILE8Aee8Gbw,1/2 FS - 92 kg: T. MUNKHBAATAR (MGL) v. T. OTSU (JPN),2020-02-24,3:28,試合,シニア(または不明),アジア選手権,2020,タイトルにJPN/Japan,高,照合なし,Freestyle Wrestling - 2020 Asian Championships | New Delhi India,https://www.youtube.com/watch?v=ILE8Aee8Gbw
sPlgnaa5Z7k,1/4 FS - 92 kg: C. KERIMKULOV (KGZ) v. T. OTSU (JPN),2020-02-24,8:25,試合,シニア(または不明),アジア選手権,2020,タイトルにJPN/Japan,高,照合なし,Freestyle Wrestling - 2020 Asian Championships | New Delhi India,https://www.youtube.com/watch?v=sPlgnaa5Z7k
mxoHr_BDGKA,GOLD FS - 65 kg: T. OTOGURO (JPN) v. B. BAJRANG (IND),2020-02-24,5:51,試合,シニア(または不明),アジア選手権,2020,タイトルにJPN/Japan,高,照合なし,Freestyle Wrestling - 2020 Asian Championships | New Delhi India,https://www.youtube.com/watch?v=mxoHr_BDGKA
0OyRJGKCNO8,Qual. FS - 86 kg: S. YAMADA (JPN) v. I. AL OBAIDI (IRQ),2020-02-24,1:36,試合,シニア(または不明),アジア選手権,2020,タイトルにJPN/Japan・選手名の一致,高,山田 脩(Shu YAMADA),Freestyle Wrestling - 2020 Asian Championships | New Delhi India,https://www.youtube.com/watch?v=0OyRJGKCNO8
oslElKlQNeI,GOLD WW - 65 kg: N. RUIKE (JPN) v. S. MALIK (IND),2020-02-24,8:33,試合,シニア(または不明),アジア選手権,2020,タイトルにJPN/Japan・選手名の一致,高,類家 直美(Naomi RUIKE),Women's Wrestling - 2020 Asian Championships | New Delhi India,https://www.youtube.com/watch?v=oslElKlQNeI
OpYsXbqkt_c,GOLD WW - 72 kg: Z. BAKBERGENOVA (KAZ) v. M. SHINDO (JPN),2020-02-24,8:11,試合,シニア(または不明),アジア選手権,2020,タイトルにJPN/Japan,高,照合なし,Women's Wrestling - 2020 Asian Championships | New Delhi India,https://www.youtube.com/watch?v=OpYsXbqkt_c
xP-XVuYc8YU,BRONZE WW - 55 kg: M. ZUYEVA (KAZ) v. K. HIGASHIKAWA (JPN),2020-02-24,1:23,試合,シニア(または不明),アジア選手権,2020,タイトルにJPN/Japan,高,照合なし,Women's Wrestling - 2020 Asian Championships | New Delhi India,https://www.youtube.com/watch?v=xP-XVuYc8YU
G-hdBRP5USg,GOLD WW - 62 kg: A. KASSYMOVA (KAZ) v. Y. KAWAI (JPN),2020-02-24,8:15,試合,シニア(または不明),アジア選手権,2020,タイトルにJPN/Japan,高,照合なし,Women's Wrestling - 2020 Asian Championships | New Delhi India,https://www.youtube.com/watch?v=G-hdBRP5USg
ccIdD9eCk_o,Round 5 WW - 68 kg: N. MATSUYUKI (JPN) v. D. ENKHSAIKHAN (MGL),2020-02-24,8:36,試合,シニア(または不明),アジア選手権,2020,タイトルにJPN/Japan,高,照合なし,Women's Wrestling - 2020 Asian Championships | New Delhi India,https://www.youtube.com/watch?v=ccIdD9eCk_o
SXikf_tCByw,GOLD WW - 57 kg: R. KAWAI (JPN) v. D. ERKHEMBAYAR (MGL),2020-02-24,2:39,試合,シニア(または不明),アジア選手権,2020,タイトルにJPN/Japan,高,照合なし,Women's Wrestling - 2020 Asian Championships | New Delhi India,https://www.youtube.com/watch?v=SXikf_tCByw
GUCFuUsil6o,GOLD WW - 50 kg: M. IGARASHI (JPN) v. D. NIRMALA (IND),2020-02-24,8:48,試合,シニア(または不明),アジア選手権,2020,タイトルにJPN/Japan,高,照合なし,Women's Wrestling - 2020 Asian Championships | New Delhi India,https://www.youtube.com/watch?v=GUCFuUsil6o
1BjDv7xBRxQ,BRONZE WW - 59 kg: M. BAKBERGENOVA (KAZ) v. Y. KON (JPN),2020-02-24,2:43,試合,シニア(または不明),アジア選手権,2020,タイトルにJPN/Japan,高,照合なし,Women's Wrestling - 2020 Asian Championships | New Delhi India,https://www.youtube.com/watch?v=1BjDv7xBRxQ
DS9PUgsquZU,GOLD WW - 76 kg: A. MEDET KYZY (KGZ) v. H. MINAGAWA SUZ (JPN),2020-02-24,8:11,試合,シニア(または不明),アジア選手権,2020,タイトルにJPN/Japan,高,照合なし,Women's Wrestling - 2020 Asian Championships | New Delhi India,https://www.youtube.com/watch?v=DS9PUgsquZU
-mnTvH_umMw,GOLD WW - 53 kg: M. MUKAIDA (JPN) v. T. AKHMETOVA AM (KAZ),2020-02-24,2:48,試合,シニア(または不明),アジア選手権,2020,タイトルにJPN/Japan,高,照合なし,Women's Wrestling - 2020 Asian Championships | New Delhi India,https://www.youtube.com/watch?v=-mnTvH_umMw
M96SkFqvGGg,Round 1 GR - 82 kg: S. HARPREET (IND) v. S. MUKAI (JPN),2020-02-24,10:09,試合,シニア(または不明),アジア選手権,2020,タイトルにJPN/Japan,高,照合なし,Greco-Roman Wrestling - 2020 Asian Championships | New Delhi India,https://www.youtube.com/watch?v=M96SkFqvGGg
TKNS3xFl3u8,GOLD FS - 65 kg: T. OTOGURO (JPN) v. B. BAJRANG (IND),2020-02-23,10:03,試合,シニア(または不明),アジア選手権,2020,タイトルにJPN/Japan,高,照合なし,Freestyle Wrestling - 2020 Asian Championships | New Delhi India,https://www.youtube.com/watch?v=TKNS3xFl3u8
3VAFsnMZljs,BRONZE FS - 57 kg: Y. TAKAHASHI (JPN) v. N. SANAYEV (KAZ),2020-02-23,7:55,試合,シニア(または不明),アジア選手権,2020,タイトルにJPN/Japan・選手名の一致,高,照合なし(同じローマ字が2人以上),Freestyle Wrestling - 2020 Asian Championships | New Delhi India,https://www.youtube.com/watch?v=3VAFsnMZljs
G7qxBpY0HzE,BRONZE FS - 79 kg: B. DAMJIN (MGL) v. S. OKUI (JPN),2020-02-23,12:48,試合,シニア(または不明),アジア選手権,2020,タイトルにJPN/Japan・選手名の一致,高,奥井 峻晴(Shunsei OKUI),Freestyle Wrestling - 2020 Asian Championships | New Delhi India,https://www.youtube.com/watch?v=G7qxBpY0HzE
ahx6aEHYKeA,1/4 GR - 67 kg: H. RYU (KOR) v. T. SHIMOYAMADA (JPN),2020-02-23,12:06,試合,シニア(または不明),アジア選手権,2020,タイトルにJPN/Japan,高,照合なし,Greco-Roman Wrestling - 2020 Asian Championships | New Delhi India,https://www.youtube.com/watch?v=ahx6aEHYKeA
7XzHKd3h0k0,1/2 WW - 57 kg: A. ANSHU (IND) v. R. KAWAI (JPN),2020-02-22,2:18,試合,シニア(または不明),アジア選手権,2020,タイトルにJPN/Japan,高,照合なし,Best of Anshu ANSHU / Women's Wrestling - 2020 Asian Championships | New Delhi India,https://www.youtube.com/watch?v=7XzHKd3h0k0
_3MUzR1tdkA,1/4 WW - 53 kg: M. MUKAIDA (JPN) v. V. VINESH (IND),2020-02-22,8:35,試合,シニア(または不明),アジア選手権,2020,タイトルにJPN/Japan,高,照合なし,Best of Vinesh Phogat / Women's Wrestling - 2020 Asian Championships | New Delhi India,https://www.youtube.com/watch?v=_3MUzR1tdkA
NOy60WRVIno,1/4 FS - 65 kg: D. NIYAZBEKOV (KAZ) v. T. OTOGURO (JPN),2020-02-22,9:30,試合,シニア(または不明),アジア選手権,2020,タイトルにJPN/Japan,高,照合なし,Freestyle Wrestling - 2020 Asian Championships | New Delhi India,https://www.youtube.com/watch?v=NOy60WRVIno
T7jGWw3V5ds,Repechage FS - 57 kg: Y. TAKAHASHI (JPN) v. T. BATJARGAL (MGL),2020-02-22,3:23,試合,シニア(または不明),アジア選手権,2020,タイトルにJPN/Japan・選手名の一致,高,照合なし(同じローマ字が2人以上),Freestyle Wrestling - 2020 Asian Championships | New Delhi India,https://www.youtube.com/watch?v=T7jGWw3V5ds
ovpwOXX9o6U,1/2 FS - 65 kg: N. BATTULGA (MGL) v. T. OTOGURO (JPN),2020-02-22,7:37,試合,シニア(または不明),アジア選手権,2020,タイトルにJPN/Japan,高,照合なし,Freestyle Wrestling - 2020 Asian Championships | New Delhi India,https://www.youtube.com/watch?v=ovpwOXX9o6U
-DAW3gaa5vY,Qual. FS - 57 kg: K. RAVI (IND) v. Y. TAKAHASHI (JPN),2020-02-22,10:18,試合,シニア(または不明),アジア選手権,2020,タイトルにJPN/Japan・選手名の一致,高,照合なし(同じローマ字が2人以上),Freestyle Wrestling - 2020 Asian Championships | New Delhi India,https://www.youtube.com/watch?v=-DAW3gaa5vY
sKiX-gD0OCs,Qual. FS - 65 kg: T. OTOGURO (JPN) v. M. K KAREEM (IRQ),2020-02-22,2:41,試合,シニア(または不明),アジア選手権,2020,タイトルにJPN/Japan,高,照合なし,Freestyle Wrestling - 2020 Asian Championships | New Delhi India,https://www.youtube.com/watch?v=sKiX-gD0OCs
o63MXyZaY_c,1/4 FS - 70 kg: T. ENKHTUYA (MGL) v. S. HARAGUCHI (JPN),2020-02-22,9:01,試合,シニア(または不明),アジア選手権,2020,タイトルにJPN/Japan,高,照合なし,Freestyle Wrestling - 2020 Asian Championships | New Delhi India,https://www.youtube.com/watch?v=o63MXyZaY_c
CDO5xgfsSxQ,1/4 FS - 79 kg: S. OKUI (JPN) v. H. YUN (KOR),2020-02-22,7:56,試合,シニア(または不明),アジア選手権,2020,タイトルにJPN/Japan・選手名の一致,高,奥井 峻晴(Shunsei OKUI),Freestyle Wrestling - 2020 Asian Championships | New Delhi India,https://www.youtube.com/watch?v=CDO5xgfsSxQ
eSW9vs5p0Gw,1/2 FS - 79 kg: B. GOURAV (IND) v. S. OKUI (JPN),2020-02-22,9:22,試合,シニア(または不明),アジア選手権,2020,タイトルにJPN/Japan・選手名の一致,高,奥井 峻晴(Shunsei OKUI),Freestyle Wrestling - 2020 Asian Championships | New Delhi India,https://www.youtube.com/watch?v=eSW9vs5p0Gw
PzKovUZKeAU,Qual. FS - 97 kg: T. SONODA (JPN) v. M. SEO (KOR),2020-02-22,9:12,試合,シニア(または不明),アジア選手権,2020,タイトルにJPN/Japan・選手名の一致,高,園田 平(Taira SONODA),Freestyle Wrestling - 2020 Asian Championships | New Delhi India,https://www.youtube.com/watch?v=PzKovUZKeAU
P_CCfxSWzQ4,1/2 WW - 65 kg: N. RUIKE (JPN) v. B. ZORIGT (MGL),2020-02-22,8:21,試合,シニア(または不明),アジア選手権,2020,タイトルにJPN/Japan・選手名の一致,高,類家 直美(Naomi RUIKE),Women's Wrestling - 2020 Asian Championships | New Delhi India,https://www.youtube.com/watch?v=P_CCfxSWzQ4
ZtjFsRuAJTs,1/2 WW - 62 kg: S. SONAM (IND) v. Y. KAWAI (JPN),2020-02-22,9:30,試合,シニア(または不明),アジア選手権,2020,タイトルにJPN/Japan,高,照合なし,Women's Wrestling - 2020 Asian Championships | New Delhi India,https://www.youtube.com/watch?v=ZtjFsRuAJTs
1cGmPawhwXU,GOLD WW - 65 kg: N. RUIKE (JPN) v. S. MALIK (IND),2020-02-22,8:20,試合,シニア(または不明),アジア選手権,2020,タイトルにJPN/Japan・選手名の一致,高,類家 直美(Naomi RUIKE),Women's Wrestling - 2020 Asian Championships | New Delhi India,https://www.youtube.com/watch?v=1cGmPawhwXU
L_-nE2Zbt2w,1/4 WW - 57 kg: S. ESHMURATOVA (UZB) v. R. KAWAI (JPN),2020-02-22,8:48,試合,シニア(または不明),アジア選手権,2020,タイトルにJPN/Japan,高,照合なし,Women's Wrestling - 2020 Asian Championships | New Delhi India,https://www.youtube.com/watch?v=L_-nE2Zbt2w
8cqGbavPTN4,GOLD WW - 57 kg: R. KAWAI (JPN) v. D. ERKHEMBAYAR (MGL),2020-02-22,2:31,試合,シニア(または不明),アジア選手権,2020,タイトルにJPN/Japan,高,照合なし,Women's Wrestling - 2020 Asian Championships | New Delhi India,https://www.youtube.com/watch?v=8cqGbavPTN4
vLpCiLWX2nk,GOLD WW - 53 kg: M. MUKAIDA (JPN) v. T. AKHMETOVA AM (KAZ),2020-02-22,2:31,試合,シニア(または不明),アジア選手権,2020,タイトルにJPN/Japan,高,照合なし,Women's Wrestling - 2020 Asian Championships | New Delhi India,https://www.youtube.com/watch?v=vLpCiLWX2nk
K5wrMvqwPZ8,Round 1 WW - 72 kg: T. ENKHBAYAR (MGL) v. M. SHINDO (JPN),2020-02-22,8:35,試合,シニア(または不明),アジア選手権,2020,タイトルにJPN/Japan,高,照合なし,Women's Wrestling - 2020 Asian Championships | New Delhi India,https://www.youtube.com/watch?v=K5wrMvqwPZ8
txZ0w3HA27k,1/2 WW - 53 kg: T. KIEU (VIE) v. M. MUKAIDA (JPN),2020-02-22,3:07,試合,シニア(または不明),アジア選手権,2020,タイトルにJPN/Japan,高,照合なし,Women's Wrestling - 2020 Asian Championships | New Delhi India,https://www.youtube.com/watch?v=txZ0w3HA27k
XxN74ovAkR4,1/4 WW - 62 kg: Y. KAWAI (JPN) v. A. TYNYBEKOVA (KGZ),2020-02-22,10:10,試合,シニア(または不明),アジア選手権,2020,タイトルにJPN/Japan,高,照合なし,Women's Wrestling - 2020 Asian Championships | New Delhi India,https://www.youtube.com/watch?v=XxN74ovAkR4
3nf7gfzqbtI,Round 3 WW - 72 kg: M. SHINDO (JPN) v. D. YUN (KOR),2020-02-22,7:48,試合,シニア(または不明),アジア選手権,2020,タイトルにJPN/Japan,高,照合なし,Women's Wrestling - 2020 Asian Championships | New Delhi India,https://www.youtube.com/watch?v=3nf7gfzqbtI
znOKgWkmyy4,Round 1 WW - 65 kg: N. RUIKE (JPN) v. O. HA (KOR),2020-02-22,7:51,試合,シニア(または不明),アジア選手権,2020,タイトルにJPN/Japan・選手名の一致,高,類家 直美(Naomi RUIKE),Women's Wrestling - 2020 Asian Championships | New Delhi India,https://www.youtube.com/watch?v=znOKgWkmyy4
nGUos0u0PuA,Round 2 WW - 65 kg: S. MALIK (IND) v. N. RUIKE (JPN),2020-02-22,8:39,試合,シニア(または不明),アジア選手権,2020,タイトルにJPN/Japan・選手名の一致,高,類家 直美(Naomi RUIKE),Women's Wrestling - 2020 Asian Championships | New Delhi India,https://www.youtube.com/watch?v=nGUos0u0PuA
LKusdb2c8sY,1/2 WW - 72 kg: M. SHINDO (JPN) v. P. GURSHARAN (IND),2020-02-22,5:58,試合,シニア(または不明),アジア選手権,2020,タイトルにJPN/Japan,高,照合なし,Women's Wrestling - 2020 Asian Championships | New Delhi India,https://www.youtube.com/watch?v=LKusdb2c8sY
pDc7-h8vGhY,GOLD WW - 62 kg: A. KASSYMOVA (KAZ) v. Y. KAWAI (JPN),2020-02-22,8:05,試合,シニア(または不明),アジア選手権,2020,タイトルにJPN/Japan,高,照合なし,Women's Wrestling - 2020 Asian Championships | New Delhi India,https://www.youtube.com/watch?v=pDc7-h8vGhY
0kzZZ8xy0dY,GOLD WW - 72 kg: Z. BAKBERGENOVA (KAZ) v. M. SHINDO (JPN),2020-02-22,8:07,試合,シニア(または不明),アジア選手権,2020,タイトルにJPN/Japan,高,照合なし,Women's Wrestling - 2020 Asian Championships | New Delhi India,https://www.youtube.com/watch?v=0kzZZ8xy0dY
C_EnpfTQoUU,Kumar RAVI (IND) vs.  Yuki TAKAHASHI (JPN),2020-02-22,0:32,試合,シニア(または不明),アジア選手権,2020,タイトルにJPN/Japan,高,照合なし,News + Highlights - 2020 Asian Championships,https://www.youtube.com/watch?v=C_EnpfTQoUU
uorTYXJMwPE,Nyamdorj BATTULGA (MGL) vs.  Takuto OTOGURO (JPN),2020-02-22,0:29,試合,シニア(または不明),アジア選手権,2020,タイトルにJPN/Japan,高,照合なし,News + Highlights - 2020 Asian Championships,https://www.youtube.com/watch?v=uorTYXJMwPE
lYyWvyftkXI,Takuto OTOGURO (JPN) vs.  Bajrang BAJRANG (IND),2020-02-22,0:56,試合,シニア(または不明),アジア選手権,2020,タイトルにJPN/Japan,高,照合なし,News + Highlights - 2020 Asian Championships,https://www.youtube.com/watch?v=lYyWvyftkXI
ohTsqOiYaPI,Ayaulym KASSYMOVA (KAZ) vs. Yukako KAWAI (JPN),2020-02-21,0:35,試合,シニア(または不明),アジア選手権,2020,タイトルにJPN/Japan,高,照合なし,Women's Wrestling - 2020 Asian Championships | New Delhi India / News + Highlights - 2020 Asian Championships,https://www.youtube.com/watch?v=ohTsqOiYaPI
x-fk8Czkb7k,Risako KAWAI (JPN) vs.  Davaachimeg ERKHEMBAYAR (MGL),2020-02-21,0:22,試合,シニア(または不明),アジア選手権,2020,タイトルにJPN/Japan,高,照合なし,Women's Wrestling - 2020 Asian Championships | New Delhi India / News + Highlights - 2020 Asian Championships,https://www.youtube.com/watch?v=x-fk8Czkb7k
olyKNWc8zn0,Mayu MUKAIDA (JPN) vs. Tatyana AKHMETOVA AMANZHOL (KAZ),2020-02-21,0:44,試合,シニア(または不明),アジア選手権,2020,タイトルにJPN/Japan,高,照合なし,Women's Wrestling - 2020 Asian Championships | New Delhi India / News + Highlights - 2020 Asian Championships,https://www.youtube.com/watch?v=olyKNWc8zn0
DAWwcLMi5I4,Risako KAWAI (JPN) vs.  Sevara ESHMURATOVA (UZB),2020-02-21,0:51,試合,シニア(または不明),アジア選手権,2020,タイトルにJPN/Japan,高,照合なし,News + Highlights - 2020 Asian Championships,https://www.youtube.com/watch?v=DAWwcLMi5I4
4Bjcc_bBLKQ,Mayu MUKAIDA (JPN) vs.  Vinesh VINESH (IND),2020-02-21,0:53,試合,シニア(または不明),アジア選手権,2020,タイトルにJPN/Japan,高,照合なし,News + Highlights - 2020 Asian Championships,https://www.youtube.com/watch?v=4Bjcc_bBLKQ
7V7M2ICB49M,GOLD WW - 76 kg: A. MEDET KYZY (KGZ) v. H. MINAGAWA SUZ (JPN),2020-02-20,7:45,試合,シニア(または不明),アジア選手権,2020,タイトルにJPN/Japan,高,照合なし,Best of Aiperi Medet Kyzy / Women's Wrestling - 2020 Asian Championships | New Delhi India,https://www.youtube.com/watch?v=7V7M2ICB49M
PZm3miGJYP4,BRONZE GR - 72 kg: N. KUSAKA (JPN) v. A. KUNDU (IND),2020-02-20,2:32,試合,シニア(または不明),アジア選手権,2020,タイトルにJPN/Japan・選手名の一致,高,日下 尚(Nao KUSAKA),Best of Nao KUSAKA / Greco-Roman Wrestling - 2020 Asian Championships | New Delhi India,https://www.youtube.com/watch?v=PZm3miGJYP4
QpMxiy9tlcc,GOLD GR - 60 kg: K. FUMITA (JPN) v. Z. SHARSHENBEKO (KGZ),2020-02-20,7:50,試合,シニア(または不明),アジア選手権,2020,タイトルにJPN/Japan・選手名の一致,高,文田 健一郎(Kenichiro FUMITA),Best of Kenichiro Fumita / Greco-Roman Wrestling - 2020 Asian Championships | New Delhi India,https://www.youtube.com/watch?v=QpMxiy9tlcc
9Zmgn2oF8QI,Round 5 WW - 68 kg: N. MATSUYUKI (JPN) v. D. ENKHSAIKHAN (MGL),2020-02-20,8:19,試合,シニア(または不明),アジア選手権,2020,タイトルにJPN/Japan,高,照合なし,Women's Wrestling - 2020 Asian Championships | New Delhi India,https://www.youtube.com/watch?v=9Zmgn2oF8QI
2yQs3fJGFGQ,Round 2 WW - 55 kg: K. HIGASHIKAWA (JPN) v. S. AKHMEDOVA (UZB),2020-02-20,12:27,試合,シニア(または不明),アジア選手権,2020,タイトルにJPN/Japan,高,照合なし,Women's Wrestling - 2020 Asian Championships | New Delhi India,https://www.youtube.com/watch?v=2yQs3fJGFGQ
ab_1sY9oVMw,1/2 WW - 59 kg: S. SARITA (IND) v. Y. KON (JPN),2020-02-20,9:19,試合,シニア(または不明),アジア選手権,2020,タイトルにJPN/Japan,高,照合なし,Women's Wrestling - 2020 Asian Championships | New Delhi India,https://www.youtube.com/watch?v=ab_1sY9oVMw
tKwvN0QL1kE,Round 1 WW - 59 kg: Y. KON (JPN) v. Y. KWON (KOR),2020-02-20,8:43,試合,シニア(または不明),アジア選手権,2020,タイトルにJPN/Japan,高,照合なし,Women's Wrestling - 2020 Asian Championships | New Delhi India,https://www.youtube.com/watch?v=tKwvN0QL1kE
olvd1OhhiqA,Round 2 WW - 76 kg: H. MINAGAWA SUZ (JPN) v. M. NORMUMINOVA (UZB),2020-02-20,7:07,試合,シニア(または不明),アジア選手権,2020,タイトルにJPN/Japan,高,照合なし,Women's Wrestling - 2020 Asian Championships | New Delhi India,https://www.youtube.com/watch?v=olvd1OhhiqA
zMc-mFcHaLg,Round 3 WW - 55 kg: P. PINKI (IND) v. K. HIGASHIKAWA (JPN),2020-02-20,9:22,試合,シニア(または不明),アジア選手権,2020,タイトルにJPN/Japan,高,照合なし,Women's Wrestling - 2020 Asian Championships | New Delhi India,https://www.youtube.com/watch?v=zMc-mFcHaLg
QmR14JYjC68,1/4 WW - 50 kg: M. IGARASHI (JPN) v. T. NGUYEN (VIE),2020-02-20,8:32,試合,シニア(または不明),アジア選手権,2020,タイトルにJPN/Japan,高,照合なし,Women's Wrestling - 2020 Asian Championships | New Delhi India,https://www.youtube.com/watch?v=QmR14JYjC68
d9aHf4JItK8,Round 1 WW - 68 kg: N. MATSUYUKI (JPN) v. A. ESBERGENOVA (UZB),2020-02-20,1:57,試合,シニア(または不明),アジア選手権,2020,タイトルにJPN/Japan,高,照合なし,Women's Wrestling - 2020 Asian Championships | New Delhi India,https://www.youtube.com/watch?v=d9aHf4JItK8
RSl1oZHZBaA,Round 3 WW - 59 kg: B. ALTANTSETSEG (MGL) v. Y. KON (JPN),2020-02-20,1:21,試合,シニア(または不明),アジア選手権,2020,タイトルにJPN/Japan,高,照合なし,Women's Wrestling - 2020 Asian Championships | New Delhi India,https://www.youtube.com/watch?v=RSl1oZHZBaA
TRvhJovmtFU,Round 2 WW - 68 kg: A. KAIRGELDINOV (KAZ) v. N. MATSUYUKI (JPN),2020-02-20,2:21,試合,シニア(または不明),アジア選手権,2020,タイトルにJPN/Japan,高,照合なし,Women's Wrestling - 2020 Asian Championships | New Delhi India,https://www.youtube.com/watch?v=TRvhJovmtFU
x4VhbOz3CDI,Round 3 WW - 76 kg: A. MEDET KYZY (KGZ) v. H. MINAGAWA SUZ (JPN),2020-02-20,9:21,試合,シニア(または不明),アジア選手権,2020,タイトルにJPN/Japan,高,照合なし,Women's Wrestling - 2020 Asian Championships | New Delhi India,https://www.youtube.com/watch?v=x4VhbOz3CDI
a6x3WR5GW24,Round 2 WW - 59 kg: G. TOSHPULATOVA (UZB) v. Y. KON (JPN),2020-02-20,4:09,試合,シニア(または不明),アジア選手権,2020,タイトルにJPN/Japan,高,照合なし,Women's Wrestling - 2020 Asian Championships | New Delhi India,https://www.youtube.com/watch?v=a6x3WR5GW24
d2kXXxLgwKU,1/2 WW - 76 kg: H. MINAGAWA SUZ (JPN) v. A. GANBAT (MGL),2020-02-20,2:19,試合,シニア(または不明),アジア選手権,2020,タイトルにJPN/Japan,高,照合なし,Women's Wrestling - 2020 Asian Championships | New Delhi India,https://www.youtube.com/watch?v=d2kXXxLgwKU
Bh5jF2uJOy8,1/2 WW - 50 kg: V. ISLAMOVA BRI (KAZ) v. M. IGARASHI (JPN),2020-02-20,10:32,試合,シニア(または不明),アジア選手権,2020,タイトルにJPN/Japan,高,照合なし,Women's Wrestling - 2020 Asian Championships | New Delhi India,https://www.youtube.com/watch?v=Bh5jF2uJOy8
rRwovNzCXo8,GOLD WW - 50 kg: M. IGARASHI (JPN) v. D. NIRMALA (IND),2020-02-20,9:50,試合,シニア(または不明),アジア選手権,2020,タイトルにJPN/Japan,高,照合なし,Women's Wrestling - 2020 Asian Championships | New Delhi India,https://www.youtube.com/watch?v=rRwovNzCXo8
abQ3mDVTXJg,BRONZE WW - 55 kg: M. ZUYEVA (KAZ) v. K. HIGASHIKAWA (JPN),2020-02-20,1:13,試合,シニア(または不明),アジア選手権,2020,タイトルにJPN/Japan,高,照合なし,Women's Wrestling - 2020 Asian Championships | New Delhi India,https://www.youtube.com/watch?v=abQ3mDVTXJg
GL9zcFg3eFM,BRONZE WW - 59 kg: M. BAKBERGENOVA (KAZ) v. Y. KON (JPN),2020-02-20,2:26,試合,シニア(または不明),アジア選手権,2020,タイトルにJPN/Japan,高,照合なし,Women's Wrestling - 2020 Asian Championships | New Delhi India,https://www.youtube.com/watch?v=GL9zcFg3eFM
48d0ZCGcr2k,Round 4 WW - 68 kg: N. MATSUYUKI (JPN) v. D. KAKRAN (IND),2020-02-20,7:31,試合,シニア(または不明),アジア選手権,2020,タイトルにJPN/Japan,高,照合なし,Women's Wrestling - 2020 Asian Championships | New Delhi India,https://www.youtube.com/watch?v=48d0ZCGcr2k
vtzAl2h0hbI,1/2 WW - 55 kg: K. HIGASHIKAWA (JPN) v. D. BOLORMAA (MGL),2020-02-20,1:05,試合,シニア(または不明),アジア選手権,2020,タイトルにJPN/Japan,高,照合なし,Women's Wrestling - 2020 Asian Championships | New Delhi India,https://www.youtube.com/watch?v=vtzAl2h0hbI
sOmXuNpexj8,BRONZE GR - 130 kg: M. SHADUKAYEV (KAZ) v. A. SONODA (JPN),2020-02-20,5:48,試合,シニア(または不明),アジア選手権,2020,タイトルにJPN/Japan,高,照合なし,Greco-Roman Wrestling - 2020 Asian Championships | New Delhi India,https://www.youtube.com/watch?v=sOmXuNpexj8
-JrOmY5YVYg,BRONZE GR - 87 kg: T. TSURUDA (JPN) v. A. KUSTUBAYEV (KAZ),2020-02-20,9:57,試合,シニア(または不明),アジア選手権,2020,タイトルにJPN/Japan・選手名の一致,高,鶴田 峻大(Takahiro TSURUDA),Greco-Roman Wrestling - 2020 Asian Championships | New Delhi India,https://www.youtube.com/watch?v=-JrOmY5YVYg
ZJ7yk03pUF8,Naruha MATSUYUKI (JPN) vs.  Azoda ESBERGENOVA (UZB),2020-02-20,0:33,試合,シニア(または不明),アジア選手権,2020,タイトルにJPN/Japan,高,照合なし,News + Highlights - 2020 Asian Championships,https://www.youtube.com/watch?v=ZJ7yk03pUF8
ZjSFybNjqW0,1/4 GR - 72 kg: N. KUSAKA (JPN) v. I. MAGOMADOV (KAZ),2020-02-19,10:10,試合,シニア(または不明),アジア選手権,2020,タイトルにJPN/Japan・選手名の一致,高,日下 尚(Nao KUSAKA),Best of Nao KUSAKA / Greco-Roman Wrestling - 2020 Asian Championships | New Delhi India,https://www.youtube.com/watch?v=ZjSFybNjqW0
XpLc0YZrekQ,K. FUMITA (JPN) v. Z. SHARSHENBEKO (KGZ) | GR 60 kg | GOLD,2020-02-19,7:56,試合,シニア(または不明),アジア選手権,2020,タイトルにJPN/Japan・選手名の一致,高,文田 健一郎(Kenichiro FUMITA),Best of Kenichiro Fumita / Greco-Roman Wrestling - 2020 Asian Championships | New Delhi India,https://www.youtube.com/watch?v=XpLc0YZrekQ
nWodGpOcXGM,1/2 GR - 60 kg: I. BAKHRAMOV (UZB) v. K. FUMITA (JPN),2020-02-19,6:38,試合,シニア(または不明),アジア選手権,2020,タイトルにJPN/Japan・選手名の一致,高,文田 健一郎(Kenichiro FUMITA),Best of Kenichiro Fumita / Greco-Roman Wrestling - 2020 Asian Championships | New Delhi India,https://www.youtube.com/watch?v=nWodGpOcXGM
K8c7dIMn8N4,1/4 GR - 97 kg: Y. NARA (JPN) v. B. MAKHMUDOV (KGZ),2020-02-19,9:20,試合,シニア(または不明),アジア選手権,2020,タイトルにJPN/Japan・選手名の一致,高,奈良 勇太(Yuta NARA),Greco-Roman Wrestling - 2020 Asian Championships | New Delhi India,https://www.youtube.com/watch?v=K8c7dIMn8N4
B3fwXmCLPg0,Qual. GR - 97 kg: M. SAFAROV (TJK) v. Y. NARA (JPN),2020-02-19,2:59,試合,シニア(または不明),アジア選手権,2020,タイトルにJPN/Japan・選手名の一致,高,奈良 勇太(Yuta NARA),Greco-Roman Wrestling - 2020 Asian Championships | New Delhi India,https://www.youtube.com/watch?v=B3fwXmCLPg0
NWtCaiyyLmc,Round 3 GR - 82 kg: S. MUKAI (JPN) v. Y. POLIVADOV (KAZ),2020-02-19,2:00,試合,シニア(または不明),アジア選手権,2020,タイトルにJPN/Japan,高,照合なし,Greco-Roman Wrestling - 2020 Asian Championships | New Delhi India,https://www.youtube.com/watch?v=NWtCaiyyLmc
b8yeSrsAUSM,Round 3 GR - 82 kg: S. MUKAI (JPN) v. Y. POLIVADOV (KAZ),2020-02-19,6:15,試合,シニア(または不明),アジア選手権,2020,タイトルにJPN/Japan,高,照合なし,Greco-Roman Wrestling - 2020 Asian Championships | New Delhi India,https://www.youtube.com/watch?v=b8yeSrsAUSM
IOm5XWcWbFs,Qual. GR - 67 kg: W. ALAAJAMI (IRQ) v. T. SHIMOYAMADA (JPN),2020-02-19,9:36,試合,シニア(または不明),アジア選手権,2020,タイトルにJPN/Japan,高,照合なし,Greco-Roman Wrestling - 2020 Asian Championships | New Delhi India,https://www.youtube.com/watch?v=IOm5XWcWbFs
15aJljrEfck,Round 2 GR - 82 kg: S. MUKAI (JPN) v. M. EBRAHIMI (IRI),2020-02-19,8:10,試合,シニア(または不明),アジア選手権,2020,タイトルにJPN/Japan,高,照合なし,Greco-Roman Wrestling - 2020 Asian Championships | New Delhi India,https://www.youtube.com/watch?v=15aJljrEfck
v4n8KvjL4w4,BRONZE GR - 72 kg: N. KUSAKA (JPN) v. A. KUNDU (IND),2020-02-19,2:29,試合,シニア(または不明),アジア選手権,2020,タイトルにJPN/Japan・選手名の一致,高,日下 尚(Nao KUSAKA),Greco-Roman Wrestling - 2020 Asian Championships | New Delhi India,https://www.youtube.com/watch?v=v4n8KvjL4w4
jVhnk5OT3uw,1/4 GR - 60 kg: G. GYANENDER (IND) v. K. FUMITA (JPN),2020-02-19,2:30,試合,シニア(または不明),アジア選手権,2020,タイトルにJPN/Japan・選手名の一致,高,文田 健一郎(Kenichiro FUMITA),Greco-Roman Wrestling - 2020 Asian Championships | New Delhi India,https://www.youtube.com/watch?v=jVhnk5OT3uw
G4gn3gPtPMI,BRONZE GR - 67 kg: T. SHIMOYAMADA (JPN) v. H. ASSADI KOLMA (IRI),2020-02-19,8:37,試合,シニア(または不明),アジア選手権,2020,タイトルにJPN/Japan,高,照合なし,Greco-Roman Wrestling - 2020 Asian Championships | New Delhi India,https://www.youtube.com/watch?v=G4gn3gPtPMI
tzY1XkqchRU,Hansu RYU (KOR) vs. Tsuchika SHIMOYAMADA (JPN),2020-02-19,0:29,試合,シニア(または不明),アジア選手権,2020,タイトルにJPN/Japan,高,照合なし,News + Highlights - 2020 Asian Championships,https://www.youtube.com/watch?v=tzY1XkqchRU
bQoNwO_rTSM,Gyanender GYANENDER (IND) vs. Kenichiro FUMITA (JPN),2020-02-19,0:20,試合,シニア(または不明),アジア選手権,2020,タイトルにJPN/Japan・選手名の一致,高,文田 健一郎(Kenichiro FUMITA),News + Highlights - 2020 Asian Championships,https://www.youtube.com/watch?v=bQoNwO_rTSM
gYn-1MTkXgk,BRONZE GR - 87 kg: T. TSURUDA (JPN) v. A. KUSTUBAYEV (KAZ),2020-02-18,9:44,試合,シニア(または不明),アジア選手権,2020,タイトルにJPN/Japan・選手名の一致,高,鶴田 峻大(Takahiro TSURUDA),Greco-Roman Wrestling - 2020 Asian Championships | New Delhi India,https://www.youtube.com/watch?v=gYn-1MTkXgk
_hAV6LA8Plw,BRONZE GR - 130 kg: M. SHADUKAYEV (KAZ) v. A. SONODA (JPN),2020-02-18,9:58,試合,シニア(または不明),アジア選手権,2020,タイトルにJPN/Japan,高,照合なし,Greco-Roman Wrestling - 2020 Asian Championships | New Delhi India,https://www.youtube.com/watch?v=_hAV6LA8Plw
yMhfcXOqBak,1/2 GR - 130 kg: A. MIRZAZADEH (IRI) v. A. SONODA (JPN),2020-02-18,8:25,試合,シニア(または不明),アジア選手権,2020,タイトルにJPN/Japan,高,照合なし,Greco-Roman Wrestling - 2020 Asian Championships | New Delhi India,https://www.youtube.com/watch?v=yMhfcXOqBak
7ID9IJqxjMc,Qual. GR - 77 kg: A. M ALDOSSARY (KSA) v. K. SAKURABA (JPN),2020-02-18,3:55,試合,シニア(または不明),アジア選手権,2020,タイトルにJPN/Japan・選手名の一致,高,櫻庭 功大(Kodai SAKURABA),Greco-Roman Wrestling - 2020 Asian Championships | New Delhi India,https://www.youtube.com/watch?v=7ID9IJqxjMc
dHUw3YxFhUk,1/4 GR - 63 kg: M. DALKHANI (IRI) v. Y. YAMADA (JPN),2020-02-18,3:13,試合,シニア(または不明),アジア選手権,2020,タイトルにJPN/Japan,高,照合なし,Greco-Roman Wrestling - 2020 Asian Championships | New Delhi India,https://www.youtube.com/watch?v=dHUw3YxFhUk
MlOo8AWkgg8,1/4 GR - 77 kg: R. ILIAZ UULU (KGZ) v. K. SAKURABA (JPN),2020-02-18,9:33,試合,シニア(または不明),アジア選手権,2020,タイトルにJPN/Japan・選手名の一致,高,櫻庭 功大(Kodai SAKURABA),Greco-Roman Wrestling - 2020 Asian Championships | New Delhi India,https://www.youtube.com/watch?v=MlOo8AWkgg8
kox_b9H9atg,1/4 GR - 130 kg: A. SONODA (JPN) v. A. AL TAMEEMI (IRQ),2020-02-18,3:08,試合,シニア(または不明),アジア選手権,2020,タイトルにJPN/Japan,高,照合なし,Greco-Roman Wrestling - 2020 Asian Championships | New Delhi India,https://www.youtube.com/watch?v=kox_b9H9atg
zwNbALQR2K8,1/4 GR - 87 kg: T. TSURUDA (JPN) v. K. SUNIL (IND),2020-02-18,8:46,試合,シニア(または不明),アジア選手権,2020,タイトルにJPN/Japan・選手名の一致,高,鶴田 峻大(Takahiro TSURUDA),Greco-Roman Wrestling - 2020 Asian Championships | New Delhi India,https://www.youtube.com/watch?v=zwNbALQR2K8
aZeK6BJadDM,Qual. GR - 55 kg: H. KATAGIRI (JPN) v. S. KONUSHBAEV (KGZ),2020-02-18,3:42,試合,シニア(または不明),アジア選手権,2020,タイトルにJPN/Japan,高,照合なし,Greco-Roman Wrestling - 2020 Asian Championships | New Delhi India,https://www.youtube.com/watch?v=aZeK6BJadDM
Qwl4mNv66AQ,Meysam Karamali DALKHANI (IRI) vs. Yoshiki YAMADA (JPN),2020-02-18,0:20,試合,シニア(または不明),アジア選手権,2020,タイトルにJPN/Japan,高,照合なし,Greco-Roman Wrestling - 2020 Asian Championships | New Delhi India / News + Highlights - 2020 Asian Championships,https://www.youtube.com/watch?v=Qwl4mNv66AQ
xPXVbDkXguY,GOLD WW - 50 kg: Y. SUSAKI (JPN) v. W. CONDER (USA),2019-11-17,4:57,試合,シニア(または不明),,2019,タイトルにJPN/Japan・選手名の一致,高,須﨑 優衣(Yui SUSAKI),Best of Yui Susaki,https://www.youtube.com/watch?v=xPXVbDkXguY
nHmOuaYIx0Q,Round 2 WW - 50 kg: Y. SUSAKI (JPN) v. Y. SUN (CHN),2019-11-16,8:05,試合,シニア(または不明),,2019,タイトルにJPN/Japan・選手名の一致,高,須﨑 優衣(Yui SUSAKI),Best of Yui Susaki,https://www.youtube.com/watch?v=nHmOuaYIx0Q
6CanuCXQ_gw,Round 2 WW - 50 kg: Y. SUSAKI (JPN) v. Y. SUN (CHN),2019-11-16,1:20,試合,シニア(または不明),,2019,タイトルにJPN/Japan・選手名の一致,高,須﨑 優衣(Yui SUSAKI),Best of Yui Susaki,https://www.youtube.com/watch?v=6CanuCXQ_gw
KAHq6nAOA_Y,Sae NANJO (JPN) df. Olena KREMZER (UKR),2019-11-16,0:33,試合,シニア(または不明),ワールドカップ,2019,タイトルにJPN/Japan・選手名の一致,高,南條 早映(Sae NANJO),News + Highlights - 2019 Women's Wrestling World Cup,https://www.youtube.com/watch?v=KAHq6nAOA_Y
TepoceISIlg,yui SUSAKI (JPN) df. Yanan SUN (CHN),2019-11-16,0:42,試合,シニア(または不明),ワールドカップ,2019,タイトルにJPN/Japan・選手名の一致,高,須﨑 優衣(Yui SUSAKI),News + Highlights - 2019 Women's Wrestling World Cup,https://www.youtube.com/watch?v=TepoceISIlg
T4U345Ob07s,Repechage GR - 72 kg: N. KUSAKA (JPN) v. J. AAK (NOR),2019-11-03,8:36,試合,U23,世界選手権,2019,タイトルにJPN/Japan・選手名の一致,高,日下 尚(Nao KUSAKA),Greco-Roman Wrestling - 2019 U23 World Championships | Budapest,https://www.youtube.com/watch?v=T4U345Ob07s
PDOHZFJCkDU,BRONZE GR - 72 kg: N. KUSAKA (JPN) v. V. PETIC (MDA),2019-11-03,8:30,試合,U23,世界選手権,2019,タイトルにJPN/Japan・選手名の一致,高,日下 尚(Nao KUSAKA),Greco-Roman Wrestling - 2019 U23 World Championships | Budapest,https://www.youtube.com/watch?v=PDOHZFJCkDU
fdLgWfOZPbo,BRONZE GR - 67 kg: A. POLITAIEV (UKR) v. K. ENDO (JPN),2019-11-03,3:05,試合,U23,世界選手権,2019,タイトルにJPN/Japan・選手名の一致,高,照合なし(同じローマ字が2人以上),Greco-Roman Wrestling - 2019 U23 World Championships | Budapest,https://www.youtube.com/watch?v=fdLgWfOZPbo
EAsLKM7f-CI,1/8 GR - 72 kg: N. KUSAKA (JPN) v. S. SULEYMANOV (AZE),2019-11-02,6:48,試合,U23,世界選手権,2019,タイトルにJPN/Japan・選手名の一致,高,日下 尚(Nao KUSAKA),Best of Nao KUSAKA / Best of Sanan SULEYMANOV / Greco-Roman Wrestling - 2019 U23 World Championships | Budapest,https://www.youtube.com/watch?v=EAsLKM7f-CI
_A4vyiOS0W8,1/2 GR - 67 kg: K. ENDO (JPN) v. M. ELSAYED (EGY),2019-11-02,11:48,試合,U23,世界選手権,2019,タイトルにJPN/Japan・選手名の一致,高,照合なし(同じローマ字が2人以上),Greco-Roman Wrestling - 2019 U23 World Championships | Budapest,https://www.youtube.com/watch?v=_A4vyiOS0W8
u0W8952BDJE,GOLD GR - 55 kg: S. OGAWA (JPN) v. E. SEFERSHAEV (RUS),2019-11-02,11:36,試合,U23,世界選手権,2019,タイトルにJPN/Japan,高,照合なし,Greco-Roman Wrestling - 2019 U23 World Championships | Budapest,https://www.youtube.com/watch?v=u0W8952BDJE
IctLMJA51ME,1/8 GR - 60 kg: M. MOHSEN NEJAD (IRI) v. A. SUZUKI (JPN),2019-11-02,9:27,試合,U23,世界選手権,2019,タイトルにJPN/Japan・選手名の一致,高,鈴木 絢大(Ayata SUZUKI),Greco-Roman Wrestling - 2019 U23 World Championships | Budapest,https://www.youtube.com/watch?v=IctLMJA51ME
8ccyPVe1Ido,1/4 GR - 67 kg: M. THORESEN (NOR) v. K. ENDO (JPN),2019-11-02,7:10,試合,U23,世界選手権,2019,タイトルにJPN/Japan・選手名の一致,高,照合なし(同じローマ字が2人以上),Greco-Roman Wrestling - 2019 U23 World Championships | Budapest,https://www.youtube.com/watch?v=8ccyPVe1Ido
KwFS6FtsgVA,Qual. GR - 82 kg: S. AYDIN (TUR) v. S. MUKAI (JPN),2019-11-02,9:03,試合,U23,世界選手権,2019,タイトルにJPN/Japan,高,照合なし,Greco-Roman Wrestling - 2019 U23 World Championships | Budapest,https://www.youtube.com/watch?v=KwFS6FtsgVA
l0gAFZ9o0c8,1/8 GR - 82 kg: B. KOVACEVIC (SRB) v. S. MUKAI (JPN),2019-11-02,8:47,試合,U23,世界選手権,2019,タイトルにJPN/Japan,高,照合なし,Greco-Roman Wrestling - 2019 U23 World Championships | Budapest,https://www.youtube.com/watch?v=l0gAFZ9o0c8
Q0T2QEG58QM,GOLD GR - 77 kg: I. OPIEV (RUS) v. K. SAKURABA (JPN),2019-11-02,8:31,試合,U23,世界選手権,2019,タイトルにJPN/Japan・選手名の一致,高,櫻庭 功大(Kodai SAKURABA),Greco-Roman Wrestling - 2019 U23 World Championships | Budapest,https://www.youtube.com/watch?v=Q0T2QEG58QM
jyGH4uvZjt0,1/8 GR - 67 kg: N. RUSTAMOV (AZE) v. K. ENDO (JPN),2019-11-02,8:47,試合,U23,世界選手権,2019,タイトルにJPN/Japan・選手名の一致,高,照合なし(同じローマ字が2人以上),Greco-Roman Wrestling - 2019 U23 World Championships | Budapest,https://www.youtube.com/watch?v=jyGH4uvZjt0
lMNo3xYh89w,1/4 GR - 97 kg: N. MATSUMOTO (JPN) v. D. KAMINSKI (BLR),2019-11-02,8:37,試合,U23,世界選手権,2019,タイトルにJPN/Japan,高,照合なし,Greco-Roman Wrestling - 2019 U23 World Championships | Budapest,https://www.youtube.com/watch?v=lMNo3xYh89w
bQLZnLe7oFk,1/8 GR - 97 kg: C. PORTER (USA) v. N. MATSUMOTO (JPN),2019-11-02,8:24,試合,U23,世界選手権,2019,タイトルにJPN/Japan,高,照合なし,Greco-Roman Wrestling - 2019 U23 World Championships | Budapest,https://www.youtube.com/watch?v=bQLZnLe7oFk
edBE-RPp2J0,Qual. GR - 67 kg: K. ENDO (JPN) v. N. KYZYROV (KAZ),2019-11-02,8:28,試合,U23,世界選手権,2019,タイトルにJPN/Japan・選手名の一致,高,照合なし(同じローマ字が2人以上),Greco-Roman Wrestling - 2019 U23 World Championships | Budapest,https://www.youtube.com/watch?v=edBE-RPp2J0
0VYM2CaNKMo,GOLD WW - 62 kg: Y. INAGAKI (JPN) v. Kayla Miracle (USA),2019-11-01,8:03,試合,U23,世界選手権,2019,タイトルにJPN/Japan・選手名の一致,高,稲垣 柚香(Yuzuka INAGAKI),Best of Kayla Colleen Kiyoko MIRACLE / Woman's Wrestling - 2019 U23 World Championships | Budapest,https://www.youtube.com/watch?v=0VYM2CaNKMo
G43ON5yJij0,1/2 GR - 55 kg: S. OGAWA (JPN) v. E. OZTURK (TUR),2019-11-01,10:18,試合,U23,世界選手権,2019,タイトルにJPN/Japan,高,照合なし,Greco-Roman Wrestling - 2019 U23 World Championships | Budapest,https://www.youtube.com/watch?v=G43ON5yJij0
EVv5Qdba2bE,1/2 GR - 77 kg: K. SAKURABA (JPN) v. S. SAJAN (IND),2019-11-01,9:09,試合,U23,世界選手権,2019,タイトルにJPN/Japan・選手名の一致,高,櫻庭 功大(Kodai SAKURABA),Greco-Roman Wrestling - 2019 U23 World Championships | Budapest,https://www.youtube.com/watch?v=EVv5Qdba2bE
5yCepj0Y3c8,1/8 GR - 77 kg: K. SAKURABA (JPN) v. S. AKKOYUN (TUR),2019-11-01,7:58,試合,U23,世界選手権,2019,タイトルにJPN/Japan・選手名の一致,高,櫻庭 功大(Kodai SAKURABA),Greco-Roman Wrestling - 2019 U23 World Championships | Budapest,https://www.youtube.com/watch?v=5yCepj0Y3c8
7275oZkSFkI,1/4 GR - 77 kg: K. SAKURABA (JPN) v. P. KURE (NOR),2019-11-01,7:56,試合,U23,世界選手権,2019,タイトルにJPN/Japan・選手名の一致,高,櫻庭 功大(Kodai SAKURABA),Greco-Roman Wrestling - 2019 U23 World Championships | Budapest,https://www.youtube.com/watch?v=7275oZkSFkI
1bO61gQH1tw,1/4 GR - 55 kg: P. NASERPOUR (IRI) v. S. OGAWA (JPN),2019-11-01,6:34,試合,U23,世界選手権,2019,タイトルにJPN/Japan,高,照合なし,Greco-Roman Wrestling - 2019 U23 World Championships | Budapest,https://www.youtube.com/watch?v=1bO61gQH1tw
IYURR2pPcE0,Qual. GR - 130 kg: A. MILKOVIC (CRO) v. K. BANCHI (JPN),2019-11-01,0:48,試合,U23,世界選手権,2019,タイトルにJPN/Japan,高,照合なし,Greco-Roman Wrestling - 2019 U23 World Championships | Budapest,https://www.youtube.com/watch?v=IYURR2pPcE0
ZVxnTf44y1A,1/8 GR - 63 kg: Y. YAMADA (JPN) v. M. CEKER (TUR),2019-11-01,4:25,試合,U23,世界選手権,2019,タイトルにJPN/Japan,高,照合なし,Greco-Roman Wrestling - 2019 U23 World Championships | Budapest,https://www.youtube.com/watch?v=ZVxnTf44y1A
U-8Hi6BheLo,Qual. GR - 87 kg: R. NASUKAWA (JPN) v. S. SZYMONOWICZ (POL),2019-11-01,7:53,試合,U23,世界選手権,2019,タイトルにJPN/Japan,高,照合なし,Greco-Roman Wrestling - 2019 U23 World Championships | Budapest,https://www.youtube.com/watch?v=U-8Hi6BheLo
PApz04D6GHU,1/8 GR - 55 kg: S. OGAWA (JPN) v. M. VYSOTSKYI (ISR),2019-11-01,11:30,試合,U23,世界選手権,2019,タイトルにJPN/Japan,高,照合なし,Greco-Roman Wrestling - 2019 U23 World Championships | Budapest,https://www.youtube.com/watch?v=PApz04D6GHU
vfXQ3GJACIw,Qual. GR - 77 kg: K. SAKURABA (JPN) v. A. MALETIN (SRB),2019-11-01,4:51,試合,U23,世界選手権,2019,タイトルにJPN/Japan・選手名の一致,高,櫻庭 功大(Kodai SAKURABA),Greco-Roman Wrestling - 2019 U23 World Championships | Budapest,https://www.youtube.com/watch?v=vfXQ3GJACIw
AEE1PHJZWm4,GOLD WW - 65 kg: P. ULZIISAIKHAN (MGL) v. M. ENOMOTO (JPN),2019-11-01,7:30,試合,U23,世界選手権,2019,タイトルにJPN/Japan・選手名の一致,高,榎本 美鈴(Misuzu ENOMOTO),Woman's Wrestling - 2019 U23 World Championships | Budapest,https://www.youtube.com/watch?v=AEE1PHJZWm4
YomE5FxiJYw,GOLD WW - 57 kg: A. AKOBIIA (UKR) v. S. NANJO (JPN),2019-11-01,2:42,試合,U23,世界選手権,2019,タイトルにJPN/Japan・選手名の一致,高,南條 早映(Sae NANJO),Woman's Wrestling - 2019 U23 World Championships | Budapest,https://www.youtube.com/watch?v=YomE5FxiJYw
YZ0O5F9T-DU,GOLD WW - 53 kg: H. OKUNO (JPN) v. P. GEHLOT (IND),2019-11-01,1:50,試合,U23,世界選手権,2019,タイトルにJPN/Japan,高,照合なし,Woman's Wrestling - 2019 U23 World Championships | Budapest,https://www.youtube.com/watch?v=YZ0O5F9T-DU
oi6XTD46WyE,BRONZE WW - 72 kg: A. ANGHEL (ROU) v. M. SHINDO (JPN),2019-11-01,9:02,試合,U23,世界選手権,2019,タイトルにJPN/Japan,高,照合なし,Woman's Wrestling - 2019 U23 World Championships | Budapest,https://www.youtube.com/watch?v=oi6XTD46WyE
lkt1yPquaBw,GOLD WW - 53 kg: H. OKUNO (JPN) v. P. GEHLOT (IND),2019-11-01,1:51,試合,U23,世界選手権,2019,タイトルにJPN/Japan,高,照合なし,Woman's Wrestling - 2019 U23 World Championships | Budapest,https://www.youtube.com/watch?v=lkt1yPquaBw
APYzgE5c1o8,GOLD WW - 57 kg: A. AKOBIIA (UKR) v. S. NANJO (JPN),2019-11-01,2:43,試合,U23,世界選手権,2019,タイトルにJPN/Japan・選手名の一致,高,南條 早映(Sae NANJO),Woman's Wrestling - 2019 U23 World Championships | Budapest,https://www.youtube.com/watch?v=APYzgE5c1o8
qYrtUu7Oai8,GOLD WW - 59 kg: A. NICHITA (MDA) v. Y. TANABE (JPN),2019-10-31,8:38,試合,U23,世界選手権,2019,タイトルにJPN/Japan,高,照合なし,Best of Anastasia NICHITA / Woman's Wrestling - 2019 U23 World Championships | Budapest,https://www.youtube.com/watch?v=qYrtUu7Oai8
T0LSnLq4uz8,GOLD WW - 50 kg: Z. FENG (CHN) v. K. KAGATA (JPN),2019-10-31,10:57,試合,U23,世界選手権,2019,タイトルにJPN/Japan,高,照合なし,Best of Ziqi FENG / Woman's Wrestling - 2019 U23 World Championships | Budapest,https://www.youtube.com/watch?v=T0LSnLq4uz8
Xillr2YAQSA,GOLD WW - 76 kg: P. PALIHA (CHN) v. Y. KAGAMI (JPN),2019-10-31,7:57,試合,U23,世界選手権,2019,タイトルにJPN/Japan・選手名の一致,高,鏡 優翔(Yuka KAGAMI),Best of Yuuka Kagami / Woman's Wrestling - 2019 U23 World Championships | Budapest,https://www.youtube.com/watch?v=Xillr2YAQSA
rueSQ3orut8,1/4 WW - 53 kg: F. TAYLOR (USA) v. H. OKUNO (JPN),2019-10-31,9:59,試合,U23,世界選手権,2019,タイトルにJPN/Japan,高,照合なし,Best of David Taylor / Woman's Wrestling - 2019 U23 World Championships | Budapest,https://www.youtube.com/watch?v=rueSQ3orut8
xgTS-Si6GR4,1/4 WW - 72 kg: A. ALPYEYEVA (UKR) v. M. SHINDO (JPN),2019-10-31,10:23,試合,U23,世界選手権,2019,タイトルにJPN/Japan,高,照合なし,Woman's Wrestling - 2019 U23 World Championships | Budapest,https://www.youtube.com/watch?v=xgTS-Si6GR4
V_MQ6gzbulY,1/4 WW - 57 kg: S. NANJO (JPN) v. K. BOLDSAIKHAN (MGL),2019-10-31,6:03,試合,U23,世界選手権,2019,タイトルにJPN/Japan・選手名の一致,高,南條 早映(Sae NANJO),Woman's Wrestling - 2019 U23 World Championships | Budapest,https://www.youtube.com/watch?v=V_MQ6gzbulY
HNHtRfz9QbA,1/4 WW - 65 kg: M. NELSON (USA) v. M. ENOMOTO (JPN),2019-10-31,11:14,試合,U23,世界選手権,2019,タイトルにJPN/Japan・選手名の一致,高,榎本 美鈴(Misuzu ENOMOTO),Woman's Wrestling - 2019 U23 World Championships | Budapest,https://www.youtube.com/watch?v=HNHtRfz9QbA
wpvQ8y5yQC0,1/4 WW - 62 kg: V. IVANOVA (BLR) v. Y. INAGAKI (JPN),2019-10-31,8:59,試合,U23,世界選手権,2019,タイトルにJPN/Japan・選手名の一致,高,稲垣 柚香(Yuzuka INAGAKI),Woman's Wrestling - 2019 U23 World Championships | Budapest,https://www.youtube.com/watch?v=wpvQ8y5yQC0
uuMXIoffrto,Qual. WW - 65 kg: I. KOLIADENKO (UKR) v. M. ENOMOTO (JPN),2019-10-31,8:53,試合,U23,世界選手権,2019,タイトルにJPN/Japan・選手名の一致,高,榎本 美鈴(Misuzu ENOMOTO),Woman's Wrestling - 2019 U23 World Championships | Budapest,https://www.youtube.com/watch?v=uuMXIoffrto
Z8_mTBDnhDc,Qual. WW - 53 kg: H. OKUNO (JPN) v. K. PICHKOUSKAYA (BLR),2019-10-31,5:53,試合,U23,世界選手権,2019,タイトルにJPN/Japan,高,照合なし,Woman's Wrestling - 2019 U23 World Championships | Budapest,https://www.youtube.com/watch?v=Z8_mTBDnhDc
YiHeIBoDh8w,1/8 WW - 62 kg: Y. INAGAKI (JPN) v. A. CAMPAGNA (ITA),2019-10-31,8:30,試合,U23,世界選手権,2019,タイトルにJPN/Japan・選手名の一致,高,稲垣 柚香(Yuzuka INAGAKI),Woman's Wrestling - 2019 U23 World Championships | Budapest,https://www.youtube.com/watch?v=YiHeIBoDh8w
L-dMpnfxPto,Qual. WW - 57 kg: A. SATYLGAN (KAZ) v. S. NANJO (JPN),2019-10-31,3:21,試合,U23,世界選手権,2019,タイトルにJPN/Japan・選手名の一致,高,南條 早映(Sae NANJO),Woman's Wrestling - 2019 U23 World Championships | Budapest,https://www.youtube.com/watch?v=L-dMpnfxPto
L6l4t9EU3Fk,GOLD WW - 68 kg: M. FURUICHI (JPN) v. M. KILTY (USA),2019-10-31,8:37,試合,U23,世界選手権,2019,タイトルにJPN/Japan・選手名の一致,高,古市 雅子(Masako FURUICHI),Woman's Wrestling - 2019 U23 World Championships | Budapest,https://www.youtube.com/watch?v=L6l4t9EU3Fk
sSkcDfuxsp8,GOLD WW - 55 kg: S. IGARASHI (JPN) v. L. LUO (CHN),2019-10-31,7:57,試合,U23,世界選手権,2019,タイトルにJPN/Japan,高,照合なし,Woman's Wrestling - 2019 U23 World Championships | Budapest,https://www.youtube.com/watch?v=sSkcDfuxsp8
tw0ofTsQFzA,1/2 WW - 53 kg: A. NANDINTSETSE (MGL) v. H. OKUNO (JPN),2019-10-31,9:08,試合,U23,世界選手権,2019,タイトルにJPN/Japan,高,照合なし,Woman's Wrestling - 2019 U23 World Championships | Budapest,https://www.youtube.com/watch?v=tw0ofTsQFzA
TIr3PExWOZI,1/2 WW - 53 kg: A. NANDINTSETSE (MGL) v. H. OKUNO (JPN),2019-10-31,0:06,試合,U23,世界選手権,2019,タイトルにJPN/Japan,高,照合なし,Woman's Wrestling - 2019 U23 World Championships | Budapest,https://www.youtube.com/watch?v=TIr3PExWOZI
Ruly6yr_1jU,1/2 WW - 65 kg: K. INCZE (ROU) v. M. ENOMOTO (JPN),2019-10-31,8:38,試合,U23,世界選手権,2019,タイトルにJPN/Japan・選手名の一致,高,榎本 美鈴(Misuzu ENOMOTO),Woman's Wrestling - 2019 U23 World Championships | Budapest,https://www.youtube.com/watch?v=Ruly6yr_1jU
dzCl32L2RBI,1/2 WW - 72 kg: M. SHINDO (JPN) v. X. WANG (CHN),2019-10-31,8:43,試合,U23,世界選手権,2019,タイトルにJPN/Japan,高,照合なし,Woman's Wrestling - 2019 U23 World Championships | Budapest,https://www.youtube.com/watch?v=dzCl32L2RBI
NDEai6tTO80,1/2 WW - 62 kg: Y. INAGAKI (JPN) v. I. RINGACI (MDA),2019-10-31,7:16,試合,U23,世界選手権,2019,タイトルにJPN/Japan・選手名の一致,高,稲垣 柚香(Yuzuka INAGAKI),Woman's Wrestling - 2019 U23 World Championships | Budapest,https://www.youtube.com/watch?v=NDEai6tTO80
nYUdDZE3tWs,1/2 WW - 57 kg: H. TAYLOR (CAN) v. S. NANJO (JPN),2019-10-31,6:34,試合,U23,世界選手権,2019,タイトルにJPN/Japan・選手名の一致,高,南條 早映(Sae NANJO),Woman's Wrestling - 2019 U23 World Championships | Budapest,https://www.youtube.com/watch?v=nYUdDZE3tWs
_trBN1psIGw,1/2 WW - 76 kg: Y. KAGAMI (JPN) v. A. MEDET KYZY (KGZ),2019-10-30,10:46,試合,U23,世界選手権,2019,タイトルにJPN/Japan・選手名の一致,高,鏡 優翔(Yuka KAGAMI),Best of Aiperi Medet Kyzy / Woman's Wrestling - 2019 U23 World Championships | Budapest,https://www.youtube.com/watch?v=_trBN1psIGw
mtiFhvDE31k,1/4 WW - 59 kg: A. LYSAK (UKR) v. Y. TANABE (JPN),2019-10-30,6:45,試合,U23,世界選手権,2019,タイトルにJPN/Japan,高,照合なし,Best of Anhelina LYSAK / Woman's Wrestling - 2019 U23 World Championships | Budapest,https://www.youtube.com/watch?v=mtiFhvDE31k
0etuNh5WCrM,1/4 WW - 50 kg: K. KAGATA (JPN) v. N. SOKOLOVA (RUS),2019-10-30,8:33,試合,U23,ランキングシリーズ等,2019,タイトルにJPN/Japan,高,照合なし,Best of Nadezhda SOKOLOVA / Woman's Wrestling - 2019 U23 World Championships | Budapest,https://www.youtube.com/watch?v=0etuNh5WCrM
y3vY60OsYuo,1/2 WW - 50 kg: J. JYOTI (IND) v. K. KAGATA (JPN),2019-10-30,7:35,試合,U23,世界選手権,2019,タイトルにJPN/Japan,高,照合なし,Woman's Wrestling - 2019 U23 World Championships | Budapest,https://www.youtube.com/watch?v=y3vY60OsYuo
nry2FMzS68k,1/2 WW - 59 kg: A. SANGADIEVA (RUS) v. Y. TANABE (JPN),2019-10-30,2:06,試合,U23,世界選手権,2019,タイトルにJPN/Japan,高,照合なし,Woman's Wrestling - 2019 U23 World Championships | Budapest,https://www.youtube.com/watch?v=nry2FMzS68k
2M2p1_UKcHE,1/2 WW - 68 kg: M. FURUICHI (JPN) v. N. STRZALKA (POL),2019-10-30,7:17,試合,U23,世界選手権,2019,タイトルにJPN/Japan・選手名の一致,高,古市 雅子(Masako FURUICHI),Woman's Wrestling - 2019 U23 World Championships | Budapest,https://www.youtube.com/watch?v=2M2p1_UKcHE
53pBQG_RtKw,1/2 WW - 55 kg: K. DEMKO (UKR) v. S. IGARASHI (JPN),2019-10-30,8:53,試合,U23,世界選手権,2019,タイトルにJPN/Japan,高,照合なし,Woman's Wrestling - 2019 U23 World Championships | Budapest,https://www.youtube.com/watch?v=53pBQG_RtKw
DQa-T35jqt4,Qual. WW - 59 kg: Y. TANABE (JPN) v. E. YANIK (TUR),2019-10-30,8:31,試合,U23,世界選手権,2019,タイトルにJPN/Japan,高,照合なし,Woman's Wrestling - 2019 U23 World Championships | Budapest,https://www.youtube.com/watch?v=DQa-T35jqt4
UdKdje5qfSU,Qual. WW - 55 kg: S. IGARASHI (JPN) v. A. ANA (ROU),2019-10-30,7:45,試合,U23,世界選手権,2019,タイトルにJPN/Japan,高,照合なし,Woman's Wrestling - 2019 U23 World Championships | Budapest,https://www.youtube.com/watch?v=UdKdje5qfSU
lCXQIWqtz24,Qual. WW - 50 kg: K. KAGATA (JPN) v. E. SHILSON (USA),2019-10-30,8:51,試合,U23,世界選手権,2019,タイトルにJPN/Japan,高,照合なし,Woman's Wrestling - 2019 U23 World Championships | Budapest,https://www.youtube.com/watch?v=lCXQIWqtz24
j5fGCcvJ5U0,1/4 WW - 55 kg: D. PARRISH (USA) v. S. IGARASHI (JPN),2019-10-30,7:58,試合,U23,世界選手権,2019,タイトルにJPN/Japan,高,照合なし,Woman's Wrestling - 2019 U23 World Championships | Budapest,https://www.youtube.com/watch?v=j5fGCcvJ5U0
bPSCYveqB14,1/4 WW - 76 kg: Y. KAGAMI (JPN) v. A. GANBAT (MGL),2019-10-30,7:39,試合,U23,世界選手権,2019,タイトルにJPN/Japan・選手名の一致,高,鏡 優翔(Yuka KAGAMI),Woman's Wrestling - 2019 U23 World Championships | Budapest,https://www.youtube.com/watch?v=bPSCYveqB14
i2dpCM6rw7A,1/4 WW - 68 kg: A. KAIRGELDINOV (KAZ) v. M. FURUICHI (JPN),2019-10-30,2:35,試合,U23,世界選手権,2019,タイトルにJPN/Japan・選手名の一致,高,古市 雅子(Masako FURUICHI),Woman's Wrestling - 2019 U23 World Championships | Budapest,https://www.youtube.com/watch?v=i2dpCM6rw7A
N2f-G9k8m1I,1/8 WW - 59 kg: Q. ZHANG (CHN) v. Y. TANABE (JPN),2019-10-30,10:17,試合,U23,世界選手権,2019,タイトルにJPN/Japan,高,照合なし,Woman's Wrestling - 2019 U23 World Championships | Budapest,https://www.youtube.com/watch?v=N2f-G9k8m1I
N8ffzHgVum4,1/8 WW - 50 kg: T. NASIROVA (AZE) v. K. KAGATA (JPN),2019-10-30,4:24,試合,U23,世界選手権,2019,タイトルにJPN/Japan,高,照合なし,Woman's Wrestling - 2019 U23 World Championships | Budapest,https://www.youtube.com/watch?v=N8ffzHgVum4
Rd9PRIz_9XE,Qual. WW - 76 kg: Y. KAGAMI (JPN) v. A. SHUSTOVA (UKR),2019-10-30,1:39,試合,U23,世界選手権,2019,タイトルにJPN/Japan・選手名の一致,高,鏡 優翔(Yuka KAGAMI),Woman's Wrestling - 2019 U23 World Championships | Budapest,https://www.youtube.com/watch?v=Rd9PRIz_9XE
Gr7eldk0vNM,BRONZE FS - 61 kg: D. TAZHIBAY (KAZ) v. R. HAYAMA (JPN),2019-10-30,10:02,試合,U23,世界選手権,2019,タイトルにJPN/Japan,高,照合なし,Freestyle Wrestling - 2019 U23 World Championships | Budapest,https://www.youtube.com/watch?v=Gr7eldk0vNM
IDoMNbytakU,BRONZE FS - 86 kg: I. NEDEALCO (MDA) v. H. ISHIGURO (JPN),2019-10-30,6:13,試合,U23,世界選手権,2019,タイトルにJPN/Japan・選手名の一致,高,石黒 隼士(Hayato ISHIGURO),Freestyle Wrestling - 2019 U23 World Championships | Budapest,https://www.youtube.com/watch?v=IDoMNbytakU
s44gWVPHSCg,Repechage FS - 92 kg: H. SHAHBAZIGAZV (IRI) v. T. TANIZAKI (JPN),2019-10-30,12:14,試合,U23,世界選手権,2019,タイトルにJPN/Japan,高,照合なし,Freestyle Wrestling - 2019 U23 World Championships | Budapest,https://www.youtube.com/watch?v=s44gWVPHSCg
1HoMaSWcIak,GOLD FS - 65 kg: T. BAYRAMOV (AZE) v. T. TANIYAMA (JPN),2019-10-29,10:30,試合,U23,世界選手権,2019,タイトルにJPN/Japan,高,照合なし,Best of Turan BAYRAMOV / Freestyle Wrestling - 2019 U23 World Championships | Budapest,https://www.youtube.com/watch?v=1HoMaSWcIak
nJuKZkMVbIM,1/2 FS - 61 kg: R. HAYAMA (JPN) v. U. ZHOLDOSHBEKO (KGZ),2019-10-29,5:45,試合,U23,世界選手権,2019,タイトルにJPN/Japan,高,照合なし,Freestyle Wrestling - 2019 U23 World Championships | Budapest,https://www.youtube.com/watch?v=nJuKZkMVbIM
QrhE9n3YdY4,1/2 FS - 86 kg: G. MAGOMEDSAIDO (AZE) v. H. ISHIGURO (JPN),2019-10-29,10:43,試合,U23,世界選手権,2019,タイトルにJPN/Japan・選手名の一致,高,石黒 隼士(Hayato ISHIGURO),Freestyle Wrestling - 2019 U23 World Championships | Budapest,https://www.youtube.com/watch?v=QrhE9n3YdY4
EVbBBibj8bs,BRONZE FS - 70 kg: H. SENO (JPN) v. O. BORUTA (UKR),2019-10-29,8:08,試合,U23,世界選手権,2019,タイトルにJPN/Japan,高,照合なし,Freestyle Wrestling - 2019 U23 World Championships | Budapest,https://www.youtube.com/watch?v=EVbBBibj8bs
tyIzqXSYlUA,Repechage FS - 97 kg: K. YOSHIDA (JPN) v. S. BAKYTKHANOV (KAZ),2019-10-29,11:02,試合,U23,世界選手権,2019,タイトルにJPN/Japan・選手名の一致,高,照合なし(同じローマ字が2人以上),Freestyle Wrestling - 2019 U23 World Championships | Budapest,https://www.youtube.com/watch?v=tyIzqXSYlUA
WivpQ_Dg41M,1/4 FS - 86 kg: H. ISHIGURO (JPN) v. Y. DAULETKAZY (KAZ),2019-10-29,8:41,試合,U23,世界選手権,2019,タイトルにJPN/Japan・選手名の一致,高,石黒 隼士(Hayato ISHIGURO),Freestyle Wrestling - 2019 U23 World Championships | Budapest,https://www.youtube.com/watch?v=WivpQ_Dg41M
rMMLWommiJU,1/8 FS - 125 kg: T. YAMAMOTO (JPN) v. Y. BATIRMURZAEV (KAZ),2019-10-29,8:00,試合,U23,世界選手権,2019,タイトルにJPN/Japan・選手名の一致,高,山本 泰輝(Taiki YAMAMOTO),Freestyle Wrestling - 2019 U23 World Championships | Budapest,https://www.youtube.com/watch?v=rMMLWommiJU
vhzdg6Ffd5M,1/4 FS - 61 kg: T. VANISHVILI (GEO) v. R. HAYAMA (JPN),2019-10-29,15:28,試合,U23,世界選手権,2019,タイトルにJPN/Japan,高,照合なし,Freestyle Wrestling - 2019 U23 World Championships | Budapest,https://www.youtube.com/watch?v=vhzdg6Ffd5M
hgaiXsXnz3Q,1/8 FS - 92 kg: T. TANIZAKI (JPN) v. V. STANCO (MDA),2019-10-29,8:05,試合,U23,世界選手権,2019,タイトルにJPN/Japan,高,照合なし,Freestyle Wrestling - 2019 U23 World Championships | Budapest,https://www.youtube.com/watch?v=hgaiXsXnz3Q
shMa2EHfnVI,1/8 FS - 61 kg: R. HAYAMA (JPN) v. N. SAIDOV (ISR),2019-10-29,2:50,試合,U23,世界選手権,2019,タイトルにJPN/Japan,高,照合なし,Freestyle Wrestling - 2019 U23 World Championships | Budapest,https://www.youtube.com/watch?v=shMa2EHfnVI
mTnOD54Xgo8,1/4 FS - 92 kg: B. NICKAL (USA) v. T. TANIZAKI (JPN),2019-10-29,2:26,試合,U23,世界選手権,2019,タイトルにJPN/Japan,高,照合なし,Freestyle Wrestling - 2019 U23 World Championships | Budapest,https://www.youtube.com/watch?v=mTnOD54Xgo8
Dyd4QFyTBkE,Qual. FS - 74 kg: G. KOUGIOUMTSID (GRE) v. J. MOTOYAMA (JPN),2019-10-29,8:19,試合,U23,世界選手権,2019,タイトルにJPN/Japan,高,照合なし,Freestyle Wrestling - 2019 U23 World Championships | Budapest,https://www.youtube.com/watch?v=Dyd4QFyTBkE
sCS1rOQq9p0,1/8 FS - 86 kg: H. ISHIGURO (JPN) v. M. DEAN (USA),2019-10-29,6:37,試合,U23,世界選手権,2019,タイトルにJPN/Japan・選手名の一致,高,石黒 隼士(Hayato ISHIGURO),Freestyle Wrestling - 2019 U23 World Championships | Budapest,https://www.youtube.com/watch?v=sCS1rOQq9p0
TjelqWZtO6Y,Repechage FS - 70 kg: C. MCNEICE (CAN) v. H. SENO (JPN),2019-10-29,8:08,試合,U23,世界選手権,2019,タイトルにJPN/Japan,高,照合なし,Freestyle Wrestling - 2019 U23 World Championships | Budapest,https://www.youtube.com/watch?v=TjelqWZtO6Y
cismuVcF6NE,1/2 FS - 65 kg: T. TANIYAMA (JPN) v. E. AKMATALIEV (KGZ),2019-10-28,9:19,試合,U23,世界選手権,2019,タイトルにJPN/Japan,高,照合なし,Freestyle Wrestling - 2019 U23 World Championships | Budapest,https://www.youtube.com/watch?v=cismuVcF6NE
cPRcWFuSsbQ,1/8 FS - 97 kg: K. YOSHIDA (JPN) v. S. MUSAEV (RUS),2019-10-28,2:09,試合,U23,世界選手権,2019,タイトルにJPN/Japan・選手名の一致,高,照合なし(同じローマ字が2人以上),Freestyle Wrestling - 2019 U23 World Championships | Budapest,https://www.youtube.com/watch?v=cPRcWFuSsbQ
-2I4qXeO8dA,1/8 FS - 65 kg: T. TANIYAMA (JPN) v. C. ALVAREZ IGLE (ESP),2019-10-28,3:34,試合,U23,世界選手権,2019,タイトルにJPN/Japan,高,照合なし,Freestyle Wrestling - 2019 U23 World Championships | Budapest,https://www.youtube.com/watch?v=-2I4qXeO8dA
-vLTK9oalac,Qual. FS - 65 kg: T. TANIYAMA (JPN) v. E. BOLKVADZE (GEO),2019-10-28,8:37,試合,U23,世界選手権,2019,タイトルにJPN/Japan,高,照合なし,Freestyle Wrestling - 2019 U23 World Championships | Budapest,https://www.youtube.com/watch?v=-vLTK9oalac
znRrF6yKpXo,1/4 FS - 65 kg: I. NYKYFORUK (UKR) v. T. TANIYAMA (JPN),2019-10-28,11:55,試合,U23,世界選手権,2019,タイトルにJPN/Japan,高,照合なし,Freestyle Wrestling - 2019 U23 World Championships | Budapest,https://www.youtube.com/watch?v=znRrF6yKpXo
iqYw9JCgjwU,1/8 FS - 57 kg: R. ARAI (JPN) v. A. SARLAK (IRI),2019-10-28,8:28,試合,U23,世界選手権,2019,タイトルにJPN/Japan・選手名の一致,高,新井 陸人(Rikuto ARAI),Freestyle Wrestling - 2019 U23 World Championships | Budapest,https://www.youtube.com/watch?v=iqYw9JCgjwU
b4LOLOqd90o,1/4 FS - 70 kg: H. SENO (JPN) v. M. SKHULUKHIA (GEO),2019-10-28,14:17,試合,U23,世界選手権,2019,タイトルにJPN/Japan,高,照合なし,Freestyle Wrestling - 2019 U23 World Championships | Budapest,https://www.youtube.com/watch?v=b4LOLOqd90o
iw_gCjiOvBE,1/8 FS - 70 kg: D. ANTAL (HUN) v. H. SENO (JPN),2019-10-28,10:08,試合,U23,世界選手権,2019,タイトルにJPN/Japan,高,照合なし,Freestyle Wrestling - 2019 U23 World Championships | Budapest,https://www.youtube.com/watch?v=iw_gCjiOvBE
oSEHJ-feddY,Qual. FS - 57 kg: R. ARAI (JPN) v. R. KOVACS (ROU),2019-10-28,14:42,試合,U23,世界選手権,2019,タイトルにJPN/Japan・選手名の一致,高,新井 陸人(Rikuto ARAI),Freestyle Wrestling - 2019 U23 World Championships | Budapest,https://www.youtube.com/watch?v=oSEHJ-feddY
rRs0Sv9Fr5I,1/8 FS - 79 kg: Y. TAKAHASHI (JPN) v. R. SARI (TUR),2019-10-28,8:38,試合,U23,世界選手権,2019,タイトルにJPN/Japan・選手名の一致,高,照合なし(同じローマ字が2人以上),Freestyle Wrestling - 2019 U23 World Championships | Budapest,https://www.youtube.com/watch?v=rRs0Sv9Fr5I
VBDQIEYyoDI,1/2 FS - 62 kg: N. HULL (USA) v. K. FUJIMOTO (JPN),2019-10-13,7:14,試合,シニア(または不明),世界選手権,2019,タイトルにJPN/Japan,高,照合なし,Freestyle Wrestling - 2019 Veterans World C'ships - Tbilissi,https://www.youtube.com/watch?v=VBDQIEYyoDI
7AMbhZ6SJeI,1/2 FS - 70 kg: M. SAKAMOTO (JPN) v. J. HUMPHREY (USA),2019-10-13,6:22,試合,シニア(または不明),世界選手権,2019,タイトルにJPN/Japan,高,照合なし,Freestyle Wrestling - 2019 Veterans World C'ships - Tbilissi,https://www.youtube.com/watch?v=7AMbhZ6SJeI
ihckT1aL8Vg,1/4 FS - 62 kg: E. BATNOV (MGL) v. K. FUJIMOTO (JPN),2019-10-13,6:59,試合,シニア(または不明),世界選手権,2019,タイトルにJPN/Japan,高,照合なし,Freestyle Wrestling - 2019 Veterans World C'ships - Tbilissi,https://www.youtube.com/watch?v=ihckT1aL8Vg
p0tqt8lOTqw,1/4 FS - 62 kg: K. OKAWA (JPN) v. N. HULL (USA),2019-10-13,11:00,試合,シニア(または不明),世界選手権,2019,タイトルにJPN/Japan,高,照合なし,Freestyle Wrestling - 2019 Veterans World C'ships - Tbilissi,https://www.youtube.com/watch?v=p0tqt8lOTqw
CtE0uoU9bwc,1/8 FS - 70 kg: M. SAKAMOTO (JPN) v. J. VAN DER MERW (RSA),2019-10-13,5:04,試合,シニア(または不明),世界選手権,2019,タイトルにJPN/Japan,高,照合なし,Freestyle Wrestling - 2019 Veterans World C'ships - Tbilissi,https://www.youtube.com/watch?v=CtE0uoU9bwc
60PllQu4J-I,Qual. FS - 62 kg: G. VAN DER MERW (RSA) v. K. FUJIMOTO (JPN),2019-10-13,3:14,試合,シニア(または不明),世界選手権,2019,タイトルにJPN/Japan,高,照合なし,Freestyle Wrestling - 2019 Veterans World C'ships - Tbilissi,https://www.youtube.com/watch?v=60PllQu4J-I
NVgMEvAFjJY,1/4 FS - 70 kg: M. WISSEL (GER) v. M. SAKAMOTO (JPN),2019-10-13,2:48,試合,シニア(または不明),世界選手権,2019,タイトルにJPN/Japan,高,照合なし,Freestyle Wrestling - 2019 Veterans World C'ships - Tbilissi,https://www.youtube.com/watch?v=NVgMEvAFjJY
U4G_G_ouMIo,GOLD FS - 70 kg: M. SAKAMOTO (JPN) v. M. SAMETI (IRI),2019-10-13,7:18,試合,シニア(または不明),世界選手権,2019,タイトルにJPN/Japan,高,照合なし,Freestyle Wrestling - 2019 Veterans World C'ships - Tbilissi,https://www.youtube.com/watch?v=U4G_G_ouMIo
42nIQhrbZok,GOLD FS - 62 kg: M. SHUEBOV (RUS) v. K. FUJIMOTO (JPN),2019-10-13,6:53,試合,シニア(または不明),世界選手権,2019,タイトルにJPN/Japan,高,照合なし,Freestyle Wrestling - 2019 Veterans World C'ships - Tbilissi,https://www.youtube.com/watch?v=42nIQhrbZok
4ZetiyuKNn8,Repechage FS - 62 kg: Y. MAYUZUMI (JPN) v. B. OCHIROV (RUS),2019-10-12,7:10,試合,シニア(または不明),世界選手権,2019,タイトルにJPN/Japan,高,照合なし,Freestyle Wrestling - 2019 Veterans World C'ships - Tbilissi,https://www.youtube.com/watch?v=4ZetiyuKNn8
1Li5w1Wfoyg,Qual. FS - 62 kg: Y. MAYUZUMI (JPN) v. A. ILIMETOV (UKR),2019-10-12,6:44,試合,シニア(または不明),世界選手権,2019,タイトルにJPN/Japan,高,照合なし,Freestyle Wrestling - 2019 Veterans World C'ships - Tbilissi,https://www.youtube.com/watch?v=1Li5w1Wfoyg
KZtwpAnI2OI,GOLD FS - 70 kg: S. RATUSHNIAK (UKR) v. K. ITO (JPN),2019-10-11,6:10,試合,シニア(または不明),世界選手権,2019,タイトルにJPN/Japan・選手名の一致,高,照合なし(同じローマ字が2人以上),Freestyle Wrestling - 2019 Veterans World C'ships - Tbilissi,https://www.youtube.com/watch?v=KZtwpAnI2OI
UcmetOEKgmo,GOLD FS - 88 kg: W. SCHROEDER (GER) v. H. YUGAWA (JPN),2019-10-11,7:17,試合,シニア(または不明),世界選手権,2019,タイトルにJPN/Japan,高,照合なし,Freestyle Wrestling - 2019 Veterans World C'ships - Tbilissi,https://www.youtube.com/watch?v=UcmetOEKgmo
vr39yKPW-98,GOLD FS - 70 kg: V. KUPATADZE (GEO) v. S. GOITSUKA (JPN),2019-10-11,2:42,試合,シニア(または不明),世界選手権,2019,タイトルにJPN/Japan,高,照合なし,Freestyle Wrestling - 2019 Veterans World C'ships - Tbilissi,https://www.youtube.com/watch?v=vr39yKPW-98
PlgWKMGzdjI,BRONZE FS - 62 kg: J. MALLETT (USA) v. S. HASHIURA (JPN),2019-10-11,8:23,試合,シニア(または不明),世界選手権,2019,タイトルにJPN/Japan,高,照合なし,Freestyle Wrestling - 2019 Veterans World C'ships - Tbilissi,https://www.youtube.com/watch?v=PlgWKMGzdjI
FovMBhxnMHc,1/2 FS - 62 kg: S. HASHIURA (JPN) v. Z. HOVHANNISYAN (ARM),2019-10-11,6:31,試合,シニア(または不明),世界選手権,2019,タイトルにJPN/Japan,高,照合なし,Freestyle Wrestling - 2019 Veterans World C'ships - Tbilissi,https://www.youtube.com/watch?v=FovMBhxnMHc
ePUnSQT5otU,1/2 FS - 88 kg: H. YUGAWA (JPN) v. B. BUYANDELGER (MGL),2019-10-11,6:26,試合,シニア(または不明),世界選手権,2019,タイトルにJPN/Japan,高,照合なし,Freestyle Wrestling - 2019 Veterans World C'ships - Tbilissi,https://www.youtube.com/watch?v=ePUnSQT5otU
6M-8KL12Cc4,1/4 FS - 88 kg: P. PETROSYAN (USA) v. H. YUGAWA (JPN),2019-10-11,9:58,試合,シニア(または不明),世界選手権,2019,タイトルにJPN/Japan,高,照合なし,Freestyle Wrestling - 2019 Veterans World C'ships - Tbilissi,https://www.youtube.com/watch?v=6M-8KL12Cc4
bW55szNq2lg,Qual. FS - 70 kg: K. ITO (JPN) v. S. SHEVTSOV (UKR),2019-10-11,6:33,試合,シニア(または不明),世界選手権,2019,タイトルにJPN/Japan・選手名の一致,高,照合なし(同じローマ字が2人以上),Freestyle Wrestling - 2019 Veterans World C'ships - Tbilissi,https://www.youtube.com/watch?v=bW55szNq2lg
XcIkuRgqgcM,1/2 FS - 70 kg: W. ANDERSON (USA) v. K. ITO (JPN),2019-10-11,1:39,試合,シニア(または不明),世界選手権,2019,タイトルにJPN/Japan・選手名の一致,高,照合なし(同じローマ字が2人以上),Freestyle Wrestling - 2019 Veterans World C'ships - Tbilissi,https://www.youtube.com/watch?v=XcIkuRgqgcM
V_txDoPnTXQ,Qual. FS - 70 kg: W. ANDERSON (USA) v. Y. SUGATA (JPN),2019-10-11,7:31,試合,シニア(または不明),世界選手権,2019,タイトルにJPN/Japan,高,照合なし,Freestyle Wrestling - 2019 Veterans World C'ships - Tbilissi,https://www.youtube.com/watch?v=V_txDoPnTXQ
oi33uIudkd8,1/4 FS - 70 kg: K. ITO (JPN) v. M. IBADOV (AZE),2019-10-11,6:29,試合,シニア(または不明),世界選手権,2019,タイトルにJPN/Japan・選手名の一致,高,照合なし(同じローマ字が2人以上),Freestyle Wrestling - 2019 Veterans World C'ships - Tbilissi,https://www.youtube.com/watch?v=oi33uIudkd8
VHbQvoMoEbY,1/2 FS - 70 kg: S. GOITSUKA (JPN) v. S. SERGAZIN (KAZ),2019-10-11,1:41,試合,シニア(または不明),世界選手権,2019,タイトルにJPN/Japan,高,照合なし,Freestyle Wrestling - 2019 Veterans World C'ships - Tbilissi,https://www.youtube.com/watch?v=VHbQvoMoEbY
igKBD5cdypo,1/4 FS - 70 kg: S. GOITSUKA (JPN) v. S. NURMAGAMBETO (KAZ),2019-10-11,4:16,試合,シニア(または不明),世界選手権,2019,タイトルにJPN/Japan,高,照合なし,Freestyle Wrestling - 2019 Veterans World C'ships - Tbilissi,https://www.youtube.com/watch?v=igKBD5cdypo
ajas5ITMGRU,1/4 FS - 62 kg: B. SADEGHI SHOR (GER) v. S. HASHIURA (JPN),2019-10-11,8:55,試合,シニア(または不明),世界選手権,2019,タイトルにJPN/Japan,高,照合なし,Freestyle Wrestling - 2019 Veterans World C'ships - Tbilissi,https://www.youtube.com/watch?v=ajas5ITMGRU
3fy55_nN0Go,1/8 FS - 88 kg: I. RAGULIN (KAZ) v. H. YUGAWA (JPN),2019-10-11,6:48,試合,シニア(または不明),世界選手権,2019,タイトルにJPN/Japan,高,照合なし,Freestyle Wrestling - 2019 Veterans World C'ships - Tbilissi,https://www.youtube.com/watch?v=3fy55_nN0Go
21cKppu-XXM,Qual. FS - 62 kg: S. HASHIURA (JPN) v. M. BEKTAS (TUR),2019-10-11,2:53,試合,シニア(または不明),世界選手権,2019,タイトルにJPN/Japan,高,照合なし,Freestyle Wrestling - 2019 Veterans World C'ships - Tbilissi,https://www.youtube.com/watch?v=21cKppu-XXM
yG9siHtj2Ms,Qual. FS - 97 kg: N. AKAGUMA (JPN) v. A. YERGALI (KAZ),2019-09-21,8:17,試合,シニア(または不明),世界選手権,2019,タイトルにJPN/Japan,高,照合なし,Best of Alisher YERGALI / Freestyle Wrestling - 2019 Senior World C'ships - Nursultan,https://www.youtube.com/watch?v=yG9siHtj2Ms
ixICF8aISrk,1/8 FS - 86 kg: M. AMINE (SMR) v. S. TAKATANI (JPN),2019-09-21,10:37,試合,シニア(または不明),世界選手権,2019,タイトルにJPN/Japan・選手名の一致,高,高谷 惣亮(Sosuke TAKATANI),Best of Myles Nazem AMINE / Freestyle Wrestling - 2019 Senior World C'ships - Nursultan,https://www.youtube.com/watch?v=ixICF8aISrk
Z95TECNLtGc,BRONZE FS - 74 kg: M. OKUI (JPN) v. J. BURROUGHS (USA),2019-09-21,6:43,試合,シニア(または不明),世界選手権,2019,タイトルにJPN/Japan,高,照合なし,Freestyle Wrestling - 2019 Senior World C'ships - Nursultan,https://www.youtube.com/watch?v=Z95TECNLtGc
nqHRkisAqyQ,Qual. FS - 86 kg: S. TAKATANI (JPN) v. A. GAMIDGADZHIE (KGZ),2019-09-21,9:14,試合,シニア(または不明),世界選手権,2019,タイトルにJPN/Japan・選手名の一致,高,高谷 惣亮(Sosuke TAKATANI),Freestyle Wrestling - 2019 Senior World C'ships - Nursultan,https://www.youtube.com/watch?v=nqHRkisAqyQ
cW2LBjzkWNk,Qual. FS - 61 kg: T. TUMENBILEG (MGL) v. K. YAMAGUCHI (JPN),2019-09-21,9:20,試合,シニア(または不明),世界選手権,2019,タイトルにJPN/Japan・選手名の一致,高,照合なし(同じローマ字が2人以上),Freestyle Wrestling - 2019 Senior World C'ships - Nursultan,https://www.youtube.com/watch?v=cW2LBjzkWNk
0AGnK7Th19c,1/8 FS - 79 kg: G. NABIEV (RUS) v. Y. TAKAHASHI (JPN),2019-09-21,8:17,試合,シニア(または不明),世界選手権,2019,タイトルにJPN/Japan・選手名の一致,高,照合なし(同じローマ字が2人以上),Freestyle Wrestling - 2019 Senior World C'ships - Nursultan,https://www.youtube.com/watch?v=0AGnK7Th19c
LQa9qP-s87w,1/16 FS - 86 kg: S. TAKATANI (JPN) v. S. DIMITROV (BUL),2019-09-21,10:00,試合,シニア(または不明),世界選手権,2019,タイトルにJPN/Japan・選手名の一致,高,高谷 惣亮(Sosuke TAKATANI),Freestyle Wrestling - 2019 Senior World C'ships - Nursultan,https://www.youtube.com/watch?v=LQa9qP-s87w
qK0k1EWJu2A,Repechage FS - 74 kg: K. RYBICKI (POL) v. M. OKUI (JPN),2019-09-21,8:01,試合,シニア(または不明),世界選手権,2019,タイトルにJPN/Japan,高,照合なし,Freestyle Wrestling - 2019 Senior World C'ships - Nursultan,https://www.youtube.com/watch?v=qK0k1EWJu2A
wL4XJ95rnk8,1/4 FS - 74 kg: Z. SIDAKOV (RUS) v. M. OKUI (JPN),2019-09-20,8:00,試合,シニア(または不明),世界選手権,2019,タイトルにJPN/Japan,高,照合なし,Best of Sidakov / Freestyle Wrestling - 2019 Senior World C'ships - Nursultan,https://www.youtube.com/watch?v=wL4XJ95rnk8
htcClqJTUyU,Repechage FS - 65 kg: H. ALIYEV (AZE) v. T. OTOGURO (JPN),2019-09-20,10:39,試合,シニア(または不明),世界選手権,2019,タイトルにJPN/Japan,高,照合なし,Freestyle Wrestling - 2019 Senior World C'ships - Nursultan,https://www.youtube.com/watch?v=htcClqJTUyU
rNgdctGbYSA,BRONZE FS - 65 kg: T. OTOGURO (JPN) v. I. MUSZUKAJEV (HUN),2019-09-20,10:03,試合,シニア(または不明),世界選手権,2019,タイトルにJPN/Japan,高,照合なし,Freestyle Wrestling - 2019 Senior World C'ships - Nursultan,https://www.youtube.com/watch?v=rNgdctGbYSA
0uxLd5yWTeQ,Repechage FS - 65 kg: T. OTOGURO (JPN) v. H. ALI (BRN),2019-09-20,9:11,試合,シニア(または不明),世界選手権,2019,タイトルにJPN/Japan,高,照合なし,Freestyle Wrestling - 2019 Senior World C'ships - Nursultan,https://www.youtube.com/watch?v=0uxLd5yWTeQ
MocSBfpMvfw,1/8 FS - 74 kg: I. DZHAKYPBEKOV (KGZ) v. M. OKUI (JPN),2019-09-20,9:24,試合,シニア(または不明),世界選手権,2019,タイトルにJPN/Japan,高,照合なし,Freestyle Wrestling - 2019 Senior World C'ships - Nursultan,https://www.youtube.com/watch?v=MocSBfpMvfw
Z2yD7x7s0Go,1/4 FS - 70 kg: Y. EMAMICHOGHAE (IRI) v. K. SHIGA (JPN),2019-09-20,4:23,試合,シニア(または不明),世界選手権,2019,タイトルにJPN/Japan・選手名の一致,高,志賀 晃次郎(Kojiro SHIGA),Freestyle Wrestling - 2019 Senior World C'ships - Nursultan,https://www.youtube.com/watch?v=Z2yD7x7s0Go
8bGtWPLTC4A,Qual. FS - 125 kg: N. ARAKIDA (JPN) v. A. ROMANOV (MDA),2019-09-20,7:48,試合,シニア(または不明),世界選手権,2019,タイトルにJPN/Japan,高,照合なし,Freestyle Wrestling - 2019 Senior World C'ships - Nursultan,https://www.youtube.com/watch?v=8bGtWPLTC4A
pFSmGPOtHo0,1/16 FS - 74 kg: J. PHULKA (CAN) v. M. OKUI (JPN),2019-09-20,8:13,試合,シニア(または不明),世界選手権,2019,タイトルにJPN/Japan,高,照合なし,Freestyle Wrestling - 2019 Senior World C'ships - Nursultan,https://www.youtube.com/watch?v=pFSmGPOtHo0
NMT18EPGPiE,1/8 FS - 70 kg: K. SHIGA (JPN) v. A. A. IBRAHIM (QAT),2019-09-20,3:28,試合,シニア(または不明),世界選手権,2019,タイトルにJPN/Japan・選手名の一致,高,志賀 晃次郎(Kojiro SHIGA),Freestyle Wrestling - 2019 Senior World C'ships - Nursultan,https://www.youtube.com/watch?v=NMT18EPGPiE
3Imok2wKQYI,1/4 FS - 92 kg: T. OTSU (JPN) v. I. MTSITURI (GEO),2019-09-20,7:40,試合,シニア(または不明),世界選手権,2019,タイトルにJPN/Japan,高,照合なし,Freestyle Wrestling - 2019 Senior World C'ships - Nursultan,https://www.youtube.com/watch?v=3Imok2wKQYI
AKJC58rISxA,Qual. FS - 70 kg: L. BARRIOS ROCH (HON) v. K. SHIGA (JPN),2019-09-20,2:46,試合,シニア(または不明),世界選手権,2019,タイトルにJPN/Japan・選手名の一致,高,志賀 晃次郎(Kojiro SHIGA),Freestyle Wrestling - 2019 Senior World C'ships - Nursultan,https://www.youtube.com/watch?v=AKJC58rISxA
esdQ338u12c,1/8 FS - 92 kg: N. BAATAR (MGL) v. T. OTSU (JPN),2019-09-20,9:19,試合,シニア(または不明),世界選手権,2019,タイトルにJPN/Japan,高,照合なし,Freestyle Wrestling - 2019 Senior World C'ships - Nursultan,https://www.youtube.com/watch?v=esdQ338u12c
qN4opZna4Lc,Repechage WW - 68 kg: B. OBORUDUDU (NGR) v. S. DOSHO (JPN),2019-09-20,8:11,試合,シニア(または不明),世界選手権,2019,タイトルにJPN/Japan,高,照合なし,Women's Wrestling - 2019 Senior World C'ships - Nursultan,https://www.youtube.com/watch?v=qN4opZna4Lc
NZr0ZMt6n98,BRONZE WW - 62 kg: Y. KAWAI (JPN) v. J. RIM (PRK),2019-09-20,6:49,試合,シニア(または不明),世界選手権,2019,タイトルにJPN/Japan,高,照合なし,Women's Wrestling - 2019 Senior World C'ships - Nursultan,https://www.youtube.com/watch?v=NZr0ZMt6n98
cCqlWluR1VQ,Repechage WW - 62 kg: Y. KAWAI (JPN) v. Y. TKACH OSTAPC (UKR),2019-09-20,8:06,試合,シニア(または不明),世界選手権,2019,タイトルにJPN/Japan,高,照合なし,Women's Wrestling - 2019 Senior World C'ships - Nursultan,https://www.youtube.com/watch?v=cCqlWluR1VQ
D2vUdnEd22A,BRONZE WW - 68 kg: S. DOSHO (JPN) v. A. SCHELL (GER),2019-09-20,9:09,試合,シニア(または不明),世界選手権,2019,タイトルにJPN/Japan,高,照合なし,Women's Wrestling - 2019 Senior World C'ships - Nursultan,https://www.youtube.com/watch?v=D2vUdnEd22A
ywUY7bNN4ZQ,Repechage WW - 62 kg: A. ROMERO BONIL (MEX) v. Y. KAWAI (JPN),2019-09-20,8:06,試合,シニア(または不明),世界選手権,2019,タイトルにJPN/Japan,高,照合なし,Women's Wrestling - 2019 Senior World C'ships - Nursultan,https://www.youtube.com/watch?v=ywUY7bNN4ZQ
hAYJQRdT8yM,1/8 FS - 65 kg: G. RASHIDOV (RUS) v. T. OTOGURO (JPN),2019-09-19,8:57,試合,シニア(または不明),世界選手権,2019,タイトルにJPN/Japan,高,照合なし,Freestyle Wrestling - 2019 Senior World C'ships - Nursultan,https://www.youtube.com/watch?v=hAYJQRdT8yM
GT_3IV8buQs,1/8 WW - 62 kg: Y. KAWAI (JPN) v. A. TYNYBEKOVA (KGZ),2019-09-19,6:16,試合,シニア(または不明),世界選手権,2019,タイトルにJPN/Japan,高,照合なし,Women's Wrestling - 2019 Senior World C'ships - Nursultan,https://www.youtube.com/watch?v=GT_3IV8buQs
94PHSaDnPfg,GOLD WW - 76 kg: H. MINAGAWA SUZ (JPN) v. A. GRAY (USA),2019-09-19,8:00,試合,シニア(または不明),世界選手権,2019,タイトルにJPN/Japan,高,照合なし,Women's Wrestling - 2019 Senior World C'ships - Nursultan,https://www.youtube.com/watch?v=94PHSaDnPfg
xt1i55y8USo,GOLD WW - 57 kg: N. RONG (CHN) v. R. KAWAI (JPN),2019-09-19,7:57,試合,シニア(または不明),世界選手権,2019,タイトルにJPN/Japan,高,照合なし,Women's Wrestling - 2019 Senior World C'ships - Nursultan,https://www.youtube.com/watch?v=xt1i55y8USo
X5AWmmPN1fM,1/4 WW - 68 kg: S. DOSHO (JPN) v. T. MENSAH (USA),2019-09-19,9:24,試合,シニア(または不明),世界選手権,2019,タイトルにJPN/Japan,高,照合なし,Women's Wrestling - 2019 Senior World C'ships - Nursultan,https://www.youtube.com/watch?v=X5AWmmPN1fM
vUZurOYZsfI,1/16 WW - 62 kg: Y. KAWAI (JPN) v. L. NIEMESCH (GER),2019-09-19,8:23,試合,シニア(または不明),世界選手権,2019,タイトルにJPN/Japan,高,照合なし,Women's Wrestling - 2019 Senior World C'ships - Nursultan,https://www.youtube.com/watch?v=vUZurOYZsfI
kQ60HasrKLg,1/16 WW - 68 kg: D. KAKRAN (IND) v. S. DOSHO (JPN),2019-09-19,7:54,試合,シニア(または不明),世界選手権,2019,タイトルにJPN/Japan,高,照合なし,Women's Wrestling - 2019 Senior World C'ships - Nursultan,https://www.youtube.com/watch?v=kQ60HasrKLg
SHnnELsgv7Y,1/8 WW - 68 kg: S. DOSHO (JPN) v. A. HANZLICKOVA (CZE),2019-09-19,8:08,試合,シニア(または不明),世界選手権,2019,タイトルにJPN/Japan,高,照合なし,Women's Wrestling - 2019 Senior World C'ships - Nursultan,https://www.youtube.com/watch?v=SHnnELsgv7Y
YCUkukW5AiM,Risako KAWAI (JPN): 57kg World Champion,2019-09-19,3:44,その他,シニア(または不明),世界選手権,2019,タイトルにJPN/Japan,高,照合なし,News + Highlights - 2019 World Championships,https://www.youtube.com/watch?v=YCUkukW5AiM
7PWAaCMUsJA,1/16 FS - 65 kg: V. TEVANYAN (ARM) v. T. OTOGURO (JPN),2019-09-19,8:39,試合,U20,世界選手権,2019,タイトルにJPN/Japan,高,照合なし,Freestyle Wrestling - 2019 Junior World Championships,https://www.youtube.com/watch?v=7PWAaCMUsJA
ginuionUyR8,1/4 FS - 57 kg: Y. TAKAHASHI (JPN) v. K. RAVI (IND),2019-09-19,12:41,試合,U20,世界選手権,2019,タイトルにJPN/Japan・選手名の一致,高,照合なし(同じローマ字が2人以上),Freestyle Wrestling - 2019 Junior World Championships,https://www.youtube.com/watch?v=ginuionUyR8
nUxczEHMIas,1/8 FS - 57 kg: Y. TAKAHASHI (JPN) v. D. FIX (USA),2019-09-19,10:48,試合,U20,世界選手権,2019,タイトルにJPN/Japan・選手名の一致,高,照合なし(同じローマ字が2人以上),Freestyle Wrestling - 2019 Junior World Championships,https://www.youtube.com/watch?v=nUxczEHMIas
45WTI63sNh0,1/16 FS - 57 kg: Y. TAKAHASHI (JPN) v. D. IUNA FAFE (GBS),2019-09-19,9:07,試合,U20,世界選手権,2019,タイトルにJPN/Japan・選手名の一致,高,照合なし(同じローマ字が2人以上),Freestyle Wrestling - 2019 Junior World Championships,https://www.youtube.com/watch?v=45WTI63sNh0
bfd7o1ORJj0,GOLD WW - 55 kg: N. IRIE (JPN) v. J. WINCHESTER (USA),2019-09-18,11:48,試合,シニア(または不明),世界選手権,2019,タイトルにJPN/Japan,高,照合なし,Women's Wrestling - 2019 Senior World C'ships - Nursultan,https://www.youtube.com/watch?v=bfd7o1ORJj0
ajvlyWckVaQ,GOLD WW - 53 kg: M. MUKAIDA (JPN) v. Y. PAK (PRK),2019-09-18,8:16,試合,シニア(または不明),世界選手権,2019,タイトルにJPN/Japan,高,照合なし,Women's Wrestling - 2019 Senior World C'ships - Nursultan,https://www.youtube.com/watch?v=ajvlyWckVaQ
FaU7MX3_0xQ,1/2 WW - 57 kg: O. ADEKUOROYE (NGR) v. R. KAWAI (JPN),2019-09-18,8:50,試合,シニア(または不明),世界選手権,2019,タイトルにJPN/Japan,高,照合なし,Women's Wrestling - 2019 Senior World C'ships - Nursultan,https://www.youtube.com/watch?v=FaU7MX3_0xQ
m3oF_SO3VyM,1/4 WW - 57 kg: R. KAWAI (JPN) v. A. NICHITA (MDA),2019-09-18,8:27,試合,シニア(または不明),世界選手権,2019,タイトルにJPN/Japan,高,照合なし,Women's Wrestling - 2019 Senior World C'ships - Nursultan,https://www.youtube.com/watch?v=m3oF_SO3VyM
W2rN5jGGq18,Qual. WW - 57 kg: T. SUKHEE (MGL) v. R. KAWAI (JPN),2019-09-18,0:58,試合,シニア(または不明),世界選手権,2019,タイトルにJPN/Japan,高,照合なし,Women's Wrestling - 2019 Senior World C'ships - Nursultan,https://www.youtube.com/watch?v=W2rN5jGGq18
wSrt8hQ6NTk,1/4 WW - 76 kg: Q. ZHOU (CHN) v. H. MINAGAWA SUZ (JPN),2019-09-18,8:31,試合,シニア(または不明),世界選手権,2019,タイトルにJPN/Japan,高,照合なし,Women's Wrestling - 2019 Senior World C'ships - Nursultan,https://www.youtube.com/watch?v=wSrt8hQ6NTk
L33EJ2rCpik,BRONZE WW - 72 kg: M. FURUICHI (JPN) v. Z. BAKBERGENOVA (KAZ),2019-09-18,11:31,試合,シニア(または不明),世界選手権,2019,タイトルにJPN/Japan・選手名の一致,高,古市 雅子(Masako FURUICHI),Women's Wrestling - 2019 Senior World C'ships - Nursultan,https://www.youtube.com/watch?v=L33EJ2rCpik
5cwyxVxOivU,1/8 WW - 59 kg: Y. INAGAKI (JPN) v. Y. CHOI (KOR),2019-09-18,1:07,試合,シニア(または不明),世界選手権,2019,タイトルにJPN/Japan・選手名の一致,高,稲垣 柚香(Yuzuka INAGAKI),Women's Wrestling - 2019 Senior World C'ships - Nursultan,https://www.youtube.com/watch?v=5cwyxVxOivU
N_BSiwMu1f8,Repechage WW - 72 kg: M. FURUICHI (JPN) v. A. ANGHEL (ROU),2019-09-18,8:00,試合,シニア(または不明),世界選手権,2019,タイトルにJPN/Japan・選手名の一致,高,古市 雅子(Masako FURUICHI),Women's Wrestling - 2019 Senior World C'ships - Nursultan,https://www.youtube.com/watch?v=N_BSiwMu1f8
KgYEzado5kc,1/2 WW - 76 kg: H. MINAGAWA SUZ (JPN) v. E. MAEE (EST),2019-09-18,8:21,試合,シニア(または不明),世界選手権,2019,タイトルにJPN/Japan,高,照合なし,Women's Wrestling - 2019 Senior World C'ships - Nursultan,https://www.youtube.com/watch?v=KgYEzado5kc
QdwZ7ZgxHRI,1/8 WW - 65 kg: N. RUIKE (JPN) v. X. WANG (CHN),2019-09-18,10:18,試合,シニア(または不明),世界選手権,2019,タイトルにJPN/Japan・選手名の一致,高,類家 直美(Naomi RUIKE),Women's Wrestling - 2019 Senior World C'ships - Nursultan,https://www.youtube.com/watch?v=QdwZ7ZgxHRI
fZ5y4dhW95w,Qual. WW - 76 kg: B. ONYEBUCHI (NGR) v. H. MINAGAWA SUZ (JPN),2019-09-18,9:51,試合,シニア(または不明),世界選手権,2019,タイトルにJPN/Japan,高,照合なし,Women's Wrestling - 2019 Senior World C'ships - Nursultan,https://www.youtube.com/watch?v=fZ5y4dhW95w
5Ye6r8XoaJU,1/4 WW - 59 kg: Y. INAGAKI (JPN) v. P. DHANDA (IND),2019-09-18,10:14,試合,シニア(または不明),世界選手権,2019,タイトルにJPN/Japan・選手名の一致,高,稲垣 柚香(Yuzuka INAGAKI),Women's Wrestling - 2019 Senior World C'ships - Nursultan,https://www.youtube.com/watch?v=5Ye6r8XoaJU
lWjGGhOkBFE,1/8 WW - 76 kg: A. DA SILVA FER (BRA) v. H. MINAGAWA SUZ (JPN),2019-09-18,8:16,試合,シニア(または不明),世界選手権,2019,タイトルにJPN/Japan,高,照合なし,Women's Wrestling - 2019 Senior World C'ships - Nursultan,https://www.youtube.com/watch?v=lWjGGhOkBFE
uXotN10Muss,1/8 WW - 57 kg: L. ANTES CASTIL (ECU) v. R. KAWAI (JPN),2019-09-18,8:11,試合,シニア(または不明),世界選手権,2019,タイトルにJPN/Japan,高,照合なし,Women's Wrestling - 2019 Senior World C'ships - Nursultan,https://www.youtube.com/watch?v=uXotN10Muss
q_ltVw5D8Kc,Olympic Champ KAWAI (JPN) Rolls Past SUKHEE (MGL),2019-09-18,0:21,ショート,シニア(または不明),オリンピック,2019,タイトルにJPN/Japan,高,照合なし,News + Highlights - 2019 World Championships,https://www.youtube.com/watch?v=q_ltVw5D8Kc
MQXNxeeDUjM,1/4 WW - 53 kg: Sarah Hildebrandt (USA) v. M. MUKAIDA (JPN),2019-09-17,6:43,試合,シニア(または不明),世界選手権,2019,タイトルにJPN/Japan,高,照合なし,Best of Sarah HILDEBRANDT / Women's Wrestling - 2019 Senior World C'ships - Nursultan,https://www.youtube.com/watch?v=MQXNxeeDUjM
b3bMgPtbCsM,S. EMELIN (RUS) v. K. FUMITA (JPN) | GR 60 kg | GOLD,2019-09-17,8:47,試合,シニア(または不明),世界選手権,2019,タイトルにJPN/Japan・選手名の一致,高,文田 健一郎(Kenichiro FUMITA),Best of Kenichiro Fumita / Greco-Roman Wrestling - 2019 Senior World C'ships - Nursultan,https://www.youtube.com/watch?v=b3bMgPtbCsM
hdPBVixEgSs,1/8 WW - 53 kg: V. VINESH (IND) v. M. MUKAIDA (JPN),2019-09-17,8:14,試合,シニア(または不明),世界選手権,2019,タイトルにJPN/Japan,高,照合なし,Best of Vinesh Phogat / Women's Wrestling - 2019 Senior World C'ships - Nursultan,https://www.youtube.com/watch?v=hdPBVixEgSs
Y6r1KbMCjB4,1/4 WW - 50 kg: Y. SUN (CHN) v. Y. IRIE (JPN),2019-09-17,9:12,試合,シニア(または不明),世界選手権,2019,タイトルにJPN/Japan,高,照合なし,Women's Wrestling - 2019 Senior World C'ships - Nursultan,https://www.youtube.com/watch?v=Y6r1KbMCjB4
E5EG9xkqwqY,1/2 WW - 55 kg: M. SEDNEVA (KAZ) v. N. IRIE (JPN),2019-09-17,6:47,試合,シニア(または不明),世界選手権,2019,タイトルにJPN/Japan,高,照合なし,Women's Wrestling - 2019 Senior World C'ships - Nursultan,https://www.youtube.com/watch?v=E5EG9xkqwqY
OWTyX00sSSM,1/2 WW - 53 kg: M. MUKAIDA (JPN) v. M. PREVOLARAKI (GRE),2019-09-17,7:47,試合,シニア(または不明),世界選手権,2019,タイトルにJPN/Japan,高,照合なし,Women's Wrestling - 2019 Senior World C'ships - Nursultan,https://www.youtube.com/watch?v=OWTyX00sSSM
HbTjLi6rlI0,Qual. WW - 72 kg: M. FURUICHI (JPN) v. N. VOROBEVA (RUS),2019-09-17,8:37,試合,シニア(または不明),世界選手権,2019,タイトルにJPN/Japan・選手名の一致,高,古市 雅子(Masako FURUICHI),Women's Wrestling - 2019 Senior World C'ships - Nursultan,https://www.youtube.com/watch?v=HbTjLi6rlI0
7JbN5xiB9U8,Qual. WW - 50 kg: Y. GUZMAN LOPEZ (CUB) v. Y. IRIE (JPN),2019-09-17,5:35,試合,シニア(または不明),世界選手権,2019,タイトルにJPN/Japan,高,照合なし,Women's Wrestling - 2019 Senior World C'ships - Nursultan,https://www.youtube.com/watch?v=7JbN5xiB9U8
IQiZmb8Y_iM,1/4 WW - 55 kg: N. IRIE (JPN) v. O. KHOROSHAVTSE (RUS),2019-09-17,8:39,試合,シニア(または不明),世界選手権,2019,タイトルにJPN/Japan,高,照合なし,Women's Wrestling - 2019 Senior World C'ships - Nursultan,https://www.youtube.com/watch?v=IQiZmb8Y_iM
KRL4M7PkLN0,1/8 WW - 55 kg: N. IRIE (JPN) v. J. PARSONS (CAN),2019-09-17,6:01,試合,シニア(または不明),世界選手権,2019,タイトルにJPN/Japan,高,照合なし,Women's Wrestling - 2019 Senior World C'ships - Nursultan,https://www.youtube.com/watch?v=KRL4M7PkLN0
PmQO9SuHaxU,Qual. WW - 53 kg: Y. KHAVALDZHY B (UKR) v. M. MUKAIDA (JPN),2019-09-17,8:05,試合,シニア(または不明),世界選手権,2019,タイトルにJPN/Japan,高,照合なし,Women's Wrestling - 2019 Senior World C'ships - Nursultan,https://www.youtube.com/watch?v=PmQO9SuHaxU
Q8FQYMctU1Y,1/8 WW - 50 kg: I. MATKOWSKA (POL) v. Y. IRIE (JPN),2019-09-17,8:34,試合,シニア(または不明),世界選手権,2019,タイトルにJPN/Japan,高,照合なし,Women's Wrestling - 2019 Senior World C'ships - Nursultan,https://www.youtube.com/watch?v=Q8FQYMctU1Y
gY0_grfBB88,Kenichiro FUMITA (JPN): 60kg World Champion,2019-09-17,2:09,その他,シニア(または不明),世界選手権,2019,タイトルにJPN/Japan・選手名の一致,高,文田 健一郎(Kenichiro FUMITA),News + Highlights - 2019 World Championships,https://www.youtube.com/watch?v=gY0_grfBB88
GLGncw3vAik,V. CIOBANU (MDA) v. K. FUMITA (JPN) | GR 60 kg | 1/4,2019-09-16,15:35,試合,シニア(または不明),世界選手権,2019,タイトルにJPN/Japan・選手名の一致,高,文田 健一郎(Kenichiro FUMITA),Best of Victor CIOBANU / Best of Kenichiro Fumita / Greco-Roman Wrestling - 2019 Senior World C'ships - Nursultan,https://www.youtube.com/watch?v=GLGncw3vAik
EAiAy3wwyc0,1/8 GR - 60 kg: E. TASMURADOV (UZB) v. K. FUMITA (JPN),2019-09-16,8:51,試合,シニア(または不明),世界選手権,2019,タイトルにJPN/Japan・選手名の一致,高,文田 健一郎(Kenichiro FUMITA),Best of Kenichiro Fumita / Greco-Roman Wrestling - 2019 Senior World C'ships - Nursultan,https://www.youtube.com/watch?v=EAiAy3wwyc0
0Xu-S6PV1HQ,1/2 GR - 60 kg: K. FUMITA (JPN) v. A. NEJATI (IRI),2019-09-16,8:23,試合,シニア(または不明),世界選手権,2019,タイトルにJPN/Japan・選手名の一致,高,文田 健一郎(Kenichiro FUMITA),Best of Kenichiro Fumita / Greco-Roman Wrestling - 2019 Senior World C'ships - Nursultan,https://www.youtube.com/watch?v=0Xu-S6PV1HQ
67tv9Ku0yys,1/16 GR - 60 kg: K. FUMITA (JPN) v. A. MONTANO ARRO (ECU),2019-09-16,8:28,試合,シニア(または不明),世界選手権,2019,タイトルにJPN/Japan・選手名の一致,高,文田 健一郎(Kenichiro FUMITA),Best of Kenichiro Fumita / Greco-Roman Wrestling - 2019 Senior World C'ships - Nursultan,https://www.youtube.com/watch?v=67tv9Ku0yys
EBjmycuu79M,GOLD GR - 63 kg: S. MARYANYAN (RUS) v. S. OTA (JPN),2019-09-16,12:42,試合,シニア(または不明),世界選手権,2019,タイトルにJPN/Japan・選手名の一致,高,太田 早也香(Sayaka OTA),Greco-Roman Wrestling - 2019 Senior World C'ships - Nursultan,https://www.youtube.com/watch?v=EBjmycuu79M
JDQfS4JzYBs,1/16 GR - 77 kg: K. CHALYAN (ARM) v. S. YABIKU (JPN),2019-09-16,8:04,試合,シニア(または不明),世界選手権,2019,タイトルにJPN/Japan,高,照合なし,Greco-Roman Wrestling - 2019 Senior World C'ships - Nursultan,https://www.youtube.com/watch?v=JDQfS4JzYBs
Zj_hjLvvzVg,Qual. GR - 130 kg: A. SONODA (JPN) v. A. MOHAMED (EGY),2019-09-16,8:27,試合,シニア(または不明),世界選手権,2019,タイトルにJPN/Japan,高,照合なし,Greco-Roman Wrestling - 2019 Senior World C'ships - Nursultan,https://www.youtube.com/watch?v=Zj_hjLvvzVg
p_21sE2XChI,Repechage GR - 97 kg: J. TURDIEV (UZB) v. Y. NARA (JPN),2019-09-16,8:02,試合,シニア(または不明),世界選手権,2019,タイトルにJPN/Japan・選手名の一致,高,奈良 勇太(Yuta NARA),Greco-Roman Wrestling - 2019 Senior World C'ships - Nursultan,https://www.youtube.com/watch?v=p_21sE2XChI
pfa2gijId-g,BRONZE GR - 55 kg: L. CAO (CHN) v. S. OGAWA (JPN),2019-09-15,5:45,試合,シニア(または不明),世界選手権,2019,タイトルにJPN/Japan,高,照合なし,Best of Liguo CAO / Greco-Roman Wrestling - 2019 Senior World C'ships - Nursultan,https://www.youtube.com/watch?v=pfa2gijId-g
cVxJIq0ktis,1/8 GR - 97 kg: M. EVLOEV (RUS) v. Y. NARA (JPN),2019-09-15,2:43,試合,シニア(または不明),世界選手権,2019,タイトルにJPN/Japan・選手名の一致,高,奈良 勇太(Yuta NARA),Greco-Roman Wrestling - 2019 Senior World C'ships - Nursultan,https://www.youtube.com/watch?v=cVxJIq0ktis
uHz_Qs1EYlc,1/16 GR - 97 kg: Y. NARA (JPN) v. A. BOUDJEMLINE (ALG),2019-09-15,9:01,試合,シニア(または不明),世界選手権,2019,タイトルにJPN/Japan・選手名の一致,高,奈良 勇太(Yuta NARA),Greco-Roman Wrestling - 2019 Senior World C'ships - Nursultan,https://www.youtube.com/watch?v=uHz_Qs1EYlc
swswxvHGgZs,1/16 GR - 67 kg: M. LOPEZ SALCER (MEX) v. S. TAKAHASHI (JPN),2019-09-15,7:38,試合,シニア(または不明),世界選手権,2019,タイトルにJPN/Japan・選手名の一致,高,照合なし(同じローマ字が2人以上),Greco-Roman Wrestling - 2019 Senior World C'ships - Nursultan,https://www.youtube.com/watch?v=swswxvHGgZs
41JegnLMLGs,1/16 GR - 87 kg: M. SUMI (JPN) v. D. TSEKERIDIS (GRE),2019-09-15,5:37,試合,シニア(または不明),世界選手権,2019,タイトルにJPN/Japan,高,照合なし,Greco-Roman Wrestling - 2019 Senior World C'ships - Nursultan,https://www.youtube.com/watch?v=41JegnLMLGs
JAnp1MewnRg,1/8 GR - 67 kg: S. TAKAHASHI (JPN) v. F. BJERREHUUS (DEN),2019-09-15,11:00,試合,シニア(または不明),世界選手権,2019,タイトルにJPN/Japan・選手名の一致,高,照合なし(同じローマ字が2人以上),Greco-Roman Wrestling - 2019 Senior World C'ships - Nursultan,https://www.youtube.com/watch?v=JAnp1MewnRg
hzV307jkLYo,Shinobu OTA (JPN): 63kg World Champion,2019-09-15,4:21,その他,シニア(または不明),世界選手権,2019,タイトルにJPN/Japan,高,照合なし,News + Highlights - 2019 World Championships,https://www.youtube.com/watch?v=hzV307jkLYo
t6tKc2XNNt0,1/4 GR - 63 kg: S. OTA (JPN) v. T. SHARSHENBEKO (KGZ),2019-09-14,5:41,試合,シニア(または不明),世界選手権,2019,タイトルにJPN/Japan・選手名の一致,高,太田 早也香(Sayaka OTA),Greco-Roman Wrestling - 2019 Senior World C'ships - Nursultan,https://www.youtube.com/watch?v=t6tKc2XNNt0
lSAEvBvdifc,1/2 GR - 63 kg: S. OTA (JPN) v. A. KEBISPAYEV (KAZ),2019-09-14,6:50,試合,シニア(または不明),世界選手権,2019,タイトルにJPN/Japan・選手名の一致,高,太田 早也香(Sayaka OTA),Greco-Roman Wrestling - 2019 Senior World C'ships - Nursultan,https://www.youtube.com/watch?v=lSAEvBvdifc
Qczb88YNEJ0,1/2 GR - 63 kg: S. OTA (JPN) v. A. KEBISPAYEV (KAZ),2019-09-14,8:30,試合,シニア(または不明),世界選手権,2019,タイトルにJPN/Japan・選手名の一致,高,太田 早也香(Sayaka OTA),Greco-Roman Wrestling - 2019 Senior World C'ships - Nursultan,https://www.youtube.com/watch?v=Qczb88YNEJ0
kReoOScw9BY,1/2 GR - 55 kg: N. TSURTSUMIA (GEO) v. S. OGAWA (JPN),2019-09-14,5:23,試合,シニア(または不明),世界選手権,2019,タイトルにJPN/Japan,高,照合なし,Greco-Roman Wrestling - 2019 Senior World C'ships - Nursultan,https://www.youtube.com/watch?v=kReoOScw9BY
JGrw9JLdR3o,1/8 GR - 63 kg: S. OTA (JPN) v. M. NEHODA (BLR),2019-09-14,6:10,試合,シニア(または不明),世界選手権,2019,タイトルにJPN/Japan・選手名の一致,高,太田 早也香(Sayaka OTA),Greco-Roman Wrestling - 2019 Senior World C'ships - Nursultan,https://www.youtube.com/watch?v=JGrw9JLdR3o
NnxlxMm9nto,Qual. GR - 82 kg: M. YEREZHEPOV (KAZ) v. Y. OKAJIMA (JPN),2019-09-14,8:40,試合,シニア(または不明),世界選手権,2019,タイトルにJPN/Japan・選手名の一致,高,岡嶋 勇也(Yuya OKAJIMA),Greco-Roman Wrestling - 2019 Senior World C'ships - Nursultan,https://www.youtube.com/watch?v=NnxlxMm9nto
OO3pBLm503k,1/4 GR - 55 kg: S. OGAWA (JPN) v. I. BAKHROMOV (UZB),2019-09-14,11:23,試合,シニア(または不明),世界選手権,2019,タイトルにJPN/Japan,高,照合なし,Greco-Roman Wrestling - 2019 Senior World C'ships - Nursultan,https://www.youtube.com/watch?v=OO3pBLm503k
x72RSWtjias,Qual. GR - 55 kg: S. OGAWA (JPN) v. N. HAKHOYAN (ARM),2019-09-14,10:32,試合,シニア(または不明),世界選手権,2019,タイトルにJPN/Japan,高,照合なし,Greco-Roman Wrestling - 2019 Senior World C'ships - Nursultan,https://www.youtube.com/watch?v=x72RSWtjias
6v5sxrQFfxE,1/8 GR - 55 kg: S. OGAWA (JPN) v. H. JEON (KOR),2019-09-14,8:25,試合,シニア(または不明),世界選手権,2019,タイトルにJPN/Japan,高,照合なし,Greco-Roman Wrestling - 2019 Senior World C'ships - Nursultan,https://www.youtube.com/watch?v=6v5sxrQFfxE
VcMR7ZekVDo,Qual. GR - 55 kg: S. OGAWA (JPN) v. N. HAKHOYAN (ARM),2019-09-14,10:15,試合,シニア(または不明),世界選手権,2019,タイトルにJPN/Japan,高,照合なし,Greco-Roman Wrestling - 2019 Senior World C'ships - Nursultan,https://www.youtube.com/watch?v=VcMR7ZekVDo
bls4rs_B6FM,1/8 GR - 72 kg: A. MNATSAKANIAN (BUL) v. T. INOUE (JPN),2019-09-14,7:14,試合,シニア(または不明),世界選手権,2019,タイトルにJPN/Japan,高,照合なし,Greco-Roman Wrestling - 2019 Senior World C'ships - Nursultan,https://www.youtube.com/watch?v=bls4rs_B6FM
Y6nydjcWTXQ,Rio Olympic Silver Medalist OTA (JPN) Scores Slick 10-2 Win Over NEHODA (BLR),2019-09-14,0:33,ショート,シニア(または不明),オリンピック,2019,タイトルにJPN/Japan,高,照合なし,News + Highlights - 2019 World Championships,https://www.youtube.com/watch?v=Y6nydjcWTXQ
PezIP7vEOqg,Yui SUSAKI (JPN): Seven-time World Champion,2019-08-26,4:48,その他,シニア(または不明),,2019,タイトルにJPN/Japan・選手名の一致,高,須﨑 優衣(Yui SUSAKI),Best of Yui Susaki,https://www.youtube.com/watch?v=PezIP7vEOqg
fKuTeHw0A3A,BRONZE GR - 55 kg: N. ABDULLAEV (KGZ) v. K. MATSUI (JPN),2019-08-17,9:12,試合,U20,世界選手権,2019,タイトルにJPN/Japan,高,照合なし,Greco-Roman - 2019 Junior World Championships,https://www.youtube.com/watch?v=fKuTeHw0A3A
kki9vzmZ07E,1/8 GR - 72 kg: K. SUGAWARA (JPN) v. H. MOHAMED (EGY),2019-08-17,8:17,試合,U20,世界選手権,2019,タイトルにJPN/Japan,高,照合なし,Greco-Roman - 2019 Junior World Championships,https://www.youtube.com/watch?v=kki9vzmZ07E
FurZGS5SukU,1/8 GR - 60 kg: M. MOHAMED (EGY) v. K. YABE (JPN),2019-08-17,3:16,試合,U20,世界選手権,2019,タイトルにJPN/Japan・選手名の一致,高,矢部 和希(Kazuki YABE),Greco-Roman - 2019 Junior World Championships,https://www.youtube.com/watch?v=FurZGS5SukU
8ai9o42TuoU,1/8 GR - 82 kg: Z. BRAUNAGEL (USA) v. S. MUKAI (JPN),2019-08-17,8:22,試合,U20,世界選手権,2019,タイトルにJPN/Japan,高,照合なし,Greco-Roman - 2019 Junior World Championships,https://www.youtube.com/watch?v=8ai9o42TuoU
yG9xvnP8uRU,1/16 GR - 67 kg: M. PORTMANN (SUI) v. G. TAGUCHI (JPN),2019-08-17,8:59,試合,U20,世界選手権,2019,タイトルにJPN/Japan,高,照合なし,Greco-Roman - 2019 Junior World Championships,https://www.youtube.com/watch?v=yG9xvnP8uRU
7c6cEnGBFBQ,Repechage GR - 87 kg: H. FOROUZANDEH  (IRI) v. R. NASUKAWA (JPN),2019-08-17,8:13,試合,U20,世界選手権,2019,タイトルにJPN/Japan,高,照合なし,Greco-Roman - 2019 Junior World Championships,https://www.youtube.com/watch?v=7c6cEnGBFBQ
bL_3gVq3Tkw,1/4 GR - 82 kg: H. FOROUZANDEH  (IRI) v. S. MUKAI (JPN),2019-08-17,8:02,試合,U20,世界選手権,2019,タイトルにJPN/Japan,高,照合なし,Greco-Roman - 2019 Junior World Championships,https://www.youtube.com/watch?v=bL_3gVq3Tkw
7dWppAYTzn8,1/8 GR - 97 kg: Y. NAKAZATO (JPN) v. R. KARELSON (EST),2019-08-17,8:08,試合,U20,世界選手権,2019,タイトルにJPN/Japan・選手名の一致,高,仲里 優力(Yuri NAKAZATO),Greco-Roman - 2019 Junior World Championships,https://www.youtube.com/watch?v=7dWppAYTzn8
1opSunAIUWc,Qual. GR - 82 kg: T. AYIDINGBIEKE (CHN) v. S. MUKAI (JPN),2019-08-17,7:34,試合,U20,世界選手権,2019,タイトルにJPN/Japan,高,照合なし,Greco-Roman - 2019 Junior World Championships,https://www.youtube.com/watch?v=1opSunAIUWc
5e-mydV-il4,1/8 GR - 67 kg: G. TAGUCHI (JPN) v. V. KRAVCHENKO (UKR),2019-08-17,7:36,試合,U20,世界選手権,2019,タイトルにJPN/Japan,高,照合なし,Greco-Roman - 2019 Junior World Championships,https://www.youtube.com/watch?v=5e-mydV-il4
_yvNxZVPOMY,1/4 GR - 60 kg: K. YABE (JPN) v. T. KANZHARBEK U (KGZ),2019-08-17,9:57,試合,U20,世界選手権,2019,タイトルにJPN/Japan・選手名の一致,高,矢部 和希(Kazuki YABE),Greco-Roman - 2019 Junior World Championships,https://www.youtube.com/watch?v=_yvNxZVPOMY
UIbTY1MkVII,Qual. GR - 72 kg: K. SUGAWARA (JPN) v. P. PUKLAVEC (CRO),2019-08-17,8:04,試合,U20,世界選手権,2019,タイトルにJPN/Japan,高,照合なし,Greco-Roman - 2019 Junior World Championships,https://www.youtube.com/watch?v=UIbTY1MkVII
ruGwQvo5iZE,Yui Susaki - Dominating Stats,2019-08-17,1:22,その他,U20,世界選手権,2019,選手名の一致(国名なし),中,須﨑 優衣(Yui SUSAKI),News + Highlights - 2019 Junior Worlds,https://www.youtube.com/watch?v=ruGwQvo5iZE
cKa-cGfzMHM,Haruna OKUNO (JPN) Wins Fifth World Title,2019-08-17,4:27,その他,U20,世界選手権,2019,タイトルにJPN/Japan,高,照合なし,News + Highlights - 2019 Junior Worlds,https://www.youtube.com/watch?v=cKa-cGfzMHM
_CWoPsNMaAs,GOLD WW - 72 kg: Y. KAGAMI (JPN) v. E. ZAKHARCHENKO (RUS),2019-08-16,9:55,試合,U20,オリンピック,2019,タイトルにJPN/Japan・選手名の一致,高,鏡 優翔(Yuka KAGAMI),From U20 World Champs to Olympic Champs / Women's Wrestling - 2019 Junior World Championships,https://www.youtube.com/watch?v=_CWoPsNMaAs
6AiYI8qnmYQ,Qual. GR - 63 kg: H. POGHOSYAN (ARM) v. K. SOGABE (JPN),2019-08-16,2:33,試合,U20,世界選手権,2019,タイトルにJPN/Japan・選手名の一致,高,曽我部 京太郎(Kyotaro SOGABE),Best of Kyotaro SOGABE / Greco-Roman - 2019 Junior World Championships,https://www.youtube.com/watch?v=6AiYI8qnmYQ
M_BE8hyvul4,1/2 GR - 55 kg: Z. ALIYEV (AZE) v. K. MATSUI (JPN),2019-08-16,8:32,試合,U20,世界選手権,2019,タイトルにJPN/Japan,高,照合なし,Greco-Roman - 2019 Junior World Championships,https://www.youtube.com/watch?v=M_BE8hyvul4
TxBkIp_tTe0,1/8 GR - 87 kg: R. NASUKAWA (JPN) v. G. KATSANASHVIL (GEO),2019-08-16,8:17,試合,U20,世界選手権,2019,タイトルにJPN/Japan,高,照合なし,Greco-Roman - 2019 Junior World Championships,https://www.youtube.com/watch?v=TxBkIp_tTe0
LneyWH2b5hw,1/4 GR - 55 kg: K. MATSUI (JPN) v. I. BOTIROV (UZB),2019-08-16,8:39,試合,U20,世界選手権,2019,タイトルにJPN/Japan,高,照合なし,Greco-Roman - 2019 Junior World Championships,https://www.youtube.com/watch?v=LneyWH2b5hw
Ws6IFMdk79w,1/8 GR - 77 kg: T. LEVAI (HUN) v. A. SHIMOYAMADA (JPN),2019-08-16,8:47,試合,U20,世界選手権,2019,タイトルにJPN/Japan,高,照合なし,Greco-Roman - 2019 Junior World Championships,https://www.youtube.com/watch?v=Ws6IFMdk79w
Fvr4dzEiENI,Qual. GR - 55 kg: H. MAKARANKA (BLR) v. K. MATSUI (JPN),2019-08-16,8:29,試合,U20,世界選手権,2019,タイトルにJPN/Japan,高,照合なし,Greco-Roman - 2019 Junior World Championships,https://www.youtube.com/watch?v=Fvr4dzEiENI
o8TARhdV2mA,1/8 GR - 130 kg: M. KAMPAROV (RUS) v. S. SUZUKI (JPN),2019-08-16,2:42,試合,U20,世界選手権,2019,タイトルにJPN/Japan・選手名の一致,高,鈴木 空斗(Sorato SUZUKI),Greco-Roman - 2019 Junior World Championships,https://www.youtube.com/watch?v=o8TARhdV2mA
sXosCFsi-sc,1/8 GR - 55 kg: M. AKTAS (TUR) v. K. MATSUI (JPN),2019-08-16,15:42,試合,U20,世界選手権,2019,タイトルにJPN/Japan,高,照合なし,Greco-Roman - 2019 Junior World Championships,https://www.youtube.com/watch?v=sXosCFsi-sc
43eEbA33vLQ,GOLD WW - 62 kg: Y. INAGAKI (JPN) v. Y. WU (CHN),2019-08-16,7:59,試合,U20,世界選手権,2019,タイトルにJPN/Japan・選手名の一致,高,稲垣 柚香(Yuzuka INAGAKI),Women's Wrestling - 2019 Junior World Championships,https://www.youtube.com/watch?v=43eEbA33vLQ
PnAw-WDOmtc,GOLD WW - 53 kg: A. NANDINTSETSE (MGL) v. H. OKUNO (JPN),2019-08-16,8:33,試合,U20,世界選手権,2019,タイトルにJPN/Japan,高,照合なし,Women's Wrestling - 2019 Junior World Championships,https://www.youtube.com/watch?v=PnAw-WDOmtc
IThLG2crpyM,GOLD WW - 65 kg: M. MORIKAWA (JPN) v. M. KILTY (USA),2019-08-16,8:09,試合,U20,世界選手権,2019,タイトルにJPN/Japan・選手名の一致,高,森川 美和(Miwa MORIKAWA),Women's Wrestling - 2019 Junior World Championships,https://www.youtube.com/watch?v=IThLG2crpyM
WBUBIXmGzM8,GOLD WW - 57 kg: A. AKOBIIA (UKR) v. A. HANAI (JPN),2019-08-16,9:12,試合,U20,世界選手権,2019,タイトルにJPN/Japan,高,照合なし,Women's Wrestling - 2019 Junior World Championships,https://www.youtube.com/watch?v=WBUBIXmGzM8
RzjXSDAtiLY,GOLD WW - 50 kg: D. KHVOSTOVA (RUS) v. Y. SUSAKI (JPN),2019-08-15,1:57,試合,U20,オリンピック,2019,タイトルにJPN/Japan・選手名の一致,高,須﨑 優衣(Yui SUSAKI),From U20 World Champs to Olympic Champs / Women's Wrestling - 2019 Junior World Championships,https://www.youtube.com/watch?v=RzjXSDAtiLY
4KzAnYUE1u8,GOLD WW - 59 kg: S. NANJO (JPN) v. A. NICHITA (MDA),2019-08-15,6:35,試合,U20,世界選手権,2019,タイトルにJPN/Japan・選手名の一致,高,南條 早映(Sae NANJO),Best of Anastasia NICHITA / Women's Wrestling - 2019 Junior World Championships,https://www.youtube.com/watch?v=4KzAnYUE1u8
VNU9CakFyL4,1/2 WW - 72 kg: A. FISKE (USA) v. Y. KAGAMI (JPN),2019-08-15,3:21,試合,U20,世界選手権,2019,タイトルにJPN/Japan・選手名の一致,高,鏡 優翔(Yuka KAGAMI),Best of Yuuka Kagami / Women's Wrestling - 2019 Junior World Championships,https://www.youtube.com/watch?v=VNU9CakFyL4
r4UeeVhdfJk,1/2 WW - 57 kg: B. BAGHEL (IND) v. A. HANAI (JPN),2019-08-15,5:24,試合,U20,世界選手権,2019,タイトルにJPN/Japan,高,照合なし,Women's Wrestling - 2019 Junior World Championships,https://www.youtube.com/watch?v=r4UeeVhdfJk
zQphIKdOVt4,1/2 WW - 53 kg: M. TIUMEREKOVA (RUS) v. H. OKUNO (JPN),2019-08-15,8:23,試合,U20,世界選手権,2019,タイトルにJPN/Japan,高,照合なし,Women's Wrestling - 2019 Junior World Championships,https://www.youtube.com/watch?v=zQphIKdOVt4
Up3ea1xoZG8,1/2 WW - 65 kg: M. MORIKAWA (JPN) v. Y. ZHANG (CHN),2019-08-15,5:10,試合,U20,世界選手権,2019,タイトルにJPN/Japan・選手名の一致,高,森川 美和(Miwa MORIKAWA),Women's Wrestling - 2019 Junior World Championships,https://www.youtube.com/watch?v=Up3ea1xoZG8
kKoTPBf8Ug0,1/2 WW - 62 kg: Y. INAGAKI (JPN) v. I. RINGACI (MDA),2019-08-15,5:36,試合,U20,世界選手権,2019,タイトルにJPN/Japan・選手名の一致,高,稲垣 柚香(Yuzuka INAGAKI),Women's Wrestling - 2019 Junior World Championships,https://www.youtube.com/watch?v=kKoTPBf8Ug0
IaZPEbrxQL0,BRONZE WW - 76 kg: Y. MATSUYUKI (JPN) v. Q. JIANG (CHN),2019-08-15,8:08,試合,U20,世界選手権,2019,タイトルにJPN/Japan・選手名の一致,高,松雪 泰葉(Yasuha MATSUYUKI),Women's Wrestling - 2019 Junior World Championships,https://www.youtube.com/watch?v=IaZPEbrxQL0
s2xFjMRTalQ,BRONZE WW - 55 kg: E. PARK (KOR) v. S. IGARASHI (JPN),2019-08-15,7:42,試合,U20,世界選手権,2019,タイトルにJPN/Japan,高,照合なし,Women's Wrestling - 2019 Junior World Championships,https://www.youtube.com/watch?v=s2xFjMRTalQ
-Bw8yyF4G0M,GOLD WW - 68 kg: N. MATSUYUKI (JPN) v. M. ZHUMANAZAROV (KGZ),2019-08-15,7:57,試合,U20,世界選手権,2019,タイトルにJPN/Japan,高,照合なし,Women's Wrestling - 2019 Junior World Championships,https://www.youtube.com/watch?v=-Bw8yyF4G0M
gTF33N4Aypw,Qual. WW - 57 kg: N. ANARKULOVA (KGZ) v. A. HANAI (JPN),2019-08-15,7:45,試合,U20,世界選手権,2019,タイトルにJPN/Japan,高,照合なし,Women's Wrestling - 2019 Junior World Championships,https://www.youtube.com/watch?v=gTF33N4Aypw
UpizIpZnh_8,1/4 WW - 72 kg: Y. KAGAMI (JPN) v. A. ALPYEYEVA (UKR),2019-08-15,8:12,試合,U20,世界選手権,2019,タイトルにJPN/Japan・選手名の一致,高,鏡 優翔(Yuka KAGAMI),Women's Wrestling - 2019 Junior World Championships,https://www.youtube.com/watch?v=UpizIpZnh_8
2-bmj7JK1cw,1/8 WW - 65 kg: K. MULKAY (CAN) v. M. MORIKAWA (JPN),2019-08-15,7:11,試合,U20,世界選手権,2019,タイトルにJPN/Japan・選手名の一致,高,森川 美和(Miwa MORIKAWA),Women's Wrestling - 2019 Junior World Championships,https://www.youtube.com/watch?v=2-bmj7JK1cw
17MR4Z8No6U,Repechage WW - 76 kg: Y. MATSUYUKI (JPN) v. K. KARUNA (IND),2019-08-15,7:46,試合,U20,世界選手権,2019,タイトルにJPN/Japan・選手名の一致,高,松雪 泰葉(Yasuha MATSUYUKI),Women's Wrestling - 2019 Junior World Championships,https://www.youtube.com/watch?v=17MR4Z8No6U
66u6DYGgG3c,Repechage WW - 76 kg: Y. MATSUYUKI (JPN) v. M. NORMUMINOVA (UZB),2019-08-15,5:04,試合,U20,世界選手権,2019,タイトルにJPN/Japan・選手名の一致,高,松雪 泰葉(Yasuha MATSUYUKI),Women's Wrestling - 2019 Junior World Championships,https://www.youtube.com/watch?v=66u6DYGgG3c
l7p4zq0HVqE,1/4 WW - 53 kg: H. OKUNO (JPN) v. S. AKHMEDOVA (UZB),2019-08-15,8:25,試合,U20,世界選手権,2019,タイトルにJPN/Japan,高,照合なし,Women's Wrestling - 2019 Junior World Championships,https://www.youtube.com/watch?v=l7p4zq0HVqE
RY6pWxfuUZ8,1/4 WW - 57 kg: T. TENEVA (BUL) v. A. HANAI (JPN),2019-08-15,2:58,試合,U20,世界選手権,2019,タイトルにJPN/Japan,高,照合なし,Women's Wrestling - 2019 Junior World Championships,https://www.youtube.com/watch?v=RY6pWxfuUZ8
xwOVSP6oQnM,1/4 WW - 62 kg: Y. INAGAKI (JPN) v. A. GODINEZ GONZ (CAN),2019-08-15,7:52,試合,U20,世界選手権,2019,タイトルにJPN/Japan・選手名の一致,高,稲垣 柚香(Yuzuka INAGAKI),Women's Wrestling - 2019 Junior World Championships,https://www.youtube.com/watch?v=xwOVSP6oQnM
LRt7Zx3Rwiw,1/4 WW - 65 kg: O. CHUDYK (UKR) v. M. MORIKAWA (JPN),2019-08-15,8:29,試合,U20,世界選手権,2019,タイトルにJPN/Japan・選手名の一致,高,森川 美和(Miwa MORIKAWA),Women's Wrestling - 2019 Junior World Championships,https://www.youtube.com/watch?v=LRt7Zx3Rwiw
zvKjAYrXgbM,Qual. WW - 72 kg: M. NITU (ROU) v. Y. KAGAMI (JPN),2019-08-15,1:06,試合,U20,世界選手権,2019,タイトルにJPN/Japan・選手名の一致,高,鏡 優翔(Yuka KAGAMI),Women's Wrestling - 2019 Junior World Championships,https://www.youtube.com/watch?v=zvKjAYrXgbM
e1RwyIpN2MI,1/8 WW - 62 kg: Y. INAGAKI (JPN) v. Z. ALIYEVA (AZE),2019-08-15,5:08,試合,U20,世界選手権,2019,タイトルにJPN/Japan・選手名の一致,高,稲垣 柚香(Yuzuka INAGAKI),Women's Wrestling - 2019 Junior World Championships,https://www.youtube.com/watch?v=e1RwyIpN2MI
_s9urQWCUPI,Qual. WW - 53 kg: P. POOJA (IND) v. H. OKUNO (JPN),2019-08-15,8:09,試合,U20,世界選手権,2019,タイトルにJPN/Japan,高,照合なし,Women's Wrestling - 2019 Junior World Championships,https://www.youtube.com/watch?v=_s9urQWCUPI
2VbYs0o9nPY,1/2 WW - 50 kg: Y. SUSAKI (JPN) v. L. YEPEZ GUZMAN (ECU),2019-08-14,1:23,試合,U20,世界選手権,2019,タイトルにJPN/Japan・選手名の一致,高,須﨑 優衣(Yui SUSAKI),Best of Lucia YEPEZ GUZMAN / Women's Wrestling - 2019 Junior World Championships,https://www.youtube.com/watch?v=2VbYs0o9nPY
RqIH-lq6VdY,1/4 WW - 59 kg: S. NANJO (JPN) v. N. MARSBEK KYZY (KGZ),2019-08-14,2:58,試合,U20,世界選手権,2019,タイトルにJPN/Japan・選手名の一致,高,南條 早映(Sae NANJO),Best of Aiperi Medet Kyzy / Women's Wrestling - 2019 Junior World Championships,https://www.youtube.com/watch?v=RqIH-lq6VdY
K1l9Uy9U1kA,Qual. WW - 76 kg: M. MARIN POTRIL (CUB) v. Y. MATSUYUKI (JPN),2019-08-14,9:22,試合,U20,世界選手権,2019,タイトルにJPN/Japan・選手名の一致,高,松雪 泰葉(Yasuha MATSUYUKI),Best of Milaimy De La Caridad MARIN POTRILLE / Women's Wrestling - 2019 Junior World Championships,https://www.youtube.com/watch?v=K1l9Uy9U1kA
cHCYy2OHdQQ,1/2 WW - 68 kg: E. CIUNEK (POL) v. N. MATSUYUKI (JPN),2019-08-14,6:47,試合,U20,世界選手権,2019,タイトルにJPN/Japan,高,照合なし,Women's Wrestling - 2019 Junior World Championships,https://www.youtube.com/watch?v=cHCYy2OHdQQ
OiVyTz4-6nM,1/2 WW - 59 kg: M. DE VITA (ITA) v. S. NANJO (JPN),2019-08-14,1:49,試合,U20,世界選手権,2019,タイトルにJPN/Japan・選手名の一致,高,南條 早映(Sae NANJO),Women's Wrestling - 2019 Junior World Championships,https://www.youtube.com/watch?v=OiVyTz4-6nM
NtKXgOLaGyg,1/8 WW - 50 kg: Y. SUSAKI (JPN) v. M. VYNNYK (UKR),2019-08-14,1:45,試合,U20,世界選手権,2019,タイトルにJPN/Japan・選手名の一致,高,須﨑 優衣(Yui SUSAKI),Women's Wrestling - 2019 Junior World Championships,https://www.youtube.com/watch?v=NtKXgOLaGyg
k-Ch8514E0I,1/4 WW - 68 kg: N. MATSUYUKI (JPN) v. D. ENKHSAIKHAN (MGL),2019-08-14,8:04,試合,U20,世界選手権,2019,タイトルにJPN/Japan,高,照合なし,Women's Wrestling - 2019 Junior World Championships,https://www.youtube.com/watch?v=k-Ch8514E0I
AYCT_RE2xEg,1/4 WW - 50 kg: N. NEELAM (IND) v. Y. SUSAKI (JPN),2019-08-14,3:14,試合,U20,世界選手権,2019,タイトルにJPN/Japan・選手名の一致,高,須﨑 優衣(Yui SUSAKI),Women's Wrestling - 2019 Junior World Championships,https://www.youtube.com/watch?v=AYCT_RE2xEg
I2gyFuTTikU,1/8 WW - 68 kg: P. PRIYANKA (IND) v. N. MATSUYUKI (JPN),2019-08-14,1:24,試合,U20,世界選手権,2019,タイトルにJPN/Japan,高,照合なし,Women's Wrestling - 2019 Junior World Championships,https://www.youtube.com/watch?v=I2gyFuTTikU
n7hF8vJUfOU,Qual. WW - 50 kg: Y. SUSAKI (JPN) v. S. PRICEPUTU (ROU),2019-08-14,1:59,試合,U20,世界選手権,2019,タイトルにJPN/Japan・選手名の一致,高,須﨑 優衣(Yui SUSAKI),Women's Wrestling - 2019 Junior World Championships,https://www.youtube.com/watch?v=n7hF8vJUfOU
YiWGu8MWmgQ,1/4 WW - 55 kg: S. IGARASHI (JPN) v. A. ANJU (IND),2019-08-14,8:27,試合,U20,世界選手権,2019,タイトルにJPN/Japan,高,照合なし,Women's Wrestling - 2019 Junior World Championships,https://www.youtube.com/watch?v=YiWGu8MWmgQ
eRw1_Y8vOLs,1/2 WW - 55 kg: E. VERBINA (RUS) v. S. IGARASHI (JPN),2019-08-14,10:24,試合,U20,世界選手権,2019,タイトルにJPN/Japan,高,照合なし,Women's Wrestling - 2019 Junior World Championships,https://www.youtube.com/watch?v=eRw1_Y8vOLs
iKU6ogVpIbg,GOLD FS - 61 kg: A. DZHELEP (UKR) v. K. YAMAGUCHI (JPN),2019-08-14,7:09,試合,U20,世界選手権,2019,タイトルにJPN/Japan・選手名の一致,高,照合なし(同じローマ字が2人以上),Freestyle Wrestling - 2019 Junior World Championships,https://www.youtube.com/watch?v=iKU6ogVpIbg
hRs34nKg7kI,GOLD FS - 74 kg: D. CARR (USA) v. J. MOTOYAMA (JPN),2019-08-14,13:24,試合,U20,世界選手権,2019,タイトルにJPN/Japan,高,照合なし,Freestyle Wrestling - 2019 Junior World Championships,https://www.youtube.com/watch?v=hRs34nKg7kI
ytykeHrIUYA,1/2 FS - 74 kg: B. BYAMBASUREN (MGL) v. J. MOTOYAMA (JPN),2019-08-13,8:26,試合,U20,世界選手権,2019,タイトルにJPN/Japan,高,照合なし,Freestyle Wrestling - 2019 Junior World Championships,https://www.youtube.com/watch?v=ytykeHrIUYA
Je6ajy5jOtU,1/2 FS - 61 kg: G. TAGG (USA) v. K. YAMAGUCHI (JPN),2019-08-13,6:26,試合,U20,世界選手権,2019,タイトルにJPN/Japan・選手名の一致,高,照合なし(同じローマ字が2人以上),Freestyle Wrestling - 2019 Junior World Championships,https://www.youtube.com/watch?v=Je6ajy5jOtU
ERg-NyJuMw8,GOLD FS - 57 kg: V. ARUJAU (USA) v. T. ABE (JPN),2019-08-13,8:27,試合,U20,世界選手権,2019,タイトルにJPN/Japan・選手名の一致,高,阿部 天臥(Tenga ABE),Freestyle Wrestling - 2019 Junior World Championships,https://www.youtube.com/watch?v=ERg-NyJuMw8
noLLoL1soRQ,1/8 FS - 92 kg: V. VIKY (IND) v. T. TANIZAKI (JPN),2019-08-13,8:28,試合,U20,世界選手権,2019,タイトルにJPN/Japan,高,照合なし,Freestyle Wrestling - 2019 Junior World Championships,https://www.youtube.com/watch?v=noLLoL1soRQ
_UUABHMQ8Co,1/4 FS - 125 kg: P. KARABULUT (TUR) v. A. MORI (JPN),2019-08-13,6:05,試合,U20,世界選手権,2019,タイトルにJPN/Japan,高,照合なし,Freestyle Wrestling - 2019 Junior World Championships,https://www.youtube.com/watch?v=_UUABHMQ8Co
Ir6LsOS8CIY,Qual. FS - 74 kg: J. MOTOYAMA (JPN) v. S. MARCHL (AUT),2019-08-13,8:57,試合,U20,世界選手権,2019,タイトルにJPN/Japan,高,照合なし,Freestyle Wrestling - 2019 Junior World Championships,https://www.youtube.com/watch?v=Ir6LsOS8CIY
kJRGkZcUm98,Repechage FS - 79 kg: A. ABAKAROV (AZE) v. Y. TAKAHASHI (JPN),2019-08-13,1:31,試合,U20,世界選手権,2019,タイトルにJPN/Japan・選手名の一致,高,照合なし(同じローマ字が2人以上),Freestyle Wrestling - 2019 Junior World Championships,https://www.youtube.com/watch?v=kJRGkZcUm98
X3TI2k5JzKs,1/4 FS - 74 kg: P. MALIK (IND) v. J. MOTOYAMA (JPN),2019-08-13,3:11,試合,U20,世界選手権,2019,タイトルにJPN/Japan,高,照合なし,Freestyle Wrestling - 2019 Junior World Championships,https://www.youtube.com/watch?v=X3TI2k5JzKs
JFtwzXTKamU,Qual. FS - 57 kg: T. ABE (JPN) v. M. MAMMADZADA (AZE),2019-08-12,6:22,試合,U20,世界選手権,2019,タイトルにJPN/Japan・選手名の一致,高,阿部 天臥(Tenga ABE),Freestyle Wrestling - 2019 Junior World Championships,https://www.youtube.com/watch?v=JFtwzXTKamU
Vgbh2G17Cm8,1/4 FS - 70 kg: R. YONEZAWA (JPN) v. O. CAYIR (TUR),2019-08-12,9:58,試合,U20,世界選手権,2019,タイトルにJPN/Japan,高,照合なし,Freestyle Wrestling - 2019 Junior World Championships,https://www.youtube.com/watch?v=Vgbh2G17Cm8
EF4Wgs0V5o4,1/8 FS - 97 kg: M. VEYSALOV (UZB) v. T. OTSU (JPN),2019-08-12,7:50,試合,U20,世界選手権,2019,タイトルにJPN/Japan,高,照合なし,Freestyle Wrestling - 2019 Junior World Championships,https://www.youtube.com/watch?v=EF4Wgs0V5o4
zo_HrMvDxp4,1/4 FS - 79 kg: Y. TAKAHASHI (JPN) v. A. TASHUKHADZHI (RUS),2019-08-12,1:21,試合,U20,世界選手権,2019,タイトルにJPN/Japan・選手名の一致,高,照合なし(同じローマ字が2人以上),Freestyle Wrestling - 2019 Junior World Championships,https://www.youtube.com/watch?v=zo_HrMvDxp4
3mLvQabxYzY,1/8 FS - 65 kg: A. MAGHSOUDI (IRI) v. K. TOKURIKI (JPN),2019-08-12,10:42,試合,U20,世界選手権,2019,タイトルにJPN/Japan・選手名の一致,高,徳力貫太(Kanta TOKURIKI),Freestyle Wrestling - 2019 Junior World Championships,https://www.youtube.com/watch?v=3mLvQabxYzY
aJ8coGNuEN8,1/8 FS - 79 kg: J. MORODION (GER) v. Y. TAKAHASHI (JPN),2019-08-12,8:22,試合,U20,世界選手権,2019,タイトルにJPN/Japan・選手名の一致,高,照合なし(同じローマ字が2人以上),Freestyle Wrestling - 2019 Junior World Championships,https://www.youtube.com/watch?v=aJ8coGNuEN8
bqgutlyVDug,1/8 FS - 70 kg: V. KALIRAMANA (IND) v. R. YONEZAWA (JPN),2019-08-12,10:29,試合,U20,世界選手権,2019,タイトルにJPN/Japan,高,照合なし,Freestyle Wrestling - 2019 Junior World Championships,https://www.youtube.com/watch?v=bqgutlyVDug
NWRxSXuIJjw,1/8 FS - 57 kg: T. ABE (JPN) v. S. RUZIMOV (UZB),2019-08-12,8:35,試合,U20,世界選手権,2019,タイトルにJPN/Japan・選手名の一致,高,阿部 天臥(Tenga ABE),Freestyle Wrestling - 2019 Junior World Championships,https://www.youtube.com/watch?v=NWRxSXuIJjw
resx_WkpaMY,Qual. FS - 79 kg: S. STANBEK UULU (KGZ) v. Y. TAKAHASHI (JPN),2019-08-12,5:53,試合,U20,世界選手権,2019,タイトルにJPN/Japan・選手名の一致,高,照合なし(同じローマ字が2人以上),Freestyle Wrestling - 2019 Junior World Championships,https://www.youtube.com/watch?v=resx_WkpaMY
znYG7Ew9QV0,1/2 FS - 57 kg: V. GEVORGYAN (ARM) v. T. ABE (JPN),2019-08-12,9:54,試合,U20,世界選手権,2019,タイトルにJPN/Japan・選手名の一致,高,阿部 天臥(Tenga ABE),Freestyle Wrestling - 2019 Junior World Championships,https://www.youtube.com/watch?v=znYG7Ew9QV0
jR0Ioh6vc24,Repechage GR - 60 kg: K. FUMITA (JPN) v. R. KHAIBARAU (BLR),2019-08-12,0:06,試合,シニア(または不明),,2019,タイトルにJPN/Japan・選手名の一致,高,文田 健一郎(Kenichiro FUMITA),Greco-Roman - 2019 Oleg Karavaev,https://www.youtube.com/watch?v=jR0Ioh6vc24
pZLpoHV_Zfw,GOLD GR - 77 kg: P. LIAKH (BLR) v. S. YABIKU (JPN),2019-08-12,6:52,試合,シニア(または不明),,2019,タイトルにJPN/Japan,高,照合なし,Greco-Roman - 2019 Oleg Karavaev,https://www.youtube.com/watch?v=pZLpoHV_Zfw
WqOBJAg8jK8,BRONZE GR - 87 kg: K. MASKEVICH (BLR) v. T. TSURUDA (JPN),2019-08-12,0:20,試合,シニア(または不明),,2019,タイトルにJPN/Japan・選手名の一致,高,鶴田 峻大(Takahiro TSURUDA),Greco-Roman - 2019 Oleg Karavaev,https://www.youtube.com/watch?v=WqOBJAg8jK8
LclW8oywMgw,1/4 GR - 77 kg: I. MAGOMADOV (KAZ) v. S. YABIKU (JPN),2019-08-12,10:53,試合,シニア(または不明),,2019,タイトルにJPN/Japan,高,照合なし,Greco-Roman - 2019 Oleg Karavaev,https://www.youtube.com/watch?v=LclW8oywMgw
Z8QtnJC1qBw,Repechage GR - 51 kg: K. SAWADA (JPN) v. A. ARSHAD (IND),2019-08-04,2:11,試合,U17,世界選手権,2019,タイトルにJPN/Japan・選手名の一致,高,澤田 幸明(Komei SAWADA),Greco-Roman - 2019 Cadet World Championships,https://www.youtube.com/watch?v=Z8QtnJC1qBw
9xEPq_xmyPA,1/8 GR - 51 kg: K. SAWADA (JPN) v. S. ESMAEILI LEI (IRI),2019-08-03,1:25,試合,U17,世界選手権,2019,タイトルにJPN/Japan・選手名の一致,高,澤田 幸明(Komei SAWADA),Best of Saeid ESMAEILI / Greco-Roman - 2019 Cadet World Championships,https://www.youtube.com/watch?v=9xEPq_xmyPA
JVFYeh51x4I,Qual. GR - 60 kg: R. RAVI (IND) v. T. OIKAWA (JPN),2019-08-03,6:15,試合,U17,世界選手権,2019,タイトルにJPN/Japan・選手名の一致,高,照合なし(同じローマ字が2人以上),Greco-Roman - 2019 Cadet World Championships,https://www.youtube.com/watch?v=JVFYeh51x4I
1o4CFgEHz-g,Qual. GR - 92 kg: R. SIFALDA (CZE) v. Y. KUBO (JPN),2019-08-03,5:22,試合,U17,世界選手権,2019,タイトルにJPN/Japan,高,照合なし,Greco-Roman - 2019 Cadet World Championships,https://www.youtube.com/watch?v=1o4CFgEHz-g
oXv_Th0Fipw,Qual. GR - 71 kg: M. DIMITROV (BUL) v. S. OIZUMI (JPN),2019-08-03,4:54,試合,U17,世界選手権,2019,タイトルにJPN/Japan・選手名の一致,高,大泉 宗太郎(Sotaro OIZUMI),Greco-Roman - 2019 Cadet World Championships,https://www.youtube.com/watch?v=oXv_Th0Fipw
xSAWE8yuULc,Repechage GR - 110 kg: G. KONTOVOUNISI (GRE) v. S. KAWAMURA (JPN),2019-08-03,6:31,試合,U17,世界選手権,2019,タイトルにJPN/Japan・選手名の一致,高,川村 翔英(Shouei KAWAMURA),Greco-Roman - 2019 Cadet World Championships,https://www.youtube.com/watch?v=xSAWE8yuULc
AFIp77_6g-4,1/8 GR - 45 kg: D. KATSUME (JPN) v. N. SUIORKULOV (KGZ),2019-08-03,5:57,試合,U17,世界選手権,2019,タイトルにJPN/Japan・選手名の一致,高,勝目 大翔(Daito KATSUME),Greco-Roman - 2019 Cadet World Championships,https://www.youtube.com/watch?v=AFIp77_6g-4
Wq7lV2CLEwg,1/4 GR - 45 kg: D. KATSUME (JPN) v. T. GLONTI (GEO),2019-08-03,1:38,試合,U17,世界選手権,2019,タイトルにJPN/Japan・選手名の一致,高,勝目 大翔(Daito KATSUME),Greco-Roman - 2019 Cadet World Championships,https://www.youtube.com/watch?v=Wq7lV2CLEwg
cw_vfqdzgwk,Repechage GR - 65 kg: K. MUROYAMA (JPN) v. B. TYKHONENKO (UKR),2019-08-03,2:12,試合,U17,世界選手権,2019,タイトルにJPN/Japan,高,照合なし,Greco-Roman - 2019 Cadet World Championships,https://www.youtube.com/watch?v=cw_vfqdzgwk
7EGZYPQ6dNk,1/8 GR - 71 kg: A. PIAKHOTA (BLR) v. S. OIZUMI (JPN),2019-08-03,5:44,試合,U17,世界選手権,2019,タイトルにJPN/Japan・選手名の一致,高,大泉 宗太郎(Sotaro OIZUMI),Greco-Roman - 2019 Cadet World Championships,https://www.youtube.com/watch?v=7EGZYPQ6dNk
nJv1UaBP1f8,1/8 GR - 80 kg: K. ARGHASH (IRI) v. R. KAWAICHI (JPN),2019-08-02,2:21,試合,U17,世界選手権,2019,タイトルにJPN/Japan,高,照合なし,Greco-Roman - 2019 Cadet World Championships,https://www.youtube.com/watch?v=nJv1UaBP1f8
SOnacX5ay1o,1/8 GR - 48 kg: R. BOTHA (RSA) v. D. SAKAMOTO (JPN),2019-08-02,8:15,試合,U17,世界選手権,2019,タイトルにJPN/Japan,高,照合なし,Greco-Roman - 2019 Cadet World Championships,https://www.youtube.com/watch?v=SOnacX5ay1o
BBFF5SdL_RU,Qual. GR - 65 kg: D. BONKA (BLR) v. K. MUROYAMA (JPN),2019-08-02,5:57,試合,U17,世界選手権,2019,タイトルにJPN/Japan,高,照合なし,Greco-Roman - 2019 Cadet World Championships,https://www.youtube.com/watch?v=BBFF5SdL_RU
mqRPsMEVhfg,Qual. GR - 80 kg: D. MKRTCHYAN (POL) v. R. KAWAICHI (JPN),2019-08-02,6:20,試合,U17,世界選手権,2019,タイトルにJPN/Japan,高,照合なし,Greco-Roman - 2019 Cadet World Championships,https://www.youtube.com/watch?v=mqRPsMEVhfg
vZWj1fk97tE,1/4 GR - 110 kg: S. KAWAMURA (JPN) v. S. MIKAEILI (IRI),2019-08-02,2:10,試合,U17,世界選手権,2019,タイトルにJPN/Japan・選手名の一致,高,川村 翔英(Shouei KAWAMURA),Greco-Roman - 2019 Cadet World Championships,https://www.youtube.com/watch?v=vZWj1fk97tE
fYSxfwDvipI,1/8 GR - 110 kg: S. KAWAMURA (JPN) v. M. GIURA (ITA),2019-08-02,0:58,試合,U17,世界選手権,2019,タイトルにJPN/Japan・選手名の一致,高,川村 翔英(Shouei KAWAMURA),Greco-Roman - 2019 Cadet World Championships,https://www.youtube.com/watch?v=fYSxfwDvipI
dLY85iCaD0A,Qual. GR - 55 kg: R. TSURUYA (JPN) v. D. KHACHIDZE (GEO),2019-08-02,3:12,試合,U17,世界選手権,2019,タイトルにJPN/Japan,高,照合なし,Greco-Roman - 2019 Cadet World Championships,https://www.youtube.com/watch?v=dLY85iCaD0A
DZryRRWv4a8,Repechage WW - 53 kg: A. PUIU (ROU) v. S. NEMOTO (JPN),2019-08-02,6:20,試合,U17,世界選手権,2019,タイトルにJPN/Japan,高,照合なし,Women's Wrestling - 2019 Cadet World Championships,https://www.youtube.com/watch?v=DZryRRWv4a8
FyvFsPc4Wd0,GOLD WW - 61 kg: N. OZAKI (JPN) v. Y. LESKOVETS (UKR),2019-08-02,0:47,試合,U17,世界選手権,2019,タイトルにJPN/Japan・選手名の一致,高,尾﨑 野乃香(Nonoka OZAKI),Women's Wrestling - 2019 Cadet World Championships,https://www.youtube.com/watch?v=FyvFsPc4Wd0
aSD6D6FIy60,GOLD WW - 69 kg: H. NAKAI (JPN) v. C. LIU (CHN),2019-08-02,5:34,試合,U17,世界選手権,2019,タイトルにJPN/Japan,高,照合なし,Women's Wrestling - 2019 Cadet World Championships,https://www.youtube.com/watch?v=aSD6D6FIy60
M02n7MjS3s0,BRONZE WW - 53 kg: S. NEMOTO (JPN) v. P. LUKINA (RUS),2019-08-02,6:02,試合,U17,世界選手権,2019,タイトルにJPN/Japan,高,照合なし,Women's Wrestling - 2019 Cadet World Championships,https://www.youtube.com/watch?v=M02n7MjS3s0
y27HVrBXzzg,GOLD WW - 46 kg: X. LIANG (CHN) v. H. SAKURAI (JPN),2019-08-02,5:45,試合,U17,世界選手権,2019,タイトルにJPN/Japan・選手名の一致,高,櫻井 はなの(Hanano SAKURAI),Women's Wrestling - 2019 Cadet World Championships,https://www.youtube.com/watch?v=y27HVrBXzzg
b03hltIg5Q4,BRONZE WW - 40 kg: M. CHESSA (ITA) v. M. OBATA (JPN),2019-08-02,2:28,試合,U17,世界選手権,2019,タイトルにJPN/Japan・選手名の一致,高,小幡 未羽(Miu OBATA),Women's Wrestling - 2019 Cadet World Championships,https://www.youtube.com/watch?v=b03hltIg5Q4
1sBWWO-tbI0,1/4 WW - 61 kg: L. SOBIROVA (UZB) v. N. OZAKI (JPN),2019-08-01,1:17,試合,U17,世界選手権,2019,タイトルにJPN/Japan・選手名の一致,高,尾﨑 野乃香(Nonoka OZAKI),Best of Nonoka OZAKI / Women's Wrestling - 2019 Cadet World Championships,https://www.youtube.com/watch?v=1sBWWO-tbI0
18-V2YKQQ2Y,1/2 WW - 61 kg: K. WELKER (USA) v. N. OZAKI (JPN),2019-08-01,2:08,試合,U17,世界選手権,2019,タイトルにJPN/Japan・選手名の一致,高,尾﨑 野乃香(Nonoka OZAKI),Best of Nonoka OZAKI / Women's Wrestling - 2019 Cadet World Championships,https://www.youtube.com/watch?v=18-V2YKQQ2Y
DXr4m-ivuAY,Qual. WW - 40 kg: M. OBATA (JPN) v. N. BAJAN (ROU),2019-08-01,4:14,試合,U17,世界選手権,2019,タイトルにJPN/Japan・選手名の一致,高,小幡 未羽(Miu OBATA),Women's Wrestling - 2019 Cadet World Championships,https://www.youtube.com/watch?v=DXr4m-ivuAY
J2k6wmL2D6I,1/8 WW - 69 kg: Z. SGHAIER (TUN) v. H. NAKAI (JPN),2019-08-01,6:19,試合,U17,世界選手権,2019,タイトルにJPN/Japan,高,照合なし,Women's Wrestling - 2019 Cadet World Championships,https://www.youtube.com/watch?v=J2k6wmL2D6I
j88bs6wIAoo,1/4 WW - 53 kg: S. NEMOTO (JPN) v. Z. SHI (CHN),2019-08-01,5:48,試合,U17,世界選手権,2019,タイトルにJPN/Japan,高,照合なし,Women's Wrestling - 2019 Cadet World Championships,https://www.youtube.com/watch?v=j88bs6wIAoo
TVd47zwJatA,1/8 WW - 53 kg: M. TANEVA (BUL) v. S. NEMOTO (JPN),2019-08-01,4:29,試合,U17,世界選手権,2019,タイトルにJPN/Japan,高,照合なし,Women's Wrestling - 2019 Cadet World Championships,https://www.youtube.com/watch?v=TVd47zwJatA
lhbXrRPu-VQ,1/8 WW - 46 kg: Z. BONEVA (BUL) v. H. SAKURAI (JPN),2019-08-01,1:32,試合,U17,世界選手権,2019,タイトルにJPN/Japan・選手名の一致,高,櫻井 はなの(Hanano SAKURAI),Women's Wrestling - 2019 Cadet World Championships,https://www.youtube.com/watch?v=lhbXrRPu-VQ
3_zzDyItMLg,1/8 WW - 61 kg: U. PIOTROWSKA (POL) v. N. OZAKI (JPN),2019-08-01,0:39,試合,U17,世界選手権,2019,タイトルにJPN/Japan・選手名の一致,高,尾﨑 野乃香(Nonoka OZAKI),Women's Wrestling - 2019 Cadet World Championships,https://www.youtube.com/watch?v=3_zzDyItMLg
yMxI2pxZbNM,1/4 WW - 40 kg: M. OBATA (JPN) v. V. SEMCHOVA (UKR),2019-08-01,5:01,試合,U17,世界選手権,2019,タイトルにJPN/Japan・選手名の一致,高,小幡 未羽(Miu OBATA),Women's Wrestling - 2019 Cadet World Championships,https://www.youtube.com/watch?v=yMxI2pxZbNM
QcjR5ydz4GY,1/4 WW - 46 kg: K. HANNY (IND) v. H. SAKURAI (JPN),2019-08-01,4:15,試合,U17,世界選手権,2019,タイトルにJPN/Japan・選手名の一致,高,櫻井 はなの(Hanano SAKURAI),Women's Wrestling - 2019 Cadet World Championships,https://www.youtube.com/watch?v=QcjR5ydz4GY
F5ijahW8fM0,1/4 WW - 69 kg: H. NAKAI (JPN) v. M. SARITAC (TUR),2019-08-01,5:38,試合,U17,世界選手権,2019,タイトルにJPN/Japan,高,照合なし,Women's Wrestling - 2019 Cadet World Championships,https://www.youtube.com/watch?v=F5ijahW8fM0
SV7aBbq5NxI,Qual. WW - 46 kg: H. SAKURAI (JPN) v. A. YANOTAVA (BLR),2019-08-01,7:15,試合,U17,世界選手権,2019,タイトルにJPN/Japan・選手名の一致,高,櫻井 はなの(Hanano SAKURAI),Women's Wrestling - 2019 Cadet World Championships,https://www.youtube.com/watch?v=SV7aBbq5NxI
DLYeAD8AG9U,GOLD WW - 43 kg: L. BEKBAULOVA (RUS) v. N. HARADA (JPN),2019-08-01,6:54,試合,U17,世界選手権,2019,タイトルにJPN/Japan・選手名の一致,高,原田 渚(Nagisa HARADA),Women's Wrestling - 2019 Cadet World Championships,https://www.youtube.com/watch?v=DLYeAD8AG9U
9aDBGgPM2Lc,GOLD WW - 49 kg: C. RODRIGUEZ (USA) v. M. KIYOOKA (JPN),2019-08-01,5:54,試合,U17,世界選手権,2019,タイトルにJPN/Japan・選手名の一致,高,清岡 もえ(Moe KIYOOKA),Women's Wrestling - 2019 Cadet World Championships,https://www.youtube.com/watch?v=9aDBGgPM2Lc
8EyTUmeyqw8,BRONZE WW - 73 kg: N. BATIR (TUR) v. N. YAMAMOTO (JPN),2019-08-01,6:19,試合,U17,世界選手権,2019,タイトルにJPN/Japan・選手名の一致,高,山本 和佳(Nodoka YAMAMOTO),Women's Wrestling - 2019 Cadet World Championships,https://www.youtube.com/watch?v=8EyTUmeyqw8
PbPCKnSqloA,1/2 WW - 40 kg: M. OBATA (JPN) v. K. KOMAL (IND),2019-08-01,6:27,試合,U17,世界選手権,2019,タイトルにJPN/Japan・選手名の一致,高,小幡 未羽(Miu OBATA),Women's Wrestling - 2019 Cadet World Championships,https://www.youtube.com/watch?v=PbPCKnSqloA
mAbQz7-G23U,GOLD WW - 57 kg: S. HATTENDORF (USA) v. R. NATAMI (JPN),2019-08-01,5:29,試合,U17,世界選手権,2019,タイトルにJPN/Japan・選手名の一致,高,屶網 瑠夏(Ruka NATAMI),Women's Wrestling - 2019 Cadet World Championships,https://www.youtube.com/watch?v=mAbQz7-G23U
M_UGHtL5fIQ,1/2 WW - 69 kg: A. ELOR (USA) v. H. NAKAI (JPN),2019-08-01,6:05,試合,U17,世界選手権,2019,タイトルにJPN/Japan,高,照合なし,Women's Wrestling - 2019 Cadet World Championships,https://www.youtube.com/watch?v=M_UGHtL5fIQ
XFUSfEBHIsg,1/2 WW - 46 kg: A. HERNANDEZ SA (MEX) v. H. SAKURAI (JPN),2019-08-01,5:05,試合,U17,世界選手権,2019,タイトルにJPN/Japan・選手名の一致,高,櫻井 はなの(Hanano SAKURAI),Women's Wrestling - 2019 Cadet World Championships,https://www.youtube.com/watch?v=XFUSfEBHIsg
mIDicKUNZ6w,Qual. WW - 57 kg: L. STANELYTE (LTU) v. R. NATAMI (JPN),2019-07-31,6:09,試合,U17,世界選手権,2019,タイトルにJPN/Japan・選手名の一致,高,屶網 瑠夏(Ruka NATAMI),Women's Wrestling - 2019 Cadet World Championships,https://www.youtube.com/watch?v=mIDicKUNZ6w
T6vZbEYvdtE,Qual. WW - 43 kg: A. SZKOTNICKI (USA) v. N. HARADA (JPN),2019-07-31,5:52,試合,U17,世界選手権,2019,タイトルにJPN/Japan・選手名の一致,高,原田 渚(Nagisa HARADA),Women's Wrestling - 2019 Cadet World Championships,https://www.youtube.com/watch?v=T6vZbEYvdtE
Jx0CgAk0ev8,1/8 WW - 73 kg: N. YAMAMOTO (JPN) v. N. D'ANGELO (ITA),2019-07-31,2:02,試合,U17,世界選手権,2019,タイトルにJPN/Japan・選手名の一致,高,山本 和佳(Nodoka YAMAMOTO),Women's Wrestling - 2019 Cadet World Championships,https://www.youtube.com/watch?v=Jx0CgAk0ev8
it54x9aIlKc,1/4 WW - 73 kg: N. YAMAMOTO (JPN) v. M. ROSIORU (ROU),2019-07-31,4:06,試合,U17,世界選手権,2019,タイトルにJPN/Japan・選手名の一致,高,山本 和佳(Nodoka YAMAMOTO),Women's Wrestling - 2019 Cadet World Championships,https://www.youtube.com/watch?v=it54x9aIlKc
AhXIslsJqKc,1/8 WW - 57 kg: R. NATAMI (JPN) v. B. BEKBOLOTOVA (KGZ),2019-07-31,6:09,試合,U17,世界選手権,2019,タイトルにJPN/Japan・選手名の一致,高,屶網 瑠夏(Ruka NATAMI),Women's Wrestling - 2019 Cadet World Championships,https://www.youtube.com/watch?v=AhXIslsJqKc
rB1o0WIiUKw,Qual. WW - 49 kg: M. KIYOOKA (JPN) v. A. PERVUKHINA (RUS),2019-07-31,5:25,試合,U17,世界選手権,2019,タイトルにJPN/Japan・選手名の一致,高,清岡 もえ(Moe KIYOOKA),Women's Wrestling - 2019 Cadet World Championships,https://www.youtube.com/watch?v=rB1o0WIiUKw
ba0XKjY-oUg,1/8 WW - 65 kg: H. NAKADA (JPN) v. V. BRASCHI (ITA),2019-07-31,5:58,試合,U17,世界選手権,2019,タイトルにJPN/Japan,高,照合なし,Women's Wrestling - 2019 Cadet World Championships,https://www.youtube.com/watch?v=ba0XKjY-oUg
V-asAaor7o8,1/4 WW - 57 kg: R. NATAMI (JPN) v. K. SOKOLOVSKA (UKR),2019-07-31,6:00,試合,U17,ランキングシリーズ等,2019,タイトルにJPN/Japan・選手名の一致,高,屶網 瑠夏(Ruka NATAMI),Women's Wrestling - 2019 Cadet World Championships,https://www.youtube.com/watch?v=V-asAaor7o8
9vVm1hDspZ4,1/8 WW - 49 kg: D. MATNAZAROVA (UZB) v. M. KIYOOKA (JPN),2019-07-31,5:55,試合,U17,世界選手権,2019,タイトルにJPN/Japan・選手名の一致,高,清岡 もえ(Moe KIYOOKA),Women's Wrestling - 2019 Cadet World Championships,https://www.youtube.com/watch?v=9vVm1hDspZ4
kq5x5qs-CtU,1/4 WW - 43 kg: N. HARADA (JPN) v. Z. DEMIR (TUR),2019-07-31,3:20,試合,U17,世界選手権,2019,タイトルにJPN/Japan・選手名の一致,高,原田 渚(Nagisa HARADA),Women's Wrestling - 2019 Cadet World Championships,https://www.youtube.com/watch?v=kq5x5qs-CtU
i-aqdYytnio,1/4 WW - 49 kg: M. MUNKHBAT (MGL) v. M. KIYOOKA (JPN),2019-07-31,8:03,試合,U17,世界選手権,2019,タイトルにJPN/Japan・選手名の一致,高,清岡 もえ(Moe KIYOOKA),Women's Wrestling - 2019 Cadet World Championships,https://www.youtube.com/watch?v=i-aqdYytnio
kcpuFUPCi4M,1/2 WW - 57 kg: Y. TANG (CHN) v. R. NATAMI (JPN),2019-07-31,5:49,試合,U17,世界選手権,2019,タイトルにJPN/Japan・選手名の一致,高,屶網 瑠夏(Ruka NATAMI),Women's Wrestling - 2019 Cadet World Championships,https://www.youtube.com/watch?v=kcpuFUPCi4M
XPHvnv46RRU,1/2 WW - 49 kg: X. XIE (CHN) v. M. KIYOOKA (JPN),2019-07-31,6:27,試合,U17,世界選手権,2019,タイトルにJPN/Japan・選手名の一致,高,清岡 もえ(Moe KIYOOKA),Women's Wrestling - 2019 Cadet World Championships,https://www.youtube.com/watch?v=XPHvnv46RRU
e8RCTM_DGBo,1/2 WW - 73 kg: N. YAMAMOTO (JPN) v. O. KOZYREVA (RUS),2019-07-31,5:48,試合,U17,世界選手権,2019,タイトルにJPN/Japan・選手名の一致,高,山本 和佳(Nodoka YAMAMOTO),Women's Wrestling - 2019 Cadet World Championships,https://www.youtube.com/watch?v=e8RCTM_DGBo
xEvOEKOPOkE,1/2 WW - 43 kg: N. HARADA (JPN) v. N. MIRLAN KYZY (KGZ),2019-07-31,1:35,試合,U17,世界選手権,2019,タイトルにJPN/Japan・選手名の一致,高,原田 渚(Nagisa HARADA),Women's Wrestling - 2019 Cadet World Championships,https://www.youtube.com/watch?v=xEvOEKOPOkE
35UL9wcbQlQ,BRONZE FS - 51 kg: A. MARUYAMA (JPN) v. S. SUNIL (IND),2019-07-31,7:27,試合,U17,世界選手権,2019,タイトルにJPN/Japan・選手名の一致,高,丸山 愛斗(Aito MARUYAMA),Freestyle Wrestling - 2019 Cadet World Championships,https://www.youtube.com/watch?v=35UL9wcbQlQ
fx1QMk0Xf5I,BRONZE FS - 60 kg: Y. AOYAGI (JPN) v. F. KARIMLI (AZE),2019-07-31,0:12,試合,U17,世界選手権,2019,タイトルにJPN/Japan・選手名の一致,高,青柳 善の輔(Yoshinosuke AOYAGI),Freestyle Wrestling - 2019 Cadet World Championships,https://www.youtube.com/watch?v=fx1QMk0Xf5I
2nDJb1Jpad0,Repechage FS - 60 kg: G. ASATRYAN (ARM) v. Y. AOYAGI (JPN),2019-07-31,4:26,試合,U17,世界選手権,2019,タイトルにJPN/Japan・選手名の一致,高,青柳 善の輔(Yoshinosuke AOYAGI),Freestyle Wrestling - 2019 Cadet World Championships,https://www.youtube.com/watch?v=2nDJb1Jpad0
zYdgXienheY,Repechage FS - 51 kg: L. MIKAYELYAN (ARM) v. A. MARUYAMA (JPN),2019-07-31,5:59,試合,U17,世界選手権,2019,タイトルにJPN/Japan・選手名の一致,高,丸山 愛斗(Aito MARUYAMA),Freestyle Wrestling - 2019 Cadet World Championships,https://www.youtube.com/watch?v=zYdgXienheY
uq-jbfrpdDA,BRONZE FS - 55 kg: R. SUGANUMA (JPN) v. R. HOWARD (USA),2019-07-30,7:33,試合,U17,世界選手権,2019,タイトルにJPN/Japan,高,照合なし,Freestyle Wrestling - 2019 Cadet World Championships,https://www.youtube.com/watch?v=uq-jbfrpdDA
EqIdBKY9Qpk,BRONZE FS - 48 kg: Y. NISHIUCHI (JPN) v. S. POULIN (USA),2019-07-30,6:29,試合,U17,世界選手権,2019,タイトルにJPN/Japan・選手名の一致,高,西内 悠人(Yuto NISHIUCHI),Freestyle Wrestling - 2019 Cadet World Championships,https://www.youtube.com/watch?v=EqIdBKY9Qpk
m6IrQEjGqCE,1/4 FS - 51 kg: M. KHANIEV (RUS) v. A. MARUYAMA (JPN),2019-07-30,7:47,試合,U17,世界選手権,2019,タイトルにJPN/Japan・選手名の一致,高,丸山 愛斗(Aito MARUYAMA),Freestyle Wrestling - 2019 Cadet World Championships,https://www.youtube.com/watch?v=m6IrQEjGqCE
pV99M-S4XtU,BRONZE FS - 65 kg: R. KERA (JPN) v. D. PATSINASHVIL (GEO),2019-07-30,7:02,試合,U17,世界選手権,2019,タイトルにJPN/Japan,高,照合なし,Freestyle Wrestling - 2019 Cadet World Championships,https://www.youtube.com/watch?v=pV99M-S4XtU
TVMA3BiUQ78,1/8 FS - 71 kg: R. UCHIYAMA (JPN) v. K. MAKOTA STROE (SWE),2019-07-30,4:40,試合,U17,世界選手権,2019,タイトルにJPN/Japan・選手名の一致,高,内山 椋太(Ryota UCHIYAMA),Freestyle Wrestling - 2019 Cadet World Championships,https://www.youtube.com/watch?v=TVMA3BiUQ78
WJBzFSENoSg,1/8 FS - 45 kg: E. HARUTYUNYAN (ARM) v. Y. KIKUCHI (JPN),2019-07-30,5:29,試合,U17,世界選手権,2019,タイトルにJPN/Japan・選手名の一致,高,菊地 優太(Yuta KIKUCHI),Freestyle Wrestling - 2019 Cadet World Championships,https://www.youtube.com/watch?v=WJBzFSENoSg
8tpzhD-80t0,1/4 FS - 60 kg: E. ELAHI (IRI) v. Y. AOYAGI (JPN),2019-07-30,6:24,試合,U17,世界選手権,2019,タイトルにJPN/Japan・選手名の一致,高,青柳 善の輔(Yoshinosuke AOYAGI),Freestyle Wrestling - 2019 Cadet World Championships,https://www.youtube.com/watch?v=8tpzhD-80t0
2Yf6Mlw5Zcw,Qual. FS - 71 kg: N. KUANYSHBAY (KAZ) v. R. UCHIYAMA (JPN),2019-07-30,5:43,試合,U17,世界選手権,2019,タイトルにJPN/Japan・選手名の一致,高,内山 椋太(Ryota UCHIYAMA),Freestyle Wrestling - 2019 Cadet World Championships,https://www.youtube.com/watch?v=2Yf6Mlw5Zcw
YMHDGej-uxU,Repechage FS - 48 kg: N. SANTELADZE (GEO) v. Y. NISHIUCHI (JPN),2019-07-30,6:06,試合,U17,世界選手権,2019,タイトルにJPN/Japan・選手名の一致,高,西内 悠人(Yuto NISHIUCHI),Freestyle Wrestling - 2019 Cadet World Championships,https://www.youtube.com/watch?v=YMHDGej-uxU
meySubrdSsg,Repechage FS - 55 kg: A. CIORICI (MDA) v. R. SUGANUMA (JPN),2019-07-30,7:46,試合,U17,世界選手権,2019,タイトルにJPN/Japan,高,照合なし,Freestyle Wrestling - 2019 Cadet World Championships,https://www.youtube.com/watch?v=meySubrdSsg
u1JdMJzNA1U,1/8 FS - 60 kg: A. GORCZYCA (POL) v. Y. AOYAGI (JPN),2019-07-30,4:16,試合,U17,世界選手権,2019,タイトルにJPN/Japan・選手名の一致,高,青柳 善の輔(Yoshinosuke AOYAGI),Freestyle Wrestling - 2019 Cadet World Championships,https://www.youtube.com/watch?v=u1JdMJzNA1U
zK_lEYe316A,Repechage FS - 65 kg: A. MOTAGHI (IRI) v. R. KERA (JPN),2019-07-30,5:43,試合,U17,世界選手権,2019,タイトルにJPN/Japan,高,照合なし,Freestyle Wrestling - 2019 Cadet World Championships,https://www.youtube.com/watch?v=zK_lEYe316A
l15WSw48N5I,Qual. FS - 92 kg: U. KAZLOU (BLR) v. Y. SHINADA (JPN),2019-07-30,6:43,試合,U17,世界選手権,2019,タイトルにJPN/Japan・選手名の一致,高,品田 陽平(Yohei SHINADA),Freestyle Wrestling - 2019 Cadet World Championships,https://www.youtube.com/watch?v=l15WSw48N5I
hmb3ugf-_pk,1/4 FS - 48 kg: R. AMOUZADKHALI (IRI) v. Y. NISHIUCHI (JPN),2019-07-29,6:16,試合,U17,世界選手権,2019,タイトルにJPN/Japan・選手名の一致,高,西内 悠人(Yuto NISHIUCHI),Freestyle Wrestling - 2019 Cadet World Championships,https://www.youtube.com/watch?v=hmb3ugf-_pk
NAnRAxE_3hk,1/4 FS - 55 kg: M. VEISI (IRI) v. R. SUGANUMA (JPN),2019-07-29,7:44,試合,U17,世界選手権,2019,タイトルにJPN/Japan,高,照合なし,Freestyle Wrestling - 2019 Cadet World Championships,https://www.youtube.com/watch?v=NAnRAxE_3hk
JFN3Fb5w68s,1/8 FS - 65 kg: R. KERA (JPN) v. M. ABDURACHMANO (BEL),2019-07-29,5:18,試合,U17,世界選手権,2019,タイトルにJPN/Japan,高,照合なし,Freestyle Wrestling - 2019 Cadet World Championships,https://www.youtube.com/watch?v=JFN3Fb5w68s
M45s7FbkmVA,1/8 FS - 55 kg: R. SUGANUMA (JPN) v. Z. IMANZHAN (KAZ),2019-07-29,5:37,試合,U17,世界選手権,2019,タイトルにJPN/Japan,高,照合なし,Freestyle Wrestling - 2019 Cadet World Championships,https://www.youtube.com/watch?v=M45s7FbkmVA
njTQqeh6oL0,1/4 FS - 65 kg: R. KERA (JPN) v. D. GADZHIEV (AZE),2019-07-29,6:11,試合,U17,世界選手権,2019,タイトルにJPN/Japan,高,照合なし,Freestyle Wrestling - 2019 Cadet World Championships,https://www.youtube.com/watch?v=njTQqeh6oL0
eIXZP9QAlso,1/8 FS - 48 kg: J. GARDETTE (FRA) v. Y. NISHIUCHI (JPN),2019-07-29,5:29,試合,U17,世界選手権,2019,タイトルにJPN/Japan・選手名の一致,高,西内 悠人(Yuto NISHIUCHI),Freestyle Wrestling - 2019 Cadet World Championships,https://www.youtube.com/watch?v=eIXZP9QAlso
7U7OjKZDUOI,1/4 FS - 80 kg: E. CIFTCI (TUR) v. T. KIDOKORO (JPN),2019-07-29,5:24,試合,U17,世界選手権,2019,タイトルにJPN/Japan・選手名の一致,高,城所 拓馬(Takuma KIDOKORO),Freestyle Wrestling - 2019 Cadet World Championships,https://www.youtube.com/watch?v=7U7OjKZDUOI
eJo7MonAqys,1/8 FS - 80 kg: I. MATUSEVICH (BLR) v. T. KIDOKORO (JPN),2019-07-29,3:41,試合,U17,世界選手権,2019,タイトルにJPN/Japan・選手名の一致,高,城所 拓馬(Takuma KIDOKORO),Freestyle Wrestling - 2019 Cadet World Championships,https://www.youtube.com/watch?v=eJo7MonAqys
92-kwUod7jE,Qual. FS - 80 kg: I. SUCLEA (ROU) v. T. KIDOKORO (JPN),2019-07-29,5:52,試合,U17,世界選手権,2019,タイトルにJPN/Japan・選手名の一致,高,城所 拓馬(Takuma KIDOKORO),Freestyle Wrestling - 2019 Cadet World Championships,https://www.youtube.com/watch?v=92-kwUod7jE
sunMfiKvOW8,1/2 GR - 63 kg: S. OTA (JPN) v. M. AINAGULOV (KAZ),2019-07-26,11:07,試合,シニア(または不明),,2019,タイトルにJPN/Japan・選手名の一致,高,太田 早也香(Sayaka OTA),Greco-Roman - 2019 Oleg Karavaev,https://www.youtube.com/watch?v=sunMfiKvOW8
mb77iDdUd8w,1/8 GR - 97 kg: Y. NARA (JPN) v. Y. ISKAKOV (KAZ),2019-07-26,8:08,試合,シニア(または不明),,2019,タイトルにJPN/Japan・選手名の一致,高,奈良 勇太(Yuta NARA),Greco-Roman - 2019 Oleg Karavaev,https://www.youtube.com/watch?v=mb77iDdUd8w
KDkhign14sA,1/8 GR - 63 kg: R. IVANOV (RUS) v. S. OTA (JPN),2019-07-26,1:49,試合,シニア(または不明),,2019,タイトルにJPN/Japan・選手名の一致,高,太田 早也香(Sayaka OTA),Greco-Roman - 2019 Oleg Karavaev,https://www.youtube.com/watch?v=KDkhign14sA
MUaV_NlEPYI,1/4 GR - 63 kg: I. DROZD (BLR) v. S. OTA (JPN),2019-07-26,5:46,試合,シニア(または不明),,2019,タイトルにJPN/Japan・選手名の一致,高,太田 早也香(Sayaka OTA),Greco-Roman - 2019 Oleg Karavaev,https://www.youtube.com/watch?v=MUaV_NlEPYI
4s5okx2RvjM,Qual. GR - 97 kg: Y. NARA (JPN) v. O. SYRLYBAY (KAZ),2019-07-26,9:10,試合,シニア(または不明),,2019,タイトルにJPN/Japan・選手名の一致,高,奈良 勇太(Yuta NARA),Greco-Roman - 2019 Oleg Karavaev,https://www.youtube.com/watch?v=4s5okx2RvjM
iA7b6GH4nU4,1/2 FS - 125 kg: A. ZARE (IRI) v. S. MUTO (JPN),2019-07-14,2:27,試合,U20,アジア選手権,2019,タイトルにJPN/Japan,高,照合なし,Best of Amir Zare / Freestyle Wrestling - 2019 Junior Asian Championships // Chon Buri - Thailand,https://www.youtube.com/watch?v=iA7b6GH4nU4
Mb6LSKAL8tk,BRONZE FS - 125 kg: B. OSSERBAY (KAZ) v. S. MUTO (JPN),2019-07-14,7:51,試合,U20,アジア選手権,2019,タイトルにJPN/Japan,高,照合なし,Freestyle Wrestling - 2019 Junior Asian Championships // Chon Buri - Thailand,https://www.youtube.com/watch?v=Mb6LSKAL8tk
qOcjonNrNNc,BRONZE FS - 61 kg: I. KHADZHIMUROD (KGZ) v. K. OGAWA (JPN),2019-07-14,11:53,試合,U20,アジア選手権,2019,タイトルにJPN/Japan・選手名の一致,高,照合なし(同じローマ字が2人以上),Freestyle Wrestling - 2019 Junior Asian Championships // Chon Buri - Thailand,https://www.youtube.com/watch?v=qOcjonNrNNc
fXLoc0_YWz0,BRONZE FS - 74 kg: J. MOON (KOR) v. Y. FUJITA (JPN),2019-07-14,2:31,試合,U20,アジア選手権,2019,タイトルにJPN/Japan・選手名の一致,高,藤田 祐輔(Yusuke FUJITA),Freestyle Wrestling - 2019 Junior Asian Championships // Chon Buri - Thailand,https://www.youtube.com/watch?v=fXLoc0_YWz0
QbYW9PQRQ2o,GOLD FS - 86 kg: B. KUBATOV (KGZ) v. T. SHIRAI (JPN),2019-07-14,8:44,試合,U20,アジア選手権,2019,タイトルにJPN/Japan・選手名の一致,高,白井 達也(Tatsuya SHIRAI),Freestyle Wrestling - 2019 Junior Asian Championships // Chon Buri - Thailand,https://www.youtube.com/watch?v=QbYW9PQRQ2o
1_2tY6RjMHY,1/2 FS - 86 kg: T. SHIRAI (JPN) v. S. HASHEMIJOUYB (IRI),2019-07-14,9:00,試合,U20,アジア選手権,2019,タイトルにJPN/Japan・選手名の一致,高,白井 達也(Tatsuya SHIRAI),Freestyle Wrestling - 2019 Junior Asian Championships // Chon Buri - Thailand,https://www.youtube.com/watch?v=1_2tY6RjMHY
LjvPmFdU3gM,Qual. FS - 74 kg: A. HASANOV (UZB) v. Y. FUJITA (JPN),2019-07-14,10:45,試合,U20,アジア選手権,2019,タイトルにJPN/Japan・選手名の一致,高,藤田 祐輔(Yusuke FUJITA),Freestyle Wrestling - 2019 Junior Asian Championships // Chon Buri - Thailand,https://www.youtube.com/watch?v=LjvPmFdU3gM
4rBpWMECcFs,Qual. FS - 61 kg: K. OGAWA (JPN) v. A. ALIBEGOV (BRN),2019-07-14,7:20,試合,U20,アジア選手権,2019,タイトルにJPN/Japan・選手名の一致,高,照合なし(同じローマ字が2人以上),Freestyle Wrestling - 2019 Junior Asian Championships // Chon Buri - Thailand,https://www.youtube.com/watch?v=4rBpWMECcFs
JSvQZQsx0tc,1/4 FS - 92 kg: H. BAN (KOR) v. Y. AKIBA (JPN),2019-07-14,10:07,試合,U20,アジア選手権,2019,タイトルにJPN/Japan,高,照合なし,Freestyle Wrestling - 2019 Junior Asian Championships // Chon Buri - Thailand,https://www.youtube.com/watch?v=JSvQZQsx0tc
6MIyl5HzkXg,1/4 FS - 61 kg: T. ERDENEBAT (MGL) v. K. OGAWA (JPN),2019-07-14,12:36,試合,U20,アジア選手権,2019,タイトルにJPN/Japan・選手名の一致,高,照合なし(同じローマ字が2人以上),Freestyle Wrestling - 2019 Junior Asian Championships // Chon Buri - Thailand,https://www.youtube.com/watch?v=6MIyl5HzkXg
eP8lixehRdw,1/4 FS - 125 kg: N. PANPHUEK (THA) v. S. MUTO (JPN),2019-07-14,2:00,試合,U20,アジア選手権,2019,タイトルにJPN/Japan,高,照合なし,Freestyle Wrestling - 2019 Junior Asian Championships // Chon Buri - Thailand,https://www.youtube.com/watch?v=eP8lixehRdw
PUw1c1RKVvA,1/4 FS - 86 kg: G. KUMAR (IND) v. T. SHIRAI (JPN),2019-07-14,10:39,試合,U20,アジア選手権,2019,タイトルにJPN/Japan・選手名の一致,高,白井 達也(Tatsuya SHIRAI),Freestyle Wrestling - 2019 Junior Asian Championships // Chon Buri - Thailand,https://www.youtube.com/watch?v=PUw1c1RKVvA
dnq8VclM8G0,1/4 FS - 74 kg: A. ABUIDAIJ (JOR) v. Y. FUJITA (JPN),2019-07-14,1:22,試合,U20,アジア選手権,2019,タイトルにJPN/Japan・選手名の一致,高,藤田 祐輔(Yusuke FUJITA),Freestyle Wrestling - 2019 Junior Asian Championships // Chon Buri - Thailand,https://www.youtube.com/watch?v=dnq8VclM8G0
rsiVc4FQeeE,1/2 FS - 61 kg: M. SHIRAZI (IRI) v. K. OGAWA (JPN),2019-07-14,10:43,試合,U20,アジア選手権,2019,タイトルにJPN/Japan・選手名の一致,高,照合なし(同じローマ字が2人以上),Freestyle Wrestling - 2019 Junior Asian Championships // Chon Buri - Thailand,https://www.youtube.com/watch?v=rsiVc4FQeeE
pAP10GRXvsA,1/2 FS - 74 kg: Y. FUJITA (JPN) v. T. AHEIYOU (CHN),2019-07-14,8:51,試合,U20,アジア選手権,2019,タイトルにJPN/Japan・選手名の一致,高,藤田 祐輔(Yusuke FUJITA),Freestyle Wrestling - 2019 Junior Asian Championships // Chon Buri - Thailand,https://www.youtube.com/watch?v=pAP10GRXvsA
Iv-kjyo42xM,1/2 FS - 65 kg: T. TSUTSUMI (JPN) v. A. ASHKIVAR (IRI),2019-07-13,8:01,試合,U20,アジア選手権,2019,タイトルにJPN/Japan,高,照合なし,Freestyle Wrestling - 2019 Junior Asian Championships // Chon Buri - Thailand,https://www.youtube.com/watch?v=Iv-kjyo42xM
YozbuMuYkUw,1/4 FS - 97 kg: K. YOSHIDA (JPN) v. A. ANTIL (IND),2019-07-13,9:19,試合,U20,アジア選手権,2019,タイトルにJPN/Japan・選手名の一致,高,照合なし(同じローマ字が2人以上),Freestyle Wrestling - 2019 Junior Asian Championships // Chon Buri - Thailand,https://www.youtube.com/watch?v=YozbuMuYkUw
wSs0KssH0Yk,Qual. FS - 97 kg: K. YOSHIDA (JPN) v. S. RAKHMONOV (UZB),2019-07-13,4:14,試合,U20,アジア選手権,2019,タイトルにJPN/Japan・選手名の一致,高,照合なし(同じローマ字が2人以上),Freestyle Wrestling - 2019 Junior Asian Championships // Chon Buri - Thailand,https://www.youtube.com/watch?v=wSs0KssH0Yk
mh0MSCQ8-Ww,Qual. FS - 70 kg: A. SUZUKI (JPN) v. S. DOSZHANOV (KAZ),2019-07-13,9:36,試合,U20,アジア選手権,2019,タイトルにJPN/Japan・選手名の一致,高,鈴木 絢大(Ayata SUZUKI),Freestyle Wrestling - 2019 Junior Asian Championships // Chon Buri - Thailand,https://www.youtube.com/watch?v=mh0MSCQ8-Ww
Gwujc43qTIQ,1/4 FS - 79 kg: Y. PANG (TPE) v. S. KANEKO (JPN),2019-07-13,3:30,試合,U20,アジア選手権,2019,タイトルにJPN/Japan・選手名の一致,高,照合なし,Freestyle Wrestling - 2019 Junior Asian Championships // Chon Buri - Thailand,https://www.youtube.com/watch?v=Gwujc43qTIQ
M28ODPFW2QE,1/4 FS - 57 kg: A. OKENOV (KAZ) v. Y. TAKESHITA (JPN),2019-07-13,7:52,試合,U20,アジア選手権,2019,タイトルにJPN/Japan・選手名の一致,高,竹下 雄登(Yuto TAKESHITA),Freestyle Wrestling - 2019 Junior Asian Championships // Chon Buri - Thailand,https://www.youtube.com/watch?v=M28ODPFW2QE
9crFdGu9sCA,1/4 FS - 65 kg: S. OLONBAYAR (MGL) v. T. TSUTSUMI (JPN),2019-07-13,7:47,試合,U20,アジア選手権,2019,タイトルにJPN/Japan,高,照合なし,Freestyle Wrestling - 2019 Junior Asian Championships // Chon Buri - Thailand,https://www.youtube.com/watch?v=9crFdGu9sCA
7mI7HG0PKPI,1/4 FS - 70 kg: A. SUZUKI (JPN) v. M. FIROUZPOURBA (IRI),2019-07-13,7:45,試合,U20,アジア選手権,2019,タイトルにJPN/Japan・選手名の一致,高,鈴木 絢大(Ayata SUZUKI),Freestyle Wrestling - 2019 Junior Asian Championships // Chon Buri - Thailand,https://www.youtube.com/watch?v=7mI7HG0PKPI
wvE8EFRWs0Q,Repechage FS - 70 kg: J. ZHAO (CHN) v. A. SUZUKI (JPN),2019-07-13,3:38,試合,U20,アジア選手権,2019,タイトルにJPN/Japan・選手名の一致,高,鈴木 絢大(Ayata SUZUKI),Freestyle Wrestling - 2019 Junior Asian Championships // Chon Buri - Thailand,https://www.youtube.com/watch?v=wvE8EFRWs0Q
xB8y4wnMB80,1/2 FS - 79 kg: S. KANEKO (JPN) v. T. TANGGESI (CHN),2019-07-13,8:23,試合,U20,アジア選手権,2019,タイトルにJPN/Japan・選手名の一致,高,照合なし,Freestyle Wrestling - 2019 Junior Asian Championships // Chon Buri - Thailand,https://www.youtube.com/watch?v=xB8y4wnMB80
ivIZaIJzV6E,1/2 FS - 57 kg: Y. TAKESHITA (JPN) v. T. ZHUMASHBEK U (KGZ),2019-07-13,1:18,試合,U20,アジア選手権,2019,タイトルにJPN/Japan・選手名の一致,高,竹下 雄登(Yuto TAKESHITA),Freestyle Wrestling - 2019 Junior Asian Championships // Chon Buri - Thailand,https://www.youtube.com/watch?v=ivIZaIJzV6E
HIFgVo8UTEM,GOLD FS - 57 kg: Y. TAKESHITA (JPN) v. V. PATIL (IND),2019-07-13,9:29,試合,U20,アジア選手権,2019,タイトルにJPN/Japan・選手名の一致,高,竹下 雄登(Yuto TAKESHITA),Freestyle Wrestling - 2019 Junior Asian Championships // Chon Buri - Thailand,https://www.youtube.com/watch?v=HIFgVo8UTEM
IOa04bYohh0,BRONZE FS - 70 kg: A. SUZUKI (JPN) v. V. KALIRAMANA (IND),2019-07-13,8:29,試合,U20,アジア選手権,2019,タイトルにJPN/Japan・選手名の一致,高,鈴木 絢大(Ayata SUZUKI),Freestyle Wrestling - 2019 Junior Asian Championships // Chon Buri - Thailand,https://www.youtube.com/watch?v=IOa04bYohh0
CdMO4XgRVrU,BRONZE FS - 65 kg: I. HWANG (KOR) v. T. TSUTSUMI (JPN),2019-07-13,9:11,試合,U20,アジア選手権,2019,タイトルにJPN/Japan,高,照合なし,Freestyle Wrestling - 2019 Junior Asian Championships // Chon Buri - Thailand,https://www.youtube.com/watch?v=CdMO4XgRVrU
gc_thJjnsY8,1/2 WW - 62 kg: A. KODAMA (JPN) v. I. KUZNETSOVA (KAZ),2019-07-12,5:47,試合,U20,アジア選手権,2019,タイトルにJPN/Japan,高,照合なし,Women's Wrestling - 2019 Junior Asian Championships // Chon Buri - Thailand,https://www.youtube.com/watch?v=gc_thJjnsY8
FrmwSfPOhqA,1/4 WW - 57 kg: M. USMONJONOVA (UZB) v. A. SAWA (JPN),2019-07-12,1:01,試合,U20,アジア選手権,2019,タイトルにJPN/Japan,高,照合なし,Women's Wrestling - 2019 Junior Asian Championships // Chon Buri - Thailand,https://www.youtube.com/watch?v=FrmwSfPOhqA
SKhehIT9P2k,1/4 WW - 72 kg: K. KOBAYASHI (JPN) v. S. OKNAZAROVA (UZB),2019-07-12,4:28,試合,U20,アジア選手権,2019,タイトルにJPN/Japan・選手名の一致,高,照合なし(同じローマ字が2人以上),Women's Wrestling - 2019 Junior Asian Championships // Chon Buri - Thailand,https://www.youtube.com/watch?v=SKhehIT9P2k
-pIbk0IzoNk,1/4 WW - 62 kg: A. ARTYKALI KYZ (KGZ) v. A. KODAMA (JPN),2019-07-12,1:42,試合,U20,アジア選手権,2019,タイトルにJPN/Japan,高,照合なし,Women's Wrestling - 2019 Junior Asian Championships // Chon Buri - Thailand,https://www.youtube.com/watch?v=-pIbk0IzoNk
XHb5qhBH0i8,1/4 WW - 53 kg: P. POOJA (IND) v. U. IMAI (JPN),2019-07-12,8:28,試合,U20,アジア選手権,2019,タイトルにJPN/Japan・選手名の一致,高,今井 佑海(Umi IMAI),Women's Wrestling - 2019 Junior Asian Championships // Chon Buri - Thailand,https://www.youtube.com/watch?v=XHb5qhBH0i8
mePNKfM4PPk,1/2 WW - 57 kg: Y. WU (CHN) v. A. SAWA (JPN),2019-07-12,2:12,試合,U20,アジア選手権,2019,タイトルにJPN/Japan,高,照合なし,Women's Wrestling - 2019 Junior Asian Championships // Chon Buri - Thailand,https://www.youtube.com/watch?v=mePNKfM4PPk
QndxzZN21v8,1/2 WW - 65 kg: H. PAI (TPE) v. S. MASUYAMA (JPN),2019-07-12,3:35,試合,U20,アジア選手権,2019,タイトルにJPN/Japan,高,照合なし,Women's Wrestling - 2019 Junior Asian Championships // Chon Buri - Thailand,https://www.youtube.com/watch?v=QndxzZN21v8
NrsK67zKlqw,1/2 WW - 53 kg: T. NGUYEN (VIE) v. U. IMAI (JPN),2019-07-12,2:48,試合,U20,アジア選手権,2019,タイトルにJPN/Japan・選手名の一致,高,今井 佑海(Umi IMAI),Women's Wrestling - 2019 Junior Asian Championships // Chon Buri - Thailand,https://www.youtube.com/watch?v=NrsK67zKlqw
k2r-vydTsXQ,1/4 WW - 65 kg: S. MASUYAMA (JPN) v. A. ALIBEK (KAZ),2019-07-12,1:14,試合,U20,アジア選手権,2019,タイトルにJPN/Japan,高,照合なし,Women's Wrestling - 2019 Junior Asian Championships // Chon Buri - Thailand,https://www.youtube.com/watch?v=k2r-vydTsXQ
yyefGYBcFWA,1/4 WW - 55 kg: T. SAKURAI (JPN) v. E. BATBAATAR (MGL),2019-07-11,10:35,試合,U20,アジア選手権,2019,タイトルにJPN/Japan,高,照合なし,Best of Tsugumi SAKURAI / Women's Wrestling - 2019 Junior Asian Championships // Chon Buri - Thailand,https://www.youtube.com/watch?v=yyefGYBcFWA
Aa36B1IL9VU,BRONZE WW - 55 kg: T. SAKURAI (JPN) v. S. DYUSSENGALIY (KAZ),2019-07-11,2:33,試合,U20,アジア選手権,2019,タイトルにJPN/Japan,高,照合なし,Best of Tsugumi SAKURAI / Women's Wrestling - 2019 Junior Asian Championships // Chon Buri - Thailand,https://www.youtube.com/watch?v=Aa36B1IL9VU
s9c_0zCFaQk,GOLD WW - 50 kg: R. YOSHIMOTO (JPN) v. Y. ZHONG (CHN),2019-07-11,8:47,試合,U20,アジア選手権,2019,タイトルにJPN/Japan・選手名の一致,高,吉元 玲美那(Remina YOSHIMOTO),Women's Wrestling - 2019 Junior Asian Championships // Chon Buri - Thailand,https://www.youtube.com/watch?v=s9c_0zCFaQk
SBXtwL4SXQ0,GOLD WW - 68 kg: M. ZHUMANAZAROV (KGZ) v. R. MIYAJI (JPN),2019-07-11,8:56,試合,U20,アジア選手権,2019,タイトルにJPN/Japan・選手名の一致,高,宮道 りん(Rin MIYAJI),Women's Wrestling - 2019 Junior Asian Championships // Chon Buri - Thailand,https://www.youtube.com/watch?v=SBXtwL4SXQ0
hfWTf92cbqE,BRONZE WW - 59 kg: A. SUGIYAMA (JPN) v. K. NAJIMOVA (UZB),2019-07-11,6:12,試合,U20,アジア選手権,2019,タイトルにJPN/Japan,高,照合なし,Women's Wrestling - 2019 Junior Asian Championships // Chon Buri - Thailand,https://www.youtube.com/watch?v=hfWTf92cbqE
w4STrbspNOQ,BRONZE WW - 76 kg: M. NAGASHIMA (JPN) v. K. KARUNA (IND),2019-07-11,7:45,試合,U20,アジア選手権,2019,タイトルにJPN/Japan・選手名の一致,高,長島 水城(Mizuki NAGASHIMA),Women's Wrestling - 2019 Junior Asian Championships // Chon Buri - Thailand,https://www.youtube.com/watch?v=w4STrbspNOQ
-j6P4NGm0HU,Round 1 WW - 76 kg: M. NAGASHIMA (JPN) v. S. KIM (KOR),2019-07-11,9:57,試合,U20,アジア選手権,2019,タイトルにJPN/Japan・選手名の一致,高,長島 水城(Mizuki NAGASHIMA),Women's Wrestling - 2019 Junior Asian Championships // Chon Buri - Thailand,https://www.youtube.com/watch?v=-j6P4NGm0HU
xr0UNSwxzpI,Round 3 WW - 76 kg: O. BATCHULUU (MGL) v. M. NAGASHIMA (JPN),2019-07-11,0:58,試合,U20,アジア選手権,2019,タイトルにJPN/Japan・選手名の一致,高,長島 水城(Mizuki NAGASHIMA),Women's Wrestling - 2019 Junior Asian Championships // Chon Buri - Thailand,https://www.youtube.com/watch?v=xr0UNSwxzpI
6OS-rMHRfZY,Round 2 WW - 76 kg: K. KARUNA (IND) v. M. NAGASHIMA (JPN),2019-07-11,8:16,試合,U20,アジア選手権,2019,タイトルにJPN/Japan・選手名の一致,高,長島 水城(Mizuki NAGASHIMA),Women's Wrestling - 2019 Junior Asian Championships // Chon Buri - Thailand,https://www.youtube.com/watch?v=6OS-rMHRfZY
2HeQRBQP0T8,1/2 WW - 76 kg: M. NAGASHIMA (JPN) v. S. ELLIEVA (UZB),2019-07-11,0:53,試合,U20,アジア選手権,2019,タイトルにJPN/Japan・選手名の一致,高,長島 水城(Mizuki NAGASHIMA),Women's Wrestling - 2019 Junior Asian Championships // Chon Buri - Thailand,https://www.youtube.com/watch?v=2HeQRBQP0T8
ty5yL3xKHrI,1/4 WW - 50 kg: T. CAN (VIE) v. R. YOSHIMOTO (JPN),2019-07-11,1:08,試合,U20,アジア選手権,2019,タイトルにJPN/Japan・選手名の一致,高,吉元 玲美那(Remina YOSHIMOTO),Women's Wrestling - 2019 Junior Asian Championships // Chon Buri - Thailand,https://www.youtube.com/watch?v=ty5yL3xKHrI
Tcl1UC3YHDk,Qual. WW - 68 kg: K. PHẠM (VIE) v. R. MIYAJI (JPN),2019-07-11,1:50,試合,U20,アジア選手権,2019,タイトルにJPN/Japan・選手名の一致,高,宮道 りん(Rin MIYAJI),Women's Wrestling - 2019 Junior Asian Championships // Chon Buri - Thailand,https://www.youtube.com/watch?v=Tcl1UC3YHDk
G01vD2KsGOs,1/2 WW - 68 kg: A. KAIRGELDINOV (KAZ) v. R. MIYAJI (JPN),2019-07-11,3:09,試合,U20,アジア選手権,2019,タイトルにJPN/Japan・選手名の一致,高,宮道 りん(Rin MIYAJI),Women's Wrestling - 2019 Junior Asian Championships // Chon Buri - Thailand,https://www.youtube.com/watch?v=G01vD2KsGOs
AD_pDuE8OXQ,1/4 WW - 59 kg: A. SUGIYAMA (JPN) v. A. ANSHU (IND),2019-07-11,9:40,試合,U20,アジア選手権,2019,タイトルにJPN/Japan,高,照合なし,Women's Wrestling - 2019 Junior Asian Championships // Chon Buri - Thailand,https://www.youtube.com/watch?v=AD_pDuE8OXQ
JKV_TH7hp9o,1/4 WW - 68 kg: R. MIYAJI (JPN) v. M. NORMUMINOVA (UZB),2019-07-11,2:45,試合,U20,アジア選手権,2019,タイトルにJPN/Japan・選手名の一致,高,宮道 りん(Rin MIYAJI),Women's Wrestling - 2019 Junior Asian Championships // Chon Buri - Thailand,https://www.youtube.com/watch?v=JKV_TH7hp9o
k89K-rRZ1ck,1/2 WW - 50 kg: R. YOSHIMOTO (JPN) v. M. CHEON (KOR),2019-07-11,5:43,試合,U20,アジア選手権,2019,タイトルにJPN/Japan・選手名の一致,高,吉元 玲美那(Remina YOSHIMOTO),Women's Wrestling - 2019 Junior Asian Championships // Chon Buri - Thailand,https://www.youtube.com/watch?v=k89K-rRZ1ck
Ewm6PKbtaCE,GOLD GR - 82 kg: T. HIGUCHI (JPN) v. H. FOROUZANDEH  (IRI),2019-07-10,3:44,試合,U20,アジア選手権,2019,タイトルにJPN/Japan・選手名の一致,高,樋口 徹心(Tesshin HIGUCHI),Greco-Roman - 2019 Junior Asian Championships // Chon Buri - Thailand,https://www.youtube.com/watch?v=Ewm6PKbtaCE
rIH6ACJhRa0,Qual. GR - 60 kg: K. OKAWARA (JPN) v. B. BAKYTBEK UUL (KGZ),2019-07-10,18:46,試合,U20,アジア選手権,2019,タイトルにJPN/Japan,高,照合なし,Greco-Roman - 2019 Junior Asian Championships // Chon Buri - Thailand,https://www.youtube.com/watch?v=rIH6ACJhRa0
BWbiayWCZMs,1/4 GR - 82 kg: D. ARRICHUAI (THA) v. T. HIGUCHI (JPN),2019-07-10,1:40,試合,U20,アジア選手権,2019,タイトルにJPN/Japan・選手名の一致,高,樋口 徹心(Tesshin HIGUCHI),Greco-Roman - 2019 Junior Asian Championships // Chon Buri - Thailand,https://www.youtube.com/watch?v=BWbiayWCZMs
f-IkhUTWMCs,1/2 GR - 82 kg: T. HIGUCHI (JPN) v. T. ORAZOV (TKM),2019-07-10,9:51,試合,U20,アジア選手権,2019,タイトルにJPN/Japan・選手名の一致,高,樋口 徹心(Tesshin HIGUCHI),Greco-Roman - 2019 Junior Asian Championships // Chon Buri - Thailand,https://www.youtube.com/watch?v=f-IkhUTWMCs
2bv3FhylOlI,Qual. GR - 72 kg: Y. KOGAWA (JPN) v. M. KUNAYEV (KAZ),2019-07-10,3:30,試合,U20,アジア選手権,2019,タイトルにJPN/Japan,高,照合なし,Greco-Roman - 2019 Junior Asian Championships // Chon Buri - Thailand,https://www.youtube.com/watch?v=2bv3FhylOlI
-tO37eFybq8,1/4 GR - 97 kg: D. SHERIMBEKOV (KGZ) v. T. SAGAWA (JPN),2019-07-10,3:37,試合,U20,アジア選手権,2019,タイトルにJPN/Japan,高,照合なし,Greco-Roman - 2019 Junior Asian Championships // Chon Buri - Thailand,https://www.youtube.com/watch?v=-tO37eFybq8
sMYaB5n7ppo,Qual. GR - 67 kg: D. KOBAYASHI (JPN) v. S. SAURABH (IND),2019-07-10,8:08,試合,U20,アジア選手権,2019,タイトルにJPN/Japan・選手名の一致,高,小林 大悟(Daigo KOBAYASHI),Greco-Roman - 2019 Junior Asian Championships // Chon Buri - Thailand,https://www.youtube.com/watch?v=sMYaB5n7ppo
exsbEonJnXQ,1/4 GR - 77 kg: B. LIN (TPE) v. N. KUSAKA (JPN),2019-07-09,4:35,試合,U20,アジア選手権,2019,タイトルにJPN/Japan・選手名の一致,高,日下 尚(Nao KUSAKA),Best of Nao KUSAKA / Greco-Roman - 2019 Junior Asian Championships // Chon Buri - Thailand,https://www.youtube.com/watch?v=exsbEonJnXQ
3W3PZSyzjeA,BRONZE GR - 55 kg: K. TSUTSUMI (JPN) v. D. WON (KOR),2019-07-09,9:27,試合,U20,アジア選手権,2019,タイトルにJPN/Japan,高,照合なし,Greco-Roman - 2019 Junior Asian Championships // Chon Buri - Thailand,https://www.youtube.com/watch?v=3W3PZSyzjeA
fPpBwTJRcEI,BRONZE GR - 63 kg: R. KOSHIBA (JPN) v. J. SAMATOV (UZB),2019-07-09,8:08,試合,U20,アジア選手権,2019,タイトルにJPN/Japan・選手名の一致,高,小柴 亮太(Ryota KOSHIBA),Greco-Roman - 2019 Junior Asian Championships // Chon Buri - Thailand,https://www.youtube.com/watch?v=fPpBwTJRcEI
4_hxrYfYp18,BRONZE GR - 77 kg: Z. DAULET (KAZ) v. N. KUSAKA (JPN),2019-07-09,2:59,試合,U20,アジア選手権,2019,タイトルにJPN/Japan・選手名の一致,高,日下 尚(Nao KUSAKA),Greco-Roman - 2019 Junior Asian Championships // Chon Buri - Thailand,https://www.youtube.com/watch?v=4_hxrYfYp18
wpGZmzfCxUI,BRONZE GR - 87 kg: H. LEI (CHN) v. R. NASUKAWA (JPN),2019-07-09,1:16,試合,U20,アジア選手権,2019,タイトルにJPN/Japan,高,照合なし,Greco-Roman - 2019 Junior Asian Championships // Chon Buri - Thailand,https://www.youtube.com/watch?v=wpGZmzfCxUI
aoYq8WwMOTA,Qual. GR - 55 kg: V. VIJAY (IND) v. K. TSUTSUMI (JPN),2019-07-09,8:48,試合,U20,アジア選手権,2019,タイトルにJPN/Japan,高,照合なし,Greco-Roman - 2019 Junior Asian Championships // Chon Buri - Thailand,https://www.youtube.com/watch?v=aoYq8WwMOTA
DzvfCFFrrEQ,1/4 GR - 87 kg: R. NASUKAWA (JPN) v. J. CHOI (KOR),2019-07-09,9:07,試合,U20,アジア選手権,2019,タイトルにJPN/Japan,高,照合なし,Greco-Roman - 2019 Junior Asian Championships // Chon Buri - Thailand,https://www.youtube.com/watch?v=DzvfCFFrrEQ
_VDg6gwj-ps,Repechage GR - 55 kg: K. TSUTSUMI (JPN) v. B. BAOYINJIYA (CHN),2019-07-09,10:43,試合,U20,アジア選手権,2019,タイトルにJPN/Japan,高,照合なし,Greco-Roman - 2019 Junior Asian Championships // Chon Buri - Thailand,https://www.youtube.com/watch?v=_VDg6gwj-ps
fdL6dowhJvU,1/2 GR - 77 kg: N. KUSAKA (JPN) v. M. NAGHOUSI (IRI),2019-07-09,10:00,試合,U20,アジア選手権,2019,タイトルにJPN/Japan・選手名の一致,高,日下 尚(Nao KUSAKA),Greco-Roman - 2019 Junior Asian Championships // Chon Buri - Thailand,https://www.youtube.com/watch?v=fdL6dowhJvU
b5aAxKHOsFM,1/2 GR - 87 kg: R. NASUKAWA (JPN) v. M. KORDABAY (KAZ),2019-07-09,2:20,試合,U20,アジア選手権,2019,タイトルにJPN/Japan,高,照合なし,Greco-Roman - 2019 Junior Asian Championships // Chon Buri - Thailand,https://www.youtube.com/watch?v=b5aAxKHOsFM
N7Ta4W9yN5c,Repechage GR - 63 kg: R. KOSHIBA (JPN) v. V. VIJAY (IND),2019-07-09,8:32,試合,U20,アジア選手権,2019,タイトルにJPN/Japan・選手名の一致,高,小柴 亮太(Ryota KOSHIBA),Greco-Roman - 2019 Junior Asian Championships // Chon Buri - Thailand,https://www.youtube.com/watch?v=N7Ta4W9yN5c
Md3oDuOnKNE,Round 2 GR - 130 kg: A. SAKAI (JPN) v. L. ZHANG (CHN),2019-07-09,5:58,試合,U20,アジア選手権,2019,タイトルにJPN/Japan・選手名の一致,高,坂井 愛(Ai SAKAI),Greco-Roman - 2019 Junior Asian Championships // Chon Buri - Thailand,https://www.youtube.com/watch?v=Md3oDuOnKNE
Ixu6L9UuWj8,Qual. GR - 63 kg: A. MUKHAMADIYEV (KAZ) v. R. KOSHIBA (JPN),2019-07-09,8:36,試合,U20,アジア選手権,2019,タイトルにJPN/Japan・選手名の一致,高,小柴 亮太(Ryota KOSHIBA),Greco-Roman - 2019 Junior Asian Championships // Chon Buri - Thailand,https://www.youtube.com/watch?v=Ixu6L9UuWj8
6Dh2ewfZZLI,Round 3 GR - 130 kg: A. SAKAI (JPN) v. A. SARSENGALIYE (KAZ),2019-07-09,2:04,試合,U20,アジア選手権,2019,タイトルにJPN/Japan・選手名の一致,高,坂井 愛(Ai SAKAI),Greco-Roman - 2019 Junior Asian Championships // Chon Buri - Thailand,https://www.youtube.com/watch?v=6Dh2ewfZZLI
Sgv--hDi75c,Round 1 GR - 130 kg: I. GULOMJONOV (UZB) v. A. SAKAI (JPN),2019-07-09,0:53,試合,U20,アジア選手権,2019,タイトルにJPN/Japan・選手名の一致,高,坂井 愛(Ai SAKAI),Greco-Roman - 2019 Junior Asian Championships // Chon Buri - Thailand,https://www.youtube.com/watch?v=Sgv--hDi75c
rKbsvln3XTU,1/2 WW - 68 kg: M. ZHUMANAZAROV (KGZ) v. S. DOSHO (JPN),2019-05-15,7:43,試合,シニア(または不明),アジア選手権,2019,タイトルにJPN/Japan,高,照合なし,Women's Wrestling - 2019 Senior Asian C'ships - Xi'an,https://www.youtube.com/watch?v=rKbsvln3XTU
LnIViCmaV9U,1/4 WW - 59 kg: Y. INAGAKI (JPN) v. Y. CHOI (KOR),2019-05-15,4:49,試合,シニア(または不明),アジア選手権,2019,タイトルにJPN/Japan・選手名の一致,高,稲垣 柚香(Yuzuka INAGAKI),Women's Wrestling - 2019 Senior Asian C'ships - Xi'an,https://www.youtube.com/watch?v=LnIViCmaV9U
kjUTI5a8g9M,1/4 WW - 68 kg: E. JEONG (KOR) v. S. DOSHO (JPN),2019-05-15,6:36,試合,シニア(または不明),アジア選手権,2019,タイトルにJPN/Japan,高,照合なし,Women's Wrestling - 2019 Senior Asian C'ships - Xi'an,https://www.youtube.com/watch?v=kjUTI5a8g9M
4nl10NMNryQ,1/2 WW - 59 kg: Q. ZHANG (CHN) v. Y. INAGAKI (JPN),2019-05-15,5:03,試合,シニア(または不明),アジア選手権,2019,タイトルにJPN/Japan・選手名の一致,高,稲垣 柚香(Yuzuka INAGAKI),Women's Wrestling - 2019 Senior Asian C'ships - Xi'an,https://www.youtube.com/watch?v=4nl10NMNryQ
kfzytT7dhVM,Qual. GR - 72 kg: T. INOUE (JPN) v. J. LEE (KOR),2019-04-30,10:49,試合,シニア(または不明),アジア選手権,2019,タイトルにJPN/Japan,高,照合なし,Greco-Roman Wrestling - 2019 Senior Asian C'ships - Xi'an,https://www.youtube.com/watch?v=kfzytT7dhVM
wU2obygThcM,1/4 GR - 60 kg: K. FUMITA (JPN) v. S. RI (PRK),2019-04-28,9:05,試合,シニア(または不明),アジア選手権,2019,タイトルにJPN/Japan・選手名の一致,高,文田 健一郎(Kenichiro FUMITA),Best of Kenichiro Fumita / Greco-Roman Wrestling - 2019 Senior Asian C'ships - Xi'an,https://www.youtube.com/watch?v=wU2obygThcM
3TFxxtaa12M,BRONZE GR - 60 kg: K. FUMITA (JPN) v. S. WALIHAN (CHN),2019-04-28,1:19,試合,シニア(または不明),アジア選手権,2019,タイトルにJPN/Japan・選手名の一致,高,文田 健一郎(Kenichiro FUMITA),Best of Kenichiro Fumita / Greco-Roman Wrestling - 2019 Senior Asian C'ships - Xi'an,https://www.youtube.com/watch?v=3TFxxtaa12M
VSU0PBbeWtI,BRONZE GR - 67 kg: S. TAKAHASHI (JPN) v. M. RAKHMATOV (UZB),2019-04-28,8:54,試合,シニア(または不明),アジア選手権,2019,タイトルにJPN/Japan・選手名の一致,高,照合なし(同じローマ字が2人以上),Greco-Roman Wrestling - 2019 Senior Asian C'ships - Xi'an,https://www.youtube.com/watch?v=VSU0PBbeWtI
TjVfXgsFXOw,Repechage GR - 60 kg: U. DURDYYEV (TKM) v. K. FUMITA (JPN),2019-04-28,9:28,試合,シニア(または不明),アジア選手権,2019,タイトルにJPN/Japan・選手名の一致,高,文田 健一郎(Kenichiro FUMITA),Greco-Roman Wrestling - 2019 Senior Asian C'ships - Xi'an,https://www.youtube.com/watch?v=TjVfXgsFXOw
naGINA5_MCM,Repechage GR - 67 kg: S. TAKAHASHI (JPN) v. M. AKHMEDOV (TJK),2019-04-28,8:30,試合,シニア(または不明),アジア選手権,2019,タイトルにJPN/Japan・選手名の一致,高,照合なし(同じローマ字が2人以上),Greco-Roman Wrestling - 2019 Senior Asian C'ships - Xi'an,https://www.youtube.com/watch?v=naGINA5_MCM
FrF4BFJV-ng,Qual. GR - 60 kg: M. MARDANI (IRI) v. K. FUMITA (JPN),2019-04-28,8:14,試合,シニア(または不明),アジア選手権,2019,タイトルにJPN/Japan・選手名の一致,高,文田 健一郎(Kenichiro FUMITA),Greco-Roman Wrestling - 2019 Senior Asian C'ships - Xi'an,https://www.youtube.com/watch?v=FrF4BFJV-ng
CD895pJDklM,Qual. GR - 67 kg: H. RYU (KOR) v. S. TAKAHASHI (JPN),2019-04-28,9:46,試合,シニア(または不明),アジア選手権,2019,タイトルにJPN/Japan・選手名の一致,高,照合なし(同じローマ字が2人以上),Greco-Roman Wrestling - 2019 Senior Asian C'ships - Xi'an,https://www.youtube.com/watch?v=CD895pJDklM
Ie6gnng76t8,Qual. GR - 82 kg: Y. OKAJIMA (JPN) v. H. QIAN (CHN),2019-04-28,8:22,試合,シニア(または不明),アジア選手権,2019,タイトルにJPN/Japan・選手名の一致,高,岡嶋 勇也(Yuya OKAJIMA),Greco-Roman Wrestling - 2019 Senior Asian C'ships - Xi'an,https://www.youtube.com/watch?v=Ie6gnng76t8
4eFB99YRZbg,Qual. GR - 97 kg: M. ALIYARIFEIZA (IRI) v. Y. NARA (JPN),2019-04-28,5:09,試合,シニア(または不明),アジア選手権,2019,タイトルにJPN/Japan・選手名の一致,高,奈良 勇太(Yuta NARA),Greco-Roman Wrestling - 2019 Senior Asian C'ships - Xi'an,https://www.youtube.com/watch?v=4eFB99YRZbg
4dSOU9yZTsI,Mahdi Abbas ALIYARIFEIZABADI (IRI) df.  Yuta NARA (JPN),2019-04-28,0:18,試合,シニア(または不明),アジア選手権,2019,タイトルにJPN/Japan・選手名の一致,高,奈良 勇太(Yuta NARA),News + Highlights - 2019 Senior Asian Championships,https://www.youtube.com/watch?v=4dSOU9yZTsI
xcd8g2p8X6A,BRONZE GR - 87 kg: M. SUMI (JPN) v. R. ASSAKALOV (UZB),2019-04-27,5:39,試合,シニア(または不明),アジア選手権,2019,タイトルにJPN/Japan,高,照合なし,Best of Rustam ASSAKALOV / Greco-Roman Wrestling - 2019 Senior Asian C'ships - Xi'an,https://www.youtube.com/watch?v=xcd8g2p8X6A
TRr05PfoyAE,BRONZE GR - 77 kg: N. SHOJI (JPN) v. M. GERAEI (IRI),2019-04-27,3:04,試合,シニア(または不明),アジア選手権,2019,タイトルにJPN/Japan,高,照合なし,Best of Mohammad Ali Geraei / Greco-Roman Wrestling - 2019 Senior Asian C'ships - Xi'an,https://www.youtube.com/watch?v=TRr05PfoyAE
fFSElckZkU4,Repechage GR - 87 kg: F. PENG (CHN) v. M. SUMI (JPN),2019-04-27,8:28,試合,シニア(または不明),アジア選手権,2019,タイトルにJPN/Japan,高,照合なし,Greco-Roman Wrestling - 2019 Senior Asian C'ships - Xi'an,https://www.youtube.com/watch?v=fFSElckZkU4
7F6y3xlc-oA,1/4 GR - 55 kg: H. JEON (KOR) v. H. KATAGIRI (JPN),2019-04-27,2:51,試合,シニア(または不明),アジア選手権,2019,タイトルにJPN/Japan,高,照合なし,Greco-Roman Wrestling - 2019 Senior Asian C'ships - Xi'an,https://www.youtube.com/watch?v=7F6y3xlc-oA
LyaONVS1Y5A,1/4 GR - 77 kg: N. SHOJI (JPN) v. H. KIM (KOR),2019-04-27,1:30,試合,シニア(または不明),アジア選手権,2019,タイトルにJPN/Japan,高,照合なし,Greco-Roman Wrestling - 2019 Senior Asian C'ships - Xi'an,https://www.youtube.com/watch?v=LyaONVS1Y5A
AQhCXMKkTZ0,1/4 GR - 130 kg: M. KIM (KOR) v. R. KONO (JPN),2019-04-27,1:07,試合,シニア(または不明),アジア選手権,2019,タイトルにJPN/Japan・選手名の一致,高,河野 隆太(Ryuta KONO),Greco-Roman Wrestling - 2019 Senior Asian C'ships - Xi'an,https://www.youtube.com/watch?v=AQhCXMKkTZ0
RieVhnS56VI,GOLD GR - 55 kg: I. BAKHROMOV (UZB) v. H. KATAGIRI (JPN),2019-04-27,8:28,試合,シニア(または不明),アジア選手権,2019,タイトルにJPN/Japan,高,照合なし,Greco-Roman Wrestling - 2019 Senior Asian C'ships - Xi'an,https://www.youtube.com/watch?v=RieVhnS56VI
RK9dwbGbAME,1/4 GR - 63 kg: S. ABDOUVALI (IRI) v. Y. YAMADA (JPN),2019-04-27,8:54,試合,シニア(または不明),アジア選手権,2019,タイトルにJPN/Japan,高,照合なし,Greco-Roman Wrestling - 2019 Senior Asian C'ships - Xi'an,https://www.youtube.com/watch?v=RK9dwbGbAME
vZ9W4tXy0wU,1/2 GR - 55 kg: H. KATAGIRI (JPN) v. K. ZHAKANSHA (KAZ),2019-04-27,10:30,試合,シニア(または不明),アジア選手権,2019,タイトルにJPN/Japan,高,照合なし,Greco-Roman Wrestling - 2019 Senior Asian C'ships - Xi'an,https://www.youtube.com/watch?v=vZ9W4tXy0wU
zEAkRSIMC5E,Repechage GR - 87 kg: F. PENG (CHN) v. M. SUMI (JPN),2019-04-27,8:28,試合,シニア(または不明),アジア選手権,2019,タイトルにJPN/Japan,高,照合なし,Greco-Roman Wrestling - 2019 Senior Asian C'ships - Xi'an,https://www.youtube.com/watch?v=zEAkRSIMC5E
QGtm9x9LB8Q,Qual. GR - 87 kg: H. PARK (KOR) v. M. SUMI (JPN),2019-04-27,7:55,試合,シニア(または不明),アジア選手権,2019,タイトルにJPN/Japan,高,照合なし,Greco-Roman Wrestling - 2019 Senior Asian C'ships - Xi'an,https://www.youtube.com/watch?v=QGtm9x9LB8Q
42EZhalKafE,1/4 GR - 87 kg: M. SUMI (JPN) v. H. NOURI (IRI),2019-04-27,9:07,試合,シニア(または不明),アジア選手権,2019,タイトルにJPN/Japan,高,照合なし,Greco-Roman Wrestling - 2019 Senior Asian C'ships - Xi'an,https://www.youtube.com/watch?v=42EZhalKafE
xJShhJGeo4A,Repechage GR - 77 kg: R. K. A. KHALIL (PLE) v. N. SHOJI (JPN),2019-04-27,7:03,試合,シニア(または不明),アジア選手権,2019,タイトルにJPN/Japan,高,照合なし,Greco-Roman Wrestling - 2019 Senior Asian C'ships - Xi'an,https://www.youtube.com/watch?v=xJShhJGeo4A
2awEfhisXsg,Hyeonwoo KIM (KOR) df.  Naotsugu SHOJI (JPN),2019-04-27,0:28,試合,シニア(または不明),アジア選手権,2019,タイトルにJPN/Japan,高,照合なし,News + Highlights - 2019 Senior Asian Championships,https://www.youtube.com/watch?v=2awEfhisXsg
2NmueNuILqk,Hiromu KATAGIRI (JPN) df.  Ilkhom BAKHROMOV (UZB),2019-04-27,0:49,試合,シニア(または不明),アジア選手権,2019,タイトルにJPN/Japan,高,照合なし,News + Highlights - 2019 Senior Asian Championships,https://www.youtube.com/watch?v=2NmueNuILqk
5c8F_gQPNqs,1/4 WW - 53 kg: V. VINESH (IND) v. M. MUKAIDA (JPN),2019-04-26,5:44,試合,シニア(または不明),アジア選手権,2019,タイトルにJPN/Japan,高,照合なし,Best of Vinesh Phogat / Women's Wrestling - 2019 Senior Asian C'ships - Xi'an,https://www.youtube.com/watch?v=5c8F_gQPNqs
0-g3kJycgdg,A. TYNYBEKOVA (KGZ) v. Y. KAWAI (JPN) | WW 62 kg | GOLD,2019-04-26,11:57,試合,シニア(または不明),アジア選手権,2019,タイトルにJPN/Japan,高,照合なし,Best of Aisuluu Tynybekova / Women's Wrestling - 2019 Senior Asian C'ships - Xi'an,https://www.youtube.com/watch?v=0-g3kJycgdg
IKyHp4U9wlU,1/4 WW - 62 kg: S. MALIK (IND) v. Y. KAWAI (JPN),2019-04-26,6:08,試合,シニア(または不明),アジア選手権,2019,タイトルにJPN/Japan,高,照合なし,Women's Wrestling - 2019 Senior Asian C'ships - Xi'an,https://www.youtube.com/watch?v=IKyHp4U9wlU
VMBwzDlnT44,1/2 WW - 53 kg: M. MUKAIDA (JPN) v. Q. PANG (CHN),2019-04-26,8:36,試合,シニア(または不明),アジア選手権,2019,タイトルにJPN/Japan,高,照合なし,Women's Wrestling - 2019 Senior Asian C'ships - Xi'an,https://www.youtube.com/watch?v=VMBwzDlnT44
-4-HiDM2YIE,GOLD WW - 65 kg: X. LUO (CHN) v. N. RUIKE (JPN),2019-04-26,9:16,試合,シニア(または不明),アジア選手権,2019,タイトルにJPN/Japan・選手名の一致,高,類家 直美(Naomi RUIKE),Women's Wrestling - 2019 Senior Asian C'ships - Xi'an,https://www.youtube.com/watch?v=-4-HiDM2YIE
SXEYLeG7mdU,Qual. WW - 62 kg: J. CHOI (KOR) v. Y. KAWAI (JPN),2019-04-26,8:47,試合,シニア(または不明),アジア選手権,2019,タイトルにJPN/Japan,高,照合なし,Women's Wrestling - 2019 Senior Asian C'ships - Xi'an,https://www.youtube.com/watch?v=SXEYLeG7mdU
H-kNAPAzHJo,GOLD WW - 53 kg: Y. PAK (PRK) v. M. MUKAIDA (JPN),2019-04-26,9:03,試合,シニア(または不明),アジア選手権,2019,タイトルにJPN/Japan,高,照合なし,Women's Wrestling - 2019 Senior Asian C'ships - Xi'an,https://www.youtube.com/watch?v=H-kNAPAzHJo
gv2wjfkr-PE,1/4 WW - 65 kg: S. ALEUATDINOVA (UZB) v. N. RUIKE (JPN),2019-04-26,7:57,試合,シニア(または不明),アジア選手権,2019,タイトルにJPN/Japan・選手名の一致,高,類家 直美(Naomi RUIKE),Women's Wrestling - 2019 Senior Asian C'ships - Xi'an,https://www.youtube.com/watch?v=gv2wjfkr-PE
b-bwuS1_WJU,GOLD WW - 72 kg: S. JEONG (KOR) v. Y. KAGAMI (JPN),2019-04-26,6:22,試合,シニア(または不明),アジア選手権,2019,タイトルにJPN/Japan・選手名の一致,高,鏡 優翔(Yuka KAGAMI),Women's Wrestling - 2019 Senior Asian C'ships - Xi'an,https://www.youtube.com/watch?v=b-bwuS1_WJU
kPgehuEyGew,Qual. WW - 53 kg: J. CHIU (TPE) v. M. MUKAIDA (JPN),2019-04-26,1:35,試合,シニア(または不明),アジア選手権,2019,タイトルにJPN/Japan,高,照合なし,Women's Wrestling - 2019 Senior Asian C'ships - Xi'an,https://www.youtube.com/watch?v=kPgehuEyGew
F2bo2lwTUS4,1/2 WW - 62 kg: H. MUN (PRK) v. Y. KAWAI (JPN),2019-04-26,9:04,試合,シニア(または不明),アジア選手権,2019,タイトルにJPN/Japan,高,照合なし,Women's Wrestling - 2019 Senior Asian C'ships - Xi'an,https://www.youtube.com/watch?v=F2bo2lwTUS4
oVA0hJJPqhc,1/2 WW - 65 kg: N. RUIKE (JPN) v. B. ZORIGT (MGL),2019-04-26,6:55,試合,シニア(または不明),アジア選手権,2019,タイトルにJPN/Japan・選手名の一致,高,類家 直美(Naomi RUIKE),Women's Wrestling - 2019 Senior Asian C'ships - Xi'an,https://www.youtube.com/watch?v=oVA0hJJPqhc
nrFFRNylMS0,BRONZE WW - 57 kg: T. NGUYEN (VIE) v. K. ICHO (JPN),2019-04-26,4:13,試合,シニア(または不明),アジア選手権,2019,タイトルにJPN/Japan,高,照合なし,Women's Wrestling - 2019 Senior Asian C'ships - Xi'an,https://www.youtube.com/watch?v=nrFFRNylMS0
p1kw0LpvAPo,1/2 WW - 72 kg: Y. KAGAMI (JPN) v. Z. BAKBERGENOVA (KAZ),2019-04-26,8:41,試合,シニア(または不明),アジア選手権,2019,タイトルにJPN/Japan・選手名の一致,高,鏡 優翔(Yuka KAGAMI),Women's Wrestling - 2019 Senior Asian C'ships - Xi'an,https://www.youtube.com/watch?v=p1kw0LpvAPo
-HOL3vt1kKQ,1/2 WW - 57 kg: M. JONG (PRK) v. K. ICHO (JPN),2019-04-26,9:10,試合,シニア(または不明),アジア選手権,2019,タイトルにJPN/Japan,高,照合なし,Women's Wrestling - 2019 Senior Asian C'ships - Xi'an,https://www.youtube.com/watch?v=-HOL3vt1kKQ
WX80kbFKs3I,1/4 WW - 72 kg: J. WANG (CHN) v. Y. KAGAMI (JPN),2019-04-26,9:00,試合,シニア(または不明),アジア選手権,2019,タイトルにJPN/Japan・選手名の一致,高,鏡 優翔(Yuka KAGAMI),Women's Wrestling - 2019 Senior Asian C'ships - Xi'an,https://www.youtube.com/watch?v=WX80kbFKs3I
BlXn3fjrvi8,1/4 WW - 57 kg: K. ICHO (JPN) v. J. UM (KOR),2019-04-26,7:36,試合,シニア(または不明),アジア選手権,2019,タイトルにJPN/Japan,高,照合なし,Women's Wrestling - 2019 Senior Asian C'ships - Xi'an,https://www.youtube.com/watch?v=BlXn3fjrvi8
j_o69yg7zXY,Kaori ICHO (JPN) df. Jieun UM (KOR,2019-04-26,0:57,試合,シニア(または不明),アジア選手権,2019,タイトルにJPN/Japan,高,照合なし,News + Highlights - 2019 Senior Asian Championships,https://www.youtube.com/watch?v=j_o69yg7zXY
v_xwsIgvdI0,Yongmi PAK (PRK) df.  Mayu MUKAIDA (JPN),2019-04-26,0:57,試合,シニア(または不明),アジア選手権,2019,タイトルにJPN/Japan,高,照合なし,News + Highlights - 2019 Senior Asian Championships,https://www.youtube.com/watch?v=v_xwsIgvdI0
TU8m7QtEY5A,Xiaojuan LUO (CHN) df. Naomi RUIKE (JPN),2019-04-26,0:48,試合,シニア(または不明),アジア選手権,2019,タイトルにJPN/Japan・選手名の一致,高,類家 直美(Naomi RUIKE),News + Highlights - 2019 Senior Asian Championships,https://www.youtube.com/watch?v=TU8m7QtEY5A
WkkIyEDUPZw,Yuka KAGAMI (JPN) df. Seoyeon JEONG (KOR),2019-04-26,0:34,試合,シニア(または不明),アジア選手権,2019,タイトルにJPN/Japan・選手名の一致,高,鏡 優翔(Yuka KAGAMI),News + Highlights - 2019 Senior Asian Championships,https://www.youtube.com/watch?v=WkkIyEDUPZw
QIDp7cLlGLE,GOLD WW - 55 kg: M. XIE (CHN) v. S. IGARASHI (JPN),2019-04-25,7:04,試合,シニア(または不明),アジア選手権,2019,タイトルにJPN/Japan,高,照合なし,Women's Wrestling - 2019 Senior Asian C'ships - Xi'an,https://www.youtube.com/watch?v=QIDp7cLlGLE
kdpFiHliWck,GOLD WW - 50 kg: Y. IRIE (JPN) v. Y. SUN (CHN),2019-04-25,8:30,試合,シニア(または不明),アジア選手権,2019,タイトルにJPN/Japan,高,照合なし,Women's Wrestling - 2019 Senior Asian C'ships - Xi'an,https://www.youtube.com/watch?v=kdpFiHliWck
BgQcRQ8nuXQ,1/2 WW - 76 kg: A. MEDET KYZY (KGZ) v. H. MINAGAWA SUZ (JPN),2019-04-25,0:54,試合,シニア(または不明),アジア選手権,2019,タイトルにJPN/Japan,高,照合なし,Women's Wrestling - 2019 Senior Asian C'ships - Xi'an,https://www.youtube.com/watch?v=BgQcRQ8nuXQ
q-uDT1yIWVU,1/4 WW - 50 kg: M. HSIEH (TPE) v. Y. IRIE (JPN),2019-04-25,1:46,試合,シニア(または不明),アジア選手権,2019,タイトルにJPN/Japan,高,照合なし,Women's Wrestling - 2019 Senior Asian C'ships - Xi'an,https://www.youtube.com/watch?v=q-uDT1yIWVU
QA6SWVPAVqY,1/4 WW - 55 kg: S. IGARASHI (JPN) v. S. DJULLIBAEVA (UZB),2019-04-25,7:39,試合,シニア(または不明),アジア選手権,2019,タイトルにJPN/Japan,高,照合なし,Women's Wrestling - 2019 Senior Asian C'ships - Xi'an,https://www.youtube.com/watch?v=QA6SWVPAVqY
GzTiJWdzkwY,1/2 WW - 55 kg: S. IGARASHI (JPN) v. D. BOLORMAA (MGL),2019-04-25,7:58,試合,シニア(または不明),アジア選手権,2019,タイトルにJPN/Japan,高,照合なし,Women's Wrestling - 2019 Senior Asian C'ships - Xi'an,https://www.youtube.com/watch?v=GzTiJWdzkwY
6jqR03Isl5A,1/4 WW - 76 kg: S. ELLIEVA (UZB) v. H. MINAGAWA SUZ (JPN),2019-04-25,3:08,試合,シニア(または不明),アジア選手権,2019,タイトルにJPN/Japan,高,照合なし,Women's Wrestling - 2019 Senior Asian C'ships - Xi'an,https://www.youtube.com/watch?v=6jqR03Isl5A
TB9z5AeukP4,1/2 WW - 50 kg: V. ISLAMOVA BRI (KAZ) v. Y. IRIE (JPN),2019-04-25,6:31,試合,シニア(または不明),アジア選手権,2019,タイトルにJPN/Japan,高,照合なし,Women's Wrestling - 2019 Senior Asian C'ships - Xi'an,https://www.youtube.com/watch?v=TB9z5AeukP4
vp5kMwVd-Gg,Qual. WW - 76 kg: H. MINAGAWA SUZ (JPN) v. E. HWANG (KOR),2019-04-25,2:24,試合,シニア(または不明),アジア選手権,2019,タイトルにJPN/Japan,高,照合なし,Women's Wrestling - 2019 Senior Asian C'ships - Xi'an,https://www.youtube.com/watch?v=vp5kMwVd-Gg
p496eRkQyYA,GOLD WW - 59 kg: B. ALTANTSETSEG (MGL) v. Y. INAGAKI (JPN),2019-04-25,8:06,試合,シニア(または不明),アジア選手権,2019,タイトルにJPN/Japan・選手名の一致,高,稲垣 柚香(Yuzuka INAGAKI),Women's Wrestling - 2019 Senior Asian C'ships - Xi'an,https://www.youtube.com/watch?v=p496eRkQyYA
rsvKU_peFLI,Qual. WW - 68 kg: I. KAZYULINA (KAZ) v. S. DOSHO (JPN),2019-04-25,6:43,試合,シニア(または不明),アジア選手権,2019,タイトルにJPN/Japan,高,照合なし,Women's Wrestling - 2019 Senior Asian C'ships - Xi'an,https://www.youtube.com/watch?v=rsvKU_peFLI
FL5t6RDe_nc,Qual. WW - 50 kg: S. SEEMA (IND) v. Y. IRIE (JPN),2019-04-25,5:57,試合,シニア(または不明),アジア選手権,2019,タイトルにJPN/Japan,高,照合なし,Women's Wrestling - 2019 Senior Asian C'ships - Xi'an,https://www.youtube.com/watch?v=FL5t6RDe_nc
1O4gHBRB_uE,GOLD WW - 68 kg: F. ZHOU (CHN) v. S. DOSHO (JPN),2019-04-25,9:12,試合,シニア(または不明),アジア選手権,2019,タイトルにJPN/Japan,高,照合なし,Women's Wrestling - 2019 Senior Asian C'ships - Xi'an,https://www.youtube.com/watch?v=1O4gHBRB_uE
kVXpuZQwNh4,GOLD WW - 76 kg: P. PALIHA (CHN) v. H. MINAGAWA SUZ (JPN),2019-04-25,8:54,試合,シニア(または不明),アジア選手権,2019,タイトルにJPN/Japan,高,照合なし,Women's Wrestling - 2019 Senior Asian C'ships - Xi'an,https://www.youtube.com/watch?v=kVXpuZQwNh4
9DN0m7OVSGI,BRONZE FS - 92 kg: A. MATSUMOTO (JPN) v. A. SOLIEV (UZB),2019-04-25,10:52,試合,シニア(または不明),アジア選手権,2019,タイトルにJPN/Japan・選手名の一致,高,松本 彬夢(Ayumu MATSUMOTO),Freestyle Wrestling - 2019 Senior Asian C'ships - Xi'an,https://www.youtube.com/watch?v=9DN0m7OVSGI
F7H8UI-NPwY,Sara DOSHO (JPN) df. Irina KAZYULINA (KAZ),2019-04-25,0:24,試合,シニア(または不明),アジア選手権,2019,タイトルにJPN/Japan,高,照合なし,News + Highlights - 2019 Senior Asian Championships,https://www.youtube.com/watch?v=F7H8UI-NPwY
yCeFrfLCtw4,1/4 FS - 79 kg: Y. ABE (JPN) v. P. RANA (IND),2019-04-24,8:21,試合,シニア(または不明),アジア選手権,2019,タイトルにJPN/Japan,高,照合なし,Freestyle Wrestling - 2019 Senior Asian C'ships - Xi'an,https://www.youtube.com/watch?v=yCeFrfLCtw4
Uil3FxDS04U,BRONZE FS - 79 kg: Y. ABE (JPN) v. G. USSERBAYEV (KAZ),2019-04-24,8:04,試合,シニア(または不明),アジア選手権,2019,タイトルにJPN/Japan,高,照合なし,Freestyle Wrestling - 2019 Senior Asian C'ships - Xi'an,https://www.youtube.com/watch?v=Uil3FxDS04U
EAYTXkH4xvA,GOLD FS - 70 kg: K. SHIGA (JPN) v. N. KAIPANOV (KAZ),2019-04-24,10:12,試合,シニア(または不明),アジア選手権,2019,タイトルにJPN/Japan・選手名の一致,高,志賀 晃次郎(Kojiro SHIGA),Freestyle Wrestling - 2019 Senior Asian C'ships - Xi'an,https://www.youtube.com/watch?v=EAYTXkH4xvA
L_M4k9hOmJU,BRONZE FS - 57 kg: K. RAVI (IND) v. Y. TAKAHASHI (JPN),2019-04-24,8:52,試合,シニア(または不明),アジア選手権,2019,タイトルにJPN/Japan・選手名の一致,高,照合なし(同じローマ字が2人以上),Freestyle Wrestling - 2019 Senior Asian C'ships - Xi'an,https://www.youtube.com/watch?v=L_M4k9hOmJU
pGQNtXxEWFE,Qual. FS - 92 kg: A. MATSUMOTO (JPN) v. C. SUE (KOR),2019-04-24,8:54,試合,シニア(または不明),アジア選手権,2019,タイトルにJPN/Japan・選手名の一致,高,松本 彬夢(Ayumu MATSUMOTO),Freestyle Wrestling - 2019 Senior Asian C'ships - Xi'an,https://www.youtube.com/watch?v=pGQNtXxEWFE
o1m_-Y2prr8,1/4 FS - 61 kg: U. ZHOLDOSHBEKO (KGZ) v. Y. FUJITA (JPN),2019-04-24,8:30,試合,シニア(または不明),アジア選手権,2019,タイトルにJPN/Japan・選手名の一致,高,藤田 祐輔(Yusuke FUJITA),Freestyle Wrestling - 2019 Senior Asian C'ships - Xi'an,https://www.youtube.com/watch?v=o1m_-Y2prr8
RntnGrn0rZI,1/2 FS - 61 kg: M. LIU (CHN) v. Y. FUJITA (JPN),2019-04-24,8:35,試合,シニア(または不明),アジア選手権,2019,タイトルにJPN/Japan・選手名の一致,高,藤田 祐輔(Yusuke FUJITA),Freestyle Wrestling - 2019 Senior Asian C'ships - Xi'an,https://www.youtube.com/watch?v=RntnGrn0rZI
Ax9bi_GotL4,1/2 FS - 70 kg: K. SHIGA (JPN) v. S. YUAN (CHN),2019-04-24,10:37,試合,シニア(または不明),アジア選手権,2019,タイトルにJPN/Japan・選手名の一致,高,志賀 晃次郎(Kojiro SHIGA),Freestyle Wrestling - 2019 Senior Asian C'ships - Xi'an,https://www.youtube.com/watch?v=Ax9bi_GotL4
04tNHJ1vAr4,1/4 FS - 86 kg: T. MURAYAMA (JPN) v. A. GAMIDGADZHIE (KGZ),2019-04-24,8:48,試合,シニア(または不明),アジア選手権,2019,タイトルにJPN/Japan・選手名の一致,高,村山 貴裕(Takahiro MURAYAMA),Freestyle Wrestling - 2019 Senior Asian C'ships - Xi'an,https://www.youtube.com/watch?v=04tNHJ1vAr4
Fble8GHfT4s,Qual. FS - 74 kg: Y. LUO (CHN) v. Y. FUJINAMI (JPN),2019-04-24,8:49,試合,シニア(または不明),アジア選手権,2019,タイトルにJPN/Japan,高,照合なし,Freestyle Wrestling - 2019 Senior Asian C'ships - Xi'an,https://www.youtube.com/watch?v=Fble8GHfT4s
I7KJBhQ8nB0,1/4 FS - 57 kg: S. KIM (KOR) v. Y. TAKAHASHI (JPN),2019-04-24,7:45,試合,シニア(または不明),アジア選手権,2019,タイトルにJPN/Japan・選手名の一致,高,照合なし(同じローマ字が2人以上),Freestyle Wrestling - 2019 Senior Asian C'ships - Xi'an,https://www.youtube.com/watch?v=I7KJBhQ8nB0
6s3hz18MQjM,Repechage FS - 86 kg: G. GANBAATAR (MGL) v. T. MURAYAMA (JPN),2019-04-24,7:48,試合,シニア(または不明),アジア選手権,2019,タイトルにJPN/Japan・選手名の一致,高,村山 貴裕(Takahiro MURAYAMA),Freestyle Wrestling - 2019 Senior Asian C'ships - Xi'an,https://www.youtube.com/watch?v=6s3hz18MQjM
yWDAFLgiSlo,Repechage FS - 79 kg: T. DENZENSHARAV (MGL) v. Y. ABE (JPN),2019-04-24,4:05,試合,シニア(または不明),アジア選手権,2019,タイトルにJPN/Japan,高,照合なし,Freestyle Wrestling - 2019 Senior Asian C'ships - Xi'an,https://www.youtube.com/watch?v=yWDAFLgiSlo
7gHcD8BTDCo,Qual. FS - 57 kg: Y. TAKAHASHI (JPN) v. W. ZOU (CHN),2019-04-24,10:03,試合,シニア(または不明),アジア選手権,2019,タイトルにJPN/Japan・選手名の一致,高,照合なし(同じローマ字が2人以上),Freestyle Wrestling - 2019 Senior Asian C'ships - Xi'an,https://www.youtube.com/watch?v=7gHcD8BTDCo
7ZxbkRNzyVE,Repechage FS - 92 kg: C. KERIMKULOV (KGZ) v. A. MATSUMOTO (JPN),2019-04-24,6:08,試合,シニア(または不明),アジア選手権,2019,タイトルにJPN/Japan・選手名の一致,高,松本 彬夢(Ayumu MATSUMOTO),Freestyle Wrestling - 2019 Senior Asian C'ships - Xi'an,https://www.youtube.com/watch?v=7ZxbkRNzyVE
mtsuqHufwyA,1/4 FS - 125 kg: F. ANAKULOV (TJK) v. N. ARAKIDA (JPN),2019-04-24,9:05,試合,シニア(または不明),アジア選手権,2019,タイトルにJPN/Japan,高,照合なし,Freestyle Wrestling - 2019 Senior Asian C'ships - Xi'an,https://www.youtube.com/watch?v=mtsuqHufwyA
wxbhR2Yhzyw,1/4 FS - 92 kg: A. KARIMIMACHIA (IRI) v. A. MATSUMOTO (JPN),2019-04-24,1:32,試合,シニア(または不明),アジア選手権,2019,タイトルにJPN/Japan・選手名の一致,高,松本 彬夢(Ayumu MATSUMOTO),Freestyle Wrestling - 2019 Senior Asian C'ships - Xi'an,https://www.youtube.com/watch?v=wxbhR2Yhzyw
1eOlClkx1kE,BRONZE FS - 57 kg: K. RAVI (IND) v. Y. TAKAHASHI (JPN),2019-04-24,7:41,試合,シニア(または不明),アジア選手権,2019,タイトルにJPN/Japan・選手名の一致,高,照合なし(同じローマ字が2人以上),Freestyle Wrestling - 2019 Senior Asian C'ships - Xi'an,https://www.youtube.com/watch?v=1eOlClkx1kE
mm7iRWE8pDs,Qual. FS - 86 kg: T. MURAYAMA (JPN) v. S. WARNAKULASUR (SRI),2019-04-24,3:04,試合,シニア(または不明),アジア選手権,2019,タイトルにJPN/Japan・選手名の一致,高,村山 貴裕(Takahiro MURAYAMA),Freestyle Wrestling - 2019 Senior Asian C'ships - Xi'an,https://www.youtube.com/watch?v=mm7iRWE8pDs
hO_sNJV-z1E,1/2 FS - 57 kg: Y. TAKAHASHI (JPN) v. K. KANG (PRK),2019-04-24,8:34,試合,シニア(または不明),アジア選手権,2019,タイトルにJPN/Japan・選手名の一致,高,照合なし(同じローマ字が2人以上),Freestyle Wrestling - 2019 Senior Asian C'ships - Xi'an,https://www.youtube.com/watch?v=hO_sNJV-z1E
xIY93xigJBs,1/8 FS - 65 kg: T. TUMUR OCHIR (MGL) v. K. SHIMIZU (JPN),2019-04-24,11:42,試合,シニア(または不明),アジア選手権,2019,タイトルにJPN/Japan・選手名の一致,高,清水 賢亮(Kensuke SHIMIZU),Freestyle Wrestling - 2019 Senior Asian C'ships - Xi'an,https://www.youtube.com/watch?v=xIY93xigJBs
QeVp7bvWktU,1/4 FS - 65 kg: S. KHASANOV (UZB) v. K. SHIMIZU (JPN),2019-04-24,7:47,試合,シニア(または不明),アジア選手権,2019,タイトルにJPN/Japan・選手名の一致,高,清水 賢亮(Kensuke SHIMIZU),Freestyle Wrestling - 2019 Senior Asian C'ships - Xi'an,https://www.youtube.com/watch?v=QeVp7bvWktU
PHMNQmPRAsE,Qual. FS - 79 kg: Y. ABE (JPN) v. S. SAPARMYRADOV (TKM),2019-04-24,7:48,試合,シニア(または不明),アジア選手権,2019,タイトルにJPN/Japan,高,照合なし,Freestyle Wrestling - 2019 Senior Asian C'ships - Xi'an,https://www.youtube.com/watch?v=PHMNQmPRAsE
tfPaxXiPBPY,Qual. FS - 97 kg: N. AKAGUMA (JPN) v. M. MUSAEV (KGZ),2019-04-24,5:38,試合,シニア(または不明),アジア選手権,2019,タイトルにJPN/Japan,高,照合なし,Freestyle Wrestling - 2019 Senior Asian C'ships - Xi'an,https://www.youtube.com/watch?v=tfPaxXiPBPY
JFT2NRQbdew,1/8 FS - 70 kg: A. A. IBRAHIM (QAT) v. K. SHIGA (JPN),2019-04-24,2:23,試合,シニア(または不明),アジア選手権,2019,タイトルにJPN/Japan・選手名の一致,高,志賀 晃次郎(Kojiro SHIGA),Freestyle Wrestling - 2019 Senior Asian C'ships - Xi'an,https://www.youtube.com/watch?v=JFT2NRQbdew
6vk9v5wUSug,1/4 FS - 70 kg: H. LOU (SGP) v. K. SHIGA (JPN),2019-04-24,1:05,試合,シニア(または不明),アジア選手権,2019,タイトルにJPN/Japan・選手名の一致,高,志賀 晃次郎(Kojiro SHIGA),Freestyle Wrestling - 2019 Senior Asian C'ships - Xi'an,https://www.youtube.com/watch?v=6vk9v5wUSug
xaaxmI1eHdQ,BRONZE FS - 61 kg: D. SHARIFOV (TJK) v. Y. FUJITA (JPN),2019-04-24,8:50,試合,シニア(または不明),アジア選手権,2019,タイトルにJPN/Japan・選手名の一致,高,藤田 祐輔(Yusuke FUJITA),Freestyle Wrestling - 2019 Senior Asian C'ships - Xi'an,https://www.youtube.com/watch?v=xaaxmI1eHdQ
z9QQgJmsceQ,Aligadzhi GAMIDGADZHIEV (KGZ) df. Takahiro MURAYAMA (JPN),2019-04-24,0:59,試合,シニア(または不明),アジア選手権,2019,タイトルにJPN/Japan・選手名の一致,高,村山 貴裕(Takahiro MURAYAMA),News + Highlights - 2019 Senior Asian Championships,https://www.youtube.com/watch?v=z9QQgJmsceQ
bh96CkOjwJc,"75 kg - Adeline GRAY (USA) df. Hiroe SUZUKI (JPN), 4-1",2019-04-20,6:57,試合,シニア(または不明),,2019,タイトルにJPN/Japan,高,照合なし,Women's Wrestling | 2019 Senior Pan-American C'ships | Buenos Aires,https://www.youtube.com/watch?v=bh96CkOjwJc
YEF0sGIisgA,Helen Maroulis (USA) df. S. YOSHIDA (JPN) | FW 53 kg | GOLD,2019-03-22,9:10,試合,シニア(または不明),,2019,タイトルにJPN/Japan,高,照合なし,Best of Helen Louise MAROULIS,https://www.youtube.com/watch?v=YEF0sGIisgA
pLoWY581Yxc,"1/4 FS - 57 kg: R. HIGUCHI (JPN) df. Y. BONNE RODRIG (CUB), 8-4",2019-03-22,9:03,試合,シニア(または不明),,2019,タイトルにJPN/Japan・選手名の一致,高,樋口 黎(Rei HIGUCHI),Best of Rei HIGUCHI,https://www.youtube.com/watch?v=pLoWY581Yxc
4Whnh9Vzg_w,"GOLD FW - 48 kg: E. TOSAKA (JPN) df. M. STADNIK (AZE), 3-2",2019-03-22,8:57,試合,シニア(または不明),,2019,タイトルにJPN/Japan,高,照合なし,Best of Mariya STADNIK,https://www.youtube.com/watch?v=4Whnh9Vzg_w
llWC4Y1YmwA,BRONZE FS - 65 kg: D. TAKATANI (JPN) v. Z. RETHERFORD (USA),2019-03-18,3:46,試合,シニア(または不明),ワールドカップ,2019,タイトルにJPN/Japan・選手名の一致,高,高谷 大地(Daichi TAKATANI),Best of Daichi TAKATANI / 3rd-4th: Japan VS USA - Freestyle World Cup | Yakutsk 2019,https://www.youtube.com/watch?v=llWC4Y1YmwA
Xwy1UOPz-zs,BRONZE FS - 61 kg: Y. FUJITA (JPN) v. N. MEGALUDIS (USA),2019-03-18,8:09,試合,シニア(または不明),ワールドカップ,2019,タイトルにJPN/Japan・選手名の一致,高,藤田 祐輔(Yusuke FUJITA),3rd-4th: Japan VS USA - Freestyle World Cup | Yakutsk 2019,https://www.youtube.com/watch?v=Xwy1UOPz-zs
6a_o46rGWQY,BRONZE FS - 70 kg: K. SHIGA (JPN) v. J. CHAMBERLAIN (USA),2019-03-18,11:09,試合,シニア(または不明),ワールドカップ,2019,タイトルにJPN/Japan・選手名の一致,高,志賀 晃次郎(Kojiro SHIGA),3rd-4th: Japan VS USA - Freestyle World Cup | Yakutsk 2019,https://www.youtube.com/watch?v=6a_o46rGWQY
AzAUHrlO4OU,BRONZE FS - 74 kg: Y. MIWA (JPN) v. I. MARTINEZ (USA),2019-03-18,10:26,試合,シニア(または不明),ワールドカップ,2019,タイトルにJPN/Japan・選手名の一致,高,三輪 優翔(Yuto MIWA),3rd-4th: Japan VS USA - Freestyle World Cup | Yakutsk 2019,https://www.youtube.com/watch?v=AzAUHrlO4OU
tFV0WRGZPec,BRONZE FS - 79 kg: Y. ABE (JPN) v. T. GANTT JR (USA),2019-03-18,7:41,試合,シニア(または不明),ワールドカップ,2019,タイトルにJPN/Japan,高,照合なし,3rd-4th: Japan VS USA - Freestyle World Cup | Yakutsk 2019,https://www.youtube.com/watch?v=tFV0WRGZPec
mNcgMHzERV4,BRONZE FS - 86 kg: S. TAKATANI (JPN) v. S. BROOKS (USA),2019-03-18,12:54,試合,シニア(または不明),ワールドカップ,2019,タイトルにJPN/Japan・選手名の一致,高,高谷 惣亮(Sosuke TAKATANI),3rd-4th: Japan VS USA - Freestyle World Cup | Yakutsk 2019,https://www.youtube.com/watch?v=mNcgMHzERV4
v_gBPS_p1Zo,BRONZE FS - 92 kg: A. MATSUMOTO (JPN) v. H. ZILLMER (USA),2019-03-18,6:15,試合,シニア(または不明),ワールドカップ,2019,タイトルにJPN/Japan・選手名の一致,高,松本 彬夢(Ayumu MATSUMOTO),3rd-4th: Japan VS USA - Freestyle World Cup | Yakutsk 2019,https://www.youtube.com/watch?v=v_gBPS_p1Zo
FsdFTaA9eiE,BRONZE FS - 97 kg: N. AKAGUMA (JPN) v. K. GADSON (USA),2019-03-18,8:11,試合,シニア(または不明),ワールドカップ,2019,タイトルにJPN/Japan,高,照合なし,3rd-4th: Japan VS USA - Freestyle World Cup | Yakutsk 2019,https://www.youtube.com/watch?v=FsdFTaA9eiE
JBYQnYQDCxo,BRONZE FS - 125 kg: N. ARAKIDA (JPN) v. A. NELSON (USA),2019-03-18,8:08,試合,シニア(または不明),ワールドカップ,2019,タイトルにJPN/Japan,高,照合なし,3rd-4th: Japan VS USA - Freestyle World Cup | Yakutsk 2019,https://www.youtube.com/watch?v=JBYQnYQDCxo
Dt_doY1fkxw,Round 3 FS - 92 kg: L. HERNANDEZ LU (CUB) v. A. MATSUMOTO (JPN),2019-03-18,12:17,試合,シニア(または不明),ワールドカップ,2019,タイトルにJPN/Japan・選手名の一致,高,松本 彬夢(Ayumu MATSUMOTO),Matches GROUP A - Freestyle World Cup | Yakutsk 2019,https://www.youtube.com/watch?v=Dt_doY1fkxw
j9ILnT0sthY,Round 3 FS - 86 kg: Y. TORREBLANCA  (CUB) v. S. TAKATANI (JPN),2019-03-18,9:24,試合,シニア(または不明),ワールドカップ,2019,タイトルにJPN/Japan・選手名の一致,高,高谷 惣亮(Sosuke TAKATANI),Matches GROUP A - Freestyle World Cup | Yakutsk 2019,https://www.youtube.com/watch?v=j9ILnT0sthY
R3m6eFnT2cA,Round 3 FS - 61 kg: Y. BONNE RODRIG (CUB) v. Y. FUJITA (JPN),2019-03-18,7:44,試合,シニア(または不明),ワールドカップ,2019,タイトルにJPN/Japan・選手名の一致,高,藤田 祐輔(Yusuke FUJITA),Matches GROUP A - Freestyle World Cup | Yakutsk 2019,https://www.youtube.com/watch?v=R3m6eFnT2cA
9oK9uBXgqoo,Round 3 FS - 57 kg: R. ANDREU ORTEG (CUB) v. Y. TAKAHASHI (JPN),2019-03-18,8:01,試合,シニア(または不明),ワールドカップ,2019,タイトルにJPN/Japan・選手名の一致,高,照合なし(同じローマ字が2人以上),Matches GROUP A - Freestyle World Cup | Yakutsk 2019,https://www.youtube.com/watch?v=9oK9uBXgqoo
qjZjUz3EkGo,Round 3 FS - 125 kg: O. PINO HINDS (CUB) v. K. KANAZAWA (JPN),2019-03-18,5:06,試合,シニア(または不明),ワールドカップ,2019,タイトルにJPN/Japan・選手名の一致,高,金澤 孝羽(Kohaku KANAZAWA),Matches GROUP A - Freestyle World Cup | Yakutsk 2019,https://www.youtube.com/watch?v=qjZjUz3EkGo
ZNdTZ6XjJqc,Round 3 FS - 79 kg: R. PEREZ ABREU (CUB) v. Y. ABE (JPN),2019-03-18,5:42,試合,シニア(または不明),ワールドカップ,2019,タイトルにJPN/Japan,高,照合なし,Matches GROUP A - Freestyle World Cup | Yakutsk 2019,https://www.youtube.com/watch?v=ZNdTZ6XjJqc
ywroCA0Wvak,Round 3 FS - 70 kg: F. MAREN CASTIL (CUB) v. K. SHIGA (JPN),2019-03-18,8:17,試合,シニア(または不明),ワールドカップ,2019,タイトルにJPN/Japan・選手名の一致,高,志賀 晃次郎(Kojiro SHIGA),Matches GROUP A - Freestyle World Cup | Yakutsk 2019,https://www.youtube.com/watch?v=ywroCA0Wvak
hi8DPVxjJsY,Round 3 FS - 97 kg: R. SALAS PEREZ (CUB) v. N. AKAGUMA (JPN),2019-03-18,8:51,試合,シニア(または不明),ワールドカップ,2019,タイトルにJPN/Japan,高,照合なし,Matches GROUP A - Freestyle World Cup | Yakutsk 2019,https://www.youtube.com/watch?v=hi8DPVxjJsY
0nw6QXd7Wp4,Round 3 FS - 74 kg: C. COLOMBAT RIV (CUB) v. Y. MIWA (JPN),2019-03-18,6:20,試合,シニア(または不明),ワールドカップ,2019,タイトルにJPN/Japan・選手名の一致,高,三輪 優翔(Yuto MIWA),Matches GROUP A - Freestyle World Cup | Yakutsk 2019,https://www.youtube.com/watch?v=0nw6QXd7Wp4
iJu9CzfnDYk,Zain Allen RETHERFORD (USA) df. Daichi TAKATANI (JPN) 10-0,2019-03-17,0:29,試合,シニア(または不明),ワールドカップ,2019,タイトルにJPN/Japan・選手名の一致,高,高谷 大地(Daichi TAKATANI),Best of Daichi TAKATANI / News + Highlights | 2019 Freestyle World Cup,https://www.youtube.com/watch?v=iJu9CzfnDYk
U6n6asRzsSI,Round 2 FS - 65 kg: G. RASHIDOV (RUS) v. D. TAKATANI (JPN),2019-03-16,4:47,試合,シニア(または不明),ワールドカップ,2019,タイトルにJPN/Japan・選手名の一致,高,高谷 大地(Daichi TAKATANI),Best of Daichi TAKATANI / Matches GROUP A - Freestyle World Cup | Yakutsk 2019,https://www.youtube.com/watch?v=U6n6asRzsSI
da41ilnbYF4,Gadzhimurad RASHIDOV (RUS) df. Daichi TAKATANI (JPN) 10-0,2019-03-16,0:28,試合,シニア(または不明),ワールドカップ,2019,タイトルにJPN/Japan・選手名の一致,高,高谷 大地(Daichi TAKATANI),Best of Daichi TAKATANI / News + Highlights | 2019 Freestyle World Cup,https://www.youtube.com/watch?v=da41ilnbYF4
QzXn2UBOQME,Round 1 FS - 57 kg: Y. TAKAHASHI (JPN) v. A. KARABOGA (TUR),2019-03-16,2:56,試合,シニア(または不明),ワールドカップ,2019,タイトルにJPN/Japan・選手名の一致,高,照合なし(同じローマ字が2人以上),Matches GROUP A - Freestyle World Cup | Yakutsk 2019,https://www.youtube.com/watch?v=QzXn2UBOQME
FSvXYa_FZI8,Round 1 FS - 61 kg: Y. FUJITA (JPN) v. M. AKTAS (TUR),2019-03-16,7:53,試合,シニア(または不明),ワールドカップ,2019,タイトルにJPN/Japan・選手名の一致,高,藤田 祐輔(Yusuke FUJITA),Matches GROUP A - Freestyle World Cup | Yakutsk 2019,https://www.youtube.com/watch?v=FSvXYa_FZI8
BtXnC5UuVsI,Round 1 FS - 70 kg: K. SHIGA (JPN) v. S. ARSLAN (TUR),2019-03-16,9:32,試合,シニア(または不明),ワールドカップ,2019,タイトルにJPN/Japan・選手名の一致,高,志賀 晃次郎(Kojiro SHIGA),Matches GROUP A - Freestyle World Cup | Yakutsk 2019,https://www.youtube.com/watch?v=BtXnC5UuVsI
2_qIGZtAQmM,Round 1 FS - 74 kg: Y. MIWA (JPN) v. N. KARA (TUR),2019-03-16,10:15,試合,シニア(または不明),ワールドカップ,2019,タイトルにJPN/Japan・選手名の一致,高,三輪 優翔(Yuto MIWA),Matches GROUP A - Freestyle World Cup | Yakutsk 2019,https://www.youtube.com/watch?v=2_qIGZtAQmM
WHnQ3CWGkDM,Round 1 FS - 79 kg: Y. ABE (JPN) v. A. OZMEN (TUR),2019-03-16,7:29,試合,シニア(または不明),ワールドカップ,2019,タイトルにJPN/Japan,高,照合なし,Matches GROUP A - Freestyle World Cup | Yakutsk 2019,https://www.youtube.com/watch?v=WHnQ3CWGkDM
irVyL3AwjP0,Round 1 FS - 86 kg: S. TAKATANI (JPN) v. F. ERDIN (TUR),2019-03-16,1:52,試合,シニア(または不明),ワールドカップ,2019,タイトルにJPN/Japan・選手名の一致,高,高谷 惣亮(Sosuke TAKATANI),Matches GROUP A - Freestyle World Cup | Yakutsk 2019,https://www.youtube.com/watch?v=irVyL3AwjP0
dY9-YkfP33U,Round 1 FS - 92 kg: A. MATSUMOTO (JPN) v. S. KARADENIZ (TUR),2019-03-16,8:17,試合,シニア(または不明),ワールドカップ,2019,タイトルにJPN/Japan・選手名の一致,高,松本 彬夢(Ayumu MATSUMOTO),Matches GROUP A - Freestyle World Cup | Yakutsk 2019,https://www.youtube.com/watch?v=dY9-YkfP33U
dznpAGdbrto,Round 1 FS - 97 kg: N. AKAGUMA (JPN) v. A. BONCEOGLU (TUR),2019-03-16,7:47,試合,シニア(または不明),ワールドカップ,2019,タイトルにJPN/Japan,高,照合なし,Matches GROUP A - Freestyle World Cup | Yakutsk 2019,https://www.youtube.com/watch?v=dznpAGdbrto
N6QfAUNTEmk,Round 1 FS - 125 kg: N. ARAKIDA (JPN) v. A. OMAC (TUR),2019-03-16,7:40,試合,シニア(または不明),ワールドカップ,2019,タイトルにJPN/Japan,高,照合なし,Matches GROUP A - Freestyle World Cup | Yakutsk 2019,https://www.youtube.com/watch?v=N6QfAUNTEmk
Le5EATivOeQ,Round 2 FS - 57 kg: M. SADULAEV (RUS) v. Y. TAKAHASHI (JPN),2019-03-16,8:03,試合,シニア(または不明),ワールドカップ,2019,タイトルにJPN/Japan・選手名の一致,高,照合なし(同じローマ字が2人以上),Matches GROUP A - Freestyle World Cup | Yakutsk 2019,https://www.youtube.com/watch?v=Le5EATivOeQ
63xvsnUa6gk,Round 2 FS - 61 kg: Z. ABAKAROV (RUS) v. Y. FUJITA (JPN),2019-03-16,7:42,試合,シニア(または不明),ワールドカップ,2019,タイトルにJPN/Japan・選手名の一致,高,藤田 祐輔(Yusuke FUJITA),Matches GROUP A - Freestyle World Cup | Yakutsk 2019,https://www.youtube.com/watch?v=63xvsnUa6gk
oJmXoEgdCdE,Round 2 FS - 74 kg: T. BIZHOEV (RUS) v. Y. MIWA (JPN),2019-03-16,6:18,試合,シニア(または不明),ワールドカップ,2019,タイトルにJPN/Japan・選手名の一致,高,三輪 優翔(Yuto MIWA),Matches GROUP A - Freestyle World Cup | Yakutsk 2019,https://www.youtube.com/watch?v=oJmXoEgdCdE
yT_CDUefUoo,Round 2 FS - 79 kg: M. RAMAZANOV (RUS) v. Y. ABE (JPN),2019-03-16,2:47,試合,シニア(または不明),ワールドカップ,2019,タイトルにJPN/Japan,高,照合なし,Matches GROUP A - Freestyle World Cup | Yakutsk 2019,https://www.youtube.com/watch?v=yT_CDUefUoo
7yvu_DmrTAc,Round 2 FS - 86 kg: V. VALIEV (RUS) v. S. TAKATANI (JPN),2019-03-16,9:26,試合,シニア(または不明),ワールドカップ,2019,タイトルにJPN/Japan・選手名の一致,高,高谷 惣亮(Sosuke TAKATANI),Matches GROUP A - Freestyle World Cup | Yakutsk 2019,https://www.youtube.com/watch?v=7yvu_DmrTAc
M9id2zNdU2g,Round 2 FS - 97 kg: V. BAITCAEV (RUS) v. N. AKAGUMA (JPN),2019-03-16,8:09,試合,シニア(または不明),ワールドカップ,2019,タイトルにJPN/Japan,高,照合なし,Matches GROUP A - Freestyle World Cup | Yakutsk 2019,https://www.youtube.com/watch?v=M9id2zNdU2g
VO8ot5UuYF0,Round 2 FS - 70 kg: A. ZAKUEV (RUS) v. K. SHIGA (JPN),2019-03-16,6:09,試合,シニア(または不明),ワールドカップ,2019,タイトルにJPN/Japan・選手名の一致,高,志賀 晃次郎(Kojiro SHIGA),Matches GROUP A - Freestyle World Cup | Yakutsk 2019,https://www.youtube.com/watch?v=VO8ot5UuYF0
mkVYZbNdczY,Round 2 FS - 92 kg: A. ZHABRAILOV (RUS) v. A. MATSUMOTO (JPN),2019-03-16,5:56,試合,シニア(または不明),ワールドカップ,2019,タイトルにJPN/Japan・選手名の一致,高,松本 彬夢(Ayumu MATSUMOTO),Matches GROUP A - Freestyle World Cup | Yakutsk 2019,https://www.youtube.com/watch?v=mkVYZbNdczY
Vx8lMGwPqek,Round 2 FS - 125 kg: P. KRIVTSOV (RUS) v. K. KANAZAWA (JPN),2019-03-16,5:09,試合,シニア(または不明),ワールドカップ,2019,タイトルにJPN/Japan・選手名の一致,高,金澤 孝羽(Kohaku KANAZAWA),Matches GROUP A - Freestyle World Cup | Yakutsk 2019,https://www.youtube.com/watch?v=Vx8lMGwPqek
7pNCkloAuts,Yuki TAKAHASHI (JPN) df. Ali KARABOGA (TUR) 13-2,2019-03-16,0:38,試合,シニア(または不明),ワールドカップ,2019,タイトルにJPN/Japan,高,照合なし,News + Highlights | 2019 Freestyle World Cup,https://www.youtube.com/watch?v=7pNCkloAuts
vcvXfFiV7NI,1/2 GR - 63 kg: R. BILICI (TUR) v. S. OTA (JPN),2019-03-03,10:07,試合,シニア(または不明),ランキングシリーズ等,2019,タイトルにJPN/Japan・選手名の一致,高,太田 早也香(Sayaka OTA),Greco-Roman Wrestling | 2019 Dan Kolov,https://www.youtube.com/watch?v=vcvXfFiV7NI
5rYvu0spILw,Repechage GR - 67 kg: S. TAKAHASHI (JPN) v. A. KIIANKIN (RUS),2019-03-03,8:14,試合,シニア(または不明),ランキングシリーズ等,2019,タイトルにJPN/Japan・選手名の一致,高,照合なし(同じローマ字が2人以上),Greco-Roman Wrestling | 2019 Dan Kolov,https://www.youtube.com/watch?v=5rYvu0spILw
WdTTcsS_fAo,Repechage GR - 67 kg: S. TAKAHASHI (JPN) v. A. ABDELHAMID (EGY),2019-03-03,8:23,試合,シニア(または不明),ランキングシリーズ等,2019,タイトルにJPN/Japan・選手名の一致,高,照合なし(同じローマ字が2人以上),Greco-Roman Wrestling | 2019 Dan Kolov,https://www.youtube.com/watch?v=WdTTcsS_fAo
Ygu_xG3OqQU,Qual. GR - 130 kg: A. SONODA (JPN) v. A. MOHAMED (EGY),2019-03-02,11:35,試合,シニア(または不明),ランキングシリーズ等,2019,タイトルにJPN/Japan,高,照合なし,Best of Abdellatif Mohamed Ahmed MOHAMED / Greco-Roman Wrestling | 2019 Dan Kolov,https://www.youtube.com/watch?v=Ygu_xG3OqQU
jnCLGgGc2OY,1/8 GR - 77 kg: D. CATARAGA (MDA) v. N. SHOJI (JPN),2019-03-02,2:40,試合,シニア(または不明),ランキングシリーズ等,2019,タイトルにJPN/Japan,高,照合なし,Greco-Roman Wrestling | 2019 Dan Kolov,https://www.youtube.com/watch?v=jnCLGgGc2OY
YYf6BOENkHU,1/8 GR - 77 kg: K. SAKURABA (JPN) v. K. TUGOLBAEV (KGZ),2019-03-02,2:44,試合,シニア(または不明),ランキングシリーズ等,2019,タイトルにJPN/Japan・選手名の一致,高,櫻庭 功大(Kodai SAKURABA),Greco-Roman Wrestling | 2019 Dan Kolov,https://www.youtube.com/watch?v=YYf6BOENkHU
T0vdcDzEgQo,Repechage GR - 130 kg: A. SONODA (JPN) v. L. DEL RIO (ARG),2019-03-02,5:54,試合,シニア(または不明),ランキングシリーズ等,2019,タイトルにJPN/Japan,高,照合なし,Greco-Roman Wrestling | 2019 Dan Kolov,https://www.youtube.com/watch?v=T0vdcDzEgQo
ClRJKWfFUI0,1/8 GR - 67 kg: T. SHIMOYAMADA (JPN) v. K. STAS (BUL),2019-03-02,7:07,試合,シニア(または不明),ランキングシリーズ等,2019,タイトルにJPN/Japan,高,照合なし,Greco-Roman Wrestling | 2019 Dan Kolov,https://www.youtube.com/watch?v=ClRJKWfFUI0
l3zv6Gl6HIQ,BRONZE GR - 72 kg: T. INOUE (JPN) v. H. ZHANG (CHN),2019-03-02,10:05,試合,シニア(または不明),ランキングシリーズ等,2019,タイトルにJPN/Japan,高,照合なし,Greco-Roman Wrestling | 2019 Dan Kolov,https://www.youtube.com/watch?v=l3zv6Gl6HIQ
kUnenNrCB8M,Qual. GR - 77 kg: A. ATEM (TUR) v. K. SAKURABA (JPN),2019-03-02,7:57,試合,シニア(または不明),ランキングシリーズ等,2019,タイトルにJPN/Japan・選手名の一致,高,櫻庭 功大(Kodai SAKURABA),Greco-Roman Wrestling | 2019 Dan Kolov,https://www.youtube.com/watch?v=kUnenNrCB8M
Iuj_lLVWqRE,Qual. GR - 67 kg: S. TAKAHASHI (JPN) v. G. SAHAKYAN (POL),2019-03-02,8:50,試合,シニア(または不明),ランキングシリーズ等,2019,タイトルにJPN/Japan・選手名の一致,高,照合なし(同じローマ字が2人以上),Greco-Roman Wrestling | 2019 Dan Kolov,https://www.youtube.com/watch?v=Iuj_lLVWqRE
7F-rHIrQZUs,BRONZE GR - 130 kg: A. SONODA (JPN) v. M. METODIEV (BUL),2019-03-02,8:01,試合,シニア(または不明),ランキングシリーズ等,2019,タイトルにJPN/Japan,高,照合なし,Greco-Roman Wrestling | 2019 Dan Kolov,https://www.youtube.com/watch?v=7F-rHIrQZUs
etsKu257kyk,GOLD GR - 87 kg: M. MANUKYAN (ARM) v. M. SUMI (JPN),2019-03-02,1:13,試合,シニア(または不明),ランキングシリーズ等,2019,タイトルにJPN/Japan,高,照合なし,Greco-Roman Wrestling | 2019 Dan Kolov,https://www.youtube.com/watch?v=etsKu257kyk
39dI3j0F3dE,1/4 WW - 50 kg: V. ANTHONY (USA) v. M. NAKAMURA (JPN),2019-03-02,10:40,試合,シニア(または不明),ランキングシリーズ等,2019,タイトルにJPN/Japan・選手名の一致,高,照合なし(同じローマ字が2人以上),Women's Wrestling | 2019 Dan Kolov,https://www.youtube.com/watch?v=39dI3j0F3dE
Ss9v8oz5IOs,1/8 WW - 50 kg: Y. SUN (CHN) v. M. NAKAMURA (JPN),2019-03-02,8:34,試合,シニア(または不明),ランキングシリーズ等,2019,タイトルにJPN/Japan・選手名の一致,高,照合なし(同じローマ字が2人以上),Women's Wrestling | 2019 Dan Kolov,https://www.youtube.com/watch?v=Ss9v8oz5IOs
lcIZX2n3-tU,Qual. WW - 50 kg: V. ISLAMOVA BRI (KAZ) v. M. NAKAMURA (JPN),2019-03-02,2:06,試合,シニア(または不明),ランキングシリーズ等,2019,タイトルにJPN/Japan・選手名の一致,高,照合なし(同じローマ字が2人以上),Women's Wrestling | 2019 Dan Kolov,https://www.youtube.com/watch?v=lcIZX2n3-tU
41unGLyVwS4,1/2 GR - 87 kg: M. SUMI (JPN) v. T. MICHALIK (POL),2019-03-01,4:11,試合,シニア(または不明),ランキングシリーズ等,2019,タイトルにJPN/Japan,高,照合なし,Greco-Roman Wrestling | 2019 Dan Kolov,https://www.youtube.com/watch?v=41unGLyVwS4
ZrLNCovu6XQ,GOLD GR - 63 kg: S. OTA (JPN) v. S. MARYANYAN (RUS),2019-03-01,5:02,試合,シニア(または不明),ランキングシリーズ等,2019,タイトルにJPN/Japan・選手名の一致,高,太田 早也香(Sayaka OTA),Greco-Roman Wrestling | 2019 Dan Kolov,https://www.youtube.com/watch?v=ZrLNCovu6XQ
XLdsolsVRY8,1/8 GR - 87 kg: A. KUSTUBAYEV (KAZ) v. M. SUMI (JPN),2019-03-01,7:55,試合,シニア(または不明),ランキングシリーズ等,2019,タイトルにJPN/Japan,高,照合なし,Greco-Roman Wrestling | 2019 Dan Kolov,https://www.youtube.com/watch?v=XLdsolsVRY8
RgZ8NgFqGe4,1/4 GR - 87 kg: K. MUTSOLGOV (KAZ) v. M. SUMI (JPN),2019-03-01,7:50,試合,シニア(または不明),ランキングシリーズ等,2019,タイトルにJPN/Japan,高,照合なし,Greco-Roman Wrestling | 2019 Dan Kolov,https://www.youtube.com/watch?v=RgZ8NgFqGe4
aLCn0G6gyfk,1/4 GR - 63 kg: D. ISLAMOV (MDA) v. S. OTA (JPN),2019-02-28,2:21,試合,シニア(または不明),ランキングシリーズ等,2019,タイトルにJPN/Japan・選手名の一致,高,太田 早也香(Sayaka OTA),Greco-Roman Wrestling | 2019 Dan Kolov,https://www.youtube.com/watch?v=aLCn0G6gyfk
JHCUJiEZy-Q,1/4 GR - 72 kg: A. MNATSAKANIAN (BUL) v. T. INOUE (JPN),2019-02-28,9:46,試合,シニア(または不明),ランキングシリーズ等,2019,タイトルにJPN/Japan,高,照合なし,Greco-Roman Wrestling | 2019 Dan Kolov,https://www.youtube.com/watch?v=JHCUJiEZy-Q
L6Tqvyj6BC8,It's not part of the ranking series but OTA (JPN) isn't playing games!,2019-02-28,0:19,ショート,シニア(または不明),ランキングシリーズ等,2019,タイトルにJPN/Japan,高,照合なし,News + Highlights - 2019 Dan Kolov,https://www.youtube.com/watch?v=L6Tqvyj6BC8
zoPcj8tXLtM,Repechage GR - 87 kg: D. LOSONCZI (HUN) v. M. SUMI (JPN),2019-02-24,8:33,試合,シニア(または不明),ランキングシリーズ等,2019,タイトルにJPN/Japan,高,照合なし,Greco-Roman Wrestling | 2019 Gyor Grand Prix,https://www.youtube.com/watch?v=zoPcj8tXLtM
DcawJnoS1gc,1/8 GR - 67 kg: R. KUDRYNETS (UKR) v. K. ENDO (JPN),2019-02-24,6:58,試合,シニア(または不明),ランキングシリーズ等,2019,タイトルにJPN/Japan・選手名の一致,高,照合なし(同じローマ字が2人以上),Greco-Roman Wrestling | 2019 Gyor Grand Prix,https://www.youtube.com/watch?v=DcawJnoS1gc
Hzhweqcd9js,BRONZE GR - 67 kg: T. SHIMOYAMADA (JPN) v. S. TAKAHASHI (JPN),2019-02-24,6:47,試合,シニア(または不明),ランキングシリーズ等,2019,タイトルにJPN/Japan・選手名の一致,高,照合なし(同じローマ字が2人以上),Greco-Roman Wrestling | 2019 Gyor Grand Prix,https://www.youtube.com/watch?v=Hzhweqcd9js
zExSv_2s1qk,1/2 GR - 67 kg: R. KUDRYNETS (UKR) v. S. TAKAHASHI (JPN),2019-02-24,5:34,試合,シニア(または不明),ランキングシリーズ等,2019,タイトルにJPN/Japan・選手名の一致,高,照合なし(同じローマ字が2人以上),Greco-Roman Wrestling | 2019 Gyor Grand Prix,https://www.youtube.com/watch?v=zExSv_2s1qk
VfmSHoPLZjE,Repechage GR - 77 kg: T. BERDYIEU (BLR) v. K. SAKURABA (JPN),2019-02-24,8:22,試合,シニア(または不明),ランキングシリーズ等,2019,タイトルにJPN/Japan・選手名の一致,高,櫻庭 功大(Kodai SAKURABA),Greco-Roman Wrestling | 2019 Gyor Grand Prix,https://www.youtube.com/watch?v=VfmSHoPLZjE
g15QdFF6EXU,1/8 GR - 130 kg: M. KOSCEVIC (CRO) v. A. SONODA (JPN),2019-02-24,6:49,試合,シニア(または不明),ランキングシリーズ等,2019,タイトルにJPN/Japan,高,照合なし,Greco-Roman Wrestling | 2019 Gyor Grand Prix,https://www.youtube.com/watch?v=g15QdFF6EXU
VWWXJbLmgBE,1/4 GR - 67 kg: R. KUDRYNETS (UKR) v. T. SHIMOYAMADA (JPN),2019-02-24,8:26,試合,シニア(または不明),ランキングシリーズ等,2019,タイトルにJPN/Japan,高,照合なし,Greco-Roman Wrestling | 2019 Gyor Grand Prix,https://www.youtube.com/watch?v=VWWXJbLmgBE
g23TrzvOWG4,Repechage GR - 77 kg: K. SAKURABA (JPN) v. L. SZABO (HUN),2019-02-24,8:21,試合,シニア(または不明),ランキングシリーズ等,2019,タイトルにJPN/Japan・選手名の一致,高,櫻庭 功大(Kodai SAKURABA),Greco-Roman Wrestling | 2019 Gyor Grand Prix,https://www.youtube.com/watch?v=g23TrzvOWG4
r2kS8trVhXI,1/8 GR - 67 kg: B. KOVERNYUK (UKR) v. T. SHIMOYAMADA (JPN),2019-02-24,9:31,試合,シニア(または不明),ランキングシリーズ等,2019,タイトルにJPN/Japan,高,照合なし,Greco-Roman Wrestling | 2019 Gyor Grand Prix,https://www.youtube.com/watch?v=r2kS8trVhXI
9bRK_9l_GsM,Qual. GR - 87 kg: M. SUMI (JPN) v. J. NA (CHN),2019-02-24,8:44,試合,シニア(または不明),ランキングシリーズ等,2019,タイトルにJPN/Japan,高,照合なし,Greco-Roman Wrestling | 2019 Gyor Grand Prix,https://www.youtube.com/watch?v=9bRK_9l_GsM
sa7_ZZwQK_Y,Qual. GR - 77 kg: H. ZHANG (CHN) v. K. SAKURABA (JPN),2019-02-24,7:56,試合,シニア(または不明),ランキングシリーズ等,2019,タイトルにJPN/Japan・選手名の一致,高,櫻庭 功大(Kodai SAKURABA),Greco-Roman Wrestling | 2019 Gyor Grand Prix,https://www.youtube.com/watch?v=sa7_ZZwQK_Y
Ka2TNsg53sw,1/4 GR - 67 kg: S. TAKAHASHI (JPN) v. M. MIHUT (ROU),2019-02-24,7:52,試合,シニア(または不明),ランキングシリーズ等,2019,タイトルにJPN/Japan・選手名の一致,高,照合なし(同じローマ字が2人以上),Greco-Roman Wrestling | 2019 Gyor Grand Prix,https://www.youtube.com/watch?v=Ka2TNsg53sw
LKFkJu8XSpk,1/4 GR - 77 kg: N. SHOJI (JPN) v. P. LIAKH (BLR),2019-02-24,6:03,試合,シニア(または不明),ランキングシリーズ等,2019,タイトルにJPN/Japan,高,照合なし,Greco-Roman Wrestling | 2019 Gyor Grand Prix,https://www.youtube.com/watch?v=LKFkJu8XSpk
lw6VVh6eeuE,Repechage GR - 87 kg: M. SUMI (JPN) v. E. SZILVASSY (HUN),2019-02-24,7:38,試合,シニア(または不明),ランキングシリーズ等,2019,タイトルにJPN/Japan,高,照合なし,Greco-Roman Wrestling | 2019 Gyor Grand Prix,https://www.youtube.com/watch?v=lw6VVh6eeuE
k5-n_wFL0d4,Repechage GR - 67 kg: K. ENDO (JPN) v. T. SHIMOYAMADA (JPN),2019-02-24,7:48,試合,シニア(または不明),ランキングシリーズ等,2019,タイトルにJPN/Japan・選手名の一致,高,照合なし(同じローマ字が2人以上),Greco-Roman Wrestling | 2019 Gyor Grand Prix,https://www.youtube.com/watch?v=k5-n_wFL0d4
yTQn1VVcG8Q,1/8 GR - 87 kg: M. SUMI (JPN) v. V. LORINCZ (HUN),2019-02-24,2:22,試合,シニア(または不明),ランキングシリーズ等,2019,タイトルにJPN/Japan,高,照合なし,Greco-Roman Wrestling | 2019 Gyor Grand Prix,https://www.youtube.com/watch?v=yTQn1VVcG8Q
I7TFE74b2uI,1/8 GR - 67 kg: S. TAKAHASHI (JPN) v. K. VANCZA (HUN),2019-02-24,6:57,試合,シニア(または不明),ランキングシリーズ等,2019,タイトルにJPN/Japan・選手名の一致,高,照合なし(同じローマ字が2人以上),Greco-Roman Wrestling | 2019 Gyor Grand Prix,https://www.youtube.com/watch?v=I7TFE74b2uI
KArcHgVjn98,1/8 GR - 77 kg: K. SAKURABA (JPN) v. V. NEMES (SRB),2019-02-24,8:08,試合,シニア(または不明),ランキングシリーズ等,2019,タイトルにJPN/Japan・選手名の一致,高,櫻庭 功大(Kodai SAKURABA),Greco-Roman Wrestling | 2019 Gyor Grand Prix,https://www.youtube.com/watch?v=KArcHgVjn98
OFAyj24fHZI,Qual. GR - 87 kg: T. TSURUDA (JPN) v. K. BERG (SWE),2019-02-24,8:20,試合,シニア(または不明),ランキングシリーズ等,2019,タイトルにJPN/Japan・選手名の一致,高,鶴田 峻大(Takahiro TSURUDA),Greco-Roman Wrestling | 2019 Gyor Grand Prix,https://www.youtube.com/watch?v=OFAyj24fHZI
KOcU2XU2Sfc,1/8 GR - 77 kg: N. SHOJI (JPN) v. T. HALMESMAEKI (FIN),2019-02-24,7:54,試合,シニア(または不明),ランキングシリーズ等,2019,タイトルにJPN/Japan,高,照合なし,Greco-Roman Wrestling | 2019 Gyor Grand Prix,https://www.youtube.com/watch?v=KOcU2XU2Sfc
ycyVUWDYmNc,1/4 GR - 63 kg: S. BERGE (NOR) v. S. OTA (JPN),2019-02-23,10:38,試合,シニア(または不明),ランキングシリーズ等,2019,タイトルにJPN/Japan・選手名の一致,高,太田 早也香(Sayaka OTA),Greco-Roman Wrestling | 2019 Gyor Grand Prix,https://www.youtube.com/watch?v=ycyVUWDYmNc
P7nONWcKVOc,Qual. GR - 63 kg: S. OTA (JPN) v. D. TSYMBALIUK (UKR),2019-02-23,9:19,試合,シニア(または不明),ランキングシリーズ等,2019,タイトルにJPN/Japan・選手名の一致,高,太田 早也香(Sayaka OTA),Greco-Roman Wrestling | 2019 Gyor Grand Prix,https://www.youtube.com/watch?v=P7nONWcKVOc
4RwYhfGocys,Qual. GR - 72 kg: T. INOUE (JPN) v. R. FRITSCH (HUN),2019-02-23,17:48,試合,シニア(または不明),ランキングシリーズ等,2019,タイトルにJPN/Japan,高,照合なし,Greco-Roman Wrestling | 2019 Gyor Grand Prix,https://www.youtube.com/watch?v=4RwYhfGocys
mFKJcsu4fio,1/2 GR - 63 kg: M. DALKHANI (IRI) v. S. OTA (JPN),2019-02-23,14:23,試合,シニア(または不明),ランキングシリーズ等,2019,タイトルにJPN/Japan・選手名の一致,高,太田 早也香(Sayaka OTA),Greco-Roman Wrestling | 2019 Gyor Grand Prix,https://www.youtube.com/watch?v=mFKJcsu4fio
_-VtUX_EwFs,1/4 GR - 72 kg: S. CAN (TUR) v. T. INOUE (JPN),2019-02-23,5:16,試合,シニア(または不明),ランキングシリーズ等,2019,タイトルにJPN/Japan,高,照合なし,Greco-Roman Wrestling | 2019 Gyor Grand Prix,https://www.youtube.com/watch?v=_-VtUX_EwFs
eqoXJ_-8b44,1/8 GR - 97 kg: M. KRYSOV (UKR) v. M. SHIKIYA (JPN),2019-02-23,8:34,試合,シニア(または不明),ランキングシリーズ等,2019,タイトルにJPN/Japan,高,照合なし,Greco-Roman Wrestling | 2019 Gyor Grand Prix,https://www.youtube.com/watch?v=eqoXJ_-8b44
bciwRL_Q1bU,GOLD GR - 63 kg: E. TUO (CHN) v. S. OTA (JPN),2019-02-23,7:38,試合,シニア(または不明),ランキングシリーズ等,2019,タイトルにJPN/Japan・選手名の一致,高,太田 早也香(Sayaka OTA),Greco-Roman Wrestling | 2019 Gyor Grand Prix,https://www.youtube.com/watch?v=bciwRL_Q1bU
xps1jKuxleI,GOLD WW - 72 kg: T. MENSAH (USA) v. Y. KAGAMI (JPN),2019-01-27,3:12,試合,シニア(または不明),,2019,タイトルにJPN/Japan・選手名の一致,高,鏡 優翔(Yuka KAGAMI),Best of Yuuka Kagami / Women's Wrestling | 2019 Ivan Yariguin,https://www.youtube.com/watch?v=xps1jKuxleI
dI9f3ETQB-M,BRONZE FS - 86 kg: S. SHIRAI (JPN) v. V. VALIEV (RUS),2019-01-27,0:16,試合,シニア(または不明),,2019,タイトルにJPN/Japan,高,照合なし,Freestyle Wrestling | 2019 Ivan Yariguin,https://www.youtube.com/watch?v=dI9f3ETQB-M
DpSiy2Uho1w,Repechage FS - 86 kg: S. SHIRAI (JPN) v. S. KTSOEV (RUS),2019-01-27,8:24,試合,シニア(または不明),,2019,タイトルにJPN/Japan,高,照合なし,Freestyle Wrestling | 2019 Ivan Yariguin,https://www.youtube.com/watch?v=DpSiy2Uho1w
stgMT_h4NJc,GOLD WW - 76 kg: H. MINAGAWA SUZ (JPN) v. V. MARZALIUK (BLR),2019-01-27,7:44,試合,シニア(または不明),,2019,タイトルにJPN/Japan,高,照合なし,Women's Wrestling | 2019 Ivan Yariguin,https://www.youtube.com/watch?v=stgMT_h4NJc
eEHlqB3kxyo,1/4 WW - 72 kg: M. MARIN POTRIL (CUB) v. Y. KAGAMI (JPN),2019-01-26,11:17,試合,シニア(または不明),,2019,タイトルにJPN/Japan・選手名の一致,高,鏡 優翔(Yuka KAGAMI),Best of Milaimy De La Caridad MARIN POTRILLE / Best of Yuuka Kagami / Women's Wrestling | 2019 Ivan Yariguin,https://www.youtube.com/watch?v=eEHlqB3kxyo
5X6dU5IHnuk,Qual. FS - 74 kg: K. HOSAKA (JPN) v. Z. SIDAKOV (RUS),2019-01-26,7:38,試合,シニア(または不明),,2019,タイトルにJPN/Japan,高,照合なし,Best of Sidakov / Freestyle Wrestling | 2019 Ivan Yariguin,https://www.youtube.com/watch?v=5X6dU5IHnuk
ztWTZdPv6G4,Qual. FS - 86 kg: F. ERDIN (TUR) v. S. SHIRAI (JPN),2019-01-26,8:13,試合,シニア(または不明),,2019,タイトルにJPN/Japan,高,照合なし,Freestyle Wrestling | 2019 Ivan Yariguin,https://www.youtube.com/watch?v=ztWTZdPv6G4
Ga4GY90MDHs,1/2 WW - 76 kg: H. MINAGAWA SUZ (JPN) v. E. SYZDYKOVA (KAZ),2019-01-26,8:00,試合,シニア(または不明),,2019,タイトルにJPN/Japan,高,照合なし,Women's Wrestling | 2019 Ivan Yariguin,https://www.youtube.com/watch?v=Ga4GY90MDHs
-0dJxoiOU_0,BRONZE WW - 68 kg: R. WATARI (JPN) v. D. ENKHSAIKHAN (MGL),2019-01-26,8:17,試合,シニア(または不明),,2019,タイトルにJPN/Japan,高,照合なし,Women's Wrestling | 2019 Ivan Yariguin,https://www.youtube.com/watch?v=-0dJxoiOU_0
lnNmGvGio6I,1/2 WW - 72 kg: N. OCHIRBAT (MGL) v. Y. KAGAMI (JPN),2019-01-26,7:59,試合,シニア(または不明),,2019,タイトルにJPN/Japan・選手名の一致,高,鏡 優翔(Yuka KAGAMI),Women's Wrestling | 2019 Ivan Yariguin,https://www.youtube.com/watch?v=lnNmGvGio6I
8qCUGwskwnc,1/4 WW - 76 kg: H. MINAGAWA SUZ (JPN) v. S. ELLIEVA (UZB),2019-01-26,3:45,試合,シニア(または不明),,2019,タイトルにJPN/Japan,高,照合なし,Women's Wrestling | 2019 Ivan Yariguin,https://www.youtube.com/watch?v=8qCUGwskwnc
QEbxgGwj_5U,Round 3 WW - 55 kg: N. TANIYAMA (JPN) v. V. VAULINA (RUS),2019-01-26,7:46,試合,シニア(または不明),,2019,タイトルにJPN/Japan,高,照合なし,Women's Wrestling | 2019 Ivan Yariguin,https://www.youtube.com/watch?v=QEbxgGwj_5U
6aZriRtic3w,1/2 WW - 50 kg: K. KAGATA (JPN) v. A. NANDINTSETSE (MGL),2019-01-26,7:27,試合,シニア(または不明),,2019,タイトルにJPN/Japan,高,照合なし,Women's Wrestling | 2019 Ivan Yariguin,https://www.youtube.com/watch?v=6aZriRtic3w
i1M7ADe8uX0,1/2 WW - 55 kg: B. BAT OCHIR (MGL) v. N. TANIYAMA (JPN),2019-01-26,9:05,試合,シニア(または不明),,2019,タイトルにJPN/Japan,高,照合なし,Women's Wrestling | 2019 Ivan Yariguin,https://www.youtube.com/watch?v=i1M7ADe8uX0
Ivbb7B53eso,Round 1 WW - 55 kg: K. BAYARAA (MGL) v. N. TANIYAMA (JPN),2019-01-26,3:36,試合,シニア(または不明),,2019,タイトルにJPN/Japan,高,照合なし,Women's Wrestling | 2019 Ivan Yariguin,https://www.youtube.com/watch?v=Ivbb7B53eso
KBnYQqsxHhw,Round 2 WW - 59 kg: Y. INAGAKI (JPN) v. A. SANGADIEVA (RUS),2019-01-26,5:46,試合,シニア(または不明),,2019,タイトルにJPN/Japan・選手名の一致,高,稲垣 柚香(Yuzuka INAGAKI),Women's Wrestling | 2019 Ivan Yariguin,https://www.youtube.com/watch?v=KBnYQqsxHhw
_YjAsVWl9Sc,Round 3 WW - 59 kg: Y. INAGAKI (JPN) v. Z. SADRADDINOVA (RUS),2019-01-26,5:49,試合,シニア(または不明),,2019,タイトルにJPN/Japan・選手名の一致,高,稲垣 柚香(Yuzuka INAGAKI),Women's Wrestling | 2019 Ivan Yariguin,https://www.youtube.com/watch?v=_YjAsVWl9Sc
pRD2r-wRKd0,1/2 WW - 65 kg: B. ZORIGT (MGL) v. M. ENOMOTO (JPN),2019-01-26,7:51,試合,シニア(または不明),,2019,タイトルにJPN/Japan・選手名の一致,高,榎本 美鈴(Misuzu ENOMOTO),Women's Wrestling | 2019 Ivan Yariguin,https://www.youtube.com/watch?v=pRD2r-wRKd0
0RueizPJNcI,Round 1 WW - 59 kg: Y. INAGAKI (JPN) v. P. ULZIISAIKHAN (MGL),2019-01-26,6:05,試合,シニア(または不明),,2019,タイトルにJPN/Japan・選手名の一致,高,稲垣 柚香(Yuzuka INAGAKI),Women's Wrestling | 2019 Ivan Yariguin,https://www.youtube.com/watch?v=0RueizPJNcI
2E8TP1tQUUQ,1/4 WW - 65 kg: M. ENOMOTO (JPN) v. D. SALIKHOVA (RUS),2019-01-26,5:26,試合,シニア(または不明),,2019,タイトルにJPN/Japan・選手名の一致,高,榎本 美鈴(Misuzu ENOMOTO),Women's Wrestling | 2019 Ivan Yariguin,https://www.youtube.com/watch?v=2E8TP1tQUUQ
_PiKrMvI5is,1/2 WW - 59 kg: Y. INAGAKI (JPN) v. B. ALTANTSETSEG (MGL),2019-01-26,8:21,試合,シニア(または不明),,2019,タイトルにJPN/Japan・選手名の一致,高,稲垣 柚香(Yuzuka INAGAKI),Women's Wrestling | 2019 Ivan Yariguin,https://www.youtube.com/watch?v=_PiKrMvI5is
E-byTu0e6ns,1/4 WW - 50 kg: K. KAGATA (JPN) v. D. YAKHSHIMURAT (UZB),2019-01-26,1:27,試合,シニア(または不明),,2019,タイトルにJPN/Japan,高,照合なし,Women's Wrestling | 2019 Ivan Yariguin,https://www.youtube.com/watch?v=E-byTu0e6ns
ZeW69Pjrios,GOLD WW - 59 kg: Y. INAGAKI (JPN) v. S. LIPATOVA (RUS),2019-01-25,12:45,試合,シニア(または不明),,2019,タイトルにJPN/Japan・選手名の一致,高,稲垣 柚香(Yuzuka INAGAKI),Women's Wrestling | 2019 Ivan Yariguin,https://www.youtube.com/watch?v=ZeW69Pjrios
xMC0qapBKyA,GOLD WW - 50 kg: K. KAGATA (JPN) v. A. VETOSHKINA (RUS),2019-01-25,3:59,試合,シニア(または不明),,2019,タイトルにJPN/Japan,高,照合なし,Women's Wrestling | 2019 Ivan Yariguin,https://www.youtube.com/watch?v=xMC0qapBKyA
nTgxEpiOGXo,1/4 WW - 68 kg: R. WATARI (JPN) v. B. SORONZONBOLD (MGL),2019-01-25,10:29,試合,シニア(または不明),,2019,タイトルにJPN/Japan,高,照合なし,Women's Wrestling | 2019 Ivan Yariguin,https://www.youtube.com/watch?v=nTgxEpiOGXo
PkN61TvcJu0,GOLD WW - 65 kg: M. ENOMOTO (JPN) v. M. KUZNETSOVA (RUS),2019-01-25,9:29,試合,シニア(または不明),,2019,タイトルにJPN/Japan・選手名の一致,高,榎本 美鈴(Misuzu ENOMOTO),Women's Wrestling | 2019 Ivan Yariguin,https://www.youtube.com/watch?v=PkN61TvcJu0
h1h-PXOOa9s,GOLD WW - 55 kg: N. TANIYAMA (JPN) v. V. VAULINA (RUS),2019-01-25,8:28,試合,シニア(または不明),,2019,タイトルにJPN/Japan,高,照合なし,Women's Wrestling | 2019 Ivan Yariguin,https://www.youtube.com/watch?v=h1h-PXOOa9s
Ln2PhzzpIjc,UWW's Matches of the Year for 2018,2018-12-27,1:03,その他,シニア(または不明),,2018,説明にJPN/Japan,低(要確認),照合なし,United World Wrestling's Annual Awards for 2018,https://www.youtube.com/watch?v=Ln2PhzzpIjc
2rqpb1SpFEA,UWW's Breakout Performances of 2018,2018-12-24,1:02,その他,シニア(または不明),,2018,説明にJPN/Japan,低(要確認),照合なし,United World Wrestling's Annual Awards for 2018,https://www.youtube.com/watch?v=2rqpb1SpFEA
htquzSpm-sM,Big Move Monday -- OTOGURO T. (JPN) -- 2018 Senior World C'ships,2018-12-24,0:27,ショート,シニア(または不明),世界選手権,2018,タイトルにJPN/Japan,高,照合なし,Big Move Monday,https://www.youtube.com/watch?v=htquzSpm-sM
93ztG_TjDBc,4x Olympic Wrestling Champ Kaori Icho Returns to Mat -- And Wins!,2018-12-18,5:56,その他,シニア(または不明),オリンピック,2018,説明にJPN/Japan,低(要確認),照合なし,Wrestling 360,https://www.youtube.com/watch?v=93ztG_TjDBc
jwQC4xii7b8,UWW's Age-Group Wrestlers of 2018!,2018-12-13,1:25,その他,シニア(または不明),,2018,説明にJPN/Japan,低(要確認),照合なし,United World Wrestling's Annual Awards for 2018,https://www.youtube.com/watch?v=jwQC4xii7b8
MZvjlf5-7r8,BRONZE FS - 125 kg: Y. YAMAMOTO (JPN) v. R. ANDRIADZE (GEO),2018-11-21,8:39,試合,U23,世界選手権,2018,タイトルにJPN/Japan・選手名の一致,高,照合なし(同じローマ字が2人以上),Freestyle Wrestling | 2018 Senior U23 World Championships | Bucharest (ROU),https://www.youtube.com/watch?v=MZvjlf5-7r8
sqSPuPooilE,Repechage FS - 125 kg: Y. YAMAMOTO (JPN) v. S. JABRAILOV (MDA),2018-11-18,5:21,試合,U23,世界選手権,2018,タイトルにJPN/Japan・選手名の一致,高,照合なし(同じローマ字が2人以上),Freestyle Wrestling | 2018 Senior U23 World Championships | Bucharest (ROU),https://www.youtube.com/watch?v=sqSPuPooilE
Hakl_PGi7_0,GOLD FS - 65 kg: A. RAHIMZADE (AZE) v. R. HIGUCHI (JPN),2018-11-17,10:16,試合,U23,世界選手権,2018,タイトルにJPN/Japan・選手名の一致,高,樋口 黎(Rei HIGUCHI),Best of Rei HIGUCHI / Freestyle Wrestling | 2018 Senior U23 World Championships | Bucharest (ROU),https://www.youtube.com/watch?v=Hakl_PGi7_0
i_vdliVlEsU,GOLD FS - 57 kg: K. RAVI (IND) v. T. HASEGAWA (JPN),2018-11-17,2:41,試合,U23,世界選手権,2018,タイトルにJPN/Japan・選手名の一致,高,長谷川 敏裕(Toshihiro HASEGAWA),Freestyle Wrestling | 2018 Senior U23 World Championships | Bucharest (ROU),https://www.youtube.com/watch?v=i_vdliVlEsU
MZk8T8v2Sac,BRONZE FS - 79 kg: O. NAZHMUDINOV (ROU) v. Y. YAMASAKI (JPN),2018-11-17,9:08,試合,U23,世界選手権,2018,タイトルにJPN/Japan,高,照合なし,Freestyle Wrestling | 2018 Senior U23 World Championships | Bucharest (ROU),https://www.youtube.com/watch?v=MZk8T8v2Sac
oGVm9pS47_A,BRONZE FS - 70 kg: J. MOTOYAMA (JPN) v. O. BORUTA (UKR),2018-11-17,8:59,試合,U23,世界選手権,2018,タイトルにJPN/Japan,高,照合なし,Freestyle Wrestling | 2018 Senior U23 World Championships | Bucharest (ROU),https://www.youtube.com/watch?v=oGVm9pS47_A
I7uYu0B4540,Repechage FS - 70 kg: N. NAVEEN (IND) v. J. MOTOYAMA (JPN),2018-11-17,8:58,試合,U23,世界選手権,2018,タイトルにJPN/Japan,高,照合なし,Freestyle Wrestling | 2018 Senior U23 World Championships | Bucharest (ROU),https://www.youtube.com/watch?v=I7uYu0B4540
sPZT23caimg,1/4 FS - 92 kg: H. SHAHBAZIGAZV (IRI) v. T. ISHIGURO (JPN),2018-11-17,8:06,試合,U23,世界選手権,2018,タイトルにJPN/Japan・選手名の一致,高,石黒 峻士(Takashi ISHIGURO),Freestyle Wrestling | 2018 Senior U23 World Championships | Bucharest (ROU),https://www.youtube.com/watch?v=sPZT23caimg
lIpBW3DHgKo,1/8 FS - 86 kg: T. MATSUYUKI (JPN) v. A. OZEN (TUR),2018-11-17,8:23,試合,U23,世界選手権,2018,タイトルにJPN/Japan,高,照合なし,Freestyle Wrestling | 2018 Senior U23 World Championships | Bucharest (ROU),https://www.youtube.com/watch?v=lIpBW3DHgKo
PN6KZwXFgNc,1/8 FS - 92 kg: T. ISHIGURO (JPN) v. S. YAZICI (TUR),2018-11-17,6:13,試合,U23,世界選手権,2018,タイトルにJPN/Japan・選手名の一致,高,石黒 峻士(Takashi ISHIGURO),Freestyle Wrestling | 2018 Senior U23 World Championships | Bucharest (ROU),https://www.youtube.com/watch?v=PN6KZwXFgNc
qYxFFb9TnYc,1/8 FS - 125 kg: Y. HEMIDA (USA) v. Y. YAMAMOTO (JPN),2018-11-17,8:21,試合,U23,世界選手権,2018,タイトルにJPN/Japan・選手名の一致,高,照合なし(同じローマ字が2人以上),Freestyle Wrestling | 2018 Senior U23 World Championships | Bucharest (ROU),https://www.youtube.com/watch?v=qYxFFb9TnYc
Bv1hgOQLGp0,Qual. FS - 74 kg: Y. MIWA (JPN) v. A. GULAEV (SVK),2018-11-17,8:15,試合,U23,世界選手権,2018,タイトルにJPN/Japan・選手名の一致,高,三輪 優翔(Yuto MIWA),Freestyle Wrestling | 2018 Senior U23 World Championships | Bucharest (ROU),https://www.youtube.com/watch?v=Bv1hgOQLGp0
m89Sfc9qyT4,Qual. FS - 61 kg: E. KAHVECI (TUR) v. Y. FUJITA (JPN),2018-11-17,6:10,試合,U23,世界選手権,2018,タイトルにJPN/Japan・選手名の一致,高,藤田 祐輔(Yusuke FUJITA),Freestyle Wrestling | 2018 Senior U23 World Championships | Bucharest (ROU),https://www.youtube.com/watch?v=m89Sfc9qyT4
NxMacAy13ns,Qual. FS - 65 kg: T. TUMUR OCHIR (MGL) v. R. HIGUCHI (JPN),2018-11-16,6:27,試合,シニア(または不明),,2018,タイトルにJPN/Japan・選手名の一致,高,樋口 黎(Rei HIGUCHI),Best of Rei HIGUCHI,https://www.youtube.com/watch?v=NxMacAy13ns
tszvwKI9YKo,1/8 FS - 65 kg: R. HIGUCHI (JPN) v. S. SURJEET (IND),2018-11-16,1:46,試合,U23,世界選手権,2018,タイトルにJPN/Japan・選手名の一致,高,樋口 黎(Rei HIGUCHI),Best of Rei HIGUCHI / Freestyle Wrestling | 2018 Senior U23 World Championships | Bucharest (ROU),https://www.youtube.com/watch?v=tszvwKI9YKo
efLyTC7bbdk,1/8 FS - 70 kg: J. MOTOYAMA (JPN) v. A. HUSSEN (EGY),2018-11-16,10:40,試合,U23,世界選手権,2018,タイトルにJPN/Japan,高,照合なし,Best of Amr HUSSEN / Freestyle Wrestling | 2018 Senior U23 World Championships | Bucharest (ROU),https://www.youtube.com/watch?v=efLyTC7bbdk
fsqhfvpcK9k,1/2 FS - 57 kg: T. HASEGAWA (JPN) v. W. ZOU (CHN),2018-11-16,12:05,試合,U23,世界選手権,2018,タイトルにJPN/Japan・選手名の一致,高,長谷川 敏裕(Toshihiro HASEGAWA),Freestyle Wrestling | 2018 Senior U23 World Championships | Bucharest (ROU),https://www.youtube.com/watch?v=fsqhfvpcK9k
QwfrCE3VvNg,1/2 FS - 79 kg: N. KENTCHADZE (GEO) v. Y. YAMASAKI (JPN),2018-11-16,8:06,試合,U23,世界選手権,2018,タイトルにJPN/Japan,高,照合なし,Freestyle Wrestling | 2018 Senior U23 World Championships | Bucharest (ROU),https://www.youtube.com/watch?v=QwfrCE3VvNg
iTSAdeGVRsc,1/2 FS - 65 kg: M. GHIASI CHEKA (IRI) v. R. HIGUCHI (JPN),2018-11-16,10:33,試合,U23,世界選手権,2018,タイトルにJPN/Japan・選手名の一致,高,樋口 黎(Rei HIGUCHI),Freestyle Wrestling | 2018 Senior U23 World Championships | Bucharest (ROU),https://www.youtube.com/watch?v=iTSAdeGVRsc
EbsiluYJsAQ,1/4 FS - 57 kg: T. HASEGAWA (JPN) v. J. MUELLER (USA),2018-11-16,13:29,試合,U23,世界選手権,2018,タイトルにJPN/Japan・選手名の一致,高,長谷川 敏裕(Toshihiro HASEGAWA),Freestyle Wrestling | 2018 Senior U23 World Championships | Bucharest (ROU),https://www.youtube.com/watch?v=EbsiluYJsAQ
SCoETFhJ2SA,1/4 FS - 70 kg: T. SALKAZANOV (SVK) v. J. MOTOYAMA (JPN),2018-11-16,6:16,試合,U23,世界選手権,2018,タイトルにJPN/Japan,高,照合なし,Freestyle Wrestling | 2018 Senior U23 World Championships | Bucharest (ROU),https://www.youtube.com/watch?v=SCoETFhJ2SA
t--IXh8C1eI,1/4 FS - 65 kg: R. HIGUCHI (JPN) v. I. DUDAEV (RUS),2018-11-16,7:57,試合,U23,世界選手権,2018,タイトルにJPN/Japan・選手名の一致,高,樋口 黎(Rei HIGUCHI),Freestyle Wrestling | 2018 Senior U23 World Championships | Bucharest (ROU),https://www.youtube.com/watch?v=t--IXh8C1eI
SvyPiqGrzjc,1/4 FS - 79 kg: Y. YAMASAKI (JPN) v. A. DOLIDZE (UKR),2018-11-16,10:12,試合,U23,世界選手権,2018,タイトルにJPN/Japan,高,照合なし,Freestyle Wrestling | 2018 Senior U23 World Championships | Bucharest (ROU),https://www.youtube.com/watch?v=SvyPiqGrzjc
byovr5d2GQ0,1/4 FS - 79 kg: Y. YAMASAKI (JPN) v. A. DOLIDZE (UKR),2018-11-16,10:09,試合,U23,世界選手権,2018,タイトルにJPN/Japan,高,照合なし,Freestyle Wrestling | 2018 Senior U23 World Championships | Bucharest (ROU),https://www.youtube.com/watch?v=byovr5d2GQ0
2XbPe2UbJFY,1/4 FS - 70 kg: T. SALKAZANOV (SVK) v. J. MOTOYAMA (JPN),2018-11-16,6:12,試合,U23,世界選手権,2018,タイトルにJPN/Japan,高,照合なし,Freestyle Wrestling | 2018 Senior U23 World Championships | Bucharest (ROU),https://www.youtube.com/watch?v=2XbPe2UbJFY
JKCyAymYmZ0,1/8 FS - 79 kg: M. ASGHARI OSMA (IRI) v. Y. YAMASAKI (JPN),2018-11-16,9:07,試合,U23,世界選手権,2018,タイトルにJPN/Japan,高,照合なし,Freestyle Wrestling | 2018 Senior U23 World Championships | Bucharest (ROU),https://www.youtube.com/watch?v=JKCyAymYmZ0
gIeAi6t4hDc,1/8 FS - 57 kg: T. HASEGAWA (JPN) v. A. SARLAK (IRI),2018-11-16,8:20,試合,U23,世界選手権,2018,タイトルにJPN/Japan・選手名の一致,高,長谷川 敏裕(Toshihiro HASEGAWA),Freestyle Wrestling | 2018 Senior U23 World Championships | Bucharest (ROU),https://www.youtube.com/watch?v=gIeAi6t4hDc
cglA4C1Hih0,1/8 FS - 57 kg: T. HASEGAWA (JPN) v. A. SARLAK (IRI),2018-11-16,8:17,試合,U23,世界選手権,2018,タイトルにJPN/Japan・選手名の一致,高,長谷川 敏裕(Toshihiro HASEGAWA),Freestyle Wrestling | 2018 Senior U23 World Championships | Bucharest (ROU),https://www.youtube.com/watch?v=cglA4C1Hih0
TrOGon5UbRI,1/8 FS - 70 kg: J. MOTOYAMA (JPN) v. A. HUSSEN (EGY),2018-11-16,10:37,試合,U23,世界選手権,2018,タイトルにJPN/Japan,高,照合なし,Freestyle Wrestling | 2018 Senior U23 World Championships | Bucharest (ROU),https://www.youtube.com/watch?v=TrOGon5UbRI
1Y3UGKk-2_8,GOLD WW - 65 kg: E. MANOLOVA (AZE) v. A. GEMPEI (JPN),2018-11-16,8:36,試合,U23,世界選手権,2018,タイトルにJPN/Japan,高,照合なし,Women's Wrestling | 2018 Senior U23 World Championships | Bucharest (ROU),https://www.youtube.com/watch?v=1Y3UGKk-2_8
hiZSVp_f5A0,GOLD WW - 62 kg: Y. KAWAI (JPN) v. I. PROKOPEVNIUK (UKR),2018-11-16,14:49,試合,U23,世界選手権,2018,タイトルにJPN/Japan,高,照合なし,Women's Wrestling | 2018 Senior U23 World Championships | Bucharest (ROU),https://www.youtube.com/watch?v=hiZSVp_f5A0
vQUp4jlvOYM,GOLD WW - 57 kg: A. TOWN (CAN) v. A. HANAI (JPN),2018-11-16,7:59,試合,U23,世界選手権,2018,タイトルにJPN/Japan,高,照合なし,Women's Wrestling | 2018 Senior U23 World Championships | Bucharest (ROU),https://www.youtube.com/watch?v=vQUp4jlvOYM
RHosvga31xs,GOLD WW - 53 kg: M. KADOYA (JPN) v. M. DADASHEVA (RUS),2018-11-16,12:17,試合,U23,世界選手権,2018,タイトルにJPN/Japan,高,照合なし,Women's Wrestling | 2018 Senior U23 World Championships | Bucharest (ROU),https://www.youtube.com/watch?v=RHosvga31xs
UxKOQIDHG6s,1/2 WW - 65 kg: A. GEMPEI (JPN) v. I. KOLIADENKO (UKR),2018-11-15,6:20,試合,U23,世界選手権,2018,タイトルにJPN/Japan,高,照合なし,Best of Iryna KOLIADENKO / Women's Wrestling | 2018 Senior U23 World Championships | Bucharest (ROU),https://www.youtube.com/watch?v=UxKOQIDHG6s
aPNuMcn6jSE,GOLD WW - 50 kg: M. IGARASHI (JPN) v. N. SOKOLOVA (RUS),2018-11-15,5:26,試合,U23,ランキングシリーズ等,2018,タイトルにJPN/Japan,高,照合なし,Best of Nadezhda SOKOLOVA / Women's Wrestling | 2018 Senior U23 World Championships | Bucharest (ROU),https://www.youtube.com/watch?v=aPNuMcn6jSE
Nco3H0khywE,1/4 WW - 53 kg: B. BAT OCHIR (MGL) v. M. KADOYA (JPN),2018-11-15,0:44,試合,U23,世界選手権,2018,タイトルにJPN/Japan,高,照合なし,Best of Bolortuya BAT OCHIR / Women's Wrestling | 2018 Senior U23 World Championships | Bucharest (ROU),https://www.youtube.com/watch?v=Nco3H0khywE
SSAf7ginlH0,GOLD WW - 68 kg: Y. SANCHEZ RODR (CUB) v. M. MORIKAWA (JPN),2018-11-15,11:38,試合,U23,世界選手権,2018,タイトルにJPN/Japan・選手名の一致,高,森川 美和(Miwa MORIKAWA),Women's Wrestling | 2018 Senior U23 World Championships | Bucharest (ROU),https://www.youtube.com/watch?v=SSAf7ginlH0
nxHLQ1qUGE0,GOLD WW - 55 kg: S. IGARASHI (JPN) v. J. OUYANG (CHN),2018-11-15,6:57,試合,U23,世界選手権,2018,タイトルにJPN/Japan,高,照合なし,Women's Wrestling | 2018 Senior U23 World Championships | Bucharest (ROU),https://www.youtube.com/watch?v=nxHLQ1qUGE0
veJnt6AmK9c,BRONZE WW - 59 kg: K. MADROWSKA (POL) v. Y. KUMANO (JPN),2018-11-15,1:24,試合,U23,世界選手権,2018,タイトルにJPN/Japan,高,照合なし,Women's Wrestling | 2018 Senior U23 World Championships | Bucharest (ROU),https://www.youtube.com/watch?v=veJnt6AmK9c
NUi8oS9IeWM,1/2 WW - 62 kg: Y. KAWAI (JPN) v. K. INCZE (ROU),2018-11-15,6:15,試合,U23,世界選手権,2018,タイトルにJPN/Japan,高,照合なし,Women's Wrestling | 2018 Senior U23 World Championships | Bucharest (ROU),https://www.youtube.com/watch?v=NUi8oS9IeWM
M_jQfhKJ840,1/2 WW - 53 kg: A. ANA (ROU) v. M. KADOYA (JPN),2018-11-15,6:24,試合,U23,世界選手権,2018,タイトルにJPN/Japan,高,照合なし,Women's Wrestling | 2018 Senior U23 World Championships | Bucharest (ROU),https://www.youtube.com/watch?v=M_jQfhKJ840
vxPTc9RJmaU,1/2 WW - 57 kg: Q. ZHANG (CHN) v. A. HANAI (JPN),2018-11-15,7:45,試合,U23,世界選手権,2018,タイトルにJPN/Japan,高,照合なし,Women's Wrestling | 2018 Senior U23 World Championships | Bucharest (ROU),https://www.youtube.com/watch?v=vxPTc9RJmaU
9IXtQVt7LKI,1/2 WW - 50 kg: M. IGARASHI (JPN) v. S. PRICEPUTU (ROU),2018-11-15,3:06,試合,U23,世界選手権,2018,タイトルにJPN/Japan,高,照合なし,Women's Wrestling | 2018 Senior U23 World Championships | Bucharest (ROU),https://www.youtube.com/watch?v=9IXtQVt7LKI
fLurBsMOrAw,1/2 WW - 68 kg: M. MORIKAWA (JPN) v. K. MUNKHBAT (MGL),2018-11-15,7:53,試合,U23,世界選手権,2018,タイトルにJPN/Japan・選手名の一致,高,森川 美和(Miwa MORIKAWA),Women's Wrestling | 2018 Senior U23 World Championships | Bucharest (ROU),https://www.youtube.com/watch?v=fLurBsMOrAw
y4Bwil-o1d4,1/2 WW - 55 kg: E. BRUGGER (GER) v. S. IGARASHI (JPN),2018-11-15,8:12,試合,U23,世界選手権,2018,タイトルにJPN/Japan,高,照合なし,Women's Wrestling | 2018 Senior U23 World Championships | Bucharest (ROU),https://www.youtube.com/watch?v=y4Bwil-o1d4
muWKYY38s5M,1/2 WW - 59 kg: Y. KUMANO (JPN) v. G. BULLEN (NOR),2018-11-15,8:22,試合,U23,世界選手権,2018,タイトルにJPN/Japan,高,照合なし,Women's Wrestling | 2018 Senior U23 World Championships | Bucharest (ROU),https://www.youtube.com/watch?v=muWKYY38s5M
8g0JGmXkqws,1/4 WW - 57 kg: A. ANDREEVA (RUS) v. A. HANAI (JPN),2018-11-15,8:10,試合,U23,世界選手権,2018,タイトルにJPN/Japan,高,照合なし,Women's Wrestling | 2018 Senior U23 World Championships | Bucharest (ROU),https://www.youtube.com/watch?v=8g0JGmXkqws
HtapRbIF8CY,1/4 WW - 65 kg: S. GEORGIEVA (BUL) v. A. GEMPEI (JPN),2018-11-15,8:07,試合,U23,世界選手権,2018,タイトルにJPN/Japan,高,照合なし,Women's Wrestling | 2018 Senior U23 World Championships | Bucharest (ROU),https://www.youtube.com/watch?v=HtapRbIF8CY
e5cvMPW3-SA,1/4 WW - 62 kg: K. SAZYKINA (BLR) v. Y. KAWAI (JPN),2018-11-15,2:02,試合,U23,世界選手権,2018,タイトルにJPN/Japan,高,照合なし,Women's Wrestling | 2018 Senior U23 World Championships | Bucharest (ROU),https://www.youtube.com/watch?v=e5cvMPW3-SA
CenhDf_22dY,1/4 WW - 68 kg: M. MORIKAWA (JPN) v. A. GLAUDE (USA),2018-11-15,8:19,試合,U23,世界選手権,2018,タイトルにJPN/Japan・選手名の一致,高,森川 美和(Miwa MORIKAWA),Women's Wrestling | 2018 Senior U23 World Championships | Bucharest (ROU),https://www.youtube.com/watch?v=CenhDf_22dY
A5h9pLvyQhg,1/4 WW - 50 kg: M. IGARASHI (JPN) v. L. ERSEL (GER),2018-11-15,2:16,試合,U23,世界選手権,2018,タイトルにJPN/Japan,高,照合なし,Women's Wrestling | 2018 Senior U23 World Championships | Bucharest (ROU),https://www.youtube.com/watch?v=A5h9pLvyQhg
sQGl1OfdOLg,1/4 WW - 55 kg: C. SICARD (CAN) v. S. IGARASHI (JPN),2018-11-15,1:22,試合,U23,世界選手権,2018,タイトルにJPN/Japan,高,照合なし,Women's Wrestling | 2018 Senior U23 World Championships | Bucharest (ROU),https://www.youtube.com/watch?v=sQGl1OfdOLg
4JAONhxrKVs,1/4 WW - 76 kg: Y. MATSUYUKI (JPN) v. G. YERKEBAYEVA (KAZ),2018-11-15,3:29,試合,U23,世界選手権,2018,タイトルにJPN/Japan・選手名の一致,高,松雪 泰葉(Yasuha MATSUYUKI),Women's Wrestling | 2018 Senior U23 World Championships | Bucharest (ROU),https://www.youtube.com/watch?v=4JAONhxrKVs
WqTVw7k67Ng,1/4 WW - 59 kg: Y. KUMANO (JPN) v. Z. SADRADDINOVA (RUS),2018-11-15,5:03,試合,U23,世界選手権,2018,タイトルにJPN/Japan,高,照合なし,Women's Wrestling | 2018 Senior U23 World Championships | Bucharest (ROU),https://www.youtube.com/watch?v=WqTVw7k67Ng
tiy3XXo8er4,1/8 WW - 53 kg: M. KADOYA (JPN) v. K. PICHKOUSKAYA (BLR),2018-11-15,1:00,試合,U23,世界選手権,2018,タイトルにJPN/Japan,高,照合なし,Women's Wrestling | 2018 Senior U23 World Championships | Bucharest (ROU),https://www.youtube.com/watch?v=tiy3XXo8er4
6n7mjbLOtRI,1/8 WW - 65 kg: A. GEMPEI (JPN) v. M. RUSU (ROU),2018-11-15,2:13,試合,U23,世界選手権,2018,タイトルにJPN/Japan,高,照合なし,Women's Wrestling | 2018 Senior U23 World Championships | Bucharest (ROU),https://www.youtube.com/watch?v=6n7mjbLOtRI
wAnsT-nrApk,1/8 WW - 72 kg: Z. BAKBERGENOVA (KAZ) v. N. MATSUYUKI (JPN),2018-11-15,8:47,試合,U23,世界選手権,2018,タイトルにJPN/Japan,高,照合なし,Women's Wrestling | 2018 Senior U23 World Championships | Bucharest (ROU),https://www.youtube.com/watch?v=wAnsT-nrApk
i6EpSS0fW5U,1/8 WW - 62 kg: G. ENKHBAT (MGL) v. Y. KAWAI (JPN),2018-11-15,4:44,試合,U23,世界選手権,2018,タイトルにJPN/Japan,高,照合なし,Women's Wrestling | 2018 Senior U23 World Championships | Bucharest (ROU),https://www.youtube.com/watch?v=i6EpSS0fW5U
-1jH3HXyjYg,Qual. WW - 57 kg: B. LEATHERS (USA) v. A. HANAI (JPN),2018-11-15,7:55,試合,U23,世界選手権,2018,タイトルにJPN/Japan,高,照合なし,Women's Wrestling | 2018 Senior U23 World Championships | Bucharest (ROU),https://www.youtube.com/watch?v=-1jH3HXyjYg
kJiYz__M5lQ,Qual. WW - 68 kg: N. STRZALKA (POL) v. M. MORIKAWA (JPN),2018-11-15,10:08,試合,U23,世界選手権,2018,タイトルにJPN/Japan・選手名の一致,高,森川 美和(Miwa MORIKAWA),Women's Wrestling | 2018 Senior U23 World Championships | Bucharest (ROU),https://www.youtube.com/watch?v=kJiYz__M5lQ
j7nrE_cBaWI,Qual. WW - 59 kg: N. NARMANDAKH (MGL) v. Y. KUMANO (JPN),2018-11-15,2:47,試合,U23,世界選手権,2018,タイトルにJPN/Japan,高,照合なし,Women's Wrestling | 2018 Senior U23 World Championships | Bucharest (ROU),https://www.youtube.com/watch?v=j7nrE_cBaWI
l1N1CveWWmM,Qual. WW - 55 kg: S. IGARASHI (JPN) v. Dominique Parrish (USA),2018-11-15,7:56,試合,U23,世界選手権,2018,タイトルにJPN/Japan,高,照合なし,Women's Wrestling | 2018 Senior U23 World Championships | Bucharest (ROU),https://www.youtube.com/watch?v=l1N1CveWWmM
RC2YIZZ-76A,Qual. WW - 76 kg: Y. MATSUYUKI (JPN) v. F. RAEDELT (GER),2018-11-15,8:29,試合,U23,世界選手権,2018,タイトルにJPN/Japan・選手名の一致,高,松雪 泰葉(Yasuha MATSUYUKI),Women's Wrestling | 2018 Senior U23 World Championships | Bucharest (ROU),https://www.youtube.com/watch?v=RC2YIZZ-76A
OtjZyNQUEic,Kawai (JPN) highlight,2018-11-15,0:31,ハイライト・特集,U23,世界選手権,2018,タイトルにJPN/Japan,高,照合なし,"News + Highlights -- 2018 U-23 World C'Ships, Bucharest",https://www.youtube.com/watch?v=OtjZyNQUEic
7LvZ03nIySY,GOLD GR - 60 kg: K. FUMITA (JPN) v. M. MAMMADOV (AZE),2018-11-14,6:39,試合,U23,世界選手権,2018,タイトルにJPN/Japan・選手名の一致,高,文田 健一郎(Kenichiro FUMITA),Best of Murad MAMMADOV / Best of Kenichiro Fumita / Greco-Roman Wrestling | 2018 Senior U23 World Championships | Bucharest (ROU),https://www.youtube.com/watch?v=7LvZ03nIySY
_3AB76Vz66U,Igarashi (JPN) Semi final match,2018-11-14,0:25,試合,U23,世界選手権,2018,タイトルにJPN/Japan,高,照合なし,"News + Highlights -- 2018 U-23 World C'Ships, Bucharest",https://www.youtube.com/watch?v=_3AB76Vz66U
I6bniT6tJ_E,BRONZE GR - 82 kg: M. KLIMOVICH (BLR) v. T. TSURUDA (JPN),2018-11-14,7:25,試合,U23,世界選手権,2018,タイトルにJPN/Japan・選手名の一致,高,鶴田 峻大(Takahiro TSURUDA),Greco-Roman Wrestling | 2018 Senior U23 World Championships | Bucharest (ROU),https://www.youtube.com/watch?v=I6bniT6tJ_E
-Mx-PkHVuow,BRONZE GR - 67 kg: R. NAKAHASHI (JPN) v. O. LOSONCZI (HUN),2018-11-14,9:25,試合,U23,世界選手権,2018,タイトルにJPN/Japan,高,照合なし,Greco-Roman Wrestling | 2018 Senior U23 World Championships | Bucharest (ROU),https://www.youtube.com/watch?v=-Mx-PkHVuow
gKsv-mETGTg,Repechage GR - 67 kg: R. NAKAHASHI (JPN) v. M. SHERMAKHANBE (KAZ),2018-11-14,8:18,試合,U23,世界選手権,2018,タイトルにJPN/Japan,高,照合なし,Greco-Roman Wrestling | 2018 Senior U23 World Championships | Bucharest (ROU),https://www.youtube.com/watch?v=gKsv-mETGTg
azdHP0rEB0Y,Repechage GR - 67 kg: N. BAKER (USA) v. R. NAKAHASHI (JPN),2018-11-14,12:59,試合,U23,世界選手権,2018,タイトルにJPN/Japan,高,照合なし,Greco-Roman Wrestling | 2018 Senior U23 World Championships | Bucharest (ROU),https://www.youtube.com/watch?v=azdHP0rEB0Y
aSlz4UEZmDM,GOLD GR - 63 kg: A. BICIU (MDA) v. K. ENDO (JPN),2018-11-13,4:17,試合,U23,世界選手権,2018,タイトルにJPN/Japan・選手名の一致,高,照合なし(同じローマ字が2人以上),Greco-Roman Wrestling | 2018 Senior U23 World Championships | Bucharest (ROU),https://www.youtube.com/watch?v=aSlz4UEZmDM
urKZYfC48Ts,BRONZE GR - 55 kg: S. OGAWA (JPN) v. A. BEKBOLATOV (KAZ),2018-11-13,7:22,試合,U23,世界選手権,2018,タイトルにJPN/Japan,高,照合なし,Greco-Roman Wrestling | 2018 Senior U23 World Championships | Bucharest (ROU),https://www.youtube.com/watch?v=urKZYfC48Ts
j8RNPEkdMM0,Repechage GR - 55 kg: S. OGAWA (JPN) v. S. KOLOMPAR (SRB),2018-11-13,7:20,試合,U23,世界選手権,2018,タイトルにJPN/Japan,高,照合なし,Greco-Roman Wrestling | 2018 Senior U23 World Championships | Bucharest (ROU),https://www.youtube.com/watch?v=j8RNPEkdMM0
2V99p7AtLrQ,Repechage GR - 130 kg: S. KAIZUKA (JPN) v. O. MARVIK (NOR),2018-11-13,2:50,試合,U23,世界選手権,2018,タイトルにJPN/Japan,高,照合なし,Greco-Roman Wrestling | 2018 Senior U23 World Championships | Bucharest (ROU),https://www.youtube.com/watch?v=2V99p7AtLrQ
HgeJMFSasec,1/2 GR - 60 kg: M. MOHSEN NEJAD (IRI) v. K. FUMITA (JPN),2018-11-13,7:44,試合,U23,世界選手権,2018,タイトルにJPN/Japan・選手名の一致,高,文田 健一郎(Kenichiro FUMITA),Greco-Roman Wrestling | 2018 Senior U23 World Championships | Bucharest (ROU),https://www.youtube.com/watch?v=HgeJMFSasec
S3dnqkAvVTI,1/2 GR - 82 kg: T. TSURUDA (JPN) v. G. BOLKVADZE (GEO),2018-11-13,7:57,試合,U23,世界選手権,2018,タイトルにJPN/Japan・選手名の一致,高,鶴田 峻大(Takahiro TSURUDA),Greco-Roman Wrestling | 2018 Senior U23 World Championships | Bucharest (ROU),https://www.youtube.com/watch?v=S3dnqkAvVTI
mYu97qpLq7c,1/2 GR - 63 kg: K. ENDO (JPN) v. M. DALKHANI (IRI),2018-11-13,11:53,試合,U23,世界選手権,2018,タイトルにJPN/Japan・選手名の一致,高,照合なし(同じローマ字が2人以上),Greco-Roman Wrestling | 2018 Senior U23 World Championships | Bucharest (ROU),https://www.youtube.com/watch?v=mYu97qpLq7c
zJU2lyjPaKs,1/4 GR - 82 kg: J. BERDIMURATOV (UZB) v. T. TSURUDA (JPN),2018-11-13,11:05,試合,U23,世界選手権,2018,タイトルにJPN/Japan・選手名の一致,高,鶴田 峻大(Takahiro TSURUDA),Greco-Roman Wrestling | 2018 Senior U23 World Championships | Bucharest (ROU),https://www.youtube.com/watch?v=zJU2lyjPaKs
9k3EK8rJEp0,1/4 GR - 60 kg: A. MELIKYAN (ARM) v. K. FUMITA (JPN),2018-11-13,8:50,試合,U23,世界選手権,2018,タイトルにJPN/Japan・選手名の一致,高,文田 健一郎(Kenichiro FUMITA),Greco-Roman Wrestling | 2018 Senior U23 World Championships | Bucharest (ROU),https://www.youtube.com/watch?v=9k3EK8rJEp0
tymxOj0cE2o,1/4 GR - 97 kg: A. HEIDARI (IRI) v. Y. NARA (JPN),2018-11-13,8:27,試合,U23,世界選手権,2018,タイトルにJPN/Japan・選手名の一致,高,奈良 勇太(Yuta NARA),Greco-Roman Wrestling | 2018 Senior U23 World Championships | Bucharest (ROU),https://www.youtube.com/watch?v=tymxOj0cE2o
s6Bz8ElR42c,1/8 GR - 60 kg: K. FUMITA (JPN) v. C. KRAEMER (GER),2018-11-13,6:58,試合,U23,世界選手権,2018,タイトルにJPN/Japan・選手名の一致,高,文田 健一郎(Kenichiro FUMITA),Greco-Roman Wrestling | 2018 Senior U23 World Championships | Bucharest (ROU),https://www.youtube.com/watch?v=s6Bz8ElR42c
6q0jaGn0XuU,1/8 GR - 67 kg: K. JAFAROV (AZE) v. R. NAKAHASHI (JPN),2018-11-13,6:00,試合,U23,世界選手権,2018,タイトルにJPN/Japan,高,照合なし,Greco-Roman Wrestling | 2018 Senior U23 World Championships | Bucharest (ROU),https://www.youtube.com/watch?v=6q0jaGn0XuU
q-CWpjqXISU,Qual. GR - 72 kg: N. OGANIAN (RUS) v. M. SAWADA (JPN),2018-11-13,7:45,試合,U23,世界選手権,2018,タイトルにJPN/Japan・選手名の一致,高,照合なし(同じローマ字が2人以上),Greco-Roman Wrestling | 2018 Senior U23 World Championships | Bucharest (ROU),https://www.youtube.com/watch?v=q-CWpjqXISU
dw7F-yNxSeg,Qual. GR - 67 kg: R. NAKAHASHI (JPN) v. W. LAZOVSKI (GER),2018-11-13,7:51,試合,U23,世界選手権,2018,タイトルにJPN/Japan,高,照合なし,Greco-Roman Wrestling | 2018 Senior U23 World Championships | Bucharest (ROU),https://www.youtube.com/watch?v=dw7F-yNxSeg
2L1jNM_0t7c,1/4 GR - 63 kg: K. ENDO (JPN) v. O. HRUSHYN (UKR),2018-11-12,10:30,試合,U23,世界選手権,2018,タイトルにJPN/Japan・選手名の一致,高,照合なし(同じローマ字が2人以上),Greco-Roman Wrestling | 2018 Senior U23 World Championships | Bucharest (ROU),https://www.youtube.com/watch?v=2L1jNM_0t7c
7BelPp-rrUg,1/8 GR - 55 kg: V. KABALOEV (RUS) v. S. OGAWA (JPN),2018-11-12,6:14,試合,U23,世界選手権,2018,タイトルにJPN/Japan,高,照合なし,Greco-Roman Wrestling | 2018 Senior U23 World Championships | Bucharest (ROU),https://www.youtube.com/watch?v=7BelPp-rrUg
xSOkbkLXrqY,Haruna OKUNO (JPN) talks about winning her second straight world title,2018-10-30,3:17,インタビュー,シニア(または不明),世界選手権,2018,タイトルにJPN/Japan,高,照合なし,News + Highights - 2018 World Championships,https://www.youtube.com/watch?v=xSOkbkLXrqY
6ccmzOtezxQ,1/8 GR - 77 kg: S. YABIKU (JPN) v. A. BJURBERG KES (SWE),2018-10-27,8:07,試合,シニア(または不明),世界選手権,2018,タイトルにJPN/Japan,高,照合なし,Greco-Roman Wrestling - 2018 Senior World Championships - Budapest (HUN),https://www.youtube.com/watch?v=6ccmzOtezxQ
RVI2HQs7280,1/16 GR - 77 kg: S. YABIKU (JPN) v. O. VARGA (CZE),2018-10-27,7:42,試合,シニア(または不明),世界選手権,2018,タイトルにJPN/Japan,高,照合なし,Greco-Roman Wrestling - 2018 Senior World Championships - Budapest (HUN),https://www.youtube.com/watch?v=RVI2HQs7280
f7oDHNkGvck,1/16 GR - 97 kg: Y. NARA (JPN) v. L. KESIDIS (GRE),2018-10-27,8:04,試合,シニア(または不明),世界選手権,2018,タイトルにJPN/Japan・選手名の一致,高,奈良 勇太(Yuta NARA),Greco-Roman Wrestling - 2018 Senior World Championships - Budapest (HUN),https://www.youtube.com/watch?v=f7oDHNkGvck
22eNGEiAQsU,Qual. GR - 130 kg: A. SONODA (JPN) v. L. MENG (CHN),2018-10-27,3:37,試合,シニア(または不明),世界選手権,2018,タイトルにJPN/Japan,高,照合なし,Greco-Roman Wrestling - 2018 Senior World Championships - Budapest (HUN),https://www.youtube.com/watch?v=22eNGEiAQsU
1zuvC5aPgB4,Repechage GR - 55 kg: L. CAO (CHN) v. S. TANOKURA (JPN),2018-10-26,9:21,試合,シニア(または不明),世界選手権,2018,タイトルにJPN/Japan,高,照合なし,Best of Liguo CAO / Greco-Roman Wrestling - 2018 Senior World Championships - Budapest (HUN),https://www.youtube.com/watch?v=1zuvC5aPgB4
y5MagRDREpw,1/8 GR - 60 kg: S. OTA (JPN) v. A. SULTANGALI (KAZ),2018-10-26,13:02,試合,シニア(または不明),世界選手権,2018,タイトルにJPN/Japan・選手名の一致,高,太田 早也香(Sayaka OTA),Best of Aidos SULTANGALI / Greco-Roman Wrestling - 2018 Senior World Championships - Budapest (HUN),https://www.youtube.com/watch?v=y5MagRDREpw
S-B3NM_3fQQ,1/8 GR - 67 kg: I. SANFILIPPO (ITA) v. T. SHIMOYAMADA (JPN),2018-10-26,2:16,試合,シニア(または不明),世界選手権,2018,タイトルにJPN/Japan,高,照合なし,Greco-Roman Wrestling - 2018 Senior World Championships - Budapest (HUN),https://www.youtube.com/watch?v=S-B3NM_3fQQ
AEyeauFfW5Q,1/4 GR - 67 kg: G. SAHAKYAN (POL) v. T. SHIMOYAMADA (JPN),2018-10-26,2:45,試合,シニア(または不明),世界選手権,2018,タイトルにJPN/Japan,高,照合なし,Greco-Roman Wrestling - 2018 Senior World Championships - Budapest (HUN),https://www.youtube.com/watch?v=AEyeauFfW5Q
qCgegcLaN-M,1/16 GR - 67 kg: M. MANISH (IND) v. T. SHIMOYAMADA (JPN),2018-10-26,3:41,試合,シニア(または不明),世界選手権,2018,タイトルにJPN/Japan,高,照合なし,Greco-Roman Wrestling - 2018 Senior World Championships - Budapest (HUN),https://www.youtube.com/watch?v=qCgegcLaN-M
U7mPwR2u9js,1/16 GR - 87 kg: D. KUDLA (GER) v. M. SUMI (JPN),2018-10-26,7:36,試合,シニア(または不明),世界選手権,2018,タイトルにJPN/Japan,高,照合なし,Greco-Roman Wrestling - 2018 Senior World Championships - Budapest (HUN),https://www.youtube.com/watch?v=U7mPwR2u9js
FHC0urLdwhw,Repechage GR - 63 kg: K. ENDO (JPN) v. R. BILICI (TUR),2018-10-26,9:17,試合,シニア(または不明),世界選手権,2018,タイトルにJPN/Japan・選手名の一致,高,照合なし(同じローマ字が2人以上),Greco-Roman Wrestling - 2018 Senior World Championships - Budapest (HUN),https://www.youtube.com/watch?v=FHC0urLdwhw
vQwP6Zpsryg,Qual. GR - 60 kg: S. OTA (JPN) v. M. MARDANI (IRI),2018-10-26,8:54,試合,シニア(または不明),世界選手権,2018,タイトルにJPN/Japan・選手名の一致,高,太田 早也香(Sayaka OTA),Greco-Roman Wrestling - 2018 Senior World Championships - Budapest (HUN),https://www.youtube.com/watch?v=vQwP6Zpsryg
ylNNRr1ncfw,GOLD WW - 53 kg: Sarah Hildebrandt (USA) v. H. OKUNO (JPN),2018-10-25,9:39,試合,シニア(または不明),世界選手権,2018,タイトルにJPN/Japan,高,照合なし,Best of Sarah HILDEBRANDT / Women's Wrestling - 2018 Senior World Championships - Budapest (HUN),https://www.youtube.com/watch?v=ylNNRr1ncfw
RqLMkLvA9pk,Y. SUSAKI (JPN) v. M. STADNIK (AZE) | WW 50 kg | GOLD,2018-10-25,6:23,試合,シニア(または不明),世界選手権,2018,タイトルにJPN/Japan・選手名の一致,高,須﨑 優衣(Yui SUSAKI),Best of Mariya STADNIK / Best of Yui Susaki / Women's Wrestling - 2018 Senior World Championships - Budapest (HUN),https://www.youtube.com/watch?v=RqLMkLvA9pk
4uKcHfYDwYU,19 year old Yui SUSAKI (JPN) after winning her second world title.,2018-10-25,3:10,その他,シニア(または不明),世界選手権,2018,タイトルにJPN/Japan・選手名の一致,高,須﨑 優衣(Yui SUSAKI),News + Highights - 2018 World Championships,https://www.youtube.com/watch?v=4uKcHfYDwYU
ycxGy00hU3U,1/4 GR - 55 kg: E. AZIZLI (AZE) v. S. TANOKURA (JPN),2018-10-25,6:01,試合,シニア(または不明),世界選手権,2018,タイトルにJPN/Japan,高,照合なし,Greco-Roman Wrestling - 2018 Senior World Championships - Budapest (HUN),https://www.youtube.com/watch?v=ycxGy00hU3U
snAlTXtFfH0,1/8 GR - 82 kg: Y. MAETA (JPN) v. R. SCHWARZ (GER),2018-10-25,2:55,試合,シニア(または不明),世界選手権,2018,タイトルにJPN/Japan,高,照合なし,Greco-Roman Wrestling - 2018 Senior World Championships - Budapest (HUN),https://www.youtube.com/watch?v=snAlTXtFfH0
Hob-zOODs9s,1/8 GR - 55 kg: Z. SARSENBIYEV (KAZ) v. S. TANOKURA (JPN),2018-10-25,7:44,試合,シニア(または不明),世界選手権,2018,タイトルにJPN/Japan,高,照合なし,Greco-Roman Wrestling - 2018 Senior World Championships - Budapest (HUN),https://www.youtube.com/watch?v=Hob-zOODs9s
zHfh_yRHDzU,Qual. GR - 72 kg: K. MALIK (IND) v. T. INOUE (JPN),2018-10-25,6:49,試合,シニア(または不明),世界選手権,2018,タイトルにJPN/Japan,高,照合なし,Greco-Roman Wrestling - 2018 Senior World Championships - Budapest (HUN),https://www.youtube.com/watch?v=zHfh_yRHDzU
3h5H4zFbFBQ,Qual. GR - 82 kg: C. MUNOZ JARAMI (COL) v. Y. MAETA (JPN),2018-10-25,8:31,試合,シニア(または不明),世界選手権,2018,タイトルにJPN/Japan,高,照合なし,Greco-Roman Wrestling - 2018 Senior World Championships - Budapest (HUN),https://www.youtube.com/watch?v=3h5H4zFbFBQ
q1q11a3mQyQ,Qual. GR - 63 kg: K. ENDO (JPN) v. S. MARYANYAN (RUS),2018-10-25,1:13,試合,シニア(または不明),世界選手権,2018,タイトルにJPN/Japan・選手名の一致,高,照合なし(同じローマ字が2人以上),Greco-Roman Wrestling - 2018 Senior World Championships - Budapest (HUN),https://www.youtube.com/watch?v=q1q11a3mQyQ
giKjtGauxKM,1/8 GR - 72 kg: R. CHUNAYEV (AZE) v. T. INOUE (JPN),2018-10-25,8:04,試合,シニア(または不明),世界選手権,2018,タイトルにJPN/Japan,高,照合なし,Greco-Roman Wrestling - 2018 Senior World Championships - Budapest (HUN),https://www.youtube.com/watch?v=giKjtGauxKM
TfOz0KlS9w0,GOLD WW - 62 kg: Y. KAWAI (JPN) v. T. YUSEIN (BUL),2018-10-25,8:40,試合,シニア(または不明),世界選手権,2018,タイトルにJPN/Japan,高,照合なし,Women's Wrestling - 2018 Senior World Championships - Budapest (HUN),https://www.youtube.com/watch?v=TfOz0KlS9w0
GVCftTSSYCc,1/8 WW - 53 kg: Q. PANG (CHN) v. H. OKUNO (JPN),2018-10-24,8:22,試合,シニア(または不明),世界選手権,2018,タイトルにJPN/Japan,高,照合なし,Best of PANG Qianyu / Women's Wrestling - 2018 Senior World Championships - Budapest (HUN),https://www.youtube.com/watch?v=GVCftTSSYCc
ZluYsH9u72I,1/2 WW - 50 kg: Y. SUSAKI (JPN) v. O. LIVACH (UKR),2018-10-24,2:14,試合,シニア(または不明),世界選手権,2018,タイトルにJPN/Japan・選手名の一致,高,須﨑 優衣(Yui SUSAKI),Best of Oksana LIVACH / Best of Yui Susaki / Women's Wrestling - 2018 Senior World Championships - Budapest (HUN),https://www.youtube.com/watch?v=ZluYsH9u72I
6z9hjc2iKLc,"Japan's 65kg world champion, Takuto OTOGURO.",2018-10-24,3:38,その他,シニア(または不明),世界選手権,2018,タイトルにJPN/Japan,高,照合なし,News + Highights - 2018 World Championships,https://www.youtube.com/watch?v=6z9hjc2iKLc
Rsz5ifRSy6A,BRONZE WW - 65 kg: R. RITU (IND) v. A. GEMPEI (JPN),2018-10-24,7:57,試合,シニア(または不明),世界選手権,2018,タイトルにJPN/Japan,高,照合なし,Women's Wrestling - 2018 Senior World Championships - Budapest (HUN),https://www.youtube.com/watch?v=Rsz5ifRSy6A
3Wn9-F-ZKIs,1/4 WW - 50 kg: Y. SUSAKI (JPN) v. R. RITU (IND),2018-10-24,6:13,試合,シニア(または不明),世界選手権,2018,タイトルにJPN/Japan・選手名の一致,高,須﨑 優衣(Yui SUSAKI),Women's Wrestling - 2018 Senior World Championships - Budapest (HUN),https://www.youtube.com/watch?v=3Wn9-F-ZKIs
oHaOTAG8QbA,1/8 WW - 50 kg: E. VUC (ROU) v. Y. SUSAKI (JPN),2018-10-24,1:56,試合,シニア(または不明),世界選手権,2018,タイトルにJPN/Japan・選手名の一致,高,須﨑 優衣(Yui SUSAKI),Women's Wrestling - 2018 Senior World Championships - Budapest (HUN),https://www.youtube.com/watch?v=oHaOTAG8QbA
Ko8J1ml9D9o,1/4 WW - 62 kg: S. MALIK (IND) v. Y. KAWAI (JPN),2018-10-24,7:57,試合,シニア(または不明),世界選手権,2018,タイトルにJPN/Japan,高,照合なし,Women's Wrestling - 2018 Senior World Championships - Budapest (HUN),https://www.youtube.com/watch?v=Ko8J1ml9D9o
tkFwIOaSuks,GOLD WW - 59 kg: R. KAWAI (JPN) v. E. YESILIRMAK (TUR),2018-10-24,7:45,試合,シニア(または不明),世界選手権,2018,タイトルにJPN/Japan,高,照合なし,Women's Wrestling - 2018 Senior World Championships - Budapest (HUN),https://www.youtube.com/watch?v=tkFwIOaSuks
bRy-IFDpUxM,1/2 WW - 62 kg: Y. TKACH OSTAPC (UKR) v. Y. KAWAI (JPN),2018-10-24,8:00,試合,シニア(または不明),世界選手権,2018,タイトルにJPN/Japan,高,照合なし,Women's Wrestling - 2018 Senior World Championships - Budapest (HUN),https://www.youtube.com/watch?v=bRy-IFDpUxM
vyLAgpkub0U,1/4 WW - 53 kg: M. PREVOLARAKI (GRE) v. H. OKUNO (JPN),2018-10-24,8:40,試合,シニア(または不明),世界選手権,2018,タイトルにJPN/Japan,高,照合なし,Women's Wrestling - 2018 Senior World Championships - Budapest (HUN),https://www.youtube.com/watch?v=vyLAgpkub0U
p3dZXj8oqu4,1/2 WW - 53 kg: H. OKUNO (JPN) v. K. KRAWCZYK (POL),2018-10-24,9:24,試合,シニア(または不明),世界選手権,2018,タイトルにJPN/Japan,高,照合なし,Women's Wrestling - 2018 Senior World Championships - Budapest (HUN),https://www.youtube.com/watch?v=p3dZXj8oqu4
ywmogarOq_k,Qual. WW - 57 kg: K. SAKAGAMI (JPN) v. O. ADEKUOROYE (NGR),2018-10-24,7:47,試合,シニア(または不明),世界選手権,2018,タイトルにJPN/Japan,高,照合なし,Women's Wrestling - 2018 Senior World Championships - Budapest (HUN),https://www.youtube.com/watch?v=ywmogarOq_k
unMSS2dFI4Q,Repechage WW - 76 kg: S. ALIYEVA (AZE) v. H. MINAGAWA SUZ (JPN),2018-10-24,3:48,試合,シニア(または不明),世界選手権,2018,タイトルにJPN/Japan,高,照合なし,Women's Wrestling - 2018 Senior World Championships - Budapest (HUN),https://www.youtube.com/watch?v=unMSS2dFI4Q
M95yUDTa2wg,Qual. WW - 53 kg: H. OKUNO (JPN) v. H. HONORINE (FRA),2018-10-24,8:20,試合,シニア(または不明),世界選手権,2018,タイトルにJPN/Japan,高,照合なし,Women's Wrestling - 2018 Senior World Championships - Budapest (HUN),https://www.youtube.com/watch?v=M95yUDTa2wg
0zVB5DEQdXw,Qual. WW - 62 kg: A. ADENIYI (NGR) v. Y. KAWAI (JPN),2018-10-24,7:55,試合,シニア(または不明),世界選手権,2018,タイトルにJPN/Japan,高,照合なし,Women's Wrestling - 2018 Senior World Championships - Budapest (HUN),https://www.youtube.com/watch?v=0zVB5DEQdXw
jA1L-Z2KpRU,1/8 WW - 62 kg: M. SASTIN (HUN) v. Y. KAWAI (JPN),2018-10-24,7:43,試合,シニア(または不明),世界選手権,2018,タイトルにJPN/Japan,高,照合なし,Women's Wrestling - 2018 Senior World Championships - Budapest (HUN),https://www.youtube.com/watch?v=jA1L-Z2KpRU
v-nentryRHw,Qual. WW - 57 kg: K. SAKAGAMI (JPN) v. O. ADEKUOROYE (NGR),2018-10-24,7:47,試合,シニア(または不明),世界選手権,2018,タイトルにJPN/Japan,高,照合なし,Women's Wrestling - 2018 Senior World Championships - Budapest (HUN),https://www.youtube.com/watch?v=v-nentryRHw
OoIPQpE9wuU,1/8 WW - 62 kg: M. SASTIN (HUN) v. Y. KAWAI (JPN),2018-10-24,7:43,試合,シニア(または不明),世界選手権,2018,タイトルにJPN/Japan,高,照合なし,Women's Wrestling - 2018 Senior World Championships - Budapest (HUN),https://www.youtube.com/watch?v=OoIPQpE9wuU
1s5gtSTFrdA,1/4 WW - 72 kg: N. MATSUYUKI (JPN) v. S. HAMZA (EGY),2018-10-23,9:30,試合,シニア(または不明),世界選手権,2018,タイトルにJPN/Japan,高,照合なし,Best of Samar HAMZA / Women's Wrestling - 2018 Senior World Championships - Budapest (HUN),https://www.youtube.com/watch?v=1s5gtSTFrdA
VVxl4d6004k,1/4 WW - 65 kg: A. GEMPEI (JPN) v. A. HANZLICKOVA (CZE),2018-10-23,8:21,試合,シニア(または不明),世界選手権,2018,タイトルにJPN/Japan,高,照合なし,Women's Wrestling - 2018 Senior World Championships - Budapest (HUN),https://www.youtube.com/watch?v=VVxl4d6004k
CzPBpoa7tGQ,GOLD WW - 55 kg: Z. SIDAKOVA (BLR) v. M. MUKAIDA (JPN),2018-10-23,4:54,試合,シニア(または不明),世界選手権,2018,タイトルにJPN/Japan,高,照合なし,Women's Wrestling - 2018 Senior World Championships - Budapest (HUN),https://www.youtube.com/watch?v=CzPBpoa7tGQ
peD6gepM3ZE,1/2 WW - 65 kg: P. OLLI (FIN) v. A. GEMPEI (JPN),2018-10-23,9:13,試合,シニア(または不明),世界選手権,2018,タイトルにJPN/Japan,高,照合なし,Women's Wrestling - 2018 Senior World Championships - Budapest (HUN),https://www.youtube.com/watch?v=peD6gepM3ZE
UyouF28d38s,1/4 WW - 76 kg: Y. ADAR (TUR) v. H. MINAGAWA SUZ (JPN),2018-10-23,7:57,試合,シニア(または不明),世界選手権,2018,タイトルにJPN/Japan,高,照合なし,Women's Wrestling - 2018 Senior World Championships - Budapest (HUN),https://www.youtube.com/watch?v=UyouF28d38s
RJz8_YmRYmw,1/8 WW - 72 kg: N. MATSUYUKI (JPN) v. M. SELMAIER (GER),2018-10-23,9:37,試合,シニア(または不明),世界選手権,2018,タイトルにJPN/Japan,高,照合なし,Women's Wrestling - 2018 Senior World Championships - Budapest (HUN),https://www.youtube.com/watch?v=RJz8_YmRYmw
YH4JWle25Ks,Qual. WW - 68 kg: A. FRANSSON (SWE) v. R. WATARI (JPN),2018-10-23,11:22,試合,シニア(または不明),世界選手権,2018,タイトルにJPN/Japan,高,照合なし,Women's Wrestling - 2018 Senior World Championships - Budapest (HUN),https://www.youtube.com/watch?v=YH4JWle25Ks
E_ZMbYLAzqY,1/8 WW - 76 kg: H. MINAGAWA SUZ (JPN) v. E. HWANG (KOR),2018-10-23,8:02,試合,シニア(または不明),世界選手権,2018,タイトルにJPN/Japan,高,照合なし,Women's Wrestling - 2018 Senior World Championships - Budapest (HUN),https://www.youtube.com/watch?v=E_ZMbYLAzqY
0kVwb4LnLnA,1/8 WW - 65 kg: A. GEMPEI (JPN) v. G. SLEISZ (HUN),2018-10-23,8:20,試合,シニア(または不明),世界選手権,2018,タイトルにJPN/Japan,高,照合なし,Women's Wrestling - 2018 Senior World Championships - Budapest (HUN),https://www.youtube.com/watch?v=0kVwb4LnLnA
q75hj2f7abQ,#TBT: Otoguro Becomes Japan’s Youngest Male World Champion,2018-10-22,11:49,その他,シニア(または不明),世界選手権,2018,タイトルにJPN/Japan,高,照合なし,Greatest Wrestling Videos Of All Time | United World Wrestling / #ThrowBackThursday - United World Wrestling / Freestyle Wrestling - 2018 Senior World Championships - Budapest (HUN),https://www.youtube.com/watch?v=q75hj2f7abQ
DEuksXuwkHI,1/4 WW - 55 kg: M. MUKAIDA (JPN) v. S. MATTSSON (SWE),2018-10-22,8:21,試合,シニア(または不明),世界選手権,2018,タイトルにJPN/Japan,高,照合なし,Women's Wrestling - 2018 Senior World Championships - Budapest (HUN),https://www.youtube.com/watch?v=DEuksXuwkHI
1pTmdxbOxi0,1/2 WW - 59 kg: S. LIPATOVA (RUS) v. R. KAWAI (JPN),2018-10-22,4:37,試合,シニア(または不明),世界選手権,2018,タイトルにJPN/Japan,高,照合なし,Women's Wrestling - 2018 Senior World Championships - Budapest (HUN),https://www.youtube.com/watch?v=1pTmdxbOxi0
x2mzoy4fGz8,1/2 WW - 55 kg: Q. ZHANG (CHN) v. M. MUKAIDA (JPN),2018-10-22,8:05,試合,シニア(または不明),世界選手権,2018,タイトルにJPN/Japan,高,照合なし,Women's Wrestling - 2018 Senior World Championships - Budapest (HUN),https://www.youtube.com/watch?v=x2mzoy4fGz8
66_b39mM2qw,1/4 WW - 59 kg: K. HANCHAR YANU (BLR) v. R. KAWAI (JPN),2018-10-22,1:55,試合,シニア(または不明),世界選手権,2018,タイトルにJPN/Japan,高,照合なし,Women's Wrestling - 2018 Senior World Championships - Budapest (HUN),https://www.youtube.com/watch?v=66_b39mM2qw
2TmBnDyxDzE,Qual. WW - 55 kg: L. HOCKOVA MART (CZE) v. M. MUKAIDA (JPN),2018-10-22,2:43,試合,シニア(または不明),世界選手権,2018,タイトルにJPN/Japan,高,照合なし,Women's Wrestling - 2018 Senior World Championships - Budapest (HUN),https://www.youtube.com/watch?v=2TmBnDyxDzE
KmzeN9dB0_0,1/8 WW - 59 kg: R. KAWAI (JPN) v. X. PEI (CHN),2018-10-22,8:08,試合,シニア(または不明),世界選手権,2018,タイトルにJPN/Japan,高,照合なし,Women's Wrestling - 2018 Senior World Championships - Budapest (HUN),https://www.youtube.com/watch?v=KmzeN9dB0_0
XZfwq3C5fNg,BRONZE FS - 92 kg: T. LUVSANDORJ (MGL) v. A. MATSUMOTO (JPN),2018-10-22,13:21,試合,シニア(または不明),世界選手権,2018,タイトルにJPN/Japan・選手名の一致,高,松本 彬夢(Ayumu MATSUMOTO),Freestyle Wrestling - 2018 Senior World Championships - Budapest (HUN),https://www.youtube.com/watch?v=XZfwq3C5fNg
M-iBXjzy5Lk,BRONZE FS - 57 kg: R. ANDREU ORTEG (CUB) v. Y. TAKAHASHI (JPN),2018-10-22,7:55,試合,シニア(または不明),世界選手権,2018,タイトルにJPN/Japan・選手名の一致,高,照合なし(同じローマ字が2人以上),Freestyle Wrestling - 2018 Senior World Championships - Budapest (HUN),https://www.youtube.com/watch?v=M-iBXjzy5Lk
9sKezQoI74w,Qual. FS - 97 kg: T. YAMAGUCHI (JPN) v. C. MERRILL (PUR),2018-10-22,4:18,試合,シニア(または不明),世界選手権,2018,タイトルにJPN/Japan・選手名の一致,高,山口 太一(Taichi YAMAGUCHI),Freestyle Wrestling - 2018 Senior World Championships - Budapest (HUN),https://www.youtube.com/watch?v=9sKezQoI74w
1wdRIM5s3gc,Qual. FS - 70 kg: I. NAVRUZOV (UZB) v. K. OTOGURO (JPN),2018-10-22,3:20,試合,シニア(または不明),世界選手権,2018,タイトルにJPN/Japan,高,照合なし,Freestyle Wrestling - 2018 Senior World Championships - Budapest (HUN),https://www.youtube.com/watch?v=1wdRIM5s3gc
xTjMFmDLuO4,1/8 FS - 97 kg: T. YAMAGUCHI (JPN) v. A. CONYEDO RUAN (ITA),2018-10-22,8:27,試合,シニア(または不明),世界選手権,2018,タイトルにJPN/Japan・選手名の一致,高,山口 太一(Taichi YAMAGUCHI),Freestyle Wrestling - 2018 Senior World Championships - Budapest (HUN),https://www.youtube.com/watch?v=xTjMFmDLuO4
ajEaAWT6E8g,A. CHAKAEV (RUS) v. T. OTOGURO (JPN)  | FS 65kg | 2019 World Championships | 1/2,2018-10-21,17:12,試合,シニア(または不明),世界選手権,2019,タイトルにJPN/Japan,高,照合なし,Greatest Wrestling Videos Of All Time | United World Wrestling / Freestyle Wrestling - 2018 Senior World Championships - Budapest (HUN),https://www.youtube.com/watch?v=ajEaAWT6E8g
thPV0kjOKA8,1/2 FS - 92 kg: A. MATSUMOTO (JPN) v. I. YANKOUSKI (BLR),2018-10-21,1:37,試合,シニア(または不明),世界選手権,2018,タイトルにJPN/Japan・選手名の一致,高,松本 彬夢(Ayumu MATSUMOTO),Freestyle Wrestling - 2018 Senior World Championships - Budapest (HUN),https://www.youtube.com/watch?v=thPV0kjOKA8
Va0cJiTxRlQ,1/2 FS - 92 kg: A. MATSUMOTO (JPN) v. I. YANKOUSKI (BLR),2018-10-21,1:30,試合,シニア(または不明),世界選手権,2018,タイトルにJPN/Japan・選手名の一致,高,松本 彬夢(Ayumu MATSUMOTO),Freestyle Wrestling - 2018 Senior World Championships - Budapest (HUN),https://www.youtube.com/watch?v=Va0cJiTxRlQ
-8rqxVzFR4M,1/2 FS - 65 kg: A. CHAKAEV (RUS) v. T. OTOGURO (JPN),2018-10-21,17:08,試合,シニア(または不明),世界選手権,2018,タイトルにJPN/Japan,高,照合なし,Freestyle Wrestling - 2018 Senior World Championships - Budapest (HUN),https://www.youtube.com/watch?v=-8rqxVzFR4M
Nw86SEDsMSs,1/2 FS - 57 kg: Z. UGUEV (RUS) v. Y. TAKAHASHI (JPN),2018-10-21,8:17,試合,シニア(または不明),世界選手権,2018,タイトルにJPN/Japan・選手名の一致,高,照合なし(同じローマ字が2人以上),Freestyle Wrestling - 2018 Senior World Championships - Budapest (HUN),https://www.youtube.com/watch?v=Nw86SEDsMSs
8Z89OFQtb_c,1/4 FS - 92 kg: A. MATSUMOTO (JPN) v. L. SAGALIUK (UKR),2018-10-21,8:24,試合,シニア(または不明),世界選手権,2018,タイトルにJPN/Japan・選手名の一致,高,松本 彬夢(Ayumu MATSUMOTO),Freestyle Wrestling - 2018 Senior World Championships - Budapest (HUN),https://www.youtube.com/watch?v=8Z89OFQtb_c
MoMvtjr8qIk,Qual. FS - 57 kg: Y. TAKAHASHI (JPN) v. M. LIU (CHN),2018-10-21,7:50,試合,シニア(または不明),世界選手権,2018,タイトルにJPN/Japan・選手名の一致,高,照合なし(同じローマ字が2人以上),Freestyle Wrestling - 2018 Senior World Championships - Budapest (HUN),https://www.youtube.com/watch?v=MoMvtjr8qIk
RoKkMhKrKzM,1/8 FS - 79 kg: E. AKBARIZARINK (IRI) v. S. TAKATANI (JPN),2018-10-21,10:37,試合,シニア(または不明),世界選手権,2018,タイトルにJPN/Japan・選手名の一致,高,高谷 惣亮(Sosuke TAKATANI),Freestyle Wrestling - 2018 Senior World Championships - Budapest (HUN),https://www.youtube.com/watch?v=RoKkMhKrKzM
VQGiwJfQMgs,Qual. FS - 79 kg: M. NAGY (HUN) v. S. TAKATANI (JPN),2018-10-21,8:32,試合,シニア(または不明),世界選手権,2018,タイトルにJPN/Japan・選手名の一致,高,高谷 惣亮(Sosuke TAKATANI),Freestyle Wrestling - 2018 Senior World Championships - Budapest (HUN),https://www.youtube.com/watch?v=VQGiwJfQMgs
rUvL_z26S9s,1/4 FS - 57 kg: Y. TAKAHASHI (JPN) v. U. ANDREYEU (BLR),2018-10-21,7:50,試合,シニア(または不明),世界選手権,2018,タイトルにJPN/Japan・選手名の一致,高,照合なし(同じローマ字が2人以上),Freestyle Wrestling - 2018 Senior World Championships - Budapest (HUN),https://www.youtube.com/watch?v=rUvL_z26S9s
WrtMoLG0vrU,1/8 FS - 92 kg: S. BOKE (TUR) v. A. MATSUMOTO (JPN),2018-10-21,12:44,試合,シニア(または不明),世界選手権,2018,タイトルにJPN/Japan・選手名の一致,高,松本 彬夢(Ayumu MATSUMOTO),Freestyle Wrestling - 2018 Senior World Championships - Budapest (HUN),https://www.youtube.com/watch?v=WrtMoLG0vrU
zTS4qQMLtt8,Qual. FS - 65 kg: G. BUCUR (ROU) v. T. OTOGURO (JPN),2018-10-21,8:52,試合,シニア(または不明),世界選手権,2018,タイトルにJPN/Japan,高,照合なし,Freestyle Wrestling - 2018 Senior World Championships - Budapest (HUN),https://www.youtube.com/watch?v=zTS4qQMLtt8
KnHeaiPvAbg,1/8 FS - 65 kg: T. OTOGURO (JPN) v. V. SHUPTAR (UKR),2018-10-21,9:45,試合,シニア(または不明),世界選手権,2018,タイトルにJPN/Japan,高,照合なし,Freestyle Wrestling - 2018 Senior World Championships - Budapest (HUN),https://www.youtube.com/watch?v=KnHeaiPvAbg
YKH_C_TWX2o,1/8 FS - 57 kg: Y. TAKAHASHI (JPN) v. M. NAIM (BUL),2018-10-21,3:16,試合,シニア(または不明),世界選手権,2018,タイトルにJPN/Japan・選手名の一致,高,照合なし(同じローマ字が2人以上),Freestyle Wrestling - 2018 Senior World Championships - Budapest (HUN),https://www.youtube.com/watch?v=YKH_C_TWX2o
sRTJwJ2aPEs,1/4 FS - 65 kg: T. OTOGURO (JPN) v. A. PERPELITA (MDA),2018-10-21,8:34,試合,シニア(または不明),世界選手権,2018,タイトルにJPN/Japan,高,照合なし,Freestyle Wrestling - 2018 Senior World Championships - Budapest (HUN),https://www.youtube.com/watch?v=sRTJwJ2aPEs
G8tJLgq28JU,1/4 FS - 61 kg: B. LOMTADZE (GEO) v. K. KOYANAGI (JPN),2018-10-20,8:09,試合,シニア(または不明),世界選手権,2018,タイトルにJPN/Japan,高,照合なし,Freestyle Wrestling - 2018 Senior World Championships - Budapest (HUN),https://www.youtube.com/watch?v=G8tJLgq28JU
m3mYPzSgUfo,1/8 FS - 125 kg: S. SUMIT (IND) v. T. YAMAMOTO (JPN),2018-10-20,8:06,試合,シニア(または不明),世界選手権,2018,タイトルにJPN/Japan・選手名の一致,高,山本 泰輝(Taiki YAMAMOTO),Freestyle Wrestling - 2018 Senior World Championships - Budapest (HUN),https://www.youtube.com/watch?v=m3mYPzSgUfo
pgM0R1rDLcM,1/8 FS - 74 kg: Y. FUJINAMI (JPN) v. A. NURYKAU (BLR),2018-10-20,8:38,試合,シニア(または不明),世界選手権,2018,タイトルにJPN/Japan,高,照合なし,Freestyle Wrestling - 2018 Senior World Championships - Budapest (HUN),https://www.youtube.com/watch?v=pgM0R1rDLcM
q0WvOMxKslc,1/16 FS - 74 kg: R. ESPINOZA VED (BOL) v. Y. FUJINAMI (JPN),2018-10-20,2:01,試合,シニア(または不明),世界選手権,2018,タイトルにJPN/Japan,高,照合なし,Freestyle Wrestling - 2018 Senior World Championships - Budapest (HUN),https://www.youtube.com/watch?v=q0WvOMxKslc
3ywtoSX11BA,1/8 FS - 61 kg: P. IBRAHIMOV (AZE) v. K. KOYANAGI (JPN),2018-10-20,12:00,試合,シニア(または不明),世界選手権,2018,タイトルにJPN/Japan,高,照合なし,Freestyle Wrestling - 2018 Senior World Championships - Budapest (HUN),https://www.youtube.com/watch?v=3ywtoSX11BA
qo_C6SY0Cuk,Qual. FS - 61 kg: P. ZHOU (CHN) v. K. KOYANAGI (JPN),2018-10-20,8:34,試合,シニア(または不明),世界選手権,2018,タイトルにJPN/Japan,高,照合なし,Freestyle Wrestling - 2018 Senior World Championships - Budapest (HUN),https://www.youtube.com/watch?v=qo_C6SY0Cuk
76MpcwSyO0M,Qual. FS - 86 kg: S. REICHMUTH (SUI) v. S. SHIRAI (JPN),2018-10-20,11:20,試合,シニア(または不明),世界選手権,2018,タイトルにJPN/Japan,高,照合なし,Freestyle Wrestling - 2018 Senior World Championships - Budapest (HUN),https://www.youtube.com/watch?v=76MpcwSyO0M
lY_1BDMslxk,GOLD FS - 70 kg: K. FURUSATO (JPN) v. A. TSIKVADZE (GEO),2018-10-02,7:58,試合,シニア(または不明),世界選手権,2018,タイトルにJPN/Japan,高,照合なし,Freestyle - 2018 Veteran World Championships //SKOPJE - MACEDONIA,https://www.youtube.com/watch?v=lY_1BDMslxk
kkIN4C0n2qo,1/4 FS - 130 kg: M. SHISHIDO (JPN) v. S. BATMUNKH (MGL),2018-10-02,8:56,試合,シニア(または不明),世界選手権,2018,タイトルにJPN/Japan,高,照合なし,Freestyle - 2018 Veteran World Championships //SKOPJE - MACEDONIA,https://www.youtube.com/watch?v=kkIN4C0n2qo
cVeIaEMxV3I,1/2 FS - 62 kg: H. OTA (JPN) v. V. ETKO (GBR),2018-10-02,5:50,試合,シニア(または不明),世界選手権,2018,タイトルにJPN/Japan,高,照合なし,Freestyle - 2018 Veteran World Championships //SKOPJE - MACEDONIA,https://www.youtube.com/watch?v=cVeIaEMxV3I
wg9PHLRXc3w,1/4 FS - 70 kg: O. KOSYNTSEV (UKR) v. K. FURUSATO (JPN),2018-10-02,6:08,試合,シニア(または不明),世界選手権,2018,タイトルにJPN/Japan,高,照合なし,Freestyle - 2018 Veteran World Championships //SKOPJE - MACEDONIA,https://www.youtube.com/watch?v=wg9PHLRXc3w
by1FCIhTRdU,1/4 FS - 62 kg: H. OTA (JPN) v. R. STEWART FRED (USA),2018-10-02,4:40,試合,シニア(または不明),世界選手権,2018,タイトルにJPN/Japan,高,照合なし,Freestyle - 2018 Veteran World Championships //SKOPJE - MACEDONIA,https://www.youtube.com/watch?v=by1FCIhTRdU
SobdvH1nK54,1/4 FS - 70 kg: T. MORI (JPN) v. G. BISTRITCHI (MDA),2018-10-02,9:43,試合,シニア(または不明),世界選手権,2018,タイトルにJPN/Japan,高,照合なし,Freestyle - 2018 Veteran World Championships //SKOPJE - MACEDONIA,https://www.youtube.com/watch?v=SobdvH1nK54
X2oOxYCwvvY,BRONZE FS - 70 kg: L. CARIERI (ITA) v. T. MORI (JPN),2018-10-02,6:07,試合,シニア(または不明),世界選手権,2018,タイトルにJPN/Japan,高,照合なし,Freestyle - 2018 Veteran World Championships //SKOPJE - MACEDONIA,https://www.youtube.com/watch?v=X2oOxYCwvvY
T1562dLHSRE,1/2 FS - 78 kg: K. ITOKAWA (JPN) v. R. SHABANI (MKD),2018-10-02,1:14,試合,シニア(または不明),世界選手権,2018,タイトルにJPN/Japan,高,照合なし,Freestyle - 2018 Veteran World Championships //SKOPJE - MACEDONIA,https://www.youtube.com/watch?v=T1562dLHSRE
tKsLXP3WyvE,1/4 FS - 78 kg: K. ITOKAWA (JPN) v. M. TORUN (TUR),2018-10-02,2:05,試合,シニア(または不明),世界選手権,2018,タイトルにJPN/Japan,高,照合なし,Freestyle - 2018 Veteran World Championships //SKOPJE - MACEDONIA,https://www.youtube.com/watch?v=tKsLXP3WyvE
rpcheWLDzCk,1/4 FS - 62 kg: A. KHERTEK (RUS) v. M. KAKIZAKI (JPN),2018-10-02,6:04,試合,シニア(または不明),世界選手権,2018,タイトルにJPN/Japan,高,照合なし,Freestyle - 2018 Veteran World Championships //SKOPJE - MACEDONIA,https://www.youtube.com/watch?v=rpcheWLDzCk
DTxusKK-q70,1/8 FS - 70 kg: T. MORI (JPN) v. T. BEGALIEV (KGZ),2018-10-02,6:28,試合,シニア(または不明),世界選手権,2018,タイトルにJPN/Japan,高,照合なし,Freestyle - 2018 Veteran World Championships //SKOPJE - MACEDONIA,https://www.youtube.com/watch?v=DTxusKK-q70
uaS1sn6hikM,BRONZE FS - 62 kg: A. KALPATSANIDI (GRE) v. H. OTA (JPN),2018-10-02,8:37,試合,シニア(または不明),世界選手権,2018,タイトルにJPN/Japan,高,照合なし,Freestyle - 2018 Veteran World Championships //SKOPJE - MACEDONIA,https://www.youtube.com/watch?v=uaS1sn6hikM
bqDzpoWLaxs,1/2 FS - 70 kg: Z. KOYAN (TUR) v. T. KAKEFUDA (JPN),2018-10-01,9:39,試合,シニア(または不明),世界選手権,2018,タイトルにJPN/Japan,高,照合なし,Freestyle - 2018 Veteran World Championships //SKOPJE - MACEDONIA,https://www.youtube.com/watch?v=bqDzpoWLaxs
HRiXF7cq1Zc,1/4 FS - 70 kg: T. KAKEFUDA (JPN) v. E. DAYNDAPOV (RUS),2018-10-01,6:05,試合,シニア(または不明),世界選手権,2018,タイトルにJPN/Japan,高,照合なし,Freestyle - 2018 Veteran World Championships //SKOPJE - MACEDONIA,https://www.youtube.com/watch?v=HRiXF7cq1Zc
Z5ANIR3INJc,Qual. FS - 88 kg: H. YUGAWA (JPN) v. A. VERTOKHVOSTO (RUS),2018-10-01,5:46,試合,シニア(または不明),世界選手権,2018,タイトルにJPN/Japan,高,照合なし,Freestyle - 2018 Veteran World Championships //SKOPJE - MACEDONIA,https://www.youtube.com/watch?v=Z5ANIR3INJc
ufpDO9DV2dg,Repechage FS - 78 kg: H. SHIBATA (JPN) v. M. BUHZ (GER),2018-10-01,6:58,試合,シニア(または不明),世界選手権,2018,タイトルにJPN/Japan,高,照合なし,Freestyle - 2018 Veteran World Championships //SKOPJE - MACEDONIA,https://www.youtube.com/watch?v=ufpDO9DV2dg
AOzQ0MGu6F4,Qual. FS - 70 kg: Y. SUGATA (JPN) v. B. HIKMET (TUR),2018-10-01,9:20,試合,シニア(または不明),世界選手権,2018,タイトルにJPN/Japan,高,照合なし,Freestyle - 2018 Veteran World Championships //SKOPJE - MACEDONIA,https://www.youtube.com/watch?v=AOzQ0MGu6F4
H146lIYDOUI,BRONZE FS - 70 kg: M. GROSS (GER) v. T. KAKEFUDA (JPN),2018-10-01,10:14,試合,シニア(または不明),世界選手権,2018,タイトルにJPN/Japan,高,照合なし,Freestyle - 2018 Veteran World Championships //SKOPJE - MACEDONIA,https://www.youtube.com/watch?v=H146lIYDOUI
GH4WAS92AFw,1/2 FS - 70 kg: B. HIKMET (TUR) v. K. ITO (JPN),2018-10-01,7:26,試合,シニア(または不明),世界選手権,2018,タイトルにJPN/Japan・選手名の一致,高,照合なし(同じローマ字が2人以上),Freestyle - 2018 Veteran World Championships //SKOPJE - MACEDONIA,https://www.youtube.com/watch?v=GH4WAS92AFw
dhwldcVBr3Y,1/2 FS - 70 kg: E. HONNA (JPN) v. M. IBADOV (AZE),2018-10-01,8:37,試合,シニア(または不明),世界選手権,2018,タイトルにJPN/Japan,高,照合なし,Freestyle - 2018 Veteran World Championships //SKOPJE - MACEDONIA,https://www.youtube.com/watch?v=dhwldcVBr3Y
pznEMSNR6x4,1/4 FS - 88 kg: I. RAGULIN (KAZ) v. H. YUGAWA (JPN),2018-10-01,6:32,試合,シニア(または不明),世界選手権,2018,タイトルにJPN/Japan,高,照合なし,Freestyle - 2018 Veteran World Championships //SKOPJE - MACEDONIA,https://www.youtube.com/watch?v=pznEMSNR6x4
7RiTfRou3xw,1/2 FS - 88 kg: W. PUTTER (RSA) v. H. YUGAWA (JPN),2018-10-01,5:44,試合,シニア(または不明),世界選手権,2018,タイトルにJPN/Japan,高,照合なし,Freestyle - 2018 Veteran World Championships //SKOPJE - MACEDONIA,https://www.youtube.com/watch?v=7RiTfRou3xw
GVSuj6frDRs,BRONZE FS - 88 kg: K. KARES (USA) v. H. YUGAWA (JPN),2018-10-01,2:32,試合,シニア(または不明),世界選手権,2018,タイトルにJPN/Japan,高,照合なし,Freestyle - 2018 Veteran World Championships //SKOPJE - MACEDONIA,https://www.youtube.com/watch?v=GVSuj6frDRs
glICFMqjc6o,BRONZE FS - 78 kg: T. SULIMANOV (KAZ) v. K. ITOKAWA (JPN),2018-10-01,2:09,試合,シニア(または不明),世界選手権,2018,タイトルにJPN/Japan,高,照合なし,Freestyle - 2018 Veteran World Championships //SKOPJE - MACEDONIA,https://www.youtube.com/watch?v=glICFMqjc6o
Y-QSs2HUVmU,BRONZE FS - 62 kg: Y. OKABE (JPN) v. A. KHERTEK (RUS),2018-10-01,6:19,試合,シニア(または不明),世界選手権,2018,タイトルにJPN/Japan,高,照合なし,Freestyle - 2018 Veteran World Championships //SKOPJE - MACEDONIA,https://www.youtube.com/watch?v=Y-QSs2HUVmU
Z935i6Mg-jw,Qual. FS - 70 kg: S. PEHLIVANOV (BUL) v. T. KAKEFUDA (JPN),2018-10-01,6:12,試合,シニア(または不明),世界選手権,2018,タイトルにJPN/Japan,高,照合なし,Freestyle - 2018 Veteran World Championships //SKOPJE - MACEDONIA,https://www.youtube.com/watch?v=Z935i6Mg-jw
JcnxSsEAeqM,1/8 FS - 70 kg: Y. SAKAMOTO (JPN) v. S. BITTMANN (GER),2018-10-01,5:53,試合,シニア(または不明),世界選手権,2018,タイトルにJPN/Japan・選手名の一致,高,照合なし,Freestyle - 2018 Veteran World Championships //SKOPJE - MACEDONIA,https://www.youtube.com/watch?v=JcnxSsEAeqM
F7f44RcWSyo,1/4 FS - 62 kg: Y. OKABE (JPN) v. R. OSMAN (BUL),2018-10-01,4:32,試合,シニア(または不明),世界選手権,2018,タイトルにJPN/Japan,高,照合なし,Freestyle - 2018 Veteran World Championships //SKOPJE - MACEDONIA,https://www.youtube.com/watch?v=F7f44RcWSyo
IbO4PGg8EOk,BRONZE FS - 70 kg: J. CAPPIELLO (USA) v. E. HONNA (JPN),2018-10-01,2:48,試合,シニア(または不明),世界選手権,2018,タイトルにJPN/Japan,高,照合なし,Freestyle - 2018 Veteran World Championships //SKOPJE - MACEDONIA,https://www.youtube.com/watch?v=IbO4PGg8EOk
D5_Sk6Zk1Tg,1/2 FS - 70 kg: V. DANILOV (RUS) v. T. MORI (JPN),2018-10-01,7:15,試合,シニア(または不明),世界選手権,2018,タイトルにJPN/Japan,高,照合なし,Freestyle - 2018 Veteran World Championships //SKOPJE - MACEDONIA,https://www.youtube.com/watch?v=D5_Sk6Zk1Tg
QsfUiubMQzU,1/8 FS - 78 kg: M. HAGHIGHATDOU (GBR) v. H. SHIBATA (JPN),2018-10-01,6:35,試合,シニア(または不明),世界選手権,2018,タイトルにJPN/Japan,高,照合なし,Freestyle - 2018 Veteran World Championships //SKOPJE - MACEDONIA,https://www.youtube.com/watch?v=QsfUiubMQzU
4T2zTYvErmg,1/4 FS - 70 kg: A. KAITOV (RUS) v. K. ITO (JPN),2018-10-01,5:58,試合,シニア(または不明),世界選手権,2018,タイトルにJPN/Japan・選手名の一致,高,照合なし(同じローマ字が2人以上),Freestyle - 2018 Veteran World Championships //SKOPJE - MACEDONIA,https://www.youtube.com/watch?v=4T2zTYvErmg
IOeHv-RwvXA,1/4 FS - 70 kg: S. SHEVTSOV (UKR) v. E. HONNA (JPN),2018-10-01,1:32,試合,シニア(または不明),世界選手権,2018,タイトルにJPN/Japan,高,照合なし,Freestyle - 2018 Veteran World Championships //SKOPJE - MACEDONIA,https://www.youtube.com/watch?v=IOeHv-RwvXA
jHPLZrRAt9w,1/2 FS - 70 kg: J. VAN DER MERW (RSA) v. K. FURUSATO (JPN),2018-10-01,1:19,試合,シニア(または不明),世界選手権,2018,タイトルにJPN/Japan,高,照合なし,Freestyle - 2018 Veteran World Championships //SKOPJE - MACEDONIA,https://www.youtube.com/watch?v=jHPLZrRAt9w
VFDoXuq2-w4,Repechage FS - 61 kg: K. OGAWA (JPN) v. J. SAUNDERS (USA),2018-09-24,9:26,試合,U20,世界選手権,2018,タイトルにJPN/Japan・選手名の一致,高,照合なし(同じローマ字が2人以上),Freestyle - 2018 Junior World Championships //TRNAVA - SLOVAKIA,https://www.youtube.com/watch?v=VFDoXuq2-w4
IlDMPw08DhM,Repechage FS - 61 kg: K. OGAWA (JPN) v. V. TEVANYAN (ARM),2018-09-24,7:42,試合,U20,世界選手権,2018,タイトルにJPN/Japan・選手名の一致,高,照合なし(同じローマ字が2人以上),Freestyle - 2018 Junior World Championships //TRNAVA - SLOVAKIA,https://www.youtube.com/watch?v=IlDMPw08DhM
99aRTxmaw60,GOLD FS - 79 kg: A. BROOKS (USA) v. H. ISHIGURO (JPN),2018-09-22,10:26,試合,U20,世界選手権,2018,タイトルにJPN/Japan・選手名の一致,高,石黒 隼士(Hayato ISHIGURO),Best of Hayato ISHIGURO / Freestyle - 2018 Junior World Championships //TRNAVA - SLOVAKIA,https://www.youtube.com/watch?v=99aRTxmaw60
mngcnrRvvnc,Qual. FS - 86 kg: S. YAMADA (JPN) v. M. BIELAWSKI (POL),2018-09-22,9:09,試合,U20,世界選手権,2018,タイトルにJPN/Japan・選手名の一致,高,山田 脩(Shu YAMADA),Freestyle - 2018 Junior World Championships //TRNAVA - SLOVAKIA,https://www.youtube.com/watch?v=mngcnrRvvnc
A7eBO1WJP08,1/8 FS - 125 kg: K. TOYAMA (JPN) v. A. YARI (IRI),2018-09-22,3:40,試合,U20,世界選手権,2018,タイトルにJPN/Japan,高,照合なし,Freestyle - 2018 Junior World Championships //TRNAVA - SLOVAKIA,https://www.youtube.com/watch?v=A7eBO1WJP08
oVEdTLhBG54,Qual. FS - 61 kg: A. MAGOMEDOV (RUS) v. K. OGAWA (JPN),2018-09-22,1:37,試合,U20,世界選手権,2018,タイトルにJPN/Japan・選手名の一致,高,照合なし(同じローマ字が2人以上),Freestyle - 2018 Junior World Championships //TRNAVA - SLOVAKIA,https://www.youtube.com/watch?v=oVEdTLhBG54
8Epn1vyPJoQ,1/8 FS - 74 kg: Y. MIWA (JPN) v. G. MAMIAURI (GEO),2018-09-22,9:15,試合,U20,世界選手権,2018,タイトルにJPN/Japan・選手名の一致,高,三輪 優翔(Yuto MIWA),Freestyle - 2018 Junior World Championships //TRNAVA - SLOVAKIA,https://www.youtube.com/watch?v=8Epn1vyPJoQ
MQ2pCUD2yUw,1/8 FS - 86 kg: S. YAMADA (JPN) v. D. XU (CHN),2018-09-22,6:24,試合,U20,世界選手権,2018,タイトルにJPN/Japan・選手名の一致,高,山田 脩(Shu YAMADA),Freestyle - 2018 Junior World Championships //TRNAVA - SLOVAKIA,https://www.youtube.com/watch?v=MQ2pCUD2yUw
jnkjsAslmCQ,Qual. FS - 74 kg: Y. MIWA (JPN) v. G. LEE (KOR),2018-09-22,3:52,試合,U20,世界選手権,2018,タイトルにJPN/Japan・選手名の一致,高,三輪 優翔(Yuto MIWA),Freestyle - 2018 Junior World Championships //TRNAVA - SLOVAKIA,https://www.youtube.com/watch?v=jnkjsAslmCQ
mYEPMWsLvH4,1/4 FS - 86 kg: S. HASHEMIJOUYB (IRI) v. S. YAMADA (JPN),2018-09-22,9:25,試合,U20,世界選手権,2018,タイトルにJPN/Japan・選手名の一致,高,山田 脩(Shu YAMADA),Freestyle - 2018 Junior World Championships //TRNAVA - SLOVAKIA,https://www.youtube.com/watch?v=mYEPMWsLvH4
cX1j_qyc3pE,1/8 FS - 92 kg: S. YAMAZAKI (JPN) v. S. SANJEET (IND),2018-09-22,8:48,試合,U20,世界選手権,2018,タイトルにJPN/Japan,高,照合なし,Freestyle - 2018 Junior World Championships //TRNAVA - SLOVAKIA,https://www.youtube.com/watch?v=cX1j_qyc3pE
IZC-38ieZ8I,GOLD WW - 53 kg: U. IMAI (JPN) v. A. KEUNIMJAEVA (UZB),2018-09-21,5:12,試合,U20,世界選手権,2018,タイトルにJPN/Japan・選手名の一致,高,今井 佑海(Umi IMAI),Best of Aktenge KEUNIMJAEVA / Women's Wrestling - 2018 Junior World Championships //TRNAVA - SLOVAKIA,https://www.youtube.com/watch?v=IZC-38ieZ8I
zUb89cLZgHM,1/2 FS - 79 kg: H. ISHIGURO (JPN) v. A. GVARAMIIA (RUS),2018-09-21,9:44,試合,U20,世界選手権,2018,タイトルにJPN/Japan・選手名の一致,高,石黒 隼士(Hayato ISHIGURO),Best of Hayato ISHIGURO / Freestyle - 2018 Junior World Championships //TRNAVA - SLOVAKIA,https://www.youtube.com/watch?v=zUb89cLZgHM
nfNURHwiOgs,1/4 FS - 79 kg: S. MANN (IND) v. H. ISHIGURO (JPN),2018-09-21,3:18,試合,U20,世界選手権,2018,タイトルにJPN/Japan・選手名の一致,高,石黒 隼士(Hayato ISHIGURO),Best of Hayato ISHIGURO / Freestyle - 2018 Junior World Championships //TRNAVA - SLOVAKIA,https://www.youtube.com/watch?v=nfNURHwiOgs
_sf2SYkyP84,Qual. FS - 79 kg: T. BAASANDORJ (MGL) v. H. ISHIGURO (JPN),2018-09-21,2:09,試合,U20,世界選手権,2018,タイトルにJPN/Japan・選手名の一致,高,石黒 隼士(Hayato ISHIGURO),Best of Hayato ISHIGURO / Freestyle - 2018 Junior World Championships //TRNAVA - SLOVAKIA,https://www.youtube.com/watch?v=_sf2SYkyP84
UkNHc0Z0_Fs,Qual. FS - 65 kg: H. SAKAKI (JPN) v. G. GALSTYAN (ARM),2018-09-21,8:25,試合,U20,世界選手権,2018,タイトルにJPN/Japan,高,照合なし,Freestyle - 2018 Junior World Championships //TRNAVA - SLOVAKIA,https://www.youtube.com/watch?v=UkNHc0Z0_Fs
Y0Y9nt7FqPg,1/8 FS - 70 kg: A. ANDREASYAN (ARM) v. J. MOTOYAMA (JPN),2018-09-21,12:47,試合,U20,世界選手権,2018,タイトルにJPN/Japan,高,照合なし,Freestyle - 2018 Junior World Championships //TRNAVA - SLOVAKIA,https://www.youtube.com/watch?v=Y0Y9nt7FqPg
z7W5OVYi1QQ,1/8 FS - 79 kg: A. BATAIEV (UKR) v. H. ISHIGURO (JPN),2018-09-21,9:41,試合,U20,世界選手権,2018,タイトルにJPN/Japan・選手名の一致,高,石黒 隼士(Hayato ISHIGURO),Freestyle - 2018 Junior World Championships //TRNAVA - SLOVAKIA,https://www.youtube.com/watch?v=z7W5OVYi1QQ
sUOI0gFPHY8,Qual. FS - 57 kg: D. ARAKI (JPN) v. T. BOLD (MGL),2018-09-21,9:52,試合,U20,世界選手権,2018,タイトルにJPN/Japan,高,照合なし,Freestyle - 2018 Junior World Championships //TRNAVA - SLOVAKIA,https://www.youtube.com/watch?v=sUOI0gFPHY8
PgGfIcbKo88,1/8 FS - 97 kg: F. AKTURK (TUR) v. H. NINOMIYA (JPN),2018-09-21,6:01,試合,U20,世界選手権,2018,タイトルにJPN/Japan・選手名の一致,高,二ノ宮 寛斗(Hiroto NINOMIYA),Freestyle - 2018 Junior World Championships //TRNAVA - SLOVAKIA,https://www.youtube.com/watch?v=PgGfIcbKo88
cebIFj4NF6s,GOLD WW - 65 kg: M. IMAI (JPN) v. D. ENKHSAIKHAN (MGL),2018-09-21,5:54,試合,U20,世界選手権,2018,タイトルにJPN/Japan,高,照合なし,Women's Wrestling - 2018 Junior World Championships //TRNAVA - SLOVAKIA,https://www.youtube.com/watch?v=cebIFj4NF6s
lY4r7jkmUlM,GOLD WW - 57 kg: A. SAWA (JPN) v. Q. ZHANG (CHN),2018-09-21,2:47,試合,U20,世界選手権,2018,タイトルにJPN/Japan,高,照合なし,Women's Wrestling - 2018 Junior World Championships //TRNAVA - SLOVAKIA,https://www.youtube.com/watch?v=lY4r7jkmUlM
9yFoSH1F4_A,BRONZE WW - 72 kg: N. MATSUYUKI (JPN) v. A. ZIMIANKOVA (BLR),2018-09-21,7:52,試合,U20,世界選手権,2018,タイトルにJPN/Japan,高,照合なし,Women's Wrestling - 2018 Junior World Championships //TRNAVA - SLOVAKIA,https://www.youtube.com/watch?v=9yFoSH1F4_A
yt9BCYdKqg0,GOLD WW - 62 kg: A. KODAMA (JPN) v. N. ESENBAEVA (UZB),2018-09-21,0:15,試合,U20,世界選手権,2018,タイトルにJPN/Japan,高,照合なし,Women's Wrestling - 2018 Junior World Championships //TRNAVA - SLOVAKIA,https://www.youtube.com/watch?v=yt9BCYdKqg0
0RwNuihrAJg,Repechage WW - 72 kg: J. KIM (KOR) v. N. MATSUYUKI (JPN),2018-09-21,1:29,試合,U20,世界選手権,2018,タイトルにJPN/Japan,高,照合なし,Women's Wrestling - 2018 Junior World Championships //TRNAVA - SLOVAKIA,https://www.youtube.com/watch?v=0RwNuihrAJg
oy_ymeRChDQ,GOLD WW - 50 kg: Y. SUSAKI (JPN) v. E. RIESTERER (GER),2018-09-20,4:19,試合,U20,オリンピック,2018,タイトルにJPN/Japan・選手名の一致,高,須﨑 優衣(Yui SUSAKI),From U20 World Champs to Olympic Champs / Best of Yui Susaki / Women's Wrestling - 2018 Junior World Championships //TRNAVA - SLOVAKIA,https://www.youtube.com/watch?v=oy_ymeRChDQ
kaH0y1WY8Ag,GOLD WW - 59 kg: S. NANJO (JPN) v. A. NICHITA (MDA),2018-09-20,9:12,試合,U20,世界選手権,2018,タイトルにJPN/Japan・選手名の一致,高,南條 早映(Sae NANJO),Best of Anastasia NICHITA / Women's Wrestling - 2018 Junior World Championships //TRNAVA - SLOVAKIA,https://www.youtube.com/watch?v=kaH0y1WY8Ag
qUm8_8-7THI,1/4 WW - 57 kg: A. SAWA (JPN) v. H. TAYLOR (CAN),2018-09-20,1:14,試合,U20,世界選手権,2018,タイトルにJPN/Japan,高,照合なし,Best of David Taylor / Women's Wrestling - 2018 Junior World Championships //TRNAVA - SLOVAKIA,https://www.youtube.com/watch?v=qUm8_8-7THI
bhM_96ImepY,GOLD WW - 55 kg: K. BAYARAA (MGL) v. S. IGARASHI (JPN),2018-09-20,7:17,試合,U20,世界選手権,2018,タイトルにJPN/Japan,高,照合なし,Women's Wrestling - 2018 Junior World Championships //TRNAVA - SLOVAKIA,https://www.youtube.com/watch?v=bhM_96ImepY
vTy1hyeLCTE,BRONZE WW - 68 kg: M. MORIKAWA (JPN) v. H. PARK (KOR),2018-09-20,6:39,試合,U20,世界選手権,2018,タイトルにJPN/Japan・選手名の一致,高,森川 美和(Miwa MORIKAWA),Women's Wrestling - 2018 Junior World Championships //TRNAVA - SLOVAKIA,https://www.youtube.com/watch?v=vTy1hyeLCTE
ErnXQxzW6Rw,BRONZE WW - 76 kg: A. TISLICHENKO (UKR) v. Y. MATSUYUKI (JPN),2018-09-20,2:54,試合,U20,世界選手権,2018,タイトルにJPN/Japan・選手名の一致,高,松雪 泰葉(Yasuha MATSUYUKI),Women's Wrestling - 2018 Junior World Championships //TRNAVA - SLOVAKIA,https://www.youtube.com/watch?v=ErnXQxzW6Rw
wjdzlEeqsa8,1/2 WW - 65 kg: M. IMAI (JPN) v. V. EISMANT (BLR),2018-09-20,3:51,試合,U20,世界選手権,2018,タイトルにJPN/Japan,高,照合なし,Women's Wrestling - 2018 Junior World Championships //TRNAVA - SLOVAKIA,https://www.youtube.com/watch?v=wjdzlEeqsa8
XGKg1egnnDk,1/2 WW - 53 kg: U. IMAI (JPN) v. M. TIUMEREKOVA (RUS),2018-09-20,8:39,試合,U20,世界選手権,2018,タイトルにJPN/Japan・選手名の一致,高,今井 佑海(Umi IMAI),Women's Wrestling - 2018 Junior World Championships //TRNAVA - SLOVAKIA,https://www.youtube.com/watch?v=XGKg1egnnDk
biJUMgQOwNk,1/2 WW - 62 kg: A. KODAMA (JPN) v. D. BOBRULKO (RUS),2018-09-20,5:36,試合,U20,世界選手権,2018,タイトルにJPN/Japan,高,照合なし,Women's Wrestling - 2018 Junior World Championships //TRNAVA - SLOVAKIA,https://www.youtube.com/watch?v=biJUMgQOwNk
5KVpZ9yG2Zo,Qual. WW - 65 kg: E. SEWINA (GER) v. M. IMAI (JPN),2018-09-20,1:52,試合,U20,世界選手権,2018,タイトルにJPN/Japan,高,照合なし,Women's Wrestling - 2018 Junior World Championships //TRNAVA - SLOVAKIA,https://www.youtube.com/watch?v=5KVpZ9yG2Zo
wXfcDAYzCoo,1/8 WW - 72 kg: N. BATBOLD (MGL) v. N. MATSUYUKI (JPN),2018-09-20,7:08,試合,U20,世界選手権,2018,タイトルにJPN/Japan,高,照合なし,Women's Wrestling - 2018 Junior World Championships //TRNAVA - SLOVAKIA,https://www.youtube.com/watch?v=wXfcDAYzCoo
F6nEpi3NAwg,1/8 WW - 53 kg: U. IMAI (JPN) v. A. CZYZOWICZ (POL),2018-09-20,3:39,試合,U20,世界選手権,2018,タイトルにJPN/Japan・選手名の一致,高,今井 佑海(Umi IMAI),Women's Wrestling - 2018 Junior World Championships //TRNAVA - SLOVAKIA,https://www.youtube.com/watch?v=F6nEpi3NAwg
qEDiyBcwuG0,Repechage WW - 68 kg: M. MORIKAWA (JPN) v. R. AYARI (TUN),2018-09-20,2:00,試合,U20,世界選手権,2018,タイトルにJPN/Japan・選手名の一致,高,森川 美和(Miwa MORIKAWA),Women's Wrestling - 2018 Junior World Championships //TRNAVA - SLOVAKIA,https://www.youtube.com/watch?v=qEDiyBcwuG0
g57Tw4Cw5kA,1/4 WW - 53 kg: J. DAVIS (CAN) v. U. IMAI (JPN),2018-09-20,2:31,試合,U20,世界選手権,2018,タイトルにJPN/Japan・選手名の一致,高,今井 佑海(Umi IMAI),Women's Wrestling - 2018 Junior World Championships //TRNAVA - SLOVAKIA,https://www.youtube.com/watch?v=g57Tw4Cw5kA
YYP2h7rt998,1/4 WW - 65 kg: A. KHRIPKOVA (RUS) v. M. IMAI (JPN),2018-09-20,5:44,試合,U20,世界選手権,2018,タイトルにJPN/Japan,高,照合なし,Women's Wrestling - 2018 Junior World Championships //TRNAVA - SLOVAKIA,https://www.youtube.com/watch?v=YYP2h7rt998
_X_VZEbzdRE,1/4 WW - 62 kg: A. KODAMA (JPN) v. X. SUN (CHN),2018-09-20,5:40,試合,U20,世界選手権,2018,タイトルにJPN/Japan,高,照合なし,Women's Wrestling - 2018 Junior World Championships //TRNAVA - SLOVAKIA,https://www.youtube.com/watch?v=_X_VZEbzdRE
TQexh14XbIY,1/8 WW - 62 kg: A. KODAMA (JPN) v. V. FELHO (HUN),2018-09-20,3:05,試合,U20,世界選手権,2018,タイトルにJPN/Japan,高,照合なし,Women's Wrestling - 2018 Junior World Championships //TRNAVA - SLOVAKIA,https://www.youtube.com/watch?v=TQexh14XbIY
etLPVN8hEOI,1/8 WW - 57 kg: S. BOELKE (GER) v. A. SAWA (JPN),2018-09-20,0:57,試合,U20,世界選手権,2018,タイトルにJPN/Japan,高,照合なし,Women's Wrestling - 2018 Junior World Championships //TRNAVA - SLOVAKIA,https://www.youtube.com/watch?v=etLPVN8hEOI
UyE2koUKD2U,1/2 WW - 57 kg: A. SAWA (JPN) v. M. MANSI (IND),2018-09-20,2:47,試合,U20,世界選手権,2018,タイトルにJPN/Japan,高,照合なし,Women's Wrestling - 2018 Junior World Championships //TRNAVA - SLOVAKIA,https://www.youtube.com/watch?v=UyE2koUKD2U
-oWfZb97pug,1/4 WW - 72 kg: N. MATSUYUKI (JPN) v. E. ZAKHARCHENKO (RUS),2018-09-20,9:14,試合,U20,世界選手権,2018,タイトルにJPN/Japan,高,照合なし,Women's Wrestling - 2018 Junior World Championships //TRNAVA - SLOVAKIA,https://www.youtube.com/watch?v=-oWfZb97pug
L2r3heFd2R8,Day 4 - Gold Medal Match Highlights,2018-09-20,2:52,ハイライト・特集,U20,世界選手権,2018,説明にJPN/Japan,低(要確認),照合なし,News + Highights - 2018 Junior World Championships,https://www.youtube.com/watch?v=L2r3heFd2R8
L09ELA4QbsU,1/8 WW - 59 kg: S. NANJO (JPN) v. A. KAZYMOVA (RUS),2018-09-19,10:07,試合,U20,世界選手権,2018,タイトルにJPN/Japan・選手名の一致,高,南條 早映(Sae NANJO),Women's Wrestling - 2018 Junior World Championships //TRNAVA - SLOVAKIA,https://www.youtube.com/watch?v=L09ELA4QbsU
jh9V7XkDWwU,Qual. WW - 68 kg: K. VELIEVA (RUS) v. M. MORIKAWA (JPN),2018-09-19,8:50,試合,U20,世界選手権,2018,タイトルにJPN/Japan・選手名の一致,高,森川 美和(Miwa MORIKAWA),Women's Wrestling - 2018 Junior World Championships //TRNAVA - SLOVAKIA,https://www.youtube.com/watch?v=jh9V7XkDWwU
ZfshEEOA_U0,1/4 WW - 50 kg: Y. SUSAKI (JPN) v. Y. ZHONG (CHN),2018-09-19,1:36,試合,U20,世界選手権,2018,タイトルにJPN/Japan・選手名の一致,高,須﨑 優衣(Yui SUSAKI),Women's Wrestling - 2018 Junior World Championships //TRNAVA - SLOVAKIA,https://www.youtube.com/watch?v=ZfshEEOA_U0
HmcwXtnK8Qg,Qual. WW - 76 kg: D. GUILFORD (USA) v. Y. MATSUYUKI (JPN),2018-09-19,6:52,試合,U20,世界選手権,2018,タイトルにJPN/Japan・選手名の一致,高,松雪 泰葉(Yasuha MATSUYUKI),Women's Wrestling - 2018 Junior World Championships //TRNAVA - SLOVAKIA,https://www.youtube.com/watch?v=HmcwXtnK8Qg
JoS8ymD8944,1/4 WW - 59 kg: E. BOGNAR (HUN) v. S. NANJO (JPN),2018-09-19,2:59,試合,U20,世界選手権,2018,タイトルにJPN/Japan・選手名の一致,高,南條 早映(Sae NANJO),Women's Wrestling - 2018 Junior World Championships //TRNAVA - SLOVAKIA,https://www.youtube.com/watch?v=JoS8ymD8944
v2TtaTG2ybQ,1/8 WW - 55 kg: S. IGARASHI (JPN) v. S. BOUSETTA (TUN),2018-09-19,2:05,試合,U20,世界選手権,2018,タイトルにJPN/Japan,高,照合なし,Women's Wrestling - 2018 Junior World Championships //TRNAVA - SLOVAKIA,https://www.youtube.com/watch?v=v2TtaTG2ybQ
7rZ4HfrmcJk,1/2 WW - 59 kg: S. NANJO (JPN) v. A. ANSHU (IND),2018-09-19,3:32,試合,U20,世界選手権,2018,タイトルにJPN/Japan・選手名の一致,高,南條 早映(Sae NANJO),Women's Wrestling - 2018 Junior World Championships //TRNAVA - SLOVAKIA,https://www.youtube.com/watch?v=7rZ4HfrmcJk
tGQRRZDPJpg,1/2 WW - 55 kg: E. VERBINA (RUS) v. S. IGARASHI (JPN),2018-09-19,7:29,試合,U20,世界選手権,2018,タイトルにJPN/Japan,高,照合なし,Women's Wrestling - 2018 Junior World Championships //TRNAVA - SLOVAKIA,https://www.youtube.com/watch?v=tGQRRZDPJpg
imS5udcmZnY,1/2 WW - 76 kg: Y. HUANG (CHN) v. Y. MATSUYUKI (JPN),2018-09-19,2:37,試合,U20,世界選手権,2018,タイトルにJPN/Japan・選手名の一致,高,松雪 泰葉(Yasuha MATSUYUKI),Women's Wrestling - 2018 Junior World Championships //TRNAVA - SLOVAKIA,https://www.youtube.com/watch?v=imS5udcmZnY
RGnv0jLKMLg,1/2 WW - 50 kg: V. GURSKAYA (RUS) v. Y. SUSAKI (JPN),2018-09-19,2:50,試合,U20,世界選手権,2018,タイトルにJPN/Japan・選手名の一致,高,須﨑 優衣(Yui SUSAKI),Women's Wrestling - 2018 Junior World Championships //TRNAVA - SLOVAKIA,https://www.youtube.com/watch?v=RGnv0jLKMLg
gGFhR9h4wfg,1/4 WW - 76 kg: N. NISHA (IND) v. Y. MATSUYUKI (JPN),2018-09-19,3:43,試合,U20,世界選手権,2018,タイトルにJPN/Japan・選手名の一致,高,松雪 泰葉(Yasuha MATSUYUKI),Women's Wrestling - 2018 Junior World Championships //TRNAVA - SLOVAKIA,https://www.youtube.com/watch?v=gGFhR9h4wfg
UGaTqqKXH04,1/8 WW - 50 kg: Y. SUSAKI (JPN) v. M. DRAGUTAN (MDA),2018-09-19,1:48,試合,U20,世界選手権,2018,タイトルにJPN/Japan・選手名の一致,高,須﨑 優衣(Yui SUSAKI),Women's Wrestling - 2018 Junior World Championships //TRNAVA - SLOVAKIA,https://www.youtube.com/watch?v=UGaTqqKXH04
LDWtnBOWd7Q,1/4 WW - 55 kg: S. IGARASHI (JPN) v. A. ANJU (IND),2018-09-19,3:38,試合,U20,世界選手権,2018,タイトルにJPN/Japan,高,照合なし,Women's Wrestling - 2018 Junior World Championships //TRNAVA - SLOVAKIA,https://www.youtube.com/watch?v=LDWtnBOWd7Q
61nvgi_c7vY,BRONZE GR - 60 kg: K. YABE (JPN) v. R. ARNAUT (ROU),2018-09-19,9:18,試合,U20,世界選手権,2018,タイトルにJPN/Japan・選手名の一致,高,矢部 和希(Kazuki YABE),Greco-Roman - 2018 Junior World Championships //TRNAVA - SLOVAKIA,https://www.youtube.com/watch?v=61nvgi_c7vY
qnXqSIeay3U,BRONZE GR - 72 kg: E. ERGEN (TUR) v. M. MAEDA (JPN),2018-09-19,11:56,試合,U20,世界選手権,2018,タイトルにJPN/Japan,高,照合なし,Greco-Roman - 2018 Junior World Championships //TRNAVA - SLOVAKIA,https://www.youtube.com/watch?v=qnXqSIeay3U
Gzapcvg-nsE,Repechage GR - 60 kg: J. SANDRON (ITA) v. K. YABE (JPN),2018-09-19,11:22,試合,U20,世界選手権,2018,タイトルにJPN/Japan・選手名の一致,高,矢部 和希(Kazuki YABE),Greco-Roman - 2018 Junior World Championships //TRNAVA - SLOVAKIA,https://www.youtube.com/watch?v=Gzapcvg-nsE
5njAXmVxnVs,Repechage GR - 60 kg: K. YABE (JPN) v. A. MANUCHARYAN (ARM),2018-09-19,12:11,試合,U20,世界選手権,2018,タイトルにJPN/Japan・選手名の一致,高,矢部 和希(Kazuki YABE),Greco-Roman - 2018 Junior World Championships //TRNAVA - SLOVAKIA,https://www.youtube.com/watch?v=5njAXmVxnVs
2RWwmSmTmME,Qual. GR - 67 kg: P. NASIBOV (UKR) v. T. HORIE (JPN),2018-09-18,7:51,試合,U20,世界選手権,2018,タイトルにJPN/Japan,高,照合なし,Best of Parviz NASIBOV / Greco-Roman - 2018 Junior World Championships //TRNAVA - SLOVAKIA,https://www.youtube.com/watch?v=2RWwmSmTmME
nOrV237JPdQ,Qual. GR - 82 kg: K. MASKEVICH (BLR) v. M. TANAKA (JPN),2018-09-18,2:30,試合,U20,世界選手権,2018,タイトルにJPN/Japan,高,照合なし,Greco-Roman - 2018 Junior World Championships //TRNAVA - SLOVAKIA,https://www.youtube.com/watch?v=nOrV237JPdQ
UKXwDbXcOzI,1/8 GR - 72 kg: M. MAEDA (JPN) v. I. BILIMOV (KGZ),2018-09-18,3:15,試合,U20,世界選手権,2018,タイトルにJPN/Japan,高,照合なし,Greco-Roman - 2018 Junior World Championships //TRNAVA - SLOVAKIA,https://www.youtube.com/watch?v=UKXwDbXcOzI
1p8yzMXfSo4,Qual. GR - 72 kg: S. MIJOKOVIC (SRB) v. M. MAEDA (JPN),2018-09-18,2:48,試合,U20,世界選手権,2018,タイトルにJPN/Japan,高,照合なし,Greco-Roman - 2018 Junior World Championships //TRNAVA - SLOVAKIA,https://www.youtube.com/watch?v=1p8yzMXfSo4
yUZPHvTbxLE,1/8 GR - 60 kg: K. YABE (JPN) v. K. KAMAL (TUR),2018-09-18,13:21,試合,U20,世界選手権,2018,タイトルにJPN/Japan・選手名の一致,高,矢部 和希(Kazuki YABE),Greco-Roman - 2018 Junior World Championships //TRNAVA - SLOVAKIA,https://www.youtube.com/watch?v=yUZPHvTbxLE
u35dalApKDk,1/8 GR - 97 kg: J. KWON (KOR) v. N. MATSUMOTO (JPN),2018-09-18,10:39,試合,U20,世界選手権,2018,タイトルにJPN/Japan,高,照合なし,Greco-Roman - 2018 Junior World Championships //TRNAVA - SLOVAKIA,https://www.youtube.com/watch?v=u35dalApKDk
wwOLIJ2Rt4s,1/2 GR - 72 kg: M. MAEDA (JPN) v. N. TCHIKAIDZE (GEO),2018-09-18,8:47,試合,U20,世界選手権,2018,タイトルにJPN/Japan,高,照合なし,Greco-Roman - 2018 Junior World Championships //TRNAVA - SLOVAKIA,https://www.youtube.com/watch?v=wwOLIJ2Rt4s
anFpE8BhuJ8,1/4 GR - 72 kg: G. BAK (HUN) v. M. MAEDA (JPN),2018-09-18,7:52,試合,U20,世界選手権,2018,タイトルにJPN/Japan,高,照合なし,Greco-Roman - 2018 Junior World Championships //TRNAVA - SLOVAKIA,https://www.youtube.com/watch?v=anFpE8BhuJ8
QVeYNQoTKr4,Action packed match between JPN vs BLR,2018-09-18,0:25,試合,U20,世界選手権,2018,タイトルにJPN/Japan,高,照合なし,News + Highights - 2018 Junior World Championships,https://www.youtube.com/watch?v=QVeYNQoTKr4
s_uJlrcqeFc,Qual. GR - 87 kg: I. ERMOLENKO (RUS) v. R. NASUKAWA (JPN),2018-09-17,5:58,試合,U20,世界選手権,2018,タイトルにJPN/Japan,高,照合なし,Greco-Roman - 2018 Junior World Championships //TRNAVA - SLOVAKIA,https://www.youtube.com/watch?v=s_uJlrcqeFc
i-T29okvNqI,Qual. GR - 63 kg: C. MEIER (GER) v. H. SHIMAYA (JPN),2018-09-17,2:38,試合,U20,世界選手権,2018,タイトルにJPN/Japan,高,照合なし,Greco-Roman - 2018 Junior World Championships //TRNAVA - SLOVAKIA,https://www.youtube.com/watch?v=i-T29okvNqI
XsP0mynxnbw,Qual. GR - 130 kg: S. OKUMURA (JPN) v. F. RICHTER (GER),2018-09-17,3:40,試合,U20,世界選手権,2018,タイトルにJPN/Japan・選手名の一致,高,奥村 総太(Sota OKUMURA),Greco-Roman - 2018 Junior World Championships //TRNAVA - SLOVAKIA,https://www.youtube.com/watch?v=XsP0mynxnbw
mey4Olnpldg,1/8 GR - 55 kg: Z. ALIYEV (AZE) v. S. OGAWA (JPN),2018-09-17,9:43,試合,U20,世界選手権,2018,タイトルにJPN/Japan,高,照合なし,Greco-Roman - 2018 Junior World Championships //TRNAVA - SLOVAKIA,https://www.youtube.com/watch?v=mey4Olnpldg
hZM9dsMM5TY,1/8 GR - 77 kg: R. HAYASHI (JPN) v. D. GARDUBEI (UKR),2018-09-17,8:03,試合,U20,世界選手権,2018,タイトルにJPN/Japan,高,照合なし,Greco-Roman - 2018 Junior World Championships //TRNAVA - SLOVAKIA,https://www.youtube.com/watch?v=hZM9dsMM5TY
RMfgbjmufTA,Qual. GR - 55 kg: S. OGAWA (JPN) v. A. CARDOSO OLIV (POR),2018-09-17,1:34,試合,U20,世界選手権,2018,タイトルにJPN/Japan,高,照合なし,Greco-Roman - 2018 Junior World Championships //TRNAVA - SLOVAKIA,https://www.youtube.com/watch?v=RMfgbjmufTA
mlAUxzmr1yI,Qual. WW - 53 kg: N. IRIE (JPN) v. S. HILDEBRANDT (USA),2018-09-09,9:50,試合,シニア(または不明),ランキングシリーズ等,2018,タイトルにJPN/Japan,高,照合なし,Best of Sarah HILDEBRANDT / Women's Wrestling - 2018 Poland Open,https://www.youtube.com/watch?v=mlAUxzmr1yI
ok5L2BDAiFE,Repechage GR - 67 kg: D. DI FEOLA (SWE) v. K. KAWASE (JPN),2018-09-09,8:17,試合,シニア(または不明),ランキングシリーズ等,2018,タイトルにJPN/Japan,高,照合なし,Greco-Roman - 2018 Poland Open,https://www.youtube.com/watch?v=ok5L2BDAiFE
bg9ClLFIl9M,BRONZE GR - 67 kg: K. KAWASE (JPN) v. D. DIMITROV (BUL),2018-09-09,2:43,試合,シニア(または不明),ランキングシリーズ等,2018,タイトルにJPN/Japan,高,照合なし,Greco-Roman - 2018 Poland Open,https://www.youtube.com/watch?v=bg9ClLFIl9M
I-WI9ll0Fcw,1/4 GR - 67 kg: K. ASLANYAN (ARM) v. K. KAWASE (JPN),2018-09-09,11:29,試合,シニア(または不明),ランキングシリーズ等,2018,タイトルにJPN/Japan,高,照合なし,Greco-Roman - 2018 Poland Open,https://www.youtube.com/watch?v=I-WI9ll0Fcw
F5iXOB2sdL0,1/8 GR - 67 kg: M. FIRAT (TUR) v. Y. UEGAKI (JPN),2018-09-09,10:26,試合,シニア(または不明),ランキングシリーズ等,2018,タイトルにJPN/Japan・選手名の一致,高,上垣 勇二(Yuji UEGAKI),Greco-Roman - 2018 Poland Open,https://www.youtube.com/watch?v=F5iXOB2sdL0
iozLMnzk8RE,1/8 GR - 67 kg: K. KAWASE (JPN) v. E. VENCKAITIS (LTU),2018-09-09,6:37,試合,シニア(または不明),ランキングシリーズ等,2018,タイトルにJPN/Japan,高,照合なし,Greco-Roman - 2018 Poland Open,https://www.youtube.com/watch?v=iozLMnzk8RE
3tOJu3VmjjQ,BRONZE GR - 72 kg: D. SOINI (SWE) v. S. TAKAHASHI (JPN),2018-09-09,11:31,試合,シニア(または不明),ランキングシリーズ等,2018,タイトルにJPN/Japan・選手名の一致,高,照合なし(同じローマ字が2人以上),Greco-Roman - 2018 Poland Open,https://www.youtube.com/watch?v=3tOJu3VmjjQ
DTC2NGqANAM,Qual. GR - 77 kg: K. HANAYAMA (JPN) v. M. LIPASTI (FIN),2018-09-09,9:09,試合,シニア(または不明),ランキングシリーズ等,2018,タイトルにJPN/Japan,高,照合なし,Greco-Roman - 2018 Poland Open,https://www.youtube.com/watch?v=DTC2NGqANAM
gA_mu0GBVZM,1/4 GR - 72 kg: S. TAKAHASHI (JPN) v. M. MORBITZER (CZE),2018-09-09,1:18,試合,シニア(または不明),ランキングシリーズ等,2018,タイトルにJPN/Japan・選手名の一致,高,照合なし(同じローマ字が2人以上),Greco-Roman - 2018 Poland Open,https://www.youtube.com/watch?v=gA_mu0GBVZM
v36y6PHhfYU,Qual. GR - 72 kg: S. SIMONYAN (ARM) v. S. TAKAHASHI (JPN),2018-09-09,10:31,試合,シニア(または不明),ランキングシリーズ等,2018,タイトルにJPN/Japan・選手名の一致,高,照合なし(同じローマ字が2人以上),Greco-Roman - 2018 Poland Open,https://www.youtube.com/watch?v=v36y6PHhfYU
JYmaNKlNlpU,Qual. FS - 61 kg: G. RASHIDOV (RUS) v. Y. NAKATA (JPN),2018-09-09,8:38,試合,シニア(または不明),ランキングシリーズ等,2018,タイトルにJPN/Japan,高,照合なし,Freestyle Wrestling - 2018 Poland Open,https://www.youtube.com/watch?v=JYmaNKlNlpU
na-rTuXuuZA,1/4 FS - 125 kg: Z. DENG (CHN) v. K. KANAZAWA (JPN),2018-09-09,2:40,試合,シニア(または不明),ランキングシリーズ等,2018,タイトルにJPN/Japan・選手名の一致,高,金澤 孝羽(Kohaku KANAZAWA),Freestyle Wrestling - 2018 Poland Open,https://www.youtube.com/watch?v=na-rTuXuuZA
aHr3gIoyIsM,Qual. FS - 86 kg: M. MATSUSAKA (JPN) v. S. REICHMUTH (SUI),2018-09-09,10:01,試合,シニア(または不明),ランキングシリーズ等,2018,タイトルにJPN/Japan,高,照合なし,Freestyle Wrestling - 2018 Poland Open,https://www.youtube.com/watch?v=aHr3gIoyIsM
smm2Ok9a4Qk,1/4 FS - 65 kg: J. OLIVER (USA) v. M. KAMOI (JPN),2018-09-09,8:25,試合,シニア(または不明),ランキングシリーズ等,2018,タイトルにJPN/Japan,高,照合なし,Freestyle Wrestling - 2018 Poland Open,https://www.youtube.com/watch?v=smm2Ok9a4Qk
ZMY_bMSzpCY,1/4 WW - 53 kg: Y. LIU (CHN) v. N. IRIE (JPN),2018-09-09,6:55,試合,シニア(または不明),ランキングシリーズ等,2018,タイトルにJPN/Japan,高,照合なし,Women's Wrestling - 2018 Poland Open,https://www.youtube.com/watch?v=ZMY_bMSzpCY
WpEkjcqv55M,1/8 WW - 57 kg: G. RODRIGUES PE (BRA) v. Y. TANABE (JPN),2018-09-09,3:51,試合,シニア(または不明),ランキングシリーズ等,2018,タイトルにJPN/Japan,高,照合なし,Women's Wrestling - 2018 Poland Open,https://www.youtube.com/watch?v=WpEkjcqv55M
aRQRydqpRSk,1/2 WW - 57 kg: Y. TANABE (JPN) v. N. RONG (CHN),2018-09-09,10:24,試合,シニア(または不明),ランキングシリーズ等,2018,タイトルにJPN/Japan,高,照合なし,Women's Wrestling - 2018 Poland Open,https://www.youtube.com/watch?v=aRQRydqpRSk
AZVlyU3lCNA,1/2 WW - 53 kg: N. IRIE (JPN) v. M. PREVOLARAKI (GRE),2018-09-09,7:25,試合,シニア(または不明),ランキングシリーズ等,2018,タイトルにJPN/Japan,高,照合なし,Women's Wrestling - 2018 Poland Open,https://www.youtube.com/watch?v=AZVlyU3lCNA
Rl2i4eXFebI,1/4 WW - 57 kg: I. KURACHKINA (BLR) v. Y. TANABE (JPN),2018-09-09,8:09,試合,シニア(または不明),ランキングシリーズ等,2018,タイトルにJPN/Japan,高,照合なし,Women's Wrestling - 2018 Poland Open,https://www.youtube.com/watch?v=Rl2i4eXFebI
w881-l4zDCE,GOLD WW - 53 kg: N. IRIE (JPN) v. K. KRAWCZYK (POL),2018-09-09,7:55,試合,シニア(または不明),ランキングシリーズ等,2018,タイトルにJPN/Japan,高,照合なし,Women's Wrestling - 2018 Poland Open,https://www.youtube.com/watch?v=w881-l4zDCE
HFoQ0OYY0EM,BRONZE WW - 57 kg: I. OLOGONOVA (RUS) v. Y. TANABE (JPN),2018-09-09,1:40,試合,シニア(または不明),ランキングシリーズ等,2018,タイトルにJPN/Japan,高,照合なし,Women's Wrestling - 2018 Poland Open,https://www.youtube.com/watch?v=HFoQ0OYY0EM
Y9nI9PQQFSk,1/4 WW - 50 kg: N. SOKOLOVA (RUS) v. C. SAWADA (JPN),2018-09-08,4:39,試合,シニア(または不明),ランキングシリーズ等,2018,タイトルにJPN/Japan,高,照合なし,Best of Nadezhda SOKOLOVA / Women's Wrestling - 2018 Poland Open,https://www.youtube.com/watch?v=Y9nI9PQQFSk
IY_SqRXe1vA,1/8 WW - 50 kg: A. LUKASIAK (POL) v. C. SAWADA (JPN),2018-09-08,3:37,試合,シニア(または不明),ランキングシリーズ等,2018,タイトルにJPN/Japan,高,照合なし,Women's Wrestling - 2018 Poland Open,https://www.youtube.com/watch?v=IY_SqRXe1vA
UFo-Ce4QMCQ,1/2 WW - 65 kg: N. RUIKE (JPN) v. D. ENKHSAIKHAN (MGL),2018-07-22,9:06,試合,シニア(または不明),,2018,タイトルにJPN/Japan・選手名の一致,高,類家 直美(Naomi RUIKE),Best of Delgermaa ENKHSAIKHAN,https://www.youtube.com/watch?v=UFo-Ce4QMCQ
ZS1-8-SXLzE,GOLD GR - 71 kg: S. YAMADA (JPN) v. A. GUTU (MDA),2018-07-08,5:20,試合,U17,世界選手権,2018,タイトルにJPN/Japan・選手名の一致,高,山田 脩(Shu YAMADA),Greco-Roman - 2018 Cadet World Championships - Zagreb,https://www.youtube.com/watch?v=ZS1-8-SXLzE
taMmr7M_bcA,BRONZE GR - 45 kg: M. ARAKI (JPN) v. G. GURBANOV (AZE),2018-07-08,7:03,試合,U17,世界選手権,2018,タイトルにJPN/Japan・選手名の一致,高,荒木 瑞生(Mizuki ARAKI),Greco-Roman - 2018 Cadet World Championships - Zagreb,https://www.youtube.com/watch?v=taMmr7M_bcA
NZv4-x7mllk,Repechage GR - 45 kg: K. ABULADZE (GEO) v. M. ARAKI (JPN),2018-07-08,8:10,試合,U17,世界選手権,2018,タイトルにJPN/Japan・選手名の一致,高,荒木 瑞生(Mizuki ARAKI),Greco-Roman - 2018 Cadet World Championships - Zagreb,https://www.youtube.com/watch?v=NZv4-x7mllk
u5yvmQ2xG90,Repechage GR - 65 kg: K. SOGABE (JPN) v. K. KESANIDI (LTU),2018-07-07,8:32,試合,U17,世界選手権,2018,タイトルにJPN/Japan・選手名の一致,高,曽我部 京太郎(Kyotaro SOGABE),Best of Kyotaro SOGABE / Greco-Roman - 2018 Cadet World Championships - Zagreb,https://www.youtube.com/watch?v=u5yvmQ2xG90
xvMI1qIzX6A,Repechage GR - 65 kg: K. SOGABE (JPN) v. H. GHASEMI (IRI),2018-07-07,8:06,試合,U17,世界選手権,2018,タイトルにJPN/Japan・選手名の一致,高,曽我部 京太郎(Kyotaro SOGABE),Greco-Roman - 2018 Cadet World Championships - Zagreb,https://www.youtube.com/watch?v=xvMI1qIzX6A
zj7hxVdsIbo,1/2 GR - 71 kg: S. YAMADA (JPN) v. P. GORNYASHKI (BUL),2018-07-07,7:16,試合,U17,世界選手権,2018,タイトルにJPN/Japan・選手名の一致,高,山田 脩(Shu YAMADA),Greco-Roman - 2018 Cadet World Championships - Zagreb,https://www.youtube.com/watch?v=zj7hxVdsIbo
9DNeWdS-kis,1/4 GR - 92 kg: S. MIURA (JPN) v. R. KARELSON (EST),2018-07-07,5:39,試合,U17,世界選手権,2018,タイトルにJPN/Japan・選手名の一致,高,照合なし(同じローマ字が2人以上),Greco-Roman - 2018 Cadet World Championships - Zagreb,https://www.youtube.com/watch?v=9DNeWdS-kis
pk1ti22Gnss,1/4 GR - 45 kg: M. ARAKI (JPN) v. H. ZAVERTAILO (UKR),2018-07-07,5:48,試合,U17,世界選手権,2018,タイトルにJPN/Japan・選手名の一致,高,荒木 瑞生(Mizuki ARAKI),Greco-Roman - 2018 Cadet World Championships - Zagreb,https://www.youtube.com/watch?v=pk1ti22Gnss
NBM-h5XrGPk,1/4 GR - 71 kg: J. AHOLA (FIN) v. S. YAMADA (JPN),2018-07-07,5:59,試合,U17,世界選手権,2018,タイトルにJPN/Japan・選手名の一致,高,山田 脩(Shu YAMADA),Greco-Roman - 2018 Cadet World Championships - Zagreb,https://www.youtube.com/watch?v=NBM-h5XrGPk
Aa4PXAvR6_8,1/8 GR - 71 kg: S. YAMADA (JPN) v. V. EYUBOV (KAZ),2018-07-07,5:24,試合,U17,世界選手権,2018,タイトルにJPN/Japan・選手名の一致,高,山田 脩(Shu YAMADA),Greco-Roman - 2018 Cadet World Championships - Zagreb,https://www.youtube.com/watch?v=Aa4PXAvR6_8
km2dC40Qx6k,1/8 GR - 45 kg: Y. KAMELOV (KAZ) v. M. ARAKI (JPN),2018-07-07,7:16,試合,U17,世界選手権,2018,タイトルにJPN/Japan・選手名の一致,高,荒木 瑞生(Mizuki ARAKI),Greco-Roman - 2018 Cadet World Championships - Zagreb,https://www.youtube.com/watch?v=km2dC40Qx6k
jULFt54Yp2Y,1/8 GR - 60 kg: K. TAKESHITA (JPN) v. A. HAJIZADA (AZE),2018-07-07,6:08,試合,U17,世界選手権,2018,タイトルにJPN/Japan・選手名の一致,高,竹下 航生(Kosei TAKESHITA),Greco-Roman - 2018 Cadet World Championships - Zagreb,https://www.youtube.com/watch?v=jULFt54Yp2Y
BnUImIo3waI,1/8 GR - 92 kg: S. MIURA (JPN) v. T. YANG (CHN),2018-07-07,7:57,試合,U17,世界選手権,2018,タイトルにJPN/Japan・選手名の一致,高,照合なし(同じローマ字が2人以上),Greco-Roman - 2018 Cadet World Championships - Zagreb,https://www.youtube.com/watch?v=BnUImIo3waI
UnAG5XtyFBY,1/8 GR - 51 kg: W. SASAKI (JPN) v. B. AKBERDIEV (KGZ),2018-07-07,5:52,試合,U17,世界選手権,2018,タイトルにJPN/Japan,高,照合なし,Greco-Roman - 2018 Cadet World Championships - Zagreb,https://www.youtube.com/watch?v=UnAG5XtyFBY
vOblLNiUTHA,Qual. GR - 60 kg: V. HAROYAN (ARM) v. K. TAKESHITA (JPN),2018-07-07,5:57,試合,U17,世界選手権,2018,タイトルにJPN/Japan・選手名の一致,高,竹下 航生(Kosei TAKESHITA),Greco-Roman - 2018 Cadet World Championships - Zagreb,https://www.youtube.com/watch?v=vOblLNiUTHA
KF5NPBXco50,GOLD WW - 46 kg: O. DOLGORJAV (MGL) v. S. MOTOKI (JPN),2018-07-06,5:44,試合,U17,世界選手権,2018,タイトルにJPN/Japan・選手名の一致,高,元木 咲良(Sakura MOTOKI),Best of Sakura MOTOKI / Women's Wrestling - 2018 Cadet World Championships - Zagreb,https://www.youtube.com/watch?v=KF5NPBXco50
dUGRs0nuoUY,Qual. GR - 65 kg: M. IMADAEV (RUS) v. K. SOGABE (JPN),2018-07-06,6:27,試合,U17,世界選手権,2018,タイトルにJPN/Japan・選手名の一致,高,曽我部 京太郎(Kyotaro SOGABE),Best of Kyotaro SOGABE / Greco-Roman - 2018 Cadet World Championships - Zagreb,https://www.youtube.com/watch?v=dUGRs0nuoUY
URqfjoRffNc,1/8 GR - 48 kg: A. ARSHAD (IND) v. T. ONISHI (JPN),2018-07-06,5:10,試合,U17,世界選手権,2018,タイトルにJPN/Japan・選手名の一致,高,尾西 大河(Taiga ONISHI),Greco-Roman - 2018 Cadet World Championships - Zagreb,https://www.youtube.com/watch?v=URqfjoRffNc
z8F7J-x5AdA,1/8 GR - 55 kg: I. MUSTAKOV (BUL) v. K. TANIGUCHI (JPN),2018-07-06,2:41,試合,U17,世界選手権,2018,タイトルにJPN/Japan,高,照合なし,Greco-Roman - 2018 Cadet World Championships - Zagreb,https://www.youtube.com/watch?v=z8F7J-x5AdA
LdgGM1n9wQw,1/16 GR - 80 kg: A. GARDZIOLA (POL) v. D. TANIZAKI (JPN),2018-07-06,6:47,試合,U17,世界選手権,2018,タイトルにJPN/Japan・選手名の一致,高,谷﨑 大造(Daizo TANIZAKI),Greco-Roman - 2018 Cadet World Championships - Zagreb,https://www.youtube.com/watch?v=LdgGM1n9wQw
URWqzTuu_hQ,Qual. GR - 110 kg: D. IVANJKO (CRO) v. T. WATANABE (JPN),2018-07-06,1:00,試合,U17,世界選手権,2018,タイトルにJPN/Japan・選手名の一致,高,渡邉 荘陽(Takaaki WATANABE),Greco-Roman - 2018 Cadet World Championships - Zagreb,https://www.youtube.com/watch?v=URWqzTuu_hQ
CY0cl3ldSqw,GOLD WW - 53 kg: M. OONO (JPN) v. M. MEENAKSHI (IND),2018-07-06,5:46,試合,U17,世界選手権,2018,タイトルにJPN/Japan・選手名の一致,高,照合なし(同じローマ字が2人以上),Women's Wrestling - 2018 Cadet World Championships - Zagreb,https://www.youtube.com/watch?v=CY0cl3ldSqw
nc0_DpBnq24,GOLD WW - 40 kg: L. BEKBAULOVA (RUS) v. K. UEMATSU (JPN),2018-07-06,5:59,試合,U17,世界選手権,2018,タイトルにJPN/Japan,高,照合なし,Women's Wrestling - 2018 Cadet World Championships - Zagreb,https://www.youtube.com/watch?v=nc0_DpBnq24
BNtDCMtK0tM,BRONZE WW - 69 kg: M. PAJULA (EST) v. R. TERAMOTO (JPN),2018-07-06,5:12,試合,U17,世界選手権,2018,タイトルにJPN/Japan,高,照合なし,Women's Wrestling - 2018 Cadet World Championships - Zagreb,https://www.youtube.com/watch?v=BNtDCMtK0tM
DueZy_ltjvg,BRONZE WW - 61 kg: A. MAKSIMAVA (BLR) v. R. TAKAYAMA (JPN),2018-07-06,6:29,試合,U17,世界選手権,2018,タイトルにJPN/Japan,高,照合なし,Women's Wrestling - 2018 Cadet World Championships - Zagreb,https://www.youtube.com/watch?v=DueZy_ltjvg
3W7_z1biQRo,The hosting nation gets a strong win over Japan,2018-07-06,0:26,ショート,U17,,2018,タイトルにJPN/Japan,高,照合なし,News + Highlights: 2018 Cadet Word Champ's,https://www.youtube.com/watch?v=3W7_z1biQRo
tAORyycEXnU,1/2 WW - 46 kg: K. BILIMBEK KYZ (KGZ) v. S. MOTOKI (JPN),2018-07-05,7:32,試合,U17,世界選手権,2018,タイトルにJPN/Japan・選手名の一致,高,元木 咲良(Sakura MOTOKI),Best of Sakura MOTOKI / Women's Wrestling - 2018 Cadet World Championships - Zagreb,https://www.youtube.com/watch?v=tAORyycEXnU
qseROAK5EU8,1/4 WW - 46 kg: A. YUSIFOVA (AZE) v. S. MOTOKI (JPN),2018-07-05,6:05,試合,U17,世界選手権,2018,タイトルにJPN/Japan・選手名の一致,高,元木 咲良(Sakura MOTOKI),Best of Sakura MOTOKI / Women's Wrestling - 2018 Cadet World Championships - Zagreb,https://www.youtube.com/watch?v=qseROAK5EU8
97jjTv1q3_k,1/8 WW - 46 kg: X. XIE (CHN) v. S. MOTOKI (JPN),2018-07-05,6:16,試合,U17,世界選手権,2018,タイトルにJPN/Japan・選手名の一致,高,元木 咲良(Sakura MOTOKI),Best of Sakura MOTOKI / Women's Wrestling - 2018 Cadet World Championships - Zagreb,https://www.youtube.com/watch?v=97jjTv1q3_k
SAGrQXz1WO4,Qual. WW - 46 kg: S. MOTOKI (JPN) v. A. YANOTOVA (BLR),2018-07-05,6:04,試合,U17,世界選手権,2018,タイトルにJPN/Japan・選手名の一致,高,元木 咲良(Sakura MOTOKI),Best of Sakura MOTOKI / Women's Wrestling - 2018 Cadet World Championships - Zagreb,https://www.youtube.com/watch?v=SAGrQXz1WO4
yxezVukXsYs,1/4 FS - 51 kg: K. TAKAHASHI (JPN) v. A. AMAN (IND),2018-07-05,5:56,試合,シニア(または不明),,2018,タイトルにJPN/Japan・選手名の一致,高,照合なし(同じローマ字が2人以上),Best of Aman SEHRAWAT,https://www.youtube.com/watch?v=yxezVukXsYs
8UfGghoikS8,GOLD WW - 73 kg: Q. JIANG (CHN) v. Y. KAGAMI (JPN),2018-07-05,5:25,試合,U17,世界選手権,2018,タイトルにJPN/Japan・選手名の一致,高,鏡 優翔(Yuka KAGAMI),Best of Yuuka Kagami / Women's Wrestling - 2018 Cadet World Championships - Zagreb,https://www.youtube.com/watch?v=8UfGghoikS8
1B24Lw461_k,GOLD WW - 65 kg: X. ZHOU (CHN) v. H. NAKAI (JPN),2018-07-05,5:36,試合,U17,世界選手権,2018,タイトルにJPN/Japan,高,照合なし,Women's Wrestling - 2018 Cadet World Championships - Zagreb,https://www.youtube.com/watch?v=1B24Lw461_k
rQ57ULLGvnA,GOLD WW - 49 kg: P. LUKINA (RUS) v. A. FUJINAMI (JPN),2018-07-05,3:05,試合,U17,世界選手権,2018,タイトルにJPN/Japan・選手名の一致,高,藤波 朱理(Akari FUJINAMI),Women's Wrestling - 2018 Cadet World Championships - Zagreb,https://www.youtube.com/watch?v=rQ57ULLGvnA
gm2VFyZ3Pwo,GOLD WW - 57 kg: N. OZAKI (JPN) v. A. SZEL (HUN),2018-07-05,1:00,試合,U17,世界選手権,2018,タイトルにJPN/Japan・選手名の一致,高,尾﨑 野乃香(Nonoka OZAKI),Women's Wrestling - 2018 Cadet World Championships - Zagreb,https://www.youtube.com/watch?v=gm2VFyZ3Pwo
vDuvc4cjfUI,BRONZE WW - 43 kg: A. UENO (JPN) v. A. PONOMAROVA (UKR),2018-07-05,6:03,試合,U17,世界選手権,2018,タイトルにJPN/Japan,高,照合なし,Women's Wrestling - 2018 Cadet World Championships - Zagreb,https://www.youtube.com/watch?v=vDuvc4cjfUI
uefwc3mp9fg,Repechage WW - 43 kg: A. UENO (JPN) v. J. VIGOUROUX (FRA),2018-07-05,6:13,試合,U17,世界選手権,2018,タイトルにJPN/Japan,高,照合なし,Women's Wrestling - 2018 Cadet World Championships - Zagreb,https://www.youtube.com/watch?v=uefwc3mp9fg
kDd1gIaNOOs,1/2 WW - 53 kg: Z. SHI (CHN) v. M. OONO (JPN),2018-07-05,7:01,試合,U17,世界選手権,2018,タイトルにJPN/Japan・選手名の一致,高,照合なし(同じローマ字が2人以上),Women's Wrestling - 2018 Cadet World Championships - Zagreb,https://www.youtube.com/watch?v=kDd1gIaNOOs
GRlPWvV1m8g,1/2 WW - 40 kg: K. UEMATSU (JPN) v. M. SAMIEVA (UZB),2018-07-05,9:21,試合,U17,世界選手権,2018,タイトルにJPN/Japan,高,照合なし,Women's Wrestling - 2018 Cadet World Championships - Zagreb,https://www.youtube.com/watch?v=GRlPWvV1m8g
at3c81hRQ9Y,1/2 WW - 69 kg: R. TERAMOTO (JPN) v. J. FRIDLUND (SWE),2018-07-05,2:31,試合,U17,世界選手権,2018,タイトルにJPN/Japan,高,照合なし,Women's Wrestling - 2018 Cadet World Championships - Zagreb,https://www.youtube.com/watch?v=at3c81hRQ9Y
ttYWUTYI5Kk,1/2 WW - 61 kg: A. KULAHINA (UKR) v. R. TAKAYAMA (JPN),2018-07-05,1:09,試合,U17,世界選手権,2018,タイトルにJPN/Japan,高,照合なし,Women's Wrestling - 2018 Cadet World Championships - Zagreb,https://www.youtube.com/watch?v=ttYWUTYI5Kk
M-zzjNLOy_w,1/4 WW - 61 kg: O. BATKHUYAG (MGL) v. R. TAKAYAMA (JPN),2018-07-05,6:27,試合,U17,世界選手権,2018,タイトルにJPN/Japan,高,照合なし,Women's Wrestling - 2018 Cadet World Championships - Zagreb,https://www.youtube.com/watch?v=M-zzjNLOy_w
1YCmaidgzog,1/4 WW - 53 kg: M. OONO (JPN) v. H. FROTSCHER (GER),2018-07-05,5:24,試合,U17,世界選手権,2018,タイトルにJPN/Japan・選手名の一致,高,照合なし(同じローマ字が2人以上),Women's Wrestling - 2018 Cadet World Championships - Zagreb,https://www.youtube.com/watch?v=1YCmaidgzog
9LYVhHBkbW8,1/4 WW - 40 kg: S. SWEETY (IND) v. K. UEMATSU (JPN),2018-07-05,5:48,試合,U17,世界選手権,2018,タイトルにJPN/Japan,高,照合なし,Women's Wrestling - 2018 Cadet World Championships - Zagreb,https://www.youtube.com/watch?v=9LYVhHBkbW8
5RSY-mgbhUg,1/4 WW - 69 kg: R. TERAMOTO (JPN) v. M. NORMUMINOVA (UZB),2018-07-05,6:19,試合,U17,世界選手権,2018,タイトルにJPN/Japan,高,照合なし,Women's Wrestling - 2018 Cadet World Championships - Zagreb,https://www.youtube.com/watch?v=5RSY-mgbhUg
aeMMhQFg04M,1/4 WW - 57 kg: N. OZAKI (JPN) v. A. SIDELNIKOVA (RUS),2018-07-05,1:19,試合,U17,世界選手権,2018,タイトルにJPN/Japan・選手名の一致,高,尾﨑 野乃香(Nonoka OZAKI),Women's Wrestling - 2018 Cadet World Championships - Zagreb,https://www.youtube.com/watch?v=aeMMhQFg04M
Rs7JOOtwbGE,1/8 WW - 61 kg: R. TAKAYAMA (JPN) v. A. ANTIPOVA (LAT),2018-07-05,5:19,試合,U17,世界選手権,2018,タイトルにJPN/Japan,高,照合なし,Women's Wrestling - 2018 Cadet World Championships - Zagreb,https://www.youtube.com/watch?v=Rs7JOOtwbGE
zlmtiO7siAE,1/8 WW - 53 kg: M. OONO (JPN) v. E. KAMALOGLU (TUR),2018-07-05,5:55,試合,U17,世界選手権,2018,タイトルにJPN/Japan・選手名の一致,高,照合なし(同じローマ字が2人以上),Women's Wrestling - 2018 Cadet World Championships - Zagreb,https://www.youtube.com/watch?v=zlmtiO7siAE
2EJZsS3glMc,1/8 WW - 69 kg: R. TERAMOTO (JPN) v. B. EROL (TUR),2018-07-05,2:42,試合,U17,世界選手権,2018,タイトルにJPN/Japan,高,照合なし,Women's Wrestling - 2018 Cadet World Championships - Zagreb,https://www.youtube.com/watch?v=2EJZsS3glMc
sRCh2m26XeQ,Qual. WW - 61 kg: E. KOLAWOLE (NGR) v. R. TAKAYAMA (JPN),2018-07-05,6:44,試合,U17,世界選手権,2018,タイトルにJPN/Japan,高,照合なし,Women's Wrestling - 2018 Cadet World Championships - Zagreb,https://www.youtube.com/watch?v=sRCh2m26XeQ
FwDnJ41_W_M,Qual. WW - 40 kg: K. UEMATSU (JPN) v. Y. LIN (TPE),2018-07-05,1:34,試合,U17,世界選手権,2018,タイトルにJPN/Japan,高,照合なし,Women's Wrestling - 2018 Cadet World Championships - Zagreb,https://www.youtube.com/watch?v=FwDnJ41_W_M
O_pc2GinPyI,1/2 WW - 49 kg: A. FUJINAMI (JPN) v. L. YEPEZ GUZMAN (ECU),2018-07-04,5:31,試合,U17,世界選手権,2018,タイトルにJPN/Japan・選手名の一致,高,藤波 朱理(Akari FUJINAMI),Best of Lucia YEPEZ GUZMAN / Best of Akari Fujinami / Women's Wrestling - 2018 Cadet World Championships - Zagreb,https://www.youtube.com/watch?v=O_pc2GinPyI
AFSrlMzwItI,1/8 WW - 49 kg: E. MALMGREN (SWE) v. A. FUJINAMI (JPN),2018-07-04,4:53,試合,U17,世界選手権,2018,タイトルにJPN/Japan・選手名の一致,高,藤波 朱理(Akari FUJINAMI),Best of Akari Fujinami / Women's Wrestling - 2018 Cadet World Championships - Zagreb,https://www.youtube.com/watch?v=AFSrlMzwItI
XY8DgVEn9uY,1/2 WW - 73 kg: Y. KAGAMI (JPN) v. V. TRIFONOVA (RUS),2018-07-04,1:48,試合,U17,世界選手権,2018,タイトルにJPN/Japan・選手名の一致,高,鏡 優翔(Yuka KAGAMI),Best of Yuuka Kagami / Women's Wrestling - 2018 Cadet World Championships - Zagreb,https://www.youtube.com/watch?v=XY8DgVEn9uY
zwJZjbdkwKg,1/2 WW - 65 kg: O. CHUDYK (UKR) v. H. NAKAI (JPN),2018-07-04,5:18,試合,U17,世界選手権,2018,タイトルにJPN/Japan,高,照合なし,Women's Wrestling - 2018 Cadet World Championships - Zagreb,https://www.youtube.com/watch?v=zwJZjbdkwKg
lJxzh_VaJwE,1/2 WW - 57 kg: A. MARTYNAVA (BLR) v. N. OZAKI (JPN),2018-07-04,0:43,試合,U17,世界選手権,2018,タイトルにJPN/Japan・選手名の一致,高,尾﨑 野乃香(Nonoka OZAKI),Women's Wrestling - 2018 Cadet World Championships - Zagreb,https://www.youtube.com/watch?v=lJxzh_VaJwE
irnAK9TuXMY,1/4 WW - 49 kg: N. VARAKINA (BLR) v. A. FUJINAMI (JPN),2018-07-04,6:00,試合,U17,世界選手権,2018,タイトルにJPN/Japan・選手名の一致,高,藤波 朱理(Akari FUJINAMI),Women's Wrestling - 2018 Cadet World Championships - Zagreb,https://www.youtube.com/watch?v=irnAK9TuXMY
cFdqKMhcEbk,1/4 WW - 73 kg: Y. KAGAMI (JPN) v. S. OKNAZAROVA (UZB),2018-07-04,4:49,試合,U17,世界選手権,2018,タイトルにJPN/Japan・選手名の一致,高,鏡 優翔(Yuka KAGAMI),Women's Wrestling - 2018 Cadet World Championships - Zagreb,https://www.youtube.com/watch?v=cFdqKMhcEbk
wQP40nxKUig,1/4 WW - 65 kg: H. NAKAI (JPN) v. S. SONAM (IND),2018-07-04,6:08,試合,U17,世界選手権,2018,タイトルにJPN/Japan,高,照合なし,Women's Wrestling - 2018 Cadet World Championships - Zagreb,https://www.youtube.com/watch?v=wQP40nxKUig
uZ8khEyh4Zc,1/8 WW - 73 kg: K. DZIBUK (BLR) v. Y. KAGAMI (JPN),2018-07-04,5:32,試合,U17,世界選手権,2018,タイトルにJPN/Japan・選手名の一致,高,鏡 優翔(Yuka KAGAMI),Women's Wrestling - 2018 Cadet World Championships - Zagreb,https://www.youtube.com/watch?v=uZ8khEyh4Zc
5kUoKQqu5Yo,1/8 WW - 43 kg: A. UENO (JPN) v. S. NAZAROVA (AZE),2018-07-04,6:31,試合,U17,世界選手権,2018,タイトルにJPN/Japan,高,照合なし,Women's Wrestling - 2018 Cadet World Championships - Zagreb,https://www.youtube.com/watch?v=5kUoKQqu5Yo
Xq8oJa-CKn0,1/8 WW - 57 kg: N. OZAKI (JPN) v. V. DRAGAS (CRO),2018-07-04,0:51,試合,U17,世界選手権,2018,タイトルにJPN/Japan・選手名の一致,高,尾﨑 野乃香(Nonoka OZAKI),Women's Wrestling - 2018 Cadet World Championships - Zagreb,https://www.youtube.com/watch?v=Xq8oJa-CKn0
7IO-rdZHvmg,1/8 WW - 65 kg: R. ABDIRASULOVA (UZB) v. H. NAKAI (JPN),2018-07-04,4:37,試合,U17,世界選手権,2018,タイトルにJPN/Japan,高,照合なし,Women's Wrestling - 2018 Cadet World Championships - Zagreb,https://www.youtube.com/watch?v=7IO-rdZHvmg
z92gSVPwN9U,Repechage FS - 71 kg: C. SOLTANLI (ISR) v. S. SUWAMA (JPN),2018-07-04,1:46,試合,U17,世界選手権,2018,タイトルにJPN/Japan・選手名の一致,高,諏訪間 新之亮(Shinnosuke SUWAMA),Freestyle - 2018 Cadet World Championships - Zagreb,https://www.youtube.com/watch?v=z92gSVPwN9U
bRHiY3hpitU,1/4 FS - 60 kg: S. MAMEDOV (RUS) v. Y. HAGIWARA (JPN),2018-07-03,7:58,試合,U17,世界選手権,2018,タイトルにJPN/Japan・選手名の一致,高,萩原 大和(Yamato HAGIWARA),Best of Shamil MAMEDOV / Freestyle - 2018 Cadet World Championships - Zagreb,https://www.youtube.com/watch?v=bRHiY3hpitU
OmSSRKM1U3E,Sato (JPN) with victory over Manville (USA),2018-07-03,0:48,ショート,U17,,2018,タイトルにJPN/Japan,高,照合なし,News + Highlights: 2018 Cadet Word Champ's,https://www.youtube.com/watch?v=OmSSRKM1U3E
Du8J8pQQLhQ,Japan comes out on top in back and forth match,2018-07-03,0:26,ショート,U17,,2018,タイトルにJPN/Japan,高,照合なし,News + Highlights: 2018 Cadet Word Champ's,https://www.youtube.com/watch?v=Du8J8pQQLhQ
cKcOLqKbhTU,GOLD FS - 55 kg: H. FUJITA (JPN) v. J. MARUFOV (UZB),2018-07-03,5:50,試合,U17,世界選手権,2018,タイトルにJPN/Japan・選手名の一致,高,藤田 宝星(Hosei FUJITA),Freestyle - 2018 Cadet World Championships - Zagreb,https://www.youtube.com/watch?v=cKcOLqKbhTU
iLst0TRNVag,Repechage FS - 48 kg: K. TANABE (JPN) v. M. VEISI (IRI),2018-07-03,6:44,試合,U17,世界選手権,2018,タイトルにJPN/Japan・選手名の一致,高,田南部 魁星(Kaisei TANABE),Freestyle - 2018 Cadet World Championships - Zagreb,https://www.youtube.com/watch?v=iLst0TRNVag
HHnGvU62rSU,Repechage FS - 48 kg: K. TANABE (JPN) v. I. RAHOZAU (BLR),2018-07-03,1:13,試合,U17,世界選手権,2018,タイトルにJPN/Japan・選手名の一致,高,田南部 魁星(Kaisei TANABE),Freestyle - 2018 Cadet World Championships - Zagreb,https://www.youtube.com/watch?v=HHnGvU62rSU
ql6zsO6ceKA,1/2 FS - 51 kg: A. UZUN (TUR) v. K. TAKAHASHI (JPN),2018-07-03,6:58,試合,U17,世界選手権,2018,タイトルにJPN/Japan・選手名の一致,高,照合なし(同じローマ字が2人以上),Freestyle - 2018 Cadet World Championships - Zagreb,https://www.youtube.com/watch?v=ql6zsO6ceKA
7KjCk_VTsBM,1/4 FS - 71 kg: B. GAGNIDZE (GEO) v. S. SUWAMA (JPN),2018-07-03,7:45,試合,U17,世界選手権,2018,タイトルにJPN/Japan・選手名の一致,高,諏訪間 新之亮(Shinnosuke SUWAMA),Freestyle - 2018 Cadet World Championships - Zagreb,https://www.youtube.com/watch?v=7KjCk_VTsBM
85FOHSJaioA,1/8 FS - 60 kg: Y. HAGIWARA (JPN) v. A. MUSAEV (BEL),2018-07-03,7:36,試合,U17,世界選手権,2018,タイトルにJPN/Japan・選手名の一致,高,萩原 大和(Yamato HAGIWARA),Freestyle - 2018 Cadet World Championships - Zagreb,https://www.youtube.com/watch?v=85FOHSJaioA
HSHZMzZHbyM,1/8 FS - 71 kg: S. SUWAMA (JPN) v. M. NOKHODILARIM (IRI),2018-07-03,7:19,試合,U17,世界選手権,2018,タイトルにJPN/Japan・選手名の一致,高,諏訪間 新之亮(Shinnosuke SUWAMA),Freestyle - 2018 Cadet World Championships - Zagreb,https://www.youtube.com/watch?v=HSHZMzZHbyM
uhkF8R34krs,Qual. FS - 51 kg: A. YEXANOV (KAZ) v. K. TAKAHASHI (JPN),2018-07-03,6:24,試合,U17,世界選手権,2018,タイトルにJPN/Japan・選手名の一致,高,照合なし(同じローマ字が2人以上),Freestyle - 2018 Cadet World Championships - Zagreb,https://www.youtube.com/watch?v=uhkF8R34krs
vXA_Lp_YnA4,Qual. FS - 60 kg: B. BALAZS (HUN) v. Y. HAGIWARA (JPN),2018-07-03,6:04,試合,U17,世界選手権,2018,タイトルにJPN/Japan・選手名の一致,高,萩原 大和(Yamato HAGIWARA),Freestyle - 2018 Cadet World Championships - Zagreb,https://www.youtube.com/watch?v=vXA_Lp_YnA4
Y92GKMzFlpw,Qual. FS - 92 kg: F. MAYILOV (AZE) v. H. KAMBARA (JPN),2018-07-03,5:05,試合,U17,世界選手権,2018,タイトルにJPN/Japan,高,照合なし,Freestyle - 2018 Cadet World Championships - Zagreb,https://www.youtube.com/watch?v=Y92GKMzFlpw
I9IF14ultwg,1/2 FS - 55 kg: D. ABDALADZE (GEO) v. H. FUJITA (JPN),2018-07-02,5:55,試合,U17,世界選手権,2018,タイトルにJPN/Japan・選手名の一致,高,藤田 宝星(Hosei FUJITA),Freestyle - 2018 Cadet World Championships - Zagreb,https://www.youtube.com/watch?v=I9IF14ultwg
iubEH2RjOgQ,1/4 FS - 55 kg: A. NASIROV (AZE) v. H. FUJITA (JPN),2018-07-02,6:35,試合,U17,世界選手権,2018,タイトルにJPN/Japan・選手名の一致,高,藤田 宝星(Hosei FUJITA),Freestyle - 2018 Cadet World Championships - Zagreb,https://www.youtube.com/watch?v=iubEH2RjOgQ
LU-cOB5EwHA,1/4 FS - 65 kg: M. KARIMISEIFAB (IRI) v. M. SATO (JPN),2018-07-02,7:48,試合,U17,世界選手権,2018,タイトルにJPN/Japan・選手名の一致,高,佐藤 匡記(Masaki SATO),Freestyle - 2018 Cadet World Championships - Zagreb,https://www.youtube.com/watch?v=LU-cOB5EwHA
uA3CGU_ad8g,1/8 FS - 65 kg: M. SATO (JPN) v. C. MANVILLE (USA),2018-07-02,5:22,試合,U17,世界選手権,2018,タイトルにJPN/Japan・選手名の一致,高,佐藤 匡記(Masaki SATO),Freestyle - 2018 Cadet World Championships - Zagreb,https://www.youtube.com/watch?v=uA3CGU_ad8g
_1qkjtmTivU,1/8 FS - 55 kg: H. FUJITA (JPN) v. V. TASHOHLO (UKR),2018-07-02,4:37,試合,U17,世界選手権,2018,タイトルにJPN/Japan・選手名の一致,高,藤田 宝星(Hosei FUJITA),Freestyle - 2018 Cadet World Championships - Zagreb,https://www.youtube.com/watch?v=_1qkjtmTivU
6CFxusb0Jq8,Qual. FS - 80 kg: M. TANAKA (JPN) v. G. NEBUNISHVILI (GEO),2018-07-02,6:05,試合,U17,世界選手権,2018,タイトルにJPN/Japan,高,照合なし,Freestyle - 2018 Cadet World Championships - Zagreb,https://www.youtube.com/watch?v=6CFxusb0Jq8
iV0BB8gZPW0,Qual. FS - 48 kg: K. TANABE (JPN) v. A. AMIRLI (AZE),2018-07-02,5:55,試合,U17,世界選手権,2018,タイトルにJPN/Japan・選手名の一致,高,田南部 魁星(Kaisei TANABE),Freestyle - 2018 Cadet World Championships - Zagreb,https://www.youtube.com/watch?v=iV0BB8gZPW0
oiwK_6IzHFc,Qual. FS - 65 kg: F. ISMAIL (EGY) v. M. SATO (JPN),2018-07-02,1:47,試合,U17,世界選手権,2018,タイトルにJPN/Japan・選手名の一致,高,佐藤 匡記(Masaki SATO),Freestyle - 2018 Cadet World Championships - Zagreb,https://www.youtube.com/watch?v=oiwK_6IzHFc
-_KS9nCBXKQ,Qual. FS - 110 kg: K. SHUTTO (JPN) v. K. ANIRUDH (IND),2018-07-02,4:26,試合,U17,世界選手権,2018,タイトルにJPN/Japan,高,照合なし,Freestyle - 2018 Cadet World Championships - Zagreb,https://www.youtube.com/watch?v=-_KS9nCBXKQ
nZtknZDC55M,Mayu MUKAIDA (JPN) - 55kg China Open Champion.,2018-06-23,2:05,その他,シニア(または不明),,2018,タイトルにJPN/Japan,高,照合なし,News + Highlights - China Open 2018,https://www.youtube.com/watch?v=nZtknZDC55M
qaKPfOrnSLY,GOLD WW - 53 kg: E. POLESHCHUK (RUS) v. Y. MIYAHARA (JPN),2018-06-23,7:58,試合,シニア(または不明),ランキングシリーズ等,2018,タイトルにJPN/Japan,高,照合なし,2018 Ranking Series - China Open (CHN),https://www.youtube.com/watch?v=qaKPfOrnSLY
gXrTvaKtLyY,GOLD WW - 55 kg: Q. ZHANG (CHN) v. M. MUKAIDA (JPN),2018-06-23,8:15,試合,シニア(または不明),ランキングシリーズ等,2018,タイトルにJPN/Japan,高,照合なし,2018 Ranking Series - China Open (CHN),https://www.youtube.com/watch?v=gXrTvaKtLyY
BcYpMNK1npI,GOLD WW - 59 kg: V. CHUMIKOVA (RUS) v. Y. KUMANO (JPN),2018-06-23,8:31,試合,シニア(または不明),ランキングシリーズ等,2018,タイトルにJPN/Japan,高,照合なし,2018 Ranking Series - China Open (CHN),https://www.youtube.com/watch?v=BcYpMNK1npI
o_N7PyNhl98,Round 1 WW - 72 kg: M. FURUICHI (JPN) v. K. WANG (CHN),2018-06-23,8:15,試合,シニア(または不明),ランキングシリーズ等,2018,タイトルにJPN/Japan・選手名の一致,高,古市 雅子(Masako FURUICHI),2018 Ranking Series - China Open (CHN),https://www.youtube.com/watch?v=o_N7PyNhl98
GfFGrO3eDF8,Round 2 WW - 72 kg: D. ALEDAGULI (CHN) v. M. FURUICHI (JPN),2018-06-23,7:47,試合,シニア(または不明),ランキングシリーズ等,2018,タイトルにJPN/Japan・選手名の一致,高,古市 雅子(Masako FURUICHI),2018 Ranking Series - China Open (CHN),https://www.youtube.com/watch?v=GfFGrO3eDF8
VEbx35PY4JI,Round 3 WW - 72 kg: K. EREMINA (RUS) v. M. FURUICHI (JPN),2018-06-23,3:24,試合,シニア(または不明),ランキングシリーズ等,2018,タイトルにJPN/Japan・選手名の一致,高,古市 雅子(Masako FURUICHI),2018 Ranking Series - China Open (CHN),https://www.youtube.com/watch?v=VEbx35PY4JI
SA2cjgpPTDI,1/2 WW - 65 kg: M. MORIKAWA (JPN) v. M. KUZNETSOVA (RUS),2018-06-23,8:37,試合,シニア(または不明),ランキングシリーズ等,2018,タイトルにJPN/Japan・選手名の一致,高,森川 美和(Miwa MORIKAWA),2018 Ranking Series - China Open (CHN),https://www.youtube.com/watch?v=SA2cjgpPTDI
XJrkbXoqB4E,Round 4 WW - 72 kg: J. WANG (CHN) v. M. FURUICHI (JPN),2018-06-23,8:00,試合,シニア(または不明),ランキングシリーズ等,2018,タイトルにJPN/Japan・選手名の一致,高,古市 雅子(Masako FURUICHI),2018 Ranking Series - China Open (CHN),https://www.youtube.com/watch?v=XJrkbXoqB4E
mw6C-EhzeNI,Round 3 WW - 65 kg: M. MORIKAWA (JPN) v. H. LEE (KOR),2018-06-23,2:12,試合,シニア(または不明),ランキングシリーズ等,2018,タイトルにJPN/Japan・選手名の一致,高,森川 美和(Miwa MORIKAWA),2018 Ranking Series - China Open (CHN),https://www.youtube.com/watch?v=mw6C-EhzeNI
WvYPZet-qrs,BRONZE WW - 65 kg: N. LU (CHN) v. M. MORIKAWA (JPN),2018-06-23,8:48,試合,シニア(または不明),ランキングシリーズ等,2018,タイトルにJPN/Japan・選手名の一致,高,森川 美和(Miwa MORIKAWA),2018 Ranking Series - China Open (CHN),https://www.youtube.com/watch?v=WvYPZet-qrs
m-e2nZpopQg,1/4 WW - 59 kg: Y. KUMANO (JPN) v. A. TYNYBEKOVA (KGZ),2018-06-22,12:17,試合,シニア(または不明),ランキングシリーズ等,2018,タイトルにJPN/Japan,高,照合なし,Best of Aisuluu Tynybekova / 2018 Ranking Series - China Open (CHN),https://www.youtube.com/watch?v=m-e2nZpopQg
mGp_wOSYHH4,Nice performance from MIYAHARA (JPN) to get her first win - China Open 2018,2018-06-22,0:39,ショート,シニア(または不明),,2018,タイトルにJPN/Japan,高,照合なし,News + Highlights - China Open 2018,https://www.youtube.com/watch?v=mGp_wOSYHH4
cCnh9iyffFo,MUKAIDA (JPN) wins gold at 55kg - China Open 2018,2018-06-22,0:24,ショート,シニア(または不明),,2018,タイトルにJPN/Japan,高,照合なし,News + Highlights - China Open 2018,https://www.youtube.com/watch?v=cCnh9iyffFo
nw72Rxoliio,Qual. WW - 53 kg: Y. MIYAHARA (JPN) v. H. CHIU (TPE),2018-06-22,1:43,試合,シニア(または不明),ランキングシリーズ等,2018,タイトルにJPN/Japan,高,照合なし,2018 Ranking Series - China Open (CHN),https://www.youtube.com/watch?v=nw72Rxoliio
YXrG8l248cE,1/2 WW - 53 kg: L. LUO (CHN) v. Y. MIYAHARA (JPN),2018-06-22,5:30,試合,シニア(または不明),ランキングシリーズ等,2018,タイトルにJPN/Japan,高,照合なし,2018 Ranking Series - China Open (CHN),https://www.youtube.com/watch?v=YXrG8l248cE
JKRcqYlfihA,1/4 WW - 55 kg: Z. SIDAKOVA (BLR) v. M. MUKAIDA (JPN),2018-06-22,3:01,試合,シニア(または不明),ランキングシリーズ等,2018,タイトルにJPN/Japan,高,照合なし,2018 Ranking Series - China Open (CHN),https://www.youtube.com/watch?v=JKRcqYlfihA
wGke7aO53zA,1/2 WW - 55 kg: J. OUYANG (CHN) v. M. MUKAIDA (JPN),2018-06-22,2:55,試合,シニア(または不明),ランキングシリーズ等,2018,タイトルにJPN/Japan,高,照合なし,2018 Ranking Series - China Open (CHN),https://www.youtube.com/watch?v=wGke7aO53zA
ChfLOffRCqQ,1/2 WW - 59 kg: Y. KUMANO (JPN) v. Y. WANG (CHN),2018-06-22,1:14,試合,シニア(または不明),ランキングシリーズ等,2018,タイトルにJPN/Japan,高,照合なし,2018 Ranking Series - China Open (CHN),https://www.youtube.com/watch?v=ChfLOffRCqQ
CjkuK5LYE_o,1/4 WW - 53 kg: Y. MIYAHARA (JPN) v. Q. PANG (CHN),2018-06-22,8:04,試合,シニア(または不明),ランキングシリーズ等,2018,タイトルにJPN/Japan,高,照合なし,2018 Ranking Series - China Open (CHN),https://www.youtube.com/watch?v=CjkuK5LYE_o
OL9_F9LdV7g,1/4 GR - 51 kg: L. UZBEKOV (UZB) v. W. SASAKI (JPN),2018-05-25,2:24,試合,U17,アジア選手権,2018,タイトルにJPN/Japan,高,照合なし,Greco-Roman - 2018 Cadet Asian Championships - Tashkent,https://www.youtube.com/watch?v=OL9_F9LdV7g
C8ZlxKZTVf0,Qual. GR - 60 kg: R. KUVATGELDIYE (TKM) v. K. TAKESHITA (JPN),2018-05-25,1:30,試合,U17,アジア選手権,2018,タイトルにJPN/Japan・選手名の一致,高,竹下 航生(Kosei TAKESHITA),Greco-Roman - 2018 Cadet Asian Championships - Tashkent,https://www.youtube.com/watch?v=C8ZlxKZTVf0
ZwcfEcbEBso,1/4 GR - 48 kg: T. ONISHI (JPN) v. T. BEISHENBEK U (KGZ),2018-05-25,5:24,試合,U17,アジア選手権,2018,タイトルにJPN/Japan・選手名の一致,高,尾西 大河(Taiga ONISHI),Greco-Roman - 2018 Cadet Asian Championships - Tashkent,https://www.youtube.com/watch?v=ZwcfEcbEBso
Bg__5P45T6o,1/4 GR - 65 kg: V. VIKAS (IND) v. K. SOGABE (JPN),2018-05-13,5:55,試合,U17,アジア選手権,2018,タイトルにJPN/Japan・選手名の一致,高,曽我部 京太郎(Kyotaro SOGABE),Best of Kyotaro SOGABE / Greco-Roman - 2018 Cadet Asian Championships - Tashkent,https://www.youtube.com/watch?v=Bg__5P45T6o
zRgAV8ATfHg,GOLD WW - 49 kg: A. FUJINAMI (JPN) v. S. AKHMEDOVA (UZB),2018-05-13,1:20,試合,U17,アジア選手権,2018,タイトルにJPN/Japan・選手名の一致,高,藤波 朱理(Akari FUJINAMI),Best of Akari Fujinami / Women Wrestling - 2018 Cadet Asian Championships - Tashkent,https://www.youtube.com/watch?v=zRgAV8ATfHg
vhWxlXB5_Ao,1/4 WW - 49 kg: A. FUJINAMI (JPN) v. N. RAIMOVA (KAZ),2018-05-13,1:41,試合,U17,アジア選手権,2018,タイトルにJPN/Japan・選手名の一致,高,藤波 朱理(Akari FUJINAMI),Best of Akari Fujinami / Women Wrestling - 2018 Cadet Asian Championships - Tashkent,https://www.youtube.com/watch?v=vhWxlXB5_Ao
Ub0P2-p1bFo,1/4 WW - 73 kg: E. KAZIEVA (KGZ) v. Y. KAGAMI (JPN),2018-05-13,0:56,試合,U17,アジア選手権,2018,タイトルにJPN/Japan・選手名の一致,高,鏡 優翔(Yuka KAGAMI),Best of Yuuka Kagami / Women Wrestling - 2018 Cadet Asian Championships - Tashkent,https://www.youtube.com/watch?v=Ub0P2-p1bFo
5NjIvvuSWCc,GOLD WW - 65 kg: H. NAKAI (JPN) v. X. ZHOU (CHN),2018-05-13,6:04,試合,U17,アジア選手権,2018,タイトルにJPN/Japan,高,照合なし,Women Wrestling - 2018 Cadet Asian Championships - Tashkent,https://www.youtube.com/watch?v=5NjIvvuSWCc
Ue4081tpryM,GOLD WW - 43 kg: E. BATBAATAR (MGL) v. A. UENO (JPN),2018-05-13,7:20,試合,U17,アジア選手権,2018,タイトルにJPN/Japan,高,照合なし,Women Wrestling - 2018 Cadet Asian Championships - Tashkent,https://www.youtube.com/watch?v=Ue4081tpryM
lwlVTfsFwPg,GOLD WW - 57 kg: M. MANSI (IND) v. N. OZAKI (JPN),2018-05-13,1:31,試合,U17,アジア選手権,2018,タイトルにJPN/Japan・選手名の一致,高,尾﨑 野乃香(Nonoka OZAKI),Women Wrestling - 2018 Cadet Asian Championships - Tashkent,https://www.youtube.com/watch?v=lwlVTfsFwPg
VJbzsyIqyqE,1/2 WW - 65 kg: H. NAKAI (JPN) v. S. SONAM (IND),2018-05-13,6:40,試合,U17,アジア選手権,2018,タイトルにJPN/Japan,高,照合なし,Women Wrestling - 2018 Cadet Asian Championships - Tashkent,https://www.youtube.com/watch?v=VJbzsyIqyqE
G3IR_tKA8Hg,1/2 WW - 73 kg: Y. KAGAMI (JPN) v. Q. JIANG (CHN),2018-05-13,6:16,試合,U17,アジア選手権,2018,タイトルにJPN/Japan・選手名の一致,高,鏡 優翔(Yuka KAGAMI),Women Wrestling - 2018 Cadet Asian Championships - Tashkent,https://www.youtube.com/watch?v=G3IR_tKA8Hg
CpAbaJQ1aII,1/2 WW - 49 kg: A. FUJINAMI (JPN) v. B. BEKBOLOTOVA (KGZ),2018-05-13,1:51,試合,U17,アジア選手権,2018,タイトルにJPN/Japan・選手名の一致,高,藤波 朱理(Akari FUJINAMI),Women Wrestling - 2018 Cadet Asian Championships - Tashkent,https://www.youtube.com/watch?v=CpAbaJQ1aII
ZGrDy-EmiUs,1/4 WW - 57 kg: N. OZAKI (JPN) v. Y. ZHU (CHN),2018-05-13,1:49,試合,U17,アジア選手権,2018,タイトルにJPN/Japan・選手名の一致,高,尾﨑 野乃香(Nonoka OZAKI),Women Wrestling - 2018 Cadet Asian Championships - Tashkent,https://www.youtube.com/watch?v=ZGrDy-EmiUs
DcQe2q469W8,1/2 WW - 57 kg: N. OZAKI (JPN) v. K. BOLDSAIKHAN (MGL),2018-05-13,4:07,試合,U17,アジア選手権,2018,タイトルにJPN/Japan・選手名の一致,高,尾﨑 野乃香(Nonoka OZAKI),Women Wrestling - 2018 Cadet Asian Championships - Tashkent,https://www.youtube.com/watch?v=DcQe2q469W8
a3bkjsY6eKY,1/4 WW - 65 kg: H. PAI (TPE) v. H. NAKAI (JPN),2018-05-13,2:41,試合,U17,アジア選手権,2018,タイトルにJPN/Japan,高,照合なし,Women Wrestling - 2018 Cadet Asian Championships - Tashkent,https://www.youtube.com/watch?v=a3bkjsY6eKY
3L5H6g_TiGA,GOLD WW - 73 kg: Y. KAGAMI (JPN) v. S. OKNAZAROVA (UZB),2018-05-13,2:24,試合,U17,アジア選手権,2018,タイトルにJPN/Japan・選手名の一致,高,鏡 優翔(Yuka KAGAMI),Women Wrestling - 2018 Cadet Asian Championships - Tashkent,https://www.youtube.com/watch?v=3L5H6g_TiGA
GAwiaCCoHVo,1/4 WW - 43 kg: A. UENO (JPN) v. B. NURIDIN KYZY (KGZ),2018-05-13,6:40,試合,U17,アジア選手権,2018,タイトルにJPN/Japan,高,照合なし,Women Wrestling - 2018 Cadet Asian Championships - Tashkent,https://www.youtube.com/watch?v=GAwiaCCoHVo
CmRDcR8MTo0,1/2 WW - 43 kg: A. UENO (JPN) v. S. SIMRAN (IND),2018-05-13,4:10,試合,U17,アジア選手権,2018,タイトルにJPN/Japan,高,照合なし,Women Wrestling - 2018 Cadet Asian Championships - Tashkent,https://www.youtube.com/watch?v=CmRDcR8MTo0
0Oc9wW9qCJY,1/2 WW - 40 kg: N. BATSAIKHAN (MGL) v. K. YOKOYAMA (JPN),2018-05-13,5:02,試合,U17,アジア選手権,2018,タイトルにJPN/Japan,高,照合なし,Women Wrestling - 2018 Cadet Asian Championships - Tashkent,https://www.youtube.com/watch?v=0Oc9wW9qCJY
J3RkUrgidLY,1/2 WW - 46 kg: U. ITO (JPN) v. D. SANJU (IND),2018-05-13,1:35,試合,U17,アジア選手権,2018,タイトルにJPN/Japan・選手名の一致,高,伊藤 海(Umi ITO),Women Wrestling - 2018 Cadet Asian Championships - Tashkent,https://www.youtube.com/watch?v=J3RkUrgidLY
hiL36ioShIY,Round 3 WW - 69 kg: N. GANBOLD (MGL) v. R. ODA (JPN),2018-05-13,6:02,試合,U17,アジア選手権,2018,タイトルにJPN/Japan,高,照合なし,Women Wrestling - 2018 Cadet Asian Championships - Tashkent,https://www.youtube.com/watch?v=hiL36ioShIY
sVaRNQxP8bk,1/2 WW - 40 kg: N. BATSAIKHAN (MGL) v. K. YOKOYAMA (JPN),2018-05-13,1:01,試合,U17,アジア選手権,2018,タイトルにJPN/Japan,高,照合なし,Women Wrestling - 2018 Cadet Asian Championships - Tashkent,https://www.youtube.com/watch?v=sVaRNQxP8bk
oLw4D27iBmI,Round 3 WW - 46 kg: U. ITO (JPN) v. Z. BAYANOVA (KAZ),2018-05-13,1:20,試合,U17,アジア選手権,2018,タイトルにJPN/Japan・選手名の一致,高,伊藤 海(Umi ITO),Women Wrestling - 2018 Cadet Asian Championships - Tashkent,https://www.youtube.com/watch?v=oLw4D27iBmI
rQIxmiE7rPU,Round 3 WW - 53 kg: G. SOBIROVA (UZB) v. H. TOKUHARA (JPN),2018-05-13,6:46,試合,U17,アジア選手権,2018,タイトルにJPN/Japan・選手名の一致,高,德原 姫花(Himeka TOKUHARA),Women Wrestling - 2018 Cadet Asian Championships - Tashkent,https://www.youtube.com/watch?v=rQIxmiE7rPU
5KNLQWv8CNw,Round 1 WW - 53 kg: S. DYUSSENGALIY (KAZ) v. H. TOKUHARA (JPN),2018-05-13,6:47,試合,U17,アジア選手権,2018,タイトルにJPN/Japan・選手名の一致,高,德原 姫花(Himeka TOKUHARA),Women Wrestling - 2018 Cadet Asian Championships - Tashkent,https://www.youtube.com/watch?v=5KNLQWv8CNw
JNcCXwQ9pvQ,Round 2 WW - 40 kg: K. YOKOYAMA (JPN) v. M. SAMIEVA (UZB),2018-05-13,3:20,試合,U17,アジア選手権,2018,タイトルにJPN/Japan,高,照合なし,Women Wrestling - 2018 Cadet Asian Championships - Tashkent,https://www.youtube.com/watch?v=JNcCXwQ9pvQ
g0bCe4Fu0_g,1/2 WW - 53 kg: H. TOKUHARA (JPN) v. M. MEENAKSHI (IND),2018-05-13,5:52,試合,U17,アジア選手権,2018,タイトルにJPN/Japan・選手名の一致,高,德原 姫花(Himeka TOKUHARA),Women Wrestling - 2018 Cadet Asian Championships - Tashkent,https://www.youtube.com/watch?v=g0bCe4Fu0_g
XqaFPt-vSDg,Round 1 WW - 46 kg: X. XIE (CHN) v. U. ITO (JPN),2018-05-13,1:22,試合,U17,アジア選手権,2018,タイトルにJPN/Japan・選手名の一致,高,伊藤 海(Umi ITO),Women Wrestling - 2018 Cadet Asian Championships - Tashkent,https://www.youtube.com/watch?v=XqaFPt-vSDg
COkh7k-bMhI,Round 3 WW - 61 kg: A. AZIZOVA (UZB) v. R. NATAMI (JPN),2018-05-13,6:19,試合,U17,アジア選手権,2018,タイトルにJPN/Japan・選手名の一致,高,屶網 瑠夏(Ruka NATAMI),Women Wrestling - 2018 Cadet Asian Championships - Tashkent,https://www.youtube.com/watch?v=COkh7k-bMhI
YLE6Y4D4ubM,1/2 WW - 61 kg: R. NATAMI (JPN) v. O. BATKHUYAG (MGL),2018-05-13,5:23,試合,U17,アジア選手権,2018,タイトルにJPN/Japan・選手名の一致,高,屶網 瑠夏(Ruka NATAMI),Women Wrestling - 2018 Cadet Asian Championships - Tashkent,https://www.youtube.com/watch?v=YLE6Y4D4ubM
QOr5RAvr1Vg,Round 3 WW - 40 kg: N. MIRLAN KYZY (KGZ) v. K. YOKOYAMA (JPN),2018-05-13,5:51,試合,U17,アジア選手権,2018,タイトルにJPN/Japan,高,照合なし,Women Wrestling - 2018 Cadet Asian Championships - Tashkent,https://www.youtube.com/watch?v=QOr5RAvr1Vg
_zStATn1SUg,GOLD WW - 53 kg: H. TOKUHARA (JPN) v. Z. SHI (CHN),2018-05-13,5:57,試合,U17,アジア選手権,2018,タイトルにJPN/Japan・選手名の一致,高,德原 姫花(Himeka TOKUHARA),Women Wrestling - 2018 Cadet Asian Championships - Tashkent,https://www.youtube.com/watch?v=_zStATn1SUg
lpSMyqG1fi4,Round 2 WW - 53 kg: P. MUNKHBAT (MGL) v. H. TOKUHARA (JPN),2018-05-13,4:11,試合,U17,アジア選手権,2018,タイトルにJPN/Japan・選手名の一致,高,德原 姫花(Himeka TOKUHARA),Women Wrestling - 2018 Cadet Asian Championships - Tashkent,https://www.youtube.com/watch?v=lpSMyqG1fi4
a4V7YgvwEbM,GOLD WW - 61 kg: R. NATAMI (JPN) v. A. ANSHU (IND),2018-05-13,5:59,試合,U17,アジア選手権,2018,タイトルにJPN/Japan・選手名の一致,高,屶網 瑠夏(Ruka NATAMI),Women Wrestling - 2018 Cadet Asian Championships - Tashkent,https://www.youtube.com/watch?v=a4V7YgvwEbM
S1XUpEHDR3k,Round 2 WW - 61 kg: T. YERMAKHAN (KAZ) v. R. NATAMI (JPN),2018-05-13,5:29,試合,U17,アジア選手権,2018,タイトルにJPN/Japan・選手名の一致,高,屶網 瑠夏(Ruka NATAMI),Women Wrestling - 2018 Cadet Asian Championships - Tashkent,https://www.youtube.com/watch?v=S1XUpEHDR3k
oykET9fMgNU,GOLD WW - 46 kg: X. XIE (CHN) v. U. ITO (JPN),2018-05-13,3:44,試合,U17,アジア選手権,2018,タイトルにJPN/Japan・選手名の一致,高,伊藤 海(Umi ITO),Women Wrestling - 2018 Cadet Asian Championships - Tashkent,https://www.youtube.com/watch?v=oykET9fMgNU
qzTdqKX7Flk,BRONZE WW - 40 kg: M. TANGIRBERGEN (KAZ) v. K. YOKOYAMA (JPN),2018-05-13,5:56,試合,U17,アジア選手権,2018,タイトルにJPN/Japan,高,照合なし,Women Wrestling - 2018 Cadet Asian Championships - Tashkent,https://www.youtube.com/watch?v=qzTdqKX7Flk
3yKSXL_5hR0,Round 2 WW - 69 kg: R. ODA (JPN) v. M. ZHANG (CHN),2018-05-13,2:22,試合,U17,アジア選手権,2018,タイトルにJPN/Japan,高,照合なし,Women Wrestling - 2018 Cadet Asian Championships - Tashkent,https://www.youtube.com/watch?v=3yKSXL_5hR0
ODoH8a2_K_o,Round 1 WW - 61 kg: R. NATAMI (JPN) v. A. TURGANBEKOVA (KGZ),2018-05-13,1:33,試合,U17,アジア選手権,2018,タイトルにJPN/Japan・選手名の一致,高,屶網 瑠夏(Ruka NATAMI),Women Wrestling - 2018 Cadet Asian Championships - Tashkent,https://www.youtube.com/watch?v=ODoH8a2_K_o
oJtsp3HaYcE,1/4 FS - 80 kg: Y. TAKAHASHI (JPN) v. T. HWANG (KOR),2018-05-13,4:36,試合,U17,アジア選手権,2018,タイトルにJPN/Japan・選手名の一致,高,照合なし(同じローマ字が2人以上),Freestyle - 2018 Cadet Asian Championships - Tashkent,https://www.youtube.com/watch?v=oJtsp3HaYcE
Vmf0OI6go30,1/4 FS - 71 kg: M. NOKHODILARIM (IRI) v. H. TAKATA (JPN),2018-05-13,6:19,試合,U17,アジア選手権,2018,タイトルにJPN/Japan・選手名の一致,高,高田 煕(Hikaru TAKATA),Freestyle - 2018 Cadet Asian Championships - Tashkent,https://www.youtube.com/watch?v=Vmf0OI6go30
3bZum_sjNeE,BRONZE FS - 80 kg: B. ENKHTUVSHIN (MGL) v. Y. TAKAHASHI (JPN),2018-05-13,5:46,試合,U17,アジア選手権,2018,タイトルにJPN/Japan・選手名の一致,高,照合なし(同じローマ字が2人以上),Freestyle - 2018 Cadet Asian Championships - Tashkent,https://www.youtube.com/watch?v=3bZum_sjNeE
e062mneJRY0,1/4 FS - 65 kg: M. SATO (JPN) v. R. ROHIT (IND),2018-05-13,6:07,試合,U17,アジア選手権,2018,タイトルにJPN/Japan・選手名の一致,高,佐藤 匡記(Masaki SATO),Freestyle - 2018 Cadet Asian Championships - Tashkent,https://www.youtube.com/watch?v=e062mneJRY0
BpPJYpNp-B8,1/8 FS - 65 kg: P. CHAMNANJAN (THA) v. M. SATO (JPN),2018-05-13,1:16,試合,U17,アジア選手権,2018,タイトルにJPN/Japan・選手名の一致,高,佐藤 匡記(Masaki SATO),Freestyle - 2018 Cadet Asian Championships - Tashkent,https://www.youtube.com/watch?v=BpPJYpNp-B8
uBb1bU2RVt8,1/2 FS - 65 kg: B. ZHALGASSOV (KAZ) v. M. SATO (JPN),2018-05-13,6:52,試合,U17,アジア選手権,2018,タイトルにJPN/Japan・選手名の一致,高,佐藤 匡記(Masaki SATO),Freestyle - 2018 Cadet Asian Championships - Tashkent,https://www.youtube.com/watch?v=uBb1bU2RVt8
9IP7zI1i978,Qual. FS - 80 kg: Y. TAKAHASHI (JPN) v. M. HE (CHN),2018-05-13,2:18,試合,U17,アジア選手権,2018,タイトルにJPN/Japan・選手名の一致,高,照合なし(同じローマ字が2人以上),Freestyle - 2018 Cadet Asian Championships - Tashkent,https://www.youtube.com/watch?v=9IP7zI1i978
ixmY9J1IL90,1/2 FS - 80 kg: Y. TAKAHASHI (JPN) v. M. GHIYASI (IRI),2018-05-13,5:55,試合,U17,アジア選手権,2018,タイトルにJPN/Japan・選手名の一致,高,照合なし(同じローマ字が2人以上),Freestyle - 2018 Cadet Asian Championships - Tashkent,https://www.youtube.com/watch?v=ixmY9J1IL90
pefxc13OXzM,BRONZE FS - 65 kg: I. ULLAH (PAK) v. M. SATO (JPN),2018-05-13,2:02,試合,U17,アジア選手権,2018,タイトルにJPN/Japan・選手名の一致,高,佐藤 匡記(Masaki SATO),Freestyle - 2018 Cadet Asian Championships - Tashkent,https://www.youtube.com/watch?v=pefxc13OXzM
QnnUKv-wPwc,Qual. FS - 71 kg: H. TAKATA (JPN) v. S. ASHRAFKHONOV (TJK),2018-05-13,6:56,試合,U17,アジア選手権,2018,タイトルにJPN/Japan・選手名の一致,高,高田 煕(Hikaru TAKATA),Freestyle - 2018 Cadet Asian Championships - Tashkent,https://www.youtube.com/watch?v=QnnUKv-wPwc
hBy85QUF8uE,1/2 GR - 71 kg: S. YAMADA (JPN) v. H. KANG (KOR),2018-05-13,5:59,試合,U17,アジア選手権,2018,タイトルにJPN/Japan・選手名の一致,高,山田 脩(Shu YAMADA),Greco-Roman - 2018 Cadet Asian Championships - Tashkent,https://www.youtube.com/watch?v=hBy85QUF8uE
8gqKWKrk3A4,1/4 GR - 80 kg: Y. YERLANOV (KAZ) v. T. HIGUCHI (JPN),2018-05-13,8:36,試合,U17,アジア選手権,2018,タイトルにJPN/Japan・選手名の一致,高,樋口 徹心(Tesshin HIGUCHI),Greco-Roman - 2018 Cadet Asian Championships - Tashkent,https://www.youtube.com/watch?v=8gqKWKrk3A4
7XRebGxfpmY,1/4 GR - 71 kg: S. YAMADA (JPN) v. V. EYUBOV (KAZ),2018-05-13,5:50,試合,U17,アジア選手権,2018,タイトルにJPN/Japan・選手名の一致,高,山田 脩(Shu YAMADA),Greco-Roman - 2018 Cadet Asian Championships - Tashkent,https://www.youtube.com/watch?v=7XRebGxfpmY
CEGg09-5oDM,GOLD GR - 71 kg: K. ZUKHUROV (TJK) v. S. YAMADA (JPN),2018-05-13,6:09,試合,U17,アジア選手権,2018,タイトルにJPN/Japan・選手名の一致,高,山田 脩(Shu YAMADA),Greco-Roman - 2018 Cadet Asian Championships - Tashkent,https://www.youtube.com/watch?v=CEGg09-5oDM
VJBYjtNkeqA,Qual. GR - 65 kg: H. S ALHARTHI (KSA) v. K. SOGABE (JPN),2018-05-13,3:47,試合,U17,アジア選手権,2018,タイトルにJPN/Japan・選手名の一致,高,曽我部 京太郎(Kyotaro SOGABE),Greco-Roman - 2018 Cadet Asian Championships - Tashkent,https://www.youtube.com/watch?v=VJBYjtNkeqA
4ffIpy3CGMo,Qual. GR - 55 kg: A. KHOUNSARI (IRI) v. K. MATSUI (JPN),2018-05-13,8:26,試合,U17,アジア選手権,2018,タイトルにJPN/Japan,高,照合なし,Greco-Roman - 2018 Cadet Asian Championships - Tashkent,https://www.youtube.com/watch?v=4ffIpy3CGMo
_ttcUqEdf_o,BRONZE GR - 48 kg: Y. R ALOMAIRI (KSA) v. T. ONISHI (JPN),2018-05-13,2:12,試合,U17,アジア選手権,2018,タイトルにJPN/Japan・選手名の一致,高,尾西 大河(Taiga ONISHI),Greco-Roman - 2018 Cadet Asian Championships - Tashkent,https://www.youtube.com/watch?v=_ttcUqEdf_o
b4og6JiNAFU,1/2 GR - 60 kg: S. BADAGHI MOFR (IRI) v. K. TAKESHITA (JPN),2018-05-13,6:06,試合,U17,アジア選手権,2018,タイトルにJPN/Japan・選手名の一致,高,竹下 航生(Kosei TAKESHITA),Greco-Roman - 2018 Cadet Asian Championships - Tashkent,https://www.youtube.com/watch?v=b4og6JiNAFU
MIAse2QPCkk,1/2 GR - 51 kg: W. SASAKI (JPN) v. I. MOHAMMADI (IRI),2018-05-13,8:19,試合,U17,アジア選手権,2018,タイトルにJPN/Japan,高,照合なし,Greco-Roman - 2018 Cadet Asian Championships - Tashkent,https://www.youtube.com/watch?v=MIAse2QPCkk
HI7L4kZR_xU,Qual. GR - 60 kg: R. KUVATGELDIYE (TKM) v. K. TAKESHITA (JPN),2018-05-13,4:35,試合,U17,アジア選手権,2018,タイトルにJPN/Japan・選手名の一致,高,竹下 航生(Kosei TAKESHITA),Greco-Roman - 2018 Cadet Asian Championships - Tashkent,https://www.youtube.com/watch?v=HI7L4kZR_xU
U9KZ9J72T1Q,1/4 GR - 48 kg: T. ONISHI (JPN) v. T. BEISHENBEK U (KGZ),2018-05-13,5:36,試合,U17,アジア選手権,2018,タイトルにJPN/Japan・選手名の一致,高,尾西 大河(Taiga ONISHI),Greco-Roman - 2018 Cadet Asian Championships - Tashkent,https://www.youtube.com/watch?v=U9KZ9J72T1Q
9iyn3IOWjiQ,Qual. GR - 51 kg: C. CHANG (TPE) v. W. SASAKI (JPN),2018-05-13,0:54,試合,U17,アジア選手権,2018,タイトルにJPN/Japan,高,照合なし,Greco-Roman - 2018 Cadet Asian Championships - Tashkent,https://www.youtube.com/watch?v=9iyn3IOWjiQ
i_kjRPhxFJE,GOLD GR - 51 kg: F. MIRZORADZHAB (TJK) v. W. SASAKI (JPN),2018-05-13,6:41,試合,U17,アジア選手権,2018,タイトルにJPN/Japan,高,照合なし,Greco-Roman - 2018 Cadet Asian Championships - Tashkent,https://www.youtube.com/watch?v=i_kjRPhxFJE
oZdQIUAed3w,Round 1 GR - 110 kg: S. EUN (KOR) v. K. NOSAKI (JPN),2018-05-13,0:57,試合,U17,アジア選手権,2018,タイトルにJPN/Japan,高,照合なし,Greco-Roman - 2018 Cadet Asian Championships - Tashkent,https://www.youtube.com/watch?v=oZdQIUAed3w
tkjf-YEqFSY,1/4 GR - 51 kg: L. UZBEKOV (UZB) v. W. SASAKI (JPN),2018-05-13,6:29,試合,U17,アジア選手権,2018,タイトルにJPN/Japan,高,照合なし,Greco-Roman - 2018 Cadet Asian Championships - Tashkent,https://www.youtube.com/watch?v=tkjf-YEqFSY
tzvDAzf2Q_M,Qual. GR - 92 kg: A. ALNSHIWATI (SYR) v. S. MIURA (JPN),2018-05-13,6:10,試合,U17,アジア選手権,2018,タイトルにJPN/Japan・選手名の一致,高,照合なし(同じローマ字が2人以上),Greco-Roman - 2018 Cadet Asian Championships - Tashkent,https://www.youtube.com/watch?v=tzvDAzf2Q_M
WFLFeJd1C4M,"Round 3 WW - 75 kg: Adeline Gray (USA) df. M. FURUICHI (JPN) by VPO, 6-0",2018-05-06,4:31,試合,シニア(または不明),,2018,タイトルにJPN/Japan・選手名の一致,高,古市 雅子(Masako FURUICHI),Women's Wrestling - 2018 Senior Pan-American C'ships - Lima,https://www.youtube.com/watch?v=WFLFeJd1C4M
lEMEDZHn6tA,Japan Wins Bronze in Epic Battle - Freestyle World Cup,2018-04-09,1:42,試合,シニア(または不明),ワールドカップ,2018,タイトルにJPN/Japan,高,照合なし,News + Highlights - Freestyle World Cup,https://www.youtube.com/watch?v=lEMEDZHn6tA
P72ZQcGT0H8,BRONZE FS - 65 kg: D. TAKATANI (JPN) v. A. VALDES TOBIE (CUB),2018-04-08,8:55,試合,シニア(または不明),,2018,タイトルにJPN/Japan・選手名の一致,高,高谷 大地(Daichi TAKATANI),Best of Daichi TAKATANI / IowaCity2018 - Japan VS Cuba - Final 3-4,https://www.youtube.com/watch?v=P72ZQcGT0H8
34ZQEaKaLvU,BRONZE FS - 57 kg: Y. TAKAHASHI (JPN) v. R. ANDREU ORTEG (CUB),2018-04-08,8:03,試合,シニア(または不明),,2018,タイトルにJPN/Japan・選手名の一致,高,照合なし(同じローマ字が2人以上),IowaCity2018 - Japan VS Cuba - Final 3-4,https://www.youtube.com/watch?v=34ZQEaKaLvU
j_udG7MwS54,BRONZE FS - 61 kg: K. KOYANAGI (JPN) v. Y. BONNE RODRIG (CUB),2018-04-08,9:10,試合,シニア(または不明),,2018,タイトルにJPN/Japan,高,照合なし,IowaCity2018 - Japan VS Cuba - Final 3-4,https://www.youtube.com/watch?v=j_udG7MwS54
gO0ioOlAIiQ,BRONZE FS - 70 kg: K. OTOGURO (JPN) v. F. MAREN CASTIL (CUB),2018-04-08,10:28,試合,シニア(または不明),,2018,タイトルにJPN/Japan,高,照合なし,IowaCity2018 - Japan VS Cuba - Final 3-4,https://www.youtube.com/watch?v=gO0ioOlAIiQ
svF9EpUlBOU,BRONZE FS - 74 kg: Y. FUJINAMI (JPN) v. L. LOPEZ AZCUY (CUB),2018-04-08,4:42,試合,シニア(または不明),,2018,タイトルにJPN/Japan,高,照合なし,IowaCity2018 - Japan VS Cuba - Final 3-4,https://www.youtube.com/watch?v=svF9EpUlBOU
ZFStiXVI9-s,BRONZE FS - 79 kg: S. TAKATANI (JPN) v. Y. ZULUETA MORA (CUB),2018-04-08,3:15,試合,シニア(または不明),,2018,タイトルにJPN/Japan・選手名の一致,高,高谷 惣亮(Sosuke TAKATANI),IowaCity2018 - Japan VS Cuba - Final 3-4,https://www.youtube.com/watch?v=ZFStiXVI9-s
s2zLSwUzEWM,BRONZE FS - 86 kg: S. SHIRAI (JPN) v. Y. TORREBLANCA  (CUB),2018-04-08,8:19,試合,シニア(または不明),,2018,タイトルにJPN/Japan,高,照合なし,IowaCity2018 - Japan VS Cuba - Final 3-4,https://www.youtube.com/watch?v=s2zLSwUzEWM
rydbVFTIQk8,BRONZE FS - 92 kg: T. ISHIGURO (JPN) v. L. HERNANDEZ LU (CUB),2018-04-08,8:02,試合,シニア(または不明),,2018,タイトルにJPN/Japan・選手名の一致,高,石黒 峻士(Takashi ISHIGURO),IowaCity2018 - Japan VS Cuba - Final 3-4,https://www.youtube.com/watch?v=rydbVFTIQk8
MA63FW3yzzM,BRONZE FS - 97 kg: T. SONODA (JPN) v. R. SALAS PEREZ (CUB),2018-04-08,5:56,試合,シニア(または不明),,2018,タイトルにJPN/Japan・選手名の一致,高,園田 平(Taira SONODA),IowaCity2018 - Japan VS Cuba - Final 3-4,https://www.youtube.com/watch?v=MA63FW3yzzM
6tYZvsbwYdI,BRONZE FS - 125 kg: T. YAMAMOTO (JPN) v. Y. ALPAJON ESTE (CUB),2018-04-08,11:11,試合,シニア(または不明),,2018,タイトルにJPN/Japan・選手名の一致,高,山本 泰輝(Taiki YAMAMOTO),IowaCity2018 - Japan VS Cuba - Final 3-4,https://www.youtube.com/watch?v=6tYZvsbwYdI
4fSr-_Bl5oc,Round 3 FS - 57 kg: Y. TAKAHASHI (JPN) v. N. --- --- (IND),2018-04-08,0:11,試合,シニア(または不明),,2018,タイトルにJPN/Japan・選手名の一致,高,照合なし(同じローマ字が2人以上),IowaCity2018 - Japan VS India - Session 3 - Group A,https://www.youtube.com/watch?v=4fSr-_Bl5oc
uJljpyUmQ_Y,Round 3 FS - 61 kg: R. NAKAMURA (JPN) v. S. TOMAR (IND),2018-04-08,2:45,試合,シニア(または不明),,2018,タイトルにJPN/Japan,高,照合なし,IowaCity2018 - Japan VS India - Session 3 - Group A,https://www.youtube.com/watch?v=uJljpyUmQ_Y
P9uIKwjSiRM,Round 3 FS - 65 kg: T. OTOGURO (JPN) v. S. SHARVAN (IND),2018-04-08,1:02,試合,シニア(または不明),,2018,タイトルにJPN/Japan,高,照合なし,IowaCity2018 - Japan VS India - Session 3 - Group A,https://www.youtube.com/watch?v=P9uIKwjSiRM
RHXE4oJg96Q,Round 3 FS - 70 kg: K. KINOSHITA (JPN) v. K. ARUN (IND),2018-04-08,2:57,試合,シニア(または不明),,2018,タイトルにJPN/Japan,高,照合なし,IowaCity2018 - Japan VS India - Session 3 - Group A,https://www.youtube.com/watch?v=RHXE4oJg96Q
6bjDVbDqij0,Round 3 FS - 74 kg: K. HOSAKA (JPN) v. K. VINOD (IND),2018-04-08,0:22,試合,シニア(または不明),,2018,タイトルにJPN/Japan,高,照合なし,IowaCity2018 - Japan VS India - Session 3 - Group A,https://www.youtube.com/watch?v=6bjDVbDqij0
LR-l70UcmVI,Round 3 FS - 79 kg: S. TAKATANI (JPN) v. S. GIRI (IND),2018-04-08,2:30,試合,シニア(または不明),,2018,タイトルにJPN/Japan・選手名の一致,高,高谷 惣亮(Sosuke TAKATANI),IowaCity2018 - Japan VS India - Session 3 - Group A,https://www.youtube.com/watch?v=LR-l70UcmVI
RI82gM_JWEc,Round 3 FS - 86 kg: M. MATSUSAKA (JPN) v. P. KUMAR (IND),2018-04-08,11:10,試合,シニア(または不明),,2018,タイトルにJPN/Japan,高,照合なし,IowaCity2018 - Japan VS India - Session 3 - Group A,https://www.youtube.com/watch?v=RI82gM_JWEc
xOQMgLsvtmI,Round 3 FS - 92 kg: T. ISHIGURO (JPN) v. D. PUNIA (IND),2018-04-08,8:02,試合,シニア(または不明),,2018,タイトルにJPN/Japan・選手名の一致,高,石黒 峻士(Takashi ISHIGURO),IowaCity2018 - Japan VS India - Session 3 - Group A,https://www.youtube.com/watch?v=xOQMgLsvtmI
6vQWAlfIum8,Round 3 FS - 97 kg: T. YAMAGUCHI (JPN) v. V. VIKY (IND),2018-04-08,8:26,試合,シニア(または不明),,2018,タイトルにJPN/Japan・選手名の一致,高,山口 太一(Taichi YAMAGUCHI),IowaCity2018 - Japan VS India - Session 3 - Group A,https://www.youtube.com/watch?v=6vQWAlfIum8
hLp8G-WEKrc,Round 3 FS - 125 kg: N. ARAKIDA (JPN) v. S. PUSHPENDER (IND),2018-04-08,7:52,試合,シニア(または不明),,2018,タイトルにJPN/Japan,高,照合なし,IowaCity2018 - Japan VS India - Session 3 - Group A,https://www.youtube.com/watch?v=hLp8G-WEKrc
g1Dn3uLkM28,Round 1 FS - 65 kg: M. SAIDOVI (GEO) v. D. TAKATANI (JPN),2018-04-07,8:24,試合,シニア(または不明),,2018,タイトルにJPN/Japan・選手名の一致,高,高谷 大地(Daichi TAKATANI),Best of Daichi TAKATANI / IowaCity2018 - Georgia VS Japan - Session 1 - Group A,https://www.youtube.com/watch?v=g1Dn3uLkM28
6IuV8IunEX0,KYLE SNYDER (USA) v. T. SONODA (JPN) // Round 2 FS - 97 kg,2018-04-07,3:16,試合,シニア(または不明),,2018,タイトルにJPN/Japan・選手名の一致,高,園田 平(Taira SONODA),Best of Kyle Snyder / IowaCity2018 - USA VS Japan - Session 2 - Group A,https://www.youtube.com/watch?v=6IuV8IunEX0
vNQazX_1dLs,KYLE DAKE (USA) v. S. TAKATANI (JPN) // Round 2 FS - 79 kg,2018-04-07,7:10,試合,シニア(または不明),,2018,タイトルにJPN/Japan・選手名の一致,高,高谷 惣亮(Sosuke TAKATANI),Best of Kyle Dake / IowaCity2018 - USA VS Japan - Session 2 - Group A,https://www.youtube.com/watch?v=vNQazX_1dLs
fhEoX-CyW6w,DAVID TAYLOR (USA) v. M. MATSUSAKA (JPN) // Round 2 FS - 86 kg,2018-04-07,6:08,試合,シニア(または不明),,2018,タイトルにJPN/Japan,高,照合なし,Best of David Taylor / IowaCity2018 - USA VS Japan - Session 2 - Group A,https://www.youtube.com/watch?v=fhEoX-CyW6w
OclGWqSj9u4,Round 2 FS - 74 kg: J. BURROUGHS (USA) v. Y. FUJINAMI (JPN),2018-04-07,10:01,試合,シニア(または不明),,2018,タイトルにJPN/Japan,高,照合なし,Best of Jordan Burroughs / IowaCity2018 - USA VS Japan - Session 2 - Group A,https://www.youtube.com/watch?v=OclGWqSj9u4
ocMZjXEfy1s,Round 1 FS - 57 kg: T. VANISHVILI (GEO) v. Y. TAKAHASHI (JPN),2018-04-07,8:06,試合,シニア(または不明),,2018,タイトルにJPN/Japan・選手名の一致,高,照合なし(同じローマ字が2人以上),IowaCity2018 - Georgia VS Japan - Session 1 - Group A,https://www.youtube.com/watch?v=ocMZjXEfy1s
9ssT-GmiUQA,Round 1 FS - 61 kg: L. LOMTADZE (GEO) v. R. NAKAMURA (JPN),2018-04-07,7:52,試合,シニア(または不明),,2018,タイトルにJPN/Japan,高,照合なし,IowaCity2018 - Georgia VS Japan - Session 1 - Group A,https://www.youtube.com/watch?v=9ssT-GmiUQA
jlXrb_eysLo,Round 1 FS - 70 kg: L. KELEKHSASHVI (GEO) v. K. OTOGURO (JPN),2018-04-07,8:09,試合,シニア(または不明),,2018,タイトルにJPN/Japan,高,照合なし,IowaCity2018 - Georgia VS Japan - Session 1 - Group A,https://www.youtube.com/watch?v=jlXrb_eysLo
RQBP3f-eymc,Round 1 FS - 74 kg: T. MAISURADZE (GEO) v. Y. FUJINAMI (JPN),2018-04-07,10:33,試合,シニア(または不明),,2018,タイトルにJPN/Japan,高,照合なし,IowaCity2018 - Georgia VS Japan - Session 1 - Group A,https://www.youtube.com/watch?v=RQBP3f-eymc
Z26VOUVBqfI,Round 1 FS - 79 kg: T. GAPHRINDASHV (GEO) v. S. TAKATANI (JPN),2018-04-07,5:09,試合,シニア(または不明),,2018,タイトルにJPN/Japan・選手名の一致,高,高谷 惣亮(Sosuke TAKATANI),IowaCity2018 - Georgia VS Japan - Session 1 - Group A,https://www.youtube.com/watch?v=Z26VOUVBqfI
qx-BCpLlw44,Round 1 FS - 86 kg: D. KHUTSISHVILI (GEO) v. S. SHIRAI (JPN),2018-04-07,8:09,試合,シニア(または不明),,2018,タイトルにJPN/Japan,高,照合なし,IowaCity2018 - Georgia VS Japan - Session 1 - Group A,https://www.youtube.com/watch?v=qx-BCpLlw44
-o5NRV7yzDk,Round 1 FS - 92 kg: D. MARSAGISHVIL (GEO) v. T. ISHIGURO (JPN),2018-04-07,5:44,試合,シニア(または不明),,2018,タイトルにJPN/Japan・選手名の一致,高,石黒 峻士(Takashi ISHIGURO),IowaCity2018 - Georgia VS Japan - Session 1 - Group A,https://www.youtube.com/watch?v=-o5NRV7yzDk
9EX307FCpU4,Round 1 FS - 97 kg: G. MATCHARASHVI (GEO) v. T. YAMAGUCHI (JPN),2018-04-07,7:39,試合,シニア(または不明),,2018,タイトルにJPN/Japan・選手名の一致,高,山口 太一(Taichi YAMAGUCHI),IowaCity2018 - Georgia VS Japan - Session 1 - Group A,https://www.youtube.com/watch?v=9EX307FCpU4
8ZSnB4MH8OY,Round 1 FS - 125 kg: Z. METREVELI (GEO) v. T. YAMAMOTO (JPN),2018-04-07,7:50,試合,シニア(または不明),,2018,タイトルにJPN/Japan・選手名の一致,高,山本 泰輝(Taiki YAMAMOTO),IowaCity2018 - Georgia VS Japan - Session 1 - Group A,https://www.youtube.com/watch?v=8ZSnB4MH8OY
-rdJZzUx_rI,Round 2 FS - 57 kg: T. GILMAN (USA) v. Y. TAKAHASHI (JPN),2018-04-07,8:06,試合,シニア(または不明),,2018,タイトルにJPN/Japan・選手名の一致,高,照合なし(同じローマ字が2人以上),IowaCity2018 - USA VS Japan - Session 2 - Group A,https://www.youtube.com/watch?v=-rdJZzUx_rI
HqfTG6ElM_M,Round 2 FS - 61 kg: K. MAPLE (USA) v. K. KOYANAGI (JPN),2018-04-07,9:40,試合,シニア(または不明),,2018,タイトルにJPN/Japan,高,照合なし,IowaCity2018 - USA VS Japan - Session 2 - Group A,https://www.youtube.com/watch?v=HqfTG6ElM_M
8vPOZ6kldbU,Round 2 FS - 65 kg: L. STIEBER (USA) v. T. OTOGURO (JPN),2018-04-07,12:03,試合,シニア(または不明),,2018,タイトルにJPN/Japan,高,照合なし,IowaCity2018 - USA VS Japan - Session 2 - Group A,https://www.youtube.com/watch?v=8vPOZ6kldbU
2vM5nJxDcKI,Round 2 FS - 70 kg: J. GREEN (USA) v. K. KINOSHITA (JPN),2018-04-07,10:09,試合,シニア(または不明),,2018,タイトルにJPN/Japan,高,照合なし,IowaCity2018 - USA VS Japan - Session 2 - Group A,https://www.youtube.com/watch?v=2vM5nJxDcKI
Q2VDNRsKHU8,Round 2 FS - 92 kg: J. COX (USA) v. T. ISHIGURO (JPN),2018-04-07,4:56,試合,シニア(または不明),,2018,タイトルにJPN/Japan・選手名の一致,高,石黒 峻士(Takashi ISHIGURO),IowaCity2018 - USA VS Japan - Session 2 - Group A,https://www.youtube.com/watch?v=Q2VDNRsKHU8
lOt3Nhg863U,Round 2 FS - 125 kg: N. GWIAZDOWSKI (USA) v. N. ARAKIDA (JPN),2018-04-07,8:05,試合,シニア(または不明),,2018,タイトルにJPN/Japan,高,照合なし,IowaCity2018 - USA VS Japan - Session 2 - Group A,https://www.youtube.com/watch?v=lOt3Nhg863U
FQUDeELNXJw,Team Japan! Ready for the Freestyle World Cup,2018-04-07,0:41,ショート,シニア(または不明),ワールドカップ,2018,タイトルにJPN/Japan,高,照合なし,News + Highlights - Freestyle World Cup,https://www.youtube.com/watch?v=FQUDeELNXJw
ghy9l5eTSy4,Takahashi (JPN) defeats Gilman (USA) - Freestyle World Cup,2018-04-07,0:51,ショート,シニア(または不明),ワールドカップ,2018,タイトルにJPN/Japan,高,照合なし,News + Highlights - Freestyle World Cup,https://www.youtube.com/watch?v=ghy9l5eTSy4
F1hxGlhT154,GOLD WW - 72 kg: M. FURUICHI (JPN) v. Y. HAN (CHN),2018-03-18,10:27,試合,シニア(または不明),,2018,タイトルにJPN/Japan・選手名の一致,高,古市 雅子(Masako FURUICHI),Greatest Wrestling Videos Of All Time | United World Wrestling / Takasaki2018 - Japan VS China - Final 1-2,https://www.youtube.com/watch?v=F1hxGlhT154
KlXp5J82cGU,GOLD WW - 50 kg: Y. IRIE (JPN) v. Y. SUN (CHN),2018-03-18,7:26,試合,シニア(または不明),,2018,タイトルにJPN/Japan,高,照合なし,Takasaki2018 - Japan VS China - Final 1-2,https://www.youtube.com/watch?v=KlXp5J82cGU
KuL-z589kys,GOLD WW - 53 kg: H. OKUNO (JPN) v. J. OUYANG (CHN),2018-03-18,2:07,試合,シニア(または不明),,2018,タイトルにJPN/Japan,高,照合なし,Takasaki2018 - Japan VS China - Final 1-2,https://www.youtube.com/watch?v=KuL-z589kys
Fwk4DwrHkRw,GOLD WW - 57 kg: K. SAKAGAMI (JPN) v. N. RONG (CHN),2018-03-18,5:49,試合,シニア(または不明),,2018,タイトルにJPN/Japan,高,照合なし,Takasaki2018 - Japan VS China - Final 1-2,https://www.youtube.com/watch?v=Fwk4DwrHkRw
ytMWDIdgxos,GOLD WW - 55 kg: M. MUKAIDA (JPN) v. M. XIE (CHN),2018-03-18,6:44,試合,シニア(または不明),,2018,タイトルにJPN/Japan,高,照合なし,Takasaki2018 - Japan VS China - Final 1-2,https://www.youtube.com/watch?v=ytMWDIdgxos
RVIOMTNXn60,GOLD WW - 59 kg: Y. KAWAI (JPN) v. X. PEI (CHN),2018-03-18,7:40,試合,シニア(または不明),,2018,タイトルにJPN/Japan,高,照合なし,Takasaki2018 - Japan VS China - Final 1-2,https://www.youtube.com/watch?v=RVIOMTNXn60
yWRuMqaQsI0,GOLD WW - 62 kg: R. KAWAI (JPN) v. X. LUO (CHN),2018-03-18,8:00,試合,シニア(または不明),,2018,タイトルにJPN/Japan,高,照合なし,Takasaki2018 - Japan VS China - Final 1-2,https://www.youtube.com/watch?v=yWRuMqaQsI0
Pz0N0pYJmOc,GOLD WW - 65 kg: A. GEMPEI (JPN) v. C. TANG (CHN),2018-03-18,8:07,試合,シニア(または不明),,2018,タイトルにJPN/Japan,高,照合なし,Takasaki2018 - Japan VS China - Final 1-2,https://www.youtube.com/watch?v=Pz0N0pYJmOc
9yCJhhB36fY,GOLD WW - 68 kg: M. MORIKAWA (JPN) v. F. ZHOU (CHN),2018-03-18,8:14,試合,シニア(または不明),,2018,タイトルにJPN/Japan・選手名の一致,高,森川 美和(Miwa MORIKAWA),Takasaki2018 - Japan VS China - Final 1-2,https://www.youtube.com/watch?v=9yCJhhB36fY
9OAI_0J7HKA,GOLD WW - 76 kg: H. MINAGAWA SUZ (JPN) v. Q. ZHOU (CHN),2018-03-18,7:39,試合,シニア(または不明),,2018,タイトルにJPN/Japan,高,照合なし,Takasaki2018 - Japan VS China - Final 1-2,https://www.youtube.com/watch?v=9OAI_0J7HKA
Od8FzsSi6qA,Japan win 6-4 to take the Gold over China at the Women's World Cup 2018,2018-03-18,2:15,その他,シニア(または不明),ワールドカップ,2018,タイトルにJPN/Japan,高,照合なし,News + Highlights - Takasaki 2018,https://www.youtube.com/watch?v=Od8FzsSi6qA
Fe5T3nuXy1I,Round 2 WW - 76 kg: H. MINAGAWA SUZ (JPN) v. J. DI STASIO (CAN),2018-03-17,8:06,試合,シニア(または不明),,2018,タイトルにJPN/Japan,高,照合なし,Best of Justina Renay DI STASIO / Takasaki2018 - Japan VS Canada - Session 2 - Group A,https://www.youtube.com/watch?v=Fe5T3nuXy1I
dawPJQVWOmU,Round 3 WW - 53 kg: H. OKUNO (JPN) v. S. HILDEBRANDT (USA),2018-03-17,12:14,試合,シニア(または不明),,2018,タイトルにJPN/Japan,高,照合なし,Takasaki2018 - Japan VS USA - Session 3 - Group A,https://www.youtube.com/watch?v=dawPJQVWOmU
vyXTYymmesk,Round 3 WW - 50 kg: Y. IRIE (JPN) v. V. ANTHONY (USA),2018-03-17,8:05,試合,シニア(または不明),,2018,タイトルにJPN/Japan,高,照合なし,Takasaki2018 - Japan VS USA - Session 3 - Group A,https://www.youtube.com/watch?v=vyXTYymmesk
lrPdWBhPuw4,Round 3 WW - 59 kg: Y. KAWAI (JPN) v. K. MIRACLE (USA),2018-03-17,6:54,試合,シニア(または不明),,2018,タイトルにJPN/Japan,高,照合なし,Takasaki2018 - Japan VS USA - Session 3 - Group A,https://www.youtube.com/watch?v=lrPdWBhPuw4
bw__Mj81cGQ,Round 3 WW - 57 kg: K. SAKAGAMI (JPN) v. A. RAGAN (USA),2018-03-17,3:42,試合,シニア(または不明),,2018,タイトルにJPN/Japan,高,照合なし,Takasaki2018 - Japan VS USA - Session 3 - Group A,https://www.youtube.com/watch?v=bw__Mj81cGQ
3XkV7lsfOfI,Round 3 WW - 55 kg: M. MUKAIDA (JPN) v. B. LEATHERS (USA),2018-03-17,3:17,試合,シニア(または不明),,2018,タイトルにJPN/Japan,高,照合なし,Takasaki2018 - Japan VS USA - Session 3 - Group A,https://www.youtube.com/watch?v=3XkV7lsfOfI
tDwenPl8QJY,Round 3 WW - 62 kg: R. KAWAI (JPN) v. M. VELTE (USA),2018-03-17,7:26,試合,シニア(または不明),,2018,タイトルにJPN/Japan,高,照合なし,Takasaki2018 - Japan VS USA - Session 3 - Group A,https://www.youtube.com/watch?v=tDwenPl8QJY
7z8Aws7BLBw,Round 3 WW - 65 kg: A. GEMPEI (JPN) v. J. SALATA (USA),2018-03-17,7:35,試合,シニア(または不明),,2018,タイトルにJPN/Japan,高,照合なし,Takasaki2018 - Japan VS USA - Session 3 - Group A,https://www.youtube.com/watch?v=7z8Aws7BLBw
8UfDv02UEuI,Round 3 WW - 68 kg: M. MORIKAWA (JPN) v. T. MENSAH (USA),2018-03-17,8:20,試合,シニア(または不明),,2018,タイトルにJPN/Japan・選手名の一致,高,森川 美和(Miwa MORIKAWA),Takasaki2018 - Japan VS USA - Session 3 - Group A,https://www.youtube.com/watch?v=8UfDv02UEuI
u5y428-S14M,Round 3 WW - 72 kg: M. FURUICHI (JPN) v. V. FRANCIS (USA),2018-03-17,8:03,試合,シニア(または不明),,2018,タイトルにJPN/Japan・選手名の一致,高,古市 雅子(Masako FURUICHI),Takasaki2018 - Japan VS USA - Session 3 - Group A,https://www.youtube.com/watch?v=u5y428-S14M
XDSNrndcy-M,Mukaida (JPN) wins her first match in session 2 at the Women's World Championships,2018-03-17,0:26,ショート,シニア(または不明),世界選手権,2018,タイトルにJPN/Japan,高,照合なし,News + Highlights - Takasaki 2018,https://www.youtube.com/watch?v=XDSNrndcy-M
q9kC2ZI21rk,Risako Kawai (JPN) is back with a bang!,2018-03-17,0:19,ショート,シニア(または不明),,2018,タイトルにJPN/Japan,高,照合なし,News + Highlights - Takasaki 2018,https://www.youtube.com/watch?v=q9kC2ZI21rk
NXPeYN3Y1fA,Round 2 WW - 53 kg: Y. MIYAHARA (JPN) v. D. WEICKER (CAN),2018-03-17,7:30,試合,シニア(または不明),,2018,タイトルにJPN/Japan,高,照合なし,Takasaki2018 - Japan VS Canada - Session 2 - Group A,https://www.youtube.com/watch?v=NXPeYN3Y1fA
yIhzYq_AePM,Round 2 WW - 50 kg: Y. IRIE (JPN) v. J. MACDONALD (CAN),2018-03-17,6:27,試合,シニア(または不明),,2018,タイトルにJPN/Japan,高,照合なし,Takasaki2018 - Japan VS Canada - Session 2 - Group A,https://www.youtube.com/watch?v=yIhzYq_AePM
fjukryDBZ2M,Round 2 WW - 55 kg: M. MUKAIDA (JPN) v. J. PARSONS (CAN),2018-03-17,3:33,試合,シニア(または不明),,2018,タイトルにJPN/Japan,高,照合なし,Takasaki2018 - Japan VS Canada - Session 2 - Group A,https://www.youtube.com/watch?v=fjukryDBZ2M
5BoDgWmyxm0,Round 2 WW - 59 kg: Y. KUMANO (JPN) v. E. SCHAEFER (CAN),2018-03-17,5:36,試合,シニア(または不明),,2018,タイトルにJPN/Japan,高,照合なし,Takasaki2018 - Japan VS Canada - Session 2 - Group A,https://www.youtube.com/watch?v=5BoDgWmyxm0
4lGCWeZF_zE,Round 2 WW - 72 kg: N. MATSUYUKI (JPN) v. E. WIEBE (CAN),2018-03-17,8:11,試合,シニア(または不明),,2018,タイトルにJPN/Japan,高,照合なし,Takasaki2018 - Japan VS Canada - Session 2 - Group A,https://www.youtube.com/watch?v=4lGCWeZF_zE
zSFuSHhbR6I,Round 2 WW - 68 kg: S. DOSHO (JPN) v. D. LAPPAGE (CAN),2018-03-17,7:52,試合,シニア(または不明),,2018,タイトルにJPN/Japan,高,照合なし,Takasaki2018 - Japan VS Canada - Session 2 - Group A,https://www.youtube.com/watch?v=zSFuSHhbR6I
a_m8ZK52Dzo,Round 2 WW - 62 kg: R. KAWAI (JPN) v. J. BROUILLETTE (CAN),2018-03-17,2:26,試合,シニア(または不明),,2018,タイトルにJPN/Japan,高,照合なし,Takasaki2018 - Japan VS Canada - Session 2 - Group A,https://www.youtube.com/watch?v=a_m8ZK52Dzo
ZTCCv4cX2vA,Round 2 WW - 57 kg: S. NANJO (JPN) v. S. STEWART (CAN),2018-03-17,2:37,試合,シニア(または不明),,2018,タイトルにJPN/Japan・選手名の一致,高,南條 早映(Sae NANJO),Takasaki2018 - Japan VS Canada - Session 2 - Group A,https://www.youtube.com/watch?v=ZTCCv4cX2vA
0V2RDbPKTt4,Round 1 WW - 57 kg: K. SAKAGAMI (JPN) v. S. LINDBORG (SWE),2018-03-17,4:56,試合,シニア(または不明),,2018,タイトルにJPN/Japan,高,照合なし,Takasaki2018 - Japan VS Sweden - Session 1 - Group A,https://www.youtube.com/watch?v=0V2RDbPKTt4
iV34h5a2DVE,Round 1 WW - 53 kg: H. OKUNO (JPN) v. L. LUNDSTROEM (SWE),2018-03-17,2:04,試合,シニア(または不明),,2018,タイトルにJPN/Japan,高,照合なし,Takasaki2018 - Japan VS Sweden - Session 1 - Group A,https://www.youtube.com/watch?v=iV34h5a2DVE
BM71xBXptHg,Round 1 WW - 55 kg: S. IGARASHI (JPN) v. L. JUAREZ ANDIN (SWE),2018-03-17,2:00,試合,シニア(または不明),,2018,タイトルにJPN/Japan,高,照合なし,Takasaki2018 - Japan VS Sweden - Session 1 - Group A,https://www.youtube.com/watch?v=BM71xBXptHg
C6ZYcZ4uB64,Round 1 WW - 50 kg: M. IGARASHI (JPN) v. M. LJUNGSTROEM (SWE),2018-03-17,1:08,試合,シニア(または不明),,2018,タイトルにJPN/Japan,高,照合なし,Takasaki2018 - Japan VS Sweden - Session 1 - Group A,https://www.youtube.com/watch?v=C6ZYcZ4uB64
cVQTDeKNk_Q,Round 1 WW - 59 kg: Y. KAWAI (JPN) v. E. JOHANSSON (SWE),2018-03-17,1:07,試合,シニア(または不明),,2018,タイトルにJPN/Japan,高,照合なし,Takasaki2018 - Japan VS Sweden - Session 1 - Group A,https://www.youtube.com/watch?v=cVQTDeKNk_Q
0CvfMw9FdO8,Round 1 WW - 62 kg: Y. ITO (JPN) v. T. PERSSON (SWE),2018-03-17,5:45,試合,シニア(または不明),,2018,タイトルにJPN/Japan・選手名の一致,高,照合なし(同じローマ字が2人以上),Takasaki2018 - Japan VS Sweden - Session 1 - Group A,https://www.youtube.com/watch?v=0CvfMw9FdO8
xcDqxnVqUxU,Round 1 WW - 65 kg: K. SAKAE (JPN) v. M. NYGREN (SWE),2018-03-17,8:03,試合,シニア(または不明),,2018,タイトルにJPN/Japan,高,照合なし,Takasaki2018 - Japan VS Sweden - Session 1 - Group A,https://www.youtube.com/watch?v=xcDqxnVqUxU
uXZ7qo9zPMc,Round 1 WW - 68 kg: M. MORIKAWA (JPN) v. A. SANDAHL (SWE),2018-03-17,9:56,試合,シニア(または不明),,2018,タイトルにJPN/Japan・選手名の一致,高,森川 美和(Miwa MORIKAWA),Takasaki2018 - Japan VS Sweden - Session 1 - Group A,https://www.youtube.com/watch?v=uXZ7qo9zPMc
r4kE1VWClKw,Round 1 WW - 76 kg: Y. MATSUYUKI (JPN) v. D. MAKOTA STROE (SWE),2018-03-17,8:43,試合,シニア(または不明),,2018,タイトルにJPN/Japan・選手名の一致,高,松雪 泰葉(Yasuha MATSUYUKI),Takasaki2018 - Japan VS Sweden - Session 1 - Group A,https://www.youtube.com/watch?v=r4kE1VWClKw
LZWhGGceh60,Round 1 WW - 72 kg: M. FURUICHI (JPN) v. A. FRANSSON (SWE),2018-03-17,7:44,試合,シニア(または不明),,2018,タイトルにJPN/Japan・選手名の一致,高,古市 雅子(Masako FURUICHI),Takasaki2018 - Japan VS Sweden - Session 1 - Group A,https://www.youtube.com/watch?v=LZWhGGceh60
-vW4WrEy3zE,Qual. FS - 92 kg: T. ISHIGURO (JPN) v. A. DAVLUMBAYEV (KAZ),2018-03-04,9:22,試合,シニア(または不明),アジア選手権,2018,タイトルにJPN/Japan・選手名の一致,高,石黒 峻士(Takashi ISHIGURO),Best of Hayato ISHIGURO / Freestyle Wrestling - Senior Asian C'ships - Bishkek2018,https://www.youtube.com/watch?v=-vW4WrEy3zE
0kFYB_3RpCc,GOLD FS - 61 kg: K. KOYANAGI (JPN) v. N. SANAYEV (SAN (KAZ),2018-03-04,8:15,試合,シニア(または不明),アジア選手権,2018,タイトルにJPN/Japan,高,照合なし,Freestyle Wrestling - Senior Asian C'ships - Bishkek2018,https://www.youtube.com/watch?v=0kFYB_3RpCc
d0swaWVrKyM,1/4 FS - 74 kg: K. HOSAKA (JPN) v. D. KAISANOV (KAZ),2018-03-04,9:18,試合,シニア(または不明),アジア選手権,2018,タイトルにJPN/Japan,高,照合なし,Freestyle Wrestling - Senior Asian C'ships - Bishkek2018,https://www.youtube.com/watch?v=d0swaWVrKyM
klZJe_QkUo0,Qual. FS - 86 kg: U. ORGODOL (MGL) v. S. SHIRAI (JPN),2018-03-04,8:30,試合,シニア(または不明),アジア選手権,2018,タイトルにJPN/Japan,高,照合なし,Freestyle Wrestling - Senior Asian C'ships - Bishkek2018,https://www.youtube.com/watch?v=klZJe_QkUo0
PSlOuah4nOs,1/4 FS - 61 kg: S. SHARVAN (IND) v. K. KOYANAGI (JPN),2018-03-04,5:59,試合,シニア(または不明),アジア選手権,2018,タイトルにJPN/Japan,高,照合なし,Freestyle Wrestling - Senior Asian C'ships - Bishkek2018,https://www.youtube.com/watch?v=PSlOuah4nOs
nPH2OTrwRJI,Repechage FS - 92 kg: T. ISHIGURO (JPN) v. A. SOLIEV (UZB),2018-03-04,9:54,試合,シニア(または不明),アジア選手権,2018,タイトルにJPN/Japan・選手名の一致,高,石黒 峻士(Takashi ISHIGURO),Freestyle Wrestling - Senior Asian C'ships - Bishkek2018,https://www.youtube.com/watch?v=nPH2OTrwRJI
mXX7M0S2iCg,Repechage FS - 86 kg: S. SHIRAI (JPN) v. D. PUNIA (IND),2018-03-04,9:59,試合,シニア(または不明),アジア選手権,2018,タイトルにJPN/Japan,高,照合なし,Freestyle Wrestling - Senior Asian C'ships - Bishkek2018,https://www.youtube.com/watch?v=mXX7M0S2iCg
rbweTJKZEIk,Qual. FS - 125 kg: N. ARAKIDA (JPN) v. Z. NATSAGSUREN (MGL),2018-03-04,7:33,試合,シニア(または不明),アジア選手権,2018,タイトルにJPN/Japan,高,照合なし,Freestyle Wrestling - Senior Asian C'ships - Bishkek2018,https://www.youtube.com/watch?v=rbweTJKZEIk
KS8Uhe-MkZc,1/2 FS - 61 kg: A. RAKHMONOV (UZB) v. K. KOYANAGI (JPN),2018-03-04,8:40,試合,シニア(または不明),アジア選手権,2018,タイトルにJPN/Japan,高,照合なし,Freestyle Wrestling - Senior Asian C'ships - Bishkek2018,https://www.youtube.com/watch?v=KS8Uhe-MkZc
fc7sHJk_Pys,1/4 FS - 65 kg: B. BAJRANG (IND) v. D. TAKATANI (JPN),2018-03-03,12:30,試合,シニア(または不明),アジア選手権,2018,タイトルにJPN/Japan・選手名の一致,高,高谷 大地(Daichi TAKATANI),Best of Daichi TAKATANI / Freestyle Wrestling - Senior Asian C'ships - Bishkek2018,https://www.youtube.com/watch?v=fc7sHJk_Pys
41lhn3r_nI0,GOLD FS - 65 kg: D. TAKATANI (JPN) v. D. NIYAZBEKOV (KAZ),2018-03-03,5:53,試合,シニア(または不明),アジア選手権,2018,タイトルにJPN/Japan・選手名の一致,高,高谷 大地(Daichi TAKATANI),Best of Daichi TAKATANI / Freestyle Wrestling - Senior Asian C'ships - Bishkek2018,https://www.youtube.com/watch?v=41lhn3r_nI0
TzcuFBBvMj4,1/2 FS - 65 kg: Y. EMAMICHOGHAE (IRI) v. D. TAKATANI (JPN),2018-03-03,9:09,試合,シニア(または不明),アジア選手権,2018,タイトルにJPN/Japan・選手名の一致,高,高谷 大地(Daichi TAKATANI),Best of Daichi TAKATANI / Freestyle Wrestling - Senior Asian C'ships - Bishkek2018,https://www.youtube.com/watch?v=TzcuFBBvMj4
52UYu4FqkqY,Qual. FS - 65 kg: A. FAYZIEV (TJK) v. D. TAKATANI (JPN),2018-03-03,5:21,試合,シニア(または不明),アジア選手権,2018,タイトルにJPN/Japan・選手名の一致,高,高谷 大地(Daichi TAKATANI),Best of Daichi TAKATANI / Freestyle Wrestling - Senior Asian C'ships - Bishkek2018,https://www.youtube.com/watch?v=52UYu4FqkqY
k88UB7G7UVI,BRONZE FS - 97 kg: A. USUPOV (KGZ) v. T. YAMAGUCHI (JPN),2018-03-03,7:01,試合,シニア(または不明),アジア選手権,2018,タイトルにJPN/Japan・選手名の一致,高,山口 太一(Taichi YAMAGUCHI),Freestyle Wrestling - Senior Asian C'ships - Bishkek2018,https://www.youtube.com/watch?v=k88UB7G7UVI
aO0WivVTDI8,BRONZE FS - 57 kg: H. SONG (KOR) v. T. HASEGAWA (JPN),2018-03-03,1:25,試合,シニア(または不明),アジア選手権,2018,タイトルにJPN/Japan・選手名の一致,高,長谷川 敏裕(Toshihiro HASEGAWA),Freestyle Wrestling - Senior Asian C'ships - Bishkek2018,https://www.youtube.com/watch?v=aO0WivVTDI8
qZ4qkSZmKWM,BRONZE FS - 79 kg: Y. LEE (KOR) v. T. ASAI (JPN),2018-03-03,8:16,試合,シニア(または不明),アジア選手権,2018,タイトルにJPN/Japan,高,照合なし,Freestyle Wrestling - Senior Asian C'ships - Bishkek2018,https://www.youtube.com/watch?v=qZ4qkSZmKWM
OLwIxrcvAxI,1/2 FS - 57 kg: T. HASEGAWA (JPN) v. K. KANG (PRK),2018-03-03,9:31,試合,シニア(または不明),アジア選手権,2018,タイトルにJPN/Japan・選手名の一致,高,長谷川 敏裕(Toshihiro HASEGAWA),Freestyle Wrestling - Senior Asian C'ships - Bishkek2018,https://www.youtube.com/watch?v=OLwIxrcvAxI
POUzTARYTMA,Qual. FS - 79 kg: C. ZHANG (CHN) v. T. ASAI (JPN),2018-03-03,7:31,試合,シニア(または不明),アジア選手権,2018,タイトルにJPN/Japan,高,照合なし,Freestyle Wrestling - Senior Asian C'ships - Bishkek2018,https://www.youtube.com/watch?v=POUzTARYTMA
1CKnghBeebM,Qual. FS - 70 kg: S. MOHAMMADIPAH (IRI) v. K. OTOGURO (JPN),2018-03-03,8:16,試合,シニア(または不明),アジア選手権,2018,タイトルにJPN/Japan,高,照合なし,Freestyle Wrestling - Senior Asian C'ships - Bishkek2018,https://www.youtube.com/watch?v=1CKnghBeebM
bRxZq-L3lkE,1/4 FS - 79 kg: T. ASAI (JPN) v. G. USSERBAYEV (KAZ),2018-03-03,9:34,試合,シニア(または不明),アジア選手権,2018,タイトルにJPN/Japan,高,照合なし,Freestyle Wrestling - Senior Asian C'ships - Bishkek2018,https://www.youtube.com/watch?v=bRxZq-L3lkE
EGsoqrCBKao,1/4 FS - 70 kg: S. LEE (KOR) v. K. OTOGURO (JPN),2018-03-03,8:19,試合,シニア(または不明),アジア選手権,2018,タイトルにJPN/Japan,高,照合なし,Freestyle Wrestling - Senior Asian C'ships - Bishkek2018,https://www.youtube.com/watch?v=EGsoqrCBKao
r-1XHXvCOes,1/4 FS - 97 kg: M. KHATRI (IND) v. T. YAMAGUCHI (JPN),2018-03-03,7:50,試合,シニア(または不明),アジア選手権,2018,タイトルにJPN/Japan・選手名の一致,高,山口 太一(Taichi YAMAGUCHI),Freestyle Wrestling - Senior Asian C'ships - Bishkek2018,https://www.youtube.com/watch?v=r-1XHXvCOes
cYH3sCgDz40,1/2 FS - 79 kg: T. ASAI (JPN) v. R. KURBANOV (UZB),2018-03-03,9:16,試合,シニア(または不明),アジア選手権,2018,タイトルにJPN/Japan,高,照合なし,Freestyle Wrestling - Senior Asian C'ships - Bishkek2018,https://www.youtube.com/watch?v=cYH3sCgDz40
VYP-lLtwT5Q,Qual. FS - 97 kg: T. YAMAGUCHI (JPN) v. C. YANG (CHN),2018-03-03,8:13,試合,シニア(または不明),アジア選手権,2018,タイトルにJPN/Japan・選手名の一致,高,山口 太一(Taichi YAMAGUCHI),Freestyle Wrestling - Senior Asian C'ships - Bishkek2018,https://www.youtube.com/watch?v=VYP-lLtwT5Q
hUABBzEpYYc,1/4 FS - 57 kg: T. HASEGAWA (JPN) v. H. VOHIDOV (TJK),2018-03-03,4:58,試合,シニア(または不明),アジア選手権,2018,タイトルにJPN/Japan・選手名の一致,高,長谷川 敏裕(Toshihiro HASEGAWA),Freestyle Wrestling - Senior Asian C'ships - Bishkek2018,https://www.youtube.com/watch?v=hUABBzEpYYc
GX-DHZH3Fj4,Repechage FS - 70 kg: B. BAT ERDENE (MGL) v. K. OTOGURO (JPN),2018-03-03,0:26,試合,シニア(または不明),アジア選手権,2018,タイトルにJPN/Japan,高,照合なし,Freestyle Wrestling - Senior Asian C'ships - Bishkek2018,https://www.youtube.com/watch?v=GX-DHZH3Fj4
Q06pLqqdcvg,1/2 FS - 97 kg: T. YAMAGUCHI (JPN) v. M. IBRAGIMOV (UZB),2018-03-03,1:31,試合,シニア(または不明),アジア選手権,2018,タイトルにJPN/Japan・選手名の一致,高,山口 太一(Taichi YAMAGUCHI),Freestyle Wrestling - Senior Asian C'ships - Bishkek2018,https://www.youtube.com/watch?v=Q06pLqqdcvg
jjXEfFjMkGg,1/2 WW - 62 kg: Y. ITO (JPN) v. O. PUREVDORJ (MGL),2018-03-02,8:56,試合,シニア(または不明),アジア選手権,2018,タイトルにJPN/Japan・選手名の一致,高,照合なし(同じローマ字が2人以上),Best of Orkhon PUREVDORJ / Women's Wrestling - Senior Asian C'ships - Bishkek2018,https://www.youtube.com/watch?v=jjXEfFjMkGg
XxkkPkdO5Ak,GOLD WW - 65 kg: M. IMAI (JPN) v. K. NAVJOT (IND),2018-03-02,10:52,試合,シニア(または不明),アジア選手権,2018,タイトルにJPN/Japan,高,照合なし,Greatest Wrestling Videos Of All Time | United World Wrestling / Women's Wrestling - Senior Asian C'ships - Bishkek2018,https://www.youtube.com/watch?v=XxkkPkdO5Ak
Jot4ROvB0-A,1/2 WW - 57 kg: S. NATAMI (JPN) v. T. DAO (VIE),2018-03-02,3:29,試合,シニア(または不明),アジア選手権,2018,タイトルにJPN/Japan・選手名の一致,高,屶網 さら(Sara NATAAMI),Women's Wrestling - Senior Asian C'ships - Bishkek2018,https://www.youtube.com/watch?v=Jot4ROvB0-A
YaGiTjQtXmM,Round 2 WW - 72 kg: M. FURUICHI (JPN) v. L. ORINBAEVA (UZB),2018-03-02,1:26,試合,シニア(または不明),アジア選手権,2018,タイトルにJPN/Japan・選手名の一致,高,古市 雅子(Masako FURUICHI),Women's Wrestling - Senior Asian C'ships - Bishkek2018,https://www.youtube.com/watch?v=YaGiTjQtXmM
QrYw2cEl7xA,Round 3 WW - 72 kg: N. OCHIRBAT (MGL) v. M. FURUICHI (JPN),2018-03-02,8:21,試合,シニア(または不明),アジア選手権,2018,タイトルにJPN/Japan・選手名の一致,高,古市 雅子(Masako FURUICHI),Women's Wrestling - Senior Asian C'ships - Bishkek2018,https://www.youtube.com/watch?v=QrYw2cEl7xA
FdLMyKuE5mU,1/2 WW - 65 kg: M. IMAI (JPN) v. H. LEE (KOR),2018-03-02,6:12,試合,シニア(または不明),アジア選手権,2018,タイトルにJPN/Japan,高,照合なし,Women's Wrestling - Senior Asian C'ships - Bishkek2018,https://www.youtube.com/watch?v=FdLMyKuE5mU
Qfkmm5CC1Mk,Round 1 WW - 65 kg: K. NAVJOT (IND) v. M. IMAI (JPN),2018-03-02,6:51,試合,シニア(または不明),アジア選手権,2018,タイトルにJPN/Japan,高,照合なし,Women's Wrestling - Senior Asian C'ships - Bishkek2018,https://www.youtube.com/watch?v=Qfkmm5CC1Mk
4tkt_R1YZRQ,Round 3 WW - 65 kg: M. IMAI (JPN) v. B. BALTANIYAZOV (UZB),2018-03-02,1:07,試合,シニア(または不明),アジア選手権,2018,タイトルにJPN/Japan,高,照合なし,Women's Wrestling - Senior Asian C'ships - Bishkek2018,https://www.youtube.com/watch?v=4tkt_R1YZRQ
MS8zSjT2qvA,1/4 WW - 53 kg: K. BABITA (IND) v. Y. MIYAHARA (JPN),2018-03-02,6:38,試合,シニア(または不明),アジア選手権,2018,タイトルにJPN/Japan,高,照合なし,Women's Wrestling - Senior Asian C'ships - Bishkek2018,https://www.youtube.com/watch?v=MS8zSjT2qvA
7mxjqRTBtJQ,1/4 WW - 57 kg: S. NATAMI (JPN) v. Y. KIM (KOR),2018-03-02,3:26,試合,シニア(または不明),アジア選手権,2018,タイトルにJPN/Japan・選手名の一致,高,屶網 さら(Sara NATAAMI),Women's Wrestling - Senior Asian C'ships - Bishkek2018,https://www.youtube.com/watch?v=7mxjqRTBtJQ
8s5ox1wijj8,1/2 WW - 72 kg: Y. HAN (CHN) v. M. FURUICHI (JPN),2018-03-02,1:09,試合,シニア(または不明),アジア選手権,2018,タイトルにJPN/Japan・選手名の一致,高,古市 雅子(Masako FURUICHI),Women's Wrestling - Senior Asian C'ships - Bishkek2018,https://www.youtube.com/watch?v=8s5ox1wijj8
wW8X4T4JpSA,1/4 WW - 62 kg: T. NGUYEN (VIE) v. Y. ITO (JPN),2018-03-02,2:55,試合,シニア(または不明),アジア選手権,2018,タイトルにJPN/Japan・選手名の一致,高,照合なし(同じローマ字が2人以上),Women's Wrestling - Senior Asian C'ships - Bishkek2018,https://www.youtube.com/watch?v=wW8X4T4JpSA
2PF6CbEeEI0,1/2 WW - 53 kg: Y. MIYAHARA (JPN) v. Y. PAK (PRK),2018-03-02,7:40,試合,シニア(または不明),アジア選手権,2018,タイトルにJPN/Japan,高,照合なし,Women's Wrestling - Senior Asian C'ships - Bishkek2018,https://www.youtube.com/watch?v=2PF6CbEeEI0
SZffvLfuhvE,BRONZE WW - 72 kg: Z. BAKBERGENOVA (KAZ) v. M. FURUICHI (JPN),2018-03-02,7:22,試合,シニア(または不明),アジア選手権,2018,タイトルにJPN/Japan・選手名の一致,高,古市 雅子(Masako FURUICHI),Women's Wrestling - Senior Asian C'ships - Bishkek2018,https://www.youtube.com/watch?v=SZffvLfuhvE
7NPRlXj7KYA,BRONZE WW - 62 kg: K. NARBAEVA (UZB) v. Y. ITO (JPN),2018-03-02,2:44,試合,シニア(または不明),アジア選手権,2018,タイトルにJPN/Japan・選手名の一致,高,照合なし(同じローマ字が2人以上),Women's Wrestling - Senior Asian C'ships - Bishkek2018,https://www.youtube.com/watch?v=7NPRlXj7KYA
g2DNPsFpic8,GOLD WW - 57 kg: S. NATAMI (JPN) v. X. PEI (CHN),2018-03-02,7:54,試合,シニア(または不明),アジア選手権,2018,タイトルにJPN/Japan・選手名の一致,高,屶網 さら(Sara NATAAMI),Women's Wrestling - Senior Asian C'ships - Bishkek2018,https://www.youtube.com/watch?v=g2DNPsFpic8
1aIoInp0sVw,BRONZE WW - 53 kg: T. VU (VIE) v. Y. MIYAHARA (JPN),2018-03-02,4:36,試合,シニア(または不明),アジア選手権,2018,タイトルにJPN/Japan,高,照合なし,Women's Wrestling - Senior Asian C'ships - Bishkek2018,https://www.youtube.com/watch?v=1aIoInp0sVw
w8nLaZYyHCM,V. VINESH (IND) v. Y. IRIE (JPN) | WW 50 kg | 1/2,2018-03-01,9:14,試合,シニア(または不明),アジア選手権,2018,タイトルにJPN/Japan,高,照合なし,Greatest Wrestling Videos Of All Time | United World Wrestling / Best of Vinesh Phogat / Women's Wrestling - Senior Asian C'ships - Bishkek2018,https://www.youtube.com/watch?v=w8nLaZYyHCM
JbQCx8RCWho,News Wrap - Day 3 Asian Championships 2018,2018-03-01,1:58,その他,シニア(または不明),アジア選手権,2018,説明にJPN/Japan,低(要確認),照合なし,"News + Highlights - 2018 Senior Asian C'ships, Bishkek",https://www.youtube.com/watch?v=JbQCx8RCWho
5ZM2PUmA5yw,BRONZE WW - 50 kg: H. KIM (KOR) v. Y. IRIE (JPN),2018-03-01,7:24,試合,シニア(または不明),アジア選手権,2018,タイトルにJPN/Japan,高,照合なし,Women's Wrestling - Senior Asian C'ships - Bishkek2018,https://www.youtube.com/watch?v=5ZM2PUmA5yw
ZJdB5SYaBYA,GOLD WW - 55 kg: S. IGARASHI (JPN) v. H. OH (KOR),2018-03-01,8:02,試合,シニア(または不明),アジア選手権,2018,タイトルにJPN/Japan,高,照合なし,Women's Wrestling - Senior Asian C'ships - Bishkek2018,https://www.youtube.com/watch?v=ZJdB5SYaBYA
2o3yb7Q2A3k,GOLD WW - 76 kg: H. MINAGAWA SUZ (JPN) v. Q. ZHOU (CHN),2018-03-01,7:51,試合,シニア(または不明),アジア選手権,2018,タイトルにJPN/Japan,高,照合なし,Women's Wrestling - Senior Asian C'ships - Bishkek2018,https://www.youtube.com/watch?v=2o3yb7Q2A3k
W6Q7bUuI54c,Qual. WW - 59 kg: N. AMANZHOLOVA (KAZ) v. Y. KUMANO (JPN),2018-03-01,3:32,試合,シニア(または不明),アジア選手権,2018,タイトルにJPN/Japan,高,照合なし,Women's Wrestling - Senior Asian C'ships - Bishkek2018,https://www.youtube.com/watch?v=W6Q7bUuI54c
sa_wCOf175E,1/2 WW - 76 kg: H. MINAGAWA SUZ (JPN) v. E. HWANG (KOR),2018-03-01,6:33,試合,シニア(または不明),アジア選手権,2018,タイトルにJPN/Japan,高,照合なし,Women's Wrestling - Senior Asian C'ships - Bishkek2018,https://www.youtube.com/watch?v=sa_wCOf175E
aBHe_EmOXg0,1/2 WW - 55 kg: D. ERKHEMBAYAR (MGL) v. S. IGARASHI (JPN),2018-03-01,8:09,試合,シニア(または不明),アジア選手権,2018,タイトルにJPN/Japan,高,照合なし,Women's Wrestling - Senior Asian C'ships - Bishkek2018,https://www.youtube.com/watch?v=aBHe_EmOXg0
dzDcCXQjTME,1/4 WW - 68 kg: M. HAYAKAWA (JPN) v. M. ZHUMANAZAROV (KGZ),2018-03-01,8:24,試合,シニア(または不明),アジア選手権,2018,タイトルにJPN/Japan,高,照合なし,Women's Wrestling - Senior Asian C'ships - Bishkek2018,https://www.youtube.com/watch?v=dzDcCXQjTME
op5rKA1_weY,1/4 WW - 59 kg: S. BAATARJAV (MGL) v. Y. KUMANO (JPN),2018-03-01,1:54,試合,シニア(または不明),アジア選手権,2018,タイトルにJPN/Japan,高,照合なし,Women's Wrestling - Senior Asian C'ships - Bishkek2018,https://www.youtube.com/watch?v=op5rKA1_weY
elBdDW_65Rg,Qual. WW - 50 kg: Y. IRIE (JPN) v. H. KIM (PRK),2018-03-01,9:17,試合,シニア(または不明),アジア選手権,2018,タイトルにJPN/Japan,高,照合なし,Women's Wrestling - Senior Asian C'ships - Bishkek2018,https://www.youtube.com/watch?v=elBdDW_65Rg
Q5ttr3pCZGo,1/4 WW - 76 kg: H. MINAGAWA SUZ (JPN) v. A. MEDET KYZY (KGZ),2018-03-01,2:27,試合,シニア(または不明),アジア選手権,2018,タイトルにJPN/Japan,高,照合なし,Women's Wrestling - Senior Asian C'ships - Bishkek2018,https://www.youtube.com/watch?v=Q5ttr3pCZGo
5vq2lFP9qAM,1/4 WW - 55 kg: S. IGARASHI (JPN) v. N. NURAKHAN (KAZ),2018-03-01,4:48,試合,シニア(または不明),アジア選手権,2018,タイトルにJPN/Japan,高,照合なし,Women's Wrestling - Senior Asian C'ships - Bishkek2018,https://www.youtube.com/watch?v=5vq2lFP9qAM
HMW8UbQ0pcM,1/4 WW - 50 kg: J. CHIU (TPE) v. Y. IRIE (JPN),2018-03-01,5:31,試合,シニア(または不明),アジア選手権,2018,タイトルにJPN/Japan,高,照合なし,Women's Wrestling - Senior Asian C'ships - Bishkek2018,https://www.youtube.com/watch?v=HMW8UbQ0pcM
HFn-i8cljBA,1/4 GR - 72 kg: T. AL SALIHI (IRQ) v. T. INOUE (JPN),2018-03-01,8:58,試合,シニア(または不明),アジア選手権,2018,タイトルにJPN/Japan,高,照合なし,Greco-Roman - Senior Asian C'ships - Bishkek2018,https://www.youtube.com/watch?v=HFn-i8cljBA
u64fBgu1IHo,Repechage GR - 130 kg: A. SONODA (JPN) v. N. NAVEEN (IND),2018-03-01,9:07,試合,シニア(または不明),アジア選手権,2018,タイトルにJPN/Japan,高,照合なし,Greco-Roman - Senior Asian C'ships - Bishkek2018,https://www.youtube.com/watch?v=u64fBgu1IHo
n0dynYfGGbE,1/4 GR - 60 kg: K. ZHOLCHUBEKOV (KGZ) v. S. OTA (JPN),2018-03-01,8:20,試合,シニア(または不明),アジア選手権,2018,タイトルにJPN/Japan・選手名の一致,高,太田 早也香(Sayaka OTA),Greco-Roman - Senior Asian C'ships - Bishkek2018,https://www.youtube.com/watch?v=n0dynYfGGbE
NqRCnZFk4I4,BRONZE GR - 77 kg: M. YEREZHEPOV (KAZ) v. S. YABIKU (JPN),2018-03-01,8:44,試合,シニア(または不明),アジア選手権,2018,タイトルにJPN/Japan,高,照合なし,Greco-Roman - Senior Asian C'ships - Bishkek2018,https://www.youtube.com/watch?v=NqRCnZFk4I4
ISn0_N3XIvU,T. INOUE (JPN) v. A. MAKHMUDOV (KGZ) | GR 72 kg | 1/2,2018-02-28,8:30,試合,シニア(または不明),アジア選手権,2018,タイトルにJPN/Japan,高,照合なし,Greatest Wrestling Videos Of All Time | United World Wrestling / Greco-Roman - Senior Asian C'ships - Bishkek2018,https://www.youtube.com/watch?v=ISn0_N3XIvU
kjDwO-w8pBM,Qual. GR - 97 kg: R. ASSAKALOV (UZB) v. Y. NARA (JPN),2018-02-28,3:48,試合,シニア(または不明),アジア選手権,2018,タイトルにJPN/Japan・選手名の一致,高,奈良 勇太(Yuta NARA),Best of Rustam ASSAKALOV / Greco-Roman - Senior Asian C'ships - Bishkek2018,https://www.youtube.com/watch?v=kjDwO-w8pBM
g90yrCrJe_0,GOLD GR - 67 kg: A. KEBISPAYEV (KAZ) v. T. SHIMOYAMADA (JPN),2018-02-28,8:07,試合,シニア(または不明),アジア選手権,2018,タイトルにJPN/Japan,高,照合なし,Greco-Roman - Senior Asian C'ships - Bishkek2018,https://www.youtube.com/watch?v=g90yrCrJe_0
-0jbn3L-H68,BRONZE GR - 72 kg: K. MALIK (IND) v. T. INOUE (JPN),2018-02-28,6:36,試合,シニア(または不明),アジア選手権,2018,タイトルにJPN/Japan,高,照合なし,Greco-Roman - Senior Asian C'ships - Bishkek2018,https://www.youtube.com/watch?v=-0jbn3L-H68
oqAfzzW7wr0,BRONZE GR - 82 kg: Y. MAETA (JPN) v. J. KIM (KOR),2018-02-28,8:10,試合,シニア(または不明),アジア選手権,2018,タイトルにJPN/Japan,高,照合なし,Greco-Roman - Senior Asian C'ships - Bishkek2018,https://www.youtube.com/watch?v=oqAfzzW7wr0
n3eZfMJWW90,Repechage GR - 97 kg: Y. NARA (JPN) v. U. DZHUZUPBEKOV (KGZ),2018-02-28,2:10,試合,シニア(または不明),アジア選手権,2018,タイトルにJPN/Japan・選手名の一致,高,奈良 勇太(Yuta NARA),Greco-Roman - Senior Asian C'ships - Bishkek2018,https://www.youtube.com/watch?v=n3eZfMJWW90
Dbsxm93D3m4,1/4 GR - 82 kg: A. DILMUKHAMEDO (KAZ) v. Y. MAETA (JPN),2018-02-28,7:16,試合,シニア(または不明),アジア選手権,2018,タイトルにJPN/Japan,高,照合なし,Greco-Roman - Senior Asian C'ships - Bishkek2018,https://www.youtube.com/watch?v=Dbsxm93D3m4
rMH06pv6n3M,1/2 GR - 67 kg: T. SHIMOYAMADA (JPN) v. G. ZHANG (CHN),2018-02-28,9:07,試合,シニア(または不明),アジア選手権,2018,タイトルにJPN/Japan,高,照合なし,Greco-Roman - Senior Asian C'ships - Bishkek2018,https://www.youtube.com/watch?v=rMH06pv6n3M
a3V6xNJMFZM,1/4 GR - 67 kg: H. RYU (KOR) v. T. SHIMOYAMADA (JPN),2018-02-28,13:15,試合,シニア(または不明),アジア選手権,2018,タイトルにJPN/Japan,高,照合なし,Greco-Roman - Senior Asian C'ships - Bishkek2018,https://www.youtube.com/watch?v=a3V6xNJMFZM
grPkxgsrupc,Qual. GR - 67 kg: T. SHIMOYAMADA (JPN) v. S. TAZAYEV (TKM),2018-02-28,6:02,試合,シニア(または不明),アジア選手権,2018,タイトルにJPN/Japan,高,照合なし,Greco-Roman - Senior Asian C'ships - Bishkek2018,https://www.youtube.com/watch?v=grPkxgsrupc
OenlPK20PSs,1/2 GR - 60 kg: S. BEHESHTITALA (IRI) v. S. OTA (JPN),2018-02-28,10:34,試合,シニア(または不明),アジア選手権,2018,タイトルにJPN/Japan・選手名の一致,高,太田 早也香(Sayaka OTA),Greco-Roman - Senior Asian C'ships - Bishkek2018,https://www.youtube.com/watch?v=OenlPK20PSs
G18mM4I5Xg0,Qual. GR - 72 kg: M. KHALILI (IRI) v. T. INOUE (JPN),2018-02-28,11:19,試合,シニア(または不明),アジア選手権,2018,タイトルにJPN/Japan,高,照合なし,Greco-Roman - Senior Asian C'ships - Bishkek2018,https://www.youtube.com/watch?v=G18mM4I5Xg0
0-5n9f8R-as,GOLD GR - 55 kg: Z. SHARSHENBEKO (KGZ) v. S. TANOKURA (JPN),2018-02-27,11:03,試合,シニア(または不明),アジア選手権,2018,タイトルにJPN/Japan,高,照合なし,Greco-Roman - Senior Asian C'ships - Bishkek2018,https://www.youtube.com/watch?v=0-5n9f8R-as
P8BwAi_X5Aw,BRONZE GR - 63 kg: D. JUNG (KOR) v. T. INOGUCHI (JPN),2018-02-27,7:36,試合,シニア(または不明),アジア選手権,2018,タイトルにJPN/Japan,高,照合なし,Greco-Roman - Senior Asian C'ships - Bishkek2018,https://www.youtube.com/watch?v=P8BwAi_X5Aw
-s7O4UcCqnI,GOLD GR - 87 kg: H. NOURI (IRI) v. M. SUMI (JPN),2018-02-27,8:17,試合,シニア(または不明),アジア選手権,2018,タイトルにJPN/Japan,高,照合なし,Greco-Roman - Senior Asian C'ships - Bishkek2018,https://www.youtube.com/watch?v=-s7O4UcCqnI
Ooz5hljzx3A,1/2 GR - 77 kg: S. YABIKU (JPN) v. M. GERAEI (IRI),2018-02-27,6:32,試合,シニア(または不明),アジア選手権,2018,タイトルにJPN/Japan,高,照合なし,Greco-Roman - Senior Asian C'ships - Bishkek2018,https://www.youtube.com/watch?v=Ooz5hljzx3A
zlJnhYgYST8,1/4 GR - 55 kg: S. TANOKURA (JPN) v. K. RAJENDER (IND),2018-02-27,10:37,試合,シニア(または不明),アジア選手権,2018,タイトルにJPN/Japan,高,照合なし,Greco-Roman - Senior Asian C'ships - Bishkek2018,https://www.youtube.com/watch?v=zlJnhYgYST8
YaeFQaGS6GE,1/4 GR - 77 kg: S. YABIKU (JPN) v. E. ASANOV (KGZ),2018-02-27,8:55,試合,シニア(または不明),アジア選手権,2018,タイトルにJPN/Japan,高,照合なし,Greco-Roman - Senior Asian C'ships - Bishkek2018,https://www.youtube.com/watch?v=YaeFQaGS6GE
VNR80X-Extg,1/2 GR - 87 kg: M. SUMI (JPN) v. K. MUTSOLGOV (KAZ),2018-02-27,9:11,試合,シニア(または不明),アジア選手権,2018,タイトルにJPN/Japan,高,照合なし,Greco-Roman - Senior Asian C'ships - Bishkek2018,https://www.youtube.com/watch?v=VNR80X-Extg
iKLn25BfjRQ,Qual. GR - 55 kg: S. TANOKURA (JPN) v. K. SUFIEV (TJK),2018-02-27,2:37,試合,シニア(または不明),アジア選手権,2018,タイトルにJPN/Japan,高,照合なし,Greco-Roman - Senior Asian C'ships - Bishkek2018,https://www.youtube.com/watch?v=iKLn25BfjRQ
bbyakwkcuHQ,1/4 GR - 87 kg: A. BEISHEBEKOV (KGZ) v. M. SUMI (JPN),2018-02-27,9:06,試合,シニア(または不明),アジア選手権,2018,タイトルにJPN/Japan,高,照合なし,Greco-Roman - Senior Asian C'ships - Bishkek2018,https://www.youtube.com/watch?v=bbyakwkcuHQ
D9uRlqi6cQM,1/4 GR - 63 kg: T. INOGUCHI (JPN) v. S. WALIHAN (CHN),2018-02-27,6:35,試合,シニア(または不明),アジア選手権,2018,タイトルにJPN/Japan,高,照合なし,Greco-Roman - Senior Asian C'ships - Bishkek2018,https://www.youtube.com/watch?v=D9uRlqi6cQM
2ygn-5Yx1Lo,1/2 GR - 63 kg: U. AMATOV (KGZ) v. T. INOGUCHI (JPN),2018-02-27,10:18,試合,シニア(または不明),アジア選手権,2018,タイトルにJPN/Japan,高,照合なし,Greco-Roman - Senior Asian C'ships - Bishkek2018,https://www.youtube.com/watch?v=2ygn-5Yx1Lo
ueugkU32PaM,Qual. GR - 77 kg: S. YABIKU (JPN) v. S. EID (JOR),2018-02-27,9:04,試合,シニア(または不明),アジア選手権,2018,タイトルにJPN/Japan,高,照合なし,Greco-Roman - Senior Asian C'ships - Bishkek2018,https://www.youtube.com/watch?v=ueugkU32PaM
w2XyR41Xivo,1/2 GR - 55 kg: J. MIRAKHMEDOV (UZB) v. S. TANOKURA (JPN),2018-02-27,11:09,試合,シニア(または不明),アジア選手権,2018,タイトルにJPN/Japan,高,照合なし,Greco-Roman - Senior Asian C'ships - Bishkek2018,https://www.youtube.com/watch?v=w2XyR41Xivo
Rxu7pSdThCY,Qual. GR - 130 kg: A. SONODA (JPN) v. B. MEHDIZADEH A (IRI),2018-02-27,3:20,試合,シニア(または不明),アジア選手権,2018,タイトルにJPN/Japan,高,照合なし,Greco-Roman - Senior Asian C'ships - Bishkek2018,https://www.youtube.com/watch?v=Rxu7pSdThCY
StY-i3TxFKk,BRONZE WW - 62 kg: N. RUIKE (JPN) v. L. NIEMESCH (GER),2018-02-18,8:07,試合,シニア(または不明),,2018,タイトルにJPN/Japan・選手名の一致,高,類家 直美(Naomi RUIKE),Best of Luisa Helga Gerda NIEMESCH / Women's Wrestling - Klippan Lady Open 2018,https://www.youtube.com/watch?v=StY-i3TxFKk
W8KU1kxf-hM,Repechage WW - 62 kg: N. RUIKE (JPN) v. D. BAYHAN (TUR),2018-02-18,5:54,試合,シニア(または不明),,2018,タイトルにJPN/Japan・選手名の一致,高,類家 直美(Naomi RUIKE),Women's Wrestling - Klippan Lady Open 2018,https://www.youtube.com/watch?v=W8KU1kxf-hM
e7B59cUaFPo,1/2 WW - 65 kg: M. MORIKAWA (JPN) v. H. JOHANSSON (SWE),2018-02-18,8:41,試合,シニア(または不明),,2018,タイトルにJPN/Japan・選手名の一致,高,森川 美和(Miwa MORIKAWA),Women's Wrestling - Klippan Lady Open 2018,https://www.youtube.com/watch?v=e7B59cUaFPo
Bypp-ULhVZg,1/2 WW - 59 kg: A. HANAI (JPN) v. E. YESILIRMAK (TUR),2018-02-18,8:00,試合,シニア(または不明),,2018,タイトルにJPN/Japan,高,照合なし,Women's Wrestling - Klippan Lady Open 2018,https://www.youtube.com/watch?v=Bypp-ULhVZg
C-_SCziDI9s,1/4 WW - 72 kg: V. FRANCIS (USA) v. N. MATSUYUKI (JPN),2018-02-18,8:39,試合,シニア(または不明),,2018,タイトルにJPN/Japan,高,照合なし,Women's Wrestling - Klippan Lady Open 2018,https://www.youtube.com/watch?v=C-_SCziDI9s
9t21BgRo_gk,1/4 WW - 59 kg: U. TUKURENOVA (RUS) v. A. HANAI (JPN),2018-02-18,8:27,試合,シニア(または不明),,2018,タイトルにJPN/Japan,高,照合なし,Women's Wrestling - Klippan Lady Open 2018,https://www.youtube.com/watch?v=9t21BgRo_gk
zfm0GbpgWSM,1/4 WW - 53 kg: N. IRIE (JPN) v. A. ERGE (TUR),2018-02-18,5:44,試合,シニア(または不明),,2018,タイトルにJPN/Japan,高,照合なし,Women's Wrestling - Klippan Lady Open 2018,https://www.youtube.com/watch?v=zfm0GbpgWSM
BCFxY7CsFpA,1/2 WW - 53 kg: N. IRIE (JPN) v. S. HILDEBRANDT (USA),2018-02-18,6:17,試合,シニア(または不明),,2018,タイトルにJPN/Japan,高,照合なし,Women's Wrestling - Klippan Lady Open 2018,https://www.youtube.com/watch?v=BCFxY7CsFpA
8guCyD-tukI,1/2 WW - 57 kg: S. NANJO (JPN) v. S. PRICOB (ROU),2018-02-18,8:09,試合,シニア(または不明),,2018,タイトルにJPN/Japan・選手名の一致,高,南條 早映(Sae NANJO),Women's Wrestling - Klippan Lady Open 2018,https://www.youtube.com/watch?v=8guCyD-tukI
msKTN2mlA6s,1/2 WW - 50 kg: P. BERMUDEZ (ARG) v. Y. SUSAKI (JPN),2018-02-18,3:36,試合,シニア(または不明),,2018,タイトルにJPN/Japan・選手名の一致,高,須﨑 優衣(Yui SUSAKI),Women's Wrestling - Klippan Lady Open 2018,https://www.youtube.com/watch?v=msKTN2mlA6s
7VfwhJi1FRI,1/4 WW - 50 kg: V. ANTHONY (USA) v. Y. SUSAKI (JPN),2018-02-18,8:59,試合,シニア(または不明),,2018,タイトルにJPN/Japan・選手名の一致,高,須﨑 優衣(Yui SUSAKI),Women's Wrestling - Klippan Lady Open 2018,https://www.youtube.com/watch?v=7VfwhJi1FRI
Ea-pWyp3Nsc,1/2 WW - 53 kg: U. IMAI (JPN) v. N. MALYSHEVA (RUS),2018-02-18,8:44,試合,シニア(または不明),,2018,タイトルにJPN/Japan・選手名の一致,高,今井 佑海(Umi IMAI),Women's Wrestling - Klippan Lady Open 2018,https://www.youtube.com/watch?v=Ea-pWyp3Nsc
nkxczWb3B8o,1/2 WW - 55 kg: S. NAGAMOTO (JPN) v. S. ORSHUSH (RUS),2018-02-18,10:27,試合,シニア(または不明),,2018,タイトルにJPN/Japan・選手名の一致,高,永本 聖奈(Sena NAGAMOTO),Women's Wrestling - Klippan Lady Open 2018,https://www.youtube.com/watch?v=nkxczWb3B8o
A4ll3NHi4pI,1/4 WW - 57 kg: S. NANJO (JPN) v. I. OLOGONOVA (RUS),2018-02-18,8:58,試合,シニア(または不明),,2018,タイトルにJPN/Japan・選手名の一致,高,南條 早映(Sae NANJO),Women's Wrestling - Klippan Lady Open 2018,https://www.youtube.com/watch?v=A4ll3NHi4pI
GSZqwR0k2EI,1/4 WW - 53 kg: U. IMAI (JPN) v. J. PARSONS (CAN),2018-02-18,7:22,試合,シニア(または不明),,2018,タイトルにJPN/Japan・選手名の一致,高,今井 佑海(Umi IMAI),Women's Wrestling - Klippan Lady Open 2018,https://www.youtube.com/watch?v=GSZqwR0k2EI
5n2Hg85eyVI,1/8 WW - 50 kg: Y. SUSAKI (JPN) v. A. VETOSHKINA (RUS),2018-02-18,8:03,試合,シニア(または不明),,2018,タイトルにJPN/Japan・選手名の一致,高,須﨑 優衣(Yui SUSAKI),Women's Wrestling - Klippan Lady Open 2018,https://www.youtube.com/watch?v=5n2Hg85eyVI
ZJl5Qk-enlI,Qual. WW - 65 kg: M. MORIKAWA (JPN) v. T. BERNTSEN (NOR),2018-02-18,5:46,試合,シニア(または不明),,2018,タイトルにJPN/Japan・選手名の一致,高,森川 美和(Miwa MORIKAWA),Women's Wrestling - Klippan Lady Open 2018,https://www.youtube.com/watch?v=ZJl5Qk-enlI
CUDsrTKA9tI,BRONZE WW - 55 kg: R. GALAMBOS (HUN) v. S. NAGAMOTO (JPN),2018-02-18,7:41,試合,シニア(または不明),,2018,タイトルにJPN/Japan・選手名の一致,高,永本 聖奈(Sena NAGAMOTO),Women's Wrestling - Klippan Lady Open 2018,https://www.youtube.com/watch?v=CUDsrTKA9tI
AJtKB1zHQCc,GOLD WW - 65 kg: P. OLLI (FIN) v. M. MORIKAWA (JPN),2018-02-18,9:55,試合,シニア(または不明),,2018,タイトルにJPN/Japan・選手名の一致,高,森川 美和(Miwa MORIKAWA),Women's Wrestling - Klippan Lady Open 2018,https://www.youtube.com/watch?v=AJtKB1zHQCc
WQaD5Z0ovPI,GOLD WW - 59 kg: G. BULLEN (NOR) v. A. HANAI (JPN),2018-02-18,8:38,試合,シニア(または不明),,2018,タイトルにJPN/Japan,高,照合なし,Women's Wrestling - Klippan Lady Open 2018,https://www.youtube.com/watch?v=WQaD5Z0ovPI
9uzFKB8NoUg,GOLD WW - 57 kg: S. NANJO (JPN) v. T. KIT (UKR),2018-02-18,7:53,試合,シニア(または不明),,2018,タイトルにJPN/Japan・選手名の一致,高,南條 早映(Sae NANJO),Women's Wrestling - Klippan Lady Open 2018,https://www.youtube.com/watch?v=9uzFKB8NoUg
GI_BmSkZmtU,GOLD WW - 53 kg: N. IRIE (JPN) v. U. IMAI (JPN),2018-02-18,9:55,試合,シニア(または不明),,2018,タイトルにJPN/Japan・選手名の一致,高,今井 佑海(Umi IMAI),Women's Wrestling - Klippan Lady Open 2018,https://www.youtube.com/watch?v=GI_BmSkZmtU
QzMObTUY82Q,GOLD WW - 50 kg: M. STADNIK (AZE) v. Y. SUSAKI (JPN),2018-02-18,8:36,試合,シニア(または不明),,2018,タイトルにJPN/Japan・選手名の一致,高,須﨑 優衣(Yui SUSAKI),Women's Wrestling - Klippan Lady Open 2018,https://www.youtube.com/watch?v=QzMObTUY82Q
F0eyBkfSQqQ,GOLD WW - 62 kg: O. PUREVDORJ (MGL) v. K. SAKAE (JPN),2018-02-01,8:22,試合,シニア(または不明),,2018,タイトルにJPN/Japan,高,照合なし,Best of Orkhon PUREVDORJ / Women's Wrestling - Yariguin Tournament 2018,https://www.youtube.com/watch?v=F0eyBkfSQqQ
hzyRCW_Upj0,GOLD WW - 53 kg: S. ORSHUSH (RUS) v. Y. MIYAHARA (JPN),2018-02-01,9:21,試合,シニア(または不明),,2018,タイトルにJPN/Japan,高,照合なし,Women's Wrestling - Yariguin Tournament 2018,https://www.youtube.com/watch?v=hzyRCW_Upj0
JzU2OT8XV8M,GOLD WW - 72 kg: J. WANG (CHN) v. M. FURUICHI (JPN),2018-01-31,11:22,試合,シニア(または不明),,2018,タイトルにJPN/Japan・選手名の一致,高,古市 雅子(Masako FURUICHI),Women's Wrestling - Yariguin Tournament 2018,https://www.youtube.com/watch?v=JzU2OT8XV8M
TUT4wn6gJ2E,Breakout Wrestler Of The Year - Kenichiro FUMITA (JPN),2017-12-24,0:30,ショート,シニア(または不明),,2017,タイトルにJPN/Japan・選手名の一致,高,文田 健一郎(Kenichiro FUMITA),Best of Kenichiro Fumita / 2017 BEST MOMENTS,https://www.youtube.com/watch?v=TUT4wn6gJ2E
hV0YrHN9lVk,Breakout Wrestler Of The Year - Yui SUSAKI (JPN),2017-12-24,0:28,ショート,シニア(または不明),,2017,タイトルにJPN/Japan・選手名の一致,高,須﨑 優衣(Yui SUSAKI),Best of Yui Susaki / 2017 BEST MOMENTS,https://www.youtube.com/watch?v=hV0YrHN9lVk
AzB1w-wKwhU,Breakout Wrestler Of The Year - Yuki TAKAHASHI (JPN),2017-12-24,0:32,ショート,シニア(または不明),,2017,タイトルにJPN/Japan,高,照合なし,2017 BEST MOMENTS,https://www.youtube.com/watch?v=AzB1w-wKwhU
MftovK9VNWQ,"GOLD WW - 53 kg: M. MUKAIDA (JPN) df. Q. PANG (CHN) by VPO, 4-0",2017-12-04,7:45,試合,シニア(または不明),ワールドカップ,2017,タイトルにJPN/Japan,高,照合なし,Best of PANG Qianyu / 1st-2nd : Japan VS China - Women's World Cup - Cheboksary 2017,https://www.youtube.com/watch?v=MftovK9VNWQ
kGcF-gm-U4k,"GOLD WW - 48 kg: Y. SUSAKI (JPN) df. Y. SUN (CHN) by VPO1, 4-2",2017-12-04,10:06,試合,シニア(または不明),ワールドカップ,2017,タイトルにJPN/Japan・選手名の一致,高,須﨑 優衣(Yui SUSAKI),Best of Yui Susaki / 1st-2nd : Japan VS China - Women's World Cup - Cheboksary 2017,https://www.youtube.com/watch?v=kGcF-gm-U4k
KMQJVlHe3PY,"GOLD WW - 55 kg: N. RONG (CHN) df. M. KADOYA (JPN) by VPO1, 4-3",2017-12-04,7:37,試合,シニア(または不明),ワールドカップ,2017,タイトルにJPN/Japan,高,照合なし,1st-2nd : Japan VS China - Women's World Cup - Cheboksary 2017,https://www.youtube.com/watch?v=KMQJVlHe3PY
w5mf1twyffA,"GOLD WW - 58 kg: A. HANAI (JPN) df. Y. SUN (CHN) by VPO1, 6-2",2017-12-04,8:22,試合,シニア(または不明),ワールドカップ,2017,タイトルにJPN/Japan,高,照合なし,1st-2nd : Japan VS China - Women's World Cup - Cheboksary 2017,https://www.youtube.com/watch?v=w5mf1twyffA
OUNMTvCE5sE,"GOLD WW - 60 kg: Y. KAWAI (JPN) df. X. CHEN (CHN) by VFA, 4-0",2017-12-04,2:38,試合,シニア(または不明),ワールドカップ,2017,タイトルにJPN/Japan,高,照合なし,1st-2nd : Japan VS China - Women's World Cup - Cheboksary 2017,https://www.youtube.com/watch?v=OUNMTvCE5sE
T4v_6OAyy5Y,"GOLD WW - 63 kg: X. LUO (CHN) df. Y. ITO (JPN) by VPO1, 7-2",2017-12-04,8:19,試合,シニア(または不明),ワールドカップ,2017,タイトルにJPN/Japan・選手名の一致,高,照合なし(同じローマ字が2人以上),1st-2nd : Japan VS China - Women's World Cup - Cheboksary 2017,https://www.youtube.com/watch?v=T4v_6OAyy5Y
JazUVHi9DNc,"GOLD WW - 69 kg: F. ZHOU (CHN) df. M. MORIKAWA (JPN) by VPO1, 8-1",2017-12-04,8:23,試合,シニア(または不明),ワールドカップ,2017,タイトルにJPN/Japan・選手名の一致,高,森川 美和(Miwa MORIKAWA),1st-2nd : Japan VS China - Women's World Cup - Cheboksary 2017,https://www.youtube.com/watch?v=JazUVHi9DNc
P1J4gg2EZys,"GOLD WW - 75 kg: Q. ZHOU (CHN) df. M. FURUICHI (JPN) by VIN, 2-1",2017-12-04,6:25,試合,シニア(または不明),ワールドカップ,2017,タイトルにJPN/Japan・選手名の一致,高,古市 雅子(Masako FURUICHI),1st-2nd : Japan VS China - Women's World Cup - Cheboksary 2017,https://www.youtube.com/watch?v=P1J4gg2EZys
NpVyYQmWqFY,"Round 3 WW - 48 kg: Y. SUSAKI (JPN) df. V. ANTHONY (USA) by VSU, 11-0",2017-12-02,6:50,試合,シニア(または不明),ワールドカップ,2017,タイトルにJPN/Japan・選手名の一致,高,須﨑 優衣(Yui SUSAKI),Best of Yui Susaki / Matches GROUP A - Women's World Cup - Cheboksary 2017,https://www.youtube.com/watch?v=NpVyYQmWqFY
wvCZQsrqJ1w,"Round 2 WW - 48 kg: Y. SUSAKI (JPN) df. A. VETOSHKINA (RUS) by VSU, 10-0",2017-12-02,3:46,試合,シニア(または不明),ワールドカップ,2017,タイトルにJPN/Japan・選手名の一致,高,須﨑 優衣(Yui SUSAKI),Best of Yui Susaki / Matches GROUP A - Women's World Cup - Cheboksary 2017,https://www.youtube.com/watch?v=wvCZQsrqJ1w
80l2T_gEaRY,"Round 1 WW - 48 kg: Y. SUSAKI (JPN) df. M. LJUNGSTROEM (SWE) by VSU, 10-0",2017-12-02,1:19,試合,シニア(または不明),ワールドカップ,2017,タイトルにJPN/Japan・選手名の一致,高,須﨑 優衣(Yui SUSAKI),Best of Yui Susaki / Matches GROUP A - Women's World Cup - Cheboksary 2017,https://www.youtube.com/watch?v=80l2T_gEaRY
jnqJeyT66x0,"Round 3 WW - 63 kg: Y. ITO (JPN) df. M. VELTE (USA) by VFA, 6-0",2017-12-02,1:56,試合,シニア(または不明),ワールドカップ,2017,タイトルにJPN/Japan・選手名の一致,高,照合なし(同じローマ字が2人以上),Matches GROUP A - Women's World Cup - Cheboksary 2017,https://www.youtube.com/watch?v=jnqJeyT66x0
Yg2woeuUxEM,"Round 3 WW - 60 kg: Y. KAWAI (JPN) df. A. RAGAN (USA) by VPO1, 8-1",2017-12-02,7:31,試合,シニア(または不明),ワールドカップ,2017,タイトルにJPN/Japan,高,照合なし,Matches GROUP A - Women's World Cup - Cheboksary 2017,https://www.youtube.com/watch?v=Yg2woeuUxEM
cy4Ni1OT-lU,"Round 1 WW - 58 kg: A. HANAI (JPN) df. E. NILSSON (SWE) by VPO1, 3-1",2017-12-02,10:26,試合,シニア(または不明),ワールドカップ,2017,タイトルにJPN/Japan,高,照合なし,Matches GROUP A - Women's World Cup - Cheboksary 2017,https://www.youtube.com/watch?v=cy4Ni1OT-lU
3BCGEJ9p37k,"Round 1 WW - 63 kg: Y. ITO (JPN) df. M. NYGREN (SWE) by VSU, 10-0",2017-12-02,7:23,試合,シニア(または不明),ワールドカップ,2017,タイトルにJPN/Japan・選手名の一致,高,照合なし(同じローマ字が2人以上),Matches GROUP A - Women's World Cup - Cheboksary 2017,https://www.youtube.com/watch?v=3BCGEJ9p37k
II8ErpOWi4s,"Round 3 WW - 69 kg: T. MENSAH (USA) df. M. MORIKAWA (JPN) by VPO, 5-0",2017-12-02,8:08,試合,シニア(または不明),ワールドカップ,2017,タイトルにJPN/Japan・選手名の一致,高,森川 美和(Miwa MORIKAWA),Matches GROUP A - Women's World Cup - Cheboksary 2017,https://www.youtube.com/watch?v=II8ErpOWi4s
9R4cQJyGoHI,"Round 3 WW - 55 kg: S. HILDEBRANDT (USA) df. M. KADOYA (JPN) by VPO1, 6-3",2017-12-02,8:29,試合,シニア(または不明),ワールドカップ,2017,タイトルにJPN/Japan,高,照合なし,Matches GROUP A - Women's World Cup - Cheboksary 2017,https://www.youtube.com/watch?v=9R4cQJyGoHI
LimEA285zkA,"Round 3 WW - 53 kg: M. MUKAIDA (JPN) df. H. AUGELLO (USA) by VSU, 10-0",2017-12-02,2:42,試合,シニア(または不明),ワールドカップ,2017,タイトルにJPN/Japan,高,照合なし,Matches GROUP A - Women's World Cup - Cheboksary 2017,https://www.youtube.com/watch?v=LimEA285zkA
xoCLklNNL4A,"Round 3 WW - 58 kg: K. MIRACLE (USA) df. A. HANAI (JPN) by VPO1, 4-2",2017-12-02,8:24,試合,シニア(または不明),ワールドカップ,2017,タイトルにJPN/Japan,高,照合なし,Matches GROUP A - Women's World Cup - Cheboksary 2017,https://www.youtube.com/watch?v=xoCLklNNL4A
spj_bD9Jb40,"Round 2 WW - 75 kg: M. FURUICHI (JPN) df. K. SHUMOVA (RUS) by VPO1, 3-1",2017-12-02,7:41,試合,シニア(または不明),ワールドカップ,2017,タイトルにJPN/Japan・選手名の一致,高,古市 雅子(Masako FURUICHI),Matches GROUP A - Women's World Cup - Cheboksary 2017,https://www.youtube.com/watch?v=spj_bD9Jb40
WHVR0YEbjnQ,"Round 1 WW - 75 kg: M. FURUICHI (JPN) df. D. MAKOTA STROE (SWE) by VPO1, 6-6",2017-12-02,8:30,試合,シニア(または不明),ワールドカップ,2017,タイトルにJPN/Japan・選手名の一致,高,古市 雅子(Masako FURUICHI),Matches GROUP A - Women's World Cup - Cheboksary 2017,https://www.youtube.com/watch?v=WHVR0YEbjnQ
EPNTmW_Va4Y,"Round 1 WW - 55 kg: M. KADOYA (JPN) df. S. PETER (SWE) by VSU, 10-0",2017-12-02,1:49,試合,シニア(または不明),ワールドカップ,2017,タイトルにJPN/Japan,高,照合なし,Matches GROUP A - Women's World Cup - Cheboksary 2017,https://www.youtube.com/watch?v=EPNTmW_Va4Y
kfP2bhj69QQ,"Round 2 WW - 69 kg: A. BRATCHIKOVA (RUS) df. M. MORIKAWA (JPN) by VPO1, 4-1",2017-12-02,8:11,試合,シニア(または不明),ワールドカップ,2017,タイトルにJPN/Japan・選手名の一致,高,森川 美和(Miwa MORIKAWA),Matches GROUP A - Women's World Cup - Cheboksary 2017,https://www.youtube.com/watch?v=kfP2bhj69QQ
tncxqQG6Jiw,"Round 1 WW - 53 kg: M. MUKAIDA (JPN) df. E. BROBECK (SWE) by VSU, 10-0",2017-12-02,1:57,試合,シニア(または不明),ワールドカップ,2017,タイトルにJPN/Japan,高,照合なし,Matches GROUP A - Women's World Cup - Cheboksary 2017,https://www.youtube.com/watch?v=tncxqQG6Jiw
2eEbTil2UHM,"Round 2 WW - 60 kg: Y. KAWAI (JPN) df. Y. PRONTSEVITCH (RUS) by VPO, 6-0",2017-12-02,7:51,試合,シニア(または不明),ワールドカップ,2017,タイトルにJPN/Japan,高,照合なし,Matches GROUP A - Women's World Cup - Cheboksary 2017,https://www.youtube.com/watch?v=2eEbTil2UHM
SX8z36dhdB0,"Round 2 WW - 63 kg: A. FOMENKO (RUS) df. Y. ITO (JPN) by VPO, 7-0",2017-12-02,8:46,試合,シニア(または不明),ワールドカップ,2017,タイトルにJPN/Japan・選手名の一致,高,照合なし(同じローマ字が2人以上),Matches GROUP A - Women's World Cup - Cheboksary 2017,https://www.youtube.com/watch?v=SX8z36dhdB0
v3bPw5--5Kc,"Round 2 WW - 58 kg: A. HANAI (JPN) df. V. CHUMIKOVA (RUS) by VPO1, 5-2",2017-12-02,8:56,試合,シニア(または不明),ワールドカップ,2017,タイトルにJPN/Japan,高,照合なし,Matches GROUP A - Women's World Cup - Cheboksary 2017,https://www.youtube.com/watch?v=v3bPw5--5Kc
FexlCewz-8k,"Round 1 WW - 69 kg: M. MORIKAWA (JPN) df. A. SANDAHL (SWE) by VPO1, 5-1",2017-12-02,9:11,試合,シニア(または不明),ワールドカップ,2017,タイトルにJPN/Japan・選手名の一致,高,森川 美和(Miwa MORIKAWA),Matches GROUP A - Women's World Cup - Cheboksary 2017,https://www.youtube.com/watch?v=FexlCewz-8k
9Wt0OjlORlY,"Round 2 WW - 55 kg: M. GUROVA (RUS) df. M. KADOYA (JPN) by VPO1, 4-4",2017-12-02,9:04,試合,シニア(または不明),ワールドカップ,2017,タイトルにJPN/Japan,高,照合なし,Matches GROUP A - Women's World Cup - Cheboksary 2017,https://www.youtube.com/watch?v=9Wt0OjlORlY
aiYPYQU5YmY,"Round 2 WW - 53 kg: M. MUKAIDA (JPN) df. S. ORSHUSH (RUS) by VSU, 10-0",2017-12-02,5:30,試合,シニア(または不明),ワールドカップ,2017,タイトルにJPN/Japan,高,照合なし,Matches GROUP A - Women's World Cup - Cheboksary 2017,https://www.youtube.com/watch?v=aiYPYQU5YmY
EMn8-CFYP-o,NEWS WRAP - WOMEN'S WORLD CUP,2017-12-02,1:57,その他,シニア(または不明),ワールドカップ,2017,説明にJPN/Japan,低(要確認),照合なし,News + Highlights  - Women's World Cup,https://www.youtube.com/watch?v=EMn8-CFYP-o
n8MSrX4KBB4,Women's World Cup Has Started,2017-12-01,0:32,ショート,シニア(または不明),ワールドカップ,2017,説明にJPN/Japan,低(要確認),照合なし,News + Highlights  - Women's World Cup,https://www.youtube.com/watch?v=n8MSrX4KBB4
sK6v8wF4rJ0,"BRONZE FS - 70 kg: M. SKHULUKHIA (GEO) df. N. TAKOJIMA (JPN) by VPO, 3-0",2017-11-26,7:46,試合,U23,世界選手権,2017,タイトルにJPN/Japan,高,照合なし,Freestyle Wrestling - U23 World C'ships - Bydgoszcz2017,https://www.youtube.com/watch?v=sK6v8wF4rJ0
LO1XporGXpA,"1/2 FS - 70 kg: K. VINOD (IND) df. N. TAKOJIMA (JPN) by VPO1, 2-1",2017-11-26,7:36,試合,U23,世界選手権,2017,タイトルにJPN/Japan,高,照合なし,Freestyle Wrestling - U23 World C'ships - Bydgoszcz2017,https://www.youtube.com/watch?v=LO1XporGXpA
kr-hM9Hc3xU,"1/8 FS - 74 kg: Y. YAMASAKI (JPN) df. J. BALFOUR (CAN) by VSU, 10-0",2017-11-26,6:54,試合,U23,世界選手権,2017,タイトルにJPN/Japan,高,照合なし,Freestyle Wrestling - U23 World C'ships - Bydgoszcz2017,https://www.youtube.com/watch?v=kr-hM9Hc3xU
qXJSwpnMXp4,"1/4 FS - 74 kg: A. KENTCHADZE (GEO) df. Y. YAMASAKI (JPN) by VPO1, 7-4",2017-11-26,8:28,試合,U23,世界選手権,2017,タイトルにJPN/Japan,高,照合なし,Freestyle Wrestling - U23 World C'ships - Bydgoszcz2017,https://www.youtube.com/watch?v=qXJSwpnMXp4
VEIGqE3rGtE,"1/8 FS - 70 kg: N. TAKOJIMA (JPN) df. B. EL OUARRAQE (MAR) by VSU, 10-0",2017-11-26,7:42,試合,U23,世界選手権,2017,タイトルにJPN/Japan,高,照合なし,Freestyle Wrestling - U23 World C'ships - Bydgoszcz2017,https://www.youtube.com/watch?v=VEIGqE3rGtE
P85WPIPAkag,"1/4 FS - 65 kg: Y. EMAMICHOGHAE (IRI) df. K. YONEZAWA (JPN) by VSU, 11-0",2017-11-26,6:48,試合,U23,世界選手権,2017,タイトルにJPN/Japan,高,照合なし,Freestyle Wrestling - U23 World C'ships - Bydgoszcz2017,https://www.youtube.com/watch?v=P85WPIPAkag
9oXxJ7nbhvk,"1/8 FS - 97 kg: M. MCHEDLIDZE (UKR) df. T. SONODA (JPN) by VPO1, 4-3",2017-11-26,8:42,試合,U23,世界選手権,2017,タイトルにJPN/Japan・選手名の一致,高,園田 平(Taira SONODA),Freestyle Wrestling - U23 World C'ships - Bydgoszcz2017,https://www.youtube.com/watch?v=9oXxJ7nbhvk
EgBiiIctmys,"1/8 FS - 65 kg: K. YONEZAWA (JPN) df. R. DUSCOV (ROU) by VSU1, 15-4",2017-11-26,4:06,試合,U23,世界選手権,2017,タイトルにJPN/Japan,高,照合なし,Freestyle Wrestling - U23 World C'ships - Bydgoszcz2017,https://www.youtube.com/watch?v=EgBiiIctmys
HhzqJrujUvU,"Qual. FS - 97 kg: T. SONODA (JPN) df. Y. DEDE (TUR) by VPO1, 5-4",2017-11-26,9:52,試合,U23,世界選手権,2017,タイトルにJPN/Japan・選手名の一致,高,園田 平(Taira SONODA),Freestyle Wrestling - U23 World C'ships - Bydgoszcz2017,https://www.youtube.com/watch?v=HhzqJrujUvU
RxVzISHW070,"Qual. FS - 65 kg: K. YONEZAWA (JPN) df. K. A ABDALI (KSA) by VSU, 10-0",2017-11-26,1:37,試合,U23,世界選手権,2017,タイトルにJPN/Japan,高,照合なし,Freestyle Wrestling - U23 World C'ships - Bydgoszcz2017,https://www.youtube.com/watch?v=RxVzISHW070
vQLTdBmsMFo,"1/4 FS - 70 kg: N. TAKOJIMA (JPN) df. A. ANDRUSE (EST) by VPO1, 5-2",2017-11-26,7:31,試合,U23,世界選手権,2017,タイトルにJPN/Japan,高,照合なし,Freestyle Wrestling - U23 World C'ships - Bydgoszcz2017,https://www.youtube.com/watch?v=vQLTdBmsMFo
39tOj1X0-xw,"Qual. FS - 74 kg: Y. YAMASAKI (JPN) df. M. MOTTAGHINIA (IRI) by VPO1, 7-4",2017-11-26,8:51,試合,U23,世界選手権,2017,タイトルにJPN/Japan,高,照合なし,Freestyle Wrestling - U23 World C'ships - Bydgoszcz2017,https://www.youtube.com/watch?v=39tOj1X0-xw
QjBN9qlwkcs,"Qual. FS - 86 kg: G. MAGOMEDSAIDO (AZE) df. M. MATSUSAKA (JPN) by VSU, 10-0",2017-11-25,6:09,試合,U23,世界選手権,2017,タイトルにJPN/Japan,高,照合なし,Freestyle Wrestling - U23 World C'ships - Bydgoszcz2017,https://www.youtube.com/watch?v=QjBN9qlwkcs
n0-_LAFUfFg,"1/8 FS - 125 kg: G. PETRIASHVILI (GEO) df. T. YAMAMOTO (JPN) by VSU, 10-0",2017-11-25,2:53,試合,U23,世界選手権,2017,タイトルにJPN/Japan・選手名の一致,高,山本 泰輝(Taiki YAMAMOTO),Freestyle Wrestling - U23 World C'ships - Bydgoszcz2017,https://www.youtube.com/watch?v=n0-_LAFUfFg
5PH2XVqpUjM,"1/8 FS - 61 kg: R. NAKAMURA (JPN) df. G. JANATSCH (AUT) by VSU, 11-0",2017-11-25,2:59,試合,U23,世界選手権,2017,タイトルにJPN/Japan,高,照合なし,Freestyle Wrestling - U23 World C'ships - Bydgoszcz2017,https://www.youtube.com/watch?v=5PH2XVqpUjM
drntMs_wLE4,"1/2 FS - 61 kg: R. NAKAMURA (JPN) df. I. DUDAEV (RUS) by VSU, 10-0",2017-11-25,2:15,試合,U23,世界選手権,2017,タイトルにJPN/Japan,高,照合なし,Freestyle Wrestling - U23 World C'ships - Bydgoszcz2017,https://www.youtube.com/watch?v=drntMs_wLE4
205EgBLuHK4,"Qual. FS - 57 kg: K. KOYANAGI (JPN) df. R. ATRINAGHARCH (IRI) by VPO1, 7-7",2017-11-25,11:10,試合,U23,世界選手権,2017,タイトルにJPN/Japan,高,照合なし,Freestyle Wrestling - U23 World C'ships - Bydgoszcz2017,https://www.youtube.com/watch?v=205EgBLuHK4
i2cAzv05ml4,"1/8 FS - 57 kg: P. IBRAHIMOV (AZE) df. K. KOYANAGI (JPN) by VPO1, 5-1",2017-11-25,7:56,試合,U23,世界選手権,2017,タイトルにJPN/Japan,高,照合なし,Freestyle Wrestling - U23 World C'ships - Bydgoszcz2017,https://www.youtube.com/watch?v=i2cAzv05ml4
EHsSdF8yU9o,"Repechage FS - 125 kg: Z. HU (CHN) df. T. YAMAMOTO (JPN) by VPO1, 3-1",2017-11-25,8:01,試合,U23,世界選手権,2017,タイトルにJPN/Japan・選手名の一致,高,山本 泰輝(Taiki YAMAMOTO),Freestyle Wrestling - U23 World C'ships - Bydgoszcz2017,https://www.youtube.com/watch?v=EHsSdF8yU9o
K2hXLgETUKU,"1/4 FS - 61 kg: R. NAKAMURA (JPN) df. H. SHAKHBANAU (BLR) by VPO1, 10-4",2017-11-25,11:47,試合,U23,世界選手権,2017,タイトルにJPN/Japan,高,照合なし,Freestyle Wrestling - U23 World C'ships - Bydgoszcz2017,https://www.youtube.com/watch?v=K2hXLgETUKU
99mw8nKnFTY,"GOLD FS - 61 kg: R. NAKAMURA (JPN) df. K. AMIRTAYEV (KAZ) by VSU1, 12-2",2017-11-25,7:13,試合,U23,世界選手権,2017,タイトルにJPN/Japan,高,照合なし,Freestyle Wrestling - U23 World C'ships - Bydgoszcz2017,https://www.youtube.com/watch?v=99mw8nKnFTY
KQFopmwI3DA,News Wrap - Day 4 U23 World Championships,2017-11-25,1:22,その他,U23,世界選手権,2017,説明にJPN/Japan,低(要確認),照合なし,News + Highlights U23 World Championships,https://www.youtube.com/watch?v=KQFopmwI3DA
H9OfLRYSgZg,"GOLD WW - 69 kg: K. LARROQUE (FRA) df. N. MATSUYUKI (JPN) by VPO, 4-0",2017-11-24,8:16,試合,U23,世界選手権,2017,タイトルにJPN/Japan,高,照合なし,Best of Koumba Selene Fanta LARROQUE / Women's Wrestling - U23 World C'ships - Bydgoszcz2017,https://www.youtube.com/watch?v=H9OfLRYSgZg
cZ_B30880qU,"GOLD WW - 60 kg: Y. SAKANO (JPN) df. I. PROKOPEVNIUK (UKR) by VPO1, 7-3",2017-11-24,8:15,試合,U23,世界選手権,2017,タイトルにJPN/Japan・選手名の一致,高,坂野 結衣(Yui SAKANO),Women's Wrestling - U23 World C'ships - Bydgoszcz2017,https://www.youtube.com/watch?v=cZ_B30880qU
-bHTPNpNXWo,"GOLD WW - 53 kg: M. IGARASHI (JPN) df. Q. ZHANG (CHN) by VSU1, 12-2",2017-11-24,6:29,試合,U23,世界選手権,2017,タイトルにJPN/Japan,高,照合なし,Women's Wrestling - U23 World C'ships - Bydgoszcz2017,https://www.youtube.com/watch?v=-bHTPNpNXWo
WnwFQ-tgZ5c,"Repechage WW - 48 kg: R. OKUNO (JPN) df. K. STANKEVICH (BLR) by VPO1, 10-6",2017-11-24,8:29,試合,U23,世界選手権,2017,タイトルにJPN/Japan,高,照合なし,Women's Wrestling - U23 World C'ships - Bydgoszcz2017,https://www.youtube.com/watch?v=WnwFQ-tgZ5c
oZp5JFDHiE4,"1/4 WW - 53 kg: M. IGARASHI (JPN) df. E. POLESHCHUK (RUS) by VSU1, 12-2",2017-11-24,8:25,試合,U23,世界選手権,2017,タイトルにJPN/Japan,高,照合なし,Women's Wrestling - U23 World C'ships - Bydgoszcz2017,https://www.youtube.com/watch?v=oZp5JFDHiE4
qLYEdDeiuK0,"1/8 WW - 53 kg: M. IGARASHI (JPN) df. M. DENES (HUN) by VPO1, 6-1",2017-11-24,9:31,試合,U23,世界選手権,2017,タイトルにJPN/Japan,高,照合なし,Women's Wrestling - U23 World C'ships - Bydgoszcz2017,https://www.youtube.com/watch?v=qLYEdDeiuK0
j6bNfQZ3EVQ,"1/4 WW - 48 kg: E. DEMIRHAN (TUR) df. R. OKUNO (JPN) by VPO1, 3-1",2017-11-24,7:55,試合,U23,世界選手権,2017,タイトルにJPN/Japan,高,照合なし,Women's Wrestling - U23 World C'ships - Bydgoszcz2017,https://www.youtube.com/watch?v=j6bNfQZ3EVQ
I7sFNdKjbfI,"1/2 WW - 69 kg: N. MATSUYUKI (JPN) df. D. KAKRAN (IND) by VPO1, 4-2",2017-11-24,12:34,試合,U23,世界選手権,2017,タイトルにJPN/Japan,高,照合なし,Women's Wrestling - U23 World C'ships - Bydgoszcz2017,https://www.youtube.com/watch?v=I7sFNdKjbfI
ECpM_cZFMws,"1/4 WW - 69 kg: N. MATSUYUKI (JPN) df. M. KUENZ (AUT) by VPO1, 7-2",2017-11-24,11:06,試合,U23,世界選手権,2017,タイトルにJPN/Japan,高,照合なし,Women's Wrestling - U23 World C'ships - Bydgoszcz2017,https://www.youtube.com/watch?v=ECpM_cZFMws
BpSDvr0bBt0,"1/8 WW - 69 kg: N. MATSUYUKI (JPN) df. D. DOMIKAITYTE (LTU) by VPO1, 4-3",2017-11-24,8:28,試合,U23,世界選手権,2017,タイトルにJPN/Japan,高,照合なし,Women's Wrestling - U23 World C'ships - Bydgoszcz2017,https://www.youtube.com/watch?v=BpSDvr0bBt0
QH_aYTLxiy8,"1/4 WW - 60 kg: Y. SAKANO (JPN) df. S. SARITA (IND) by VFA, 10-1",2017-11-24,7:45,試合,U23,世界選手権,2017,タイトルにJPN/Japan・選手名の一致,高,坂野 結衣(Yui SAKANO),Women's Wrestling - U23 World C'ships - Bydgoszcz2017,https://www.youtube.com/watch?v=QH_aYTLxiy8
fPHG-5Ccyjg,"1/2 WW - 53 kg: M. IGARASHI (JPN) df. K. BEREZA (UKR) by VPO1, 9-4",2017-11-24,7:50,試合,U23,世界選手権,2017,タイトルにJPN/Japan,高,照合なし,Women's Wrestling - U23 World C'ships - Bydgoszcz2017,https://www.youtube.com/watch?v=fPHG-5Ccyjg
ED0B8y8Ne6Q,"1/2 WW - 60 kg: Y. SAKANO (JPN) df. K. MIRACLE (USA) by VPO, 3-0",2017-11-24,9:24,試合,U23,世界選手権,2017,タイトルにJPN/Japan・選手名の一致,高,坂野 結衣(Yui SAKANO),Women's Wrestling - U23 World C'ships - Bydgoszcz2017,https://www.youtube.com/watch?v=ED0B8y8Ne6Q
1NDeMHcUu7Y,"Qual. WW - 48 kg: R. OKUNO (JPN) df. J. SABATIE (FRA) by VPO1, 3-2",2017-11-24,8:21,試合,U23,世界選手権,2017,タイトルにJPN/Japan,高,照合なし,Women's Wrestling - U23 World C'ships - Bydgoszcz2017,https://www.youtube.com/watch?v=1NDeMHcUu7Y
whV3eXKm_Ao,"Qual. WW - 60 kg: Y. SAKANO (JPN) df. T. OMELCHENKO (AZE) by VPO1, 8-5",2017-11-24,8:04,試合,U23,世界選手権,2017,タイトルにJPN/Japan・選手名の一致,高,坂野 結衣(Yui SAKANO),Women's Wrestling - U23 World C'ships - Bydgoszcz2017,https://www.youtube.com/watch?v=whV3eXKm_Ao
EYSx-Geead0,"BRONZE WW - 48 kg: T. NASIROVA (AZE) df. R. OKUNO (JPN) by VPO1, 4-4",2017-11-24,9:01,試合,U23,世界選手権,2017,タイトルにJPN/Japan,高,照合なし,Women's Wrestling - U23 World C'ships - Bydgoszcz2017,https://www.youtube.com/watch?v=EYSx-Geead0
VlpfyiE48XA,"1/8 WW - 63 kg: A. GEMPEI (JPN) df. L. BAO (CHN) by VPO, 9-0",2017-11-24,7:44,試合,U23,世界選手権,2017,タイトルにJPN/Japan,高,照合なし,Women's Wrestling - U23 World C'ships - Bydgoszcz2017,https://www.youtube.com/watch?v=VlpfyiE48XA
VQBWuSwJtHM,"Qual. WW - 58 kg: Y. KUMANO (JPN) df. B. DUDOVA (BUL) by VPO1, 10-2",2017-11-23,9:30,試合,U23,世界選手権,2017,タイトルにJPN/Japan,高,照合なし,Best of Bilyana Zhivkova DUDOVA / Women's Wrestling - U23 World C'ships - Bydgoszcz2017,https://www.youtube.com/watch?v=VQBWuSwJtHM
Us_ab8yC9LU,"GOLD WW - 55 kg: H. OKUNO (JPN) df. I. KURACHKINA (BLR) by VPO1, 5-2",2017-11-23,7:54,試合,U23,世界選手権,2017,タイトルにJPN/Japan,高,照合なし,Best of Iryna KURACHKINA / Women's Wrestling - U23 World C'ships - Bydgoszcz2017,https://www.youtube.com/watch?v=Us_ab8yC9LU
5R8LlDpZ4As,"GOLD WW - 58 kg: Y. KUMANO (JPN) df. B. ALTANTSETSEG (MGL) by VPO1, 6-1",2017-11-23,8:15,試合,U23,世界選手権,2017,タイトルにJPN/Japan,高,照合なし,Women's Wrestling - U23 World C'ships - Bydgoszcz2017,https://www.youtube.com/watch?v=5R8LlDpZ4As
9bIB-e35ysY,"GOLD WW - 75 kg: Y. MATSUYUKI (JPN) df. G. DOOGAN (CAN) by VSU1, 12-2",2017-11-23,9:18,試合,U23,世界選手権,2017,タイトルにJPN/Japan・選手名の一致,高,松雪 泰葉(Yasuha MATSUYUKI),Women's Wrestling - U23 World C'ships - Bydgoszcz2017,https://www.youtube.com/watch?v=9bIB-e35ysY
4bvKfoWNVF4,"GOLD WW - 63 kg: A. GEMPEI (JPN) df. B. STONE (CAN) by VPO1, 10-8",2017-11-23,10:02,試合,U23,世界選手権,2017,タイトルにJPN/Japan,高,照合なし,Women's Wrestling - U23 World C'ships - Bydgoszcz2017,https://www.youtube.com/watch?v=4bvKfoWNVF4
SJM-COsFcEk,"1/2 WW - 75 kg: Y. MATSUYUKI (JPN) df. M. CAPOTE PEREZ (CUB) by VSU, 12-0",2017-11-23,2:56,試合,U23,世界選手権,2017,タイトルにJPN/Japan・選手名の一致,高,松雪 泰葉(Yasuha MATSUYUKI),Women's Wrestling - U23 World C'ships - Bydgoszcz2017,https://www.youtube.com/watch?v=SJM-COsFcEk
PYzQfpswsao,"Qual. WW - 63 kg: A. GEMPEI (JPN) df. A. HANZLICKOVA (CZE) by VPO1, 8-3",2017-11-23,8:07,試合,U23,世界選手権,2017,タイトルにJPN/Japan,高,照合なし,Women's Wrestling - U23 World C'ships - Bydgoszcz2017,https://www.youtube.com/watch?v=PYzQfpswsao
3G6ApMqKzM8,"1/4 WW - 55 kg: H. OKUNO (JPN) df. A. AKOBIIA (UKR) by VPO, 7-0",2017-11-23,3:58,試合,U23,世界選手権,2017,タイトルにJPN/Japan,高,照合なし,Women's Wrestling - U23 World C'ships - Bydgoszcz2017,https://www.youtube.com/watch?v=3G6ApMqKzM8
c9AwbuxVvR4,"1/2 WW - 55 kg: H. OKUNO (JPN) df. B. GUN (TUR) by VSU, 10-0",2017-11-23,4:58,試合,U23,世界選手権,2017,タイトルにJPN/Japan,高,照合なし,Women's Wrestling - U23 World C'ships - Bydgoszcz2017,https://www.youtube.com/watch?v=c9AwbuxVvR4
BnL0lLxF0Zc,"1/2 WW - 63 kg: A. GEMPEI (JPN) df. T. SMOLIAK (RUS) by VPO1, 4-3",2017-11-23,8:00,試合,U23,世界選手権,2017,タイトルにJPN/Japan,高,照合なし,Women's Wrestling - U23 World C'ships - Bydgoszcz2017,https://www.youtube.com/watch?v=BnL0lLxF0Zc
AuvZ7IgtbgU,"1/4 WW - 63 kg: A. GEMPEI (JPN) df. E. GAMBAROVA (AZE) by VPO1, 2-1",2017-11-23,8:04,試合,U23,世界選手権,2017,タイトルにJPN/Japan,高,照合なし,Women's Wrestling - U23 World C'ships - Bydgoszcz2017,https://www.youtube.com/watch?v=AuvZ7IgtbgU
fuvWq7yllGs,"Qual. WW - 75 kg: Y. MATSUYUKI (JPN) df. F. RAEDELT (GER) by VSU, 10-0",2017-11-23,5:06,試合,U23,世界選手権,2017,タイトルにJPN/Japan・選手名の一致,高,松雪 泰葉(Yasuha MATSUYUKI),Women's Wrestling - U23 World C'ships - Bydgoszcz2017,https://www.youtube.com/watch?v=fuvWq7yllGs
q07WoPtCsxs,"1/2 WW - 58 kg: Y. KUMANO (JPN) df. A. KOLESNIK (AZE) by VSU, 10-0",2017-11-23,2:34,試合,U23,世界選手権,2017,タイトルにJPN/Japan,高,照合なし,Women's Wrestling - U23 World C'ships - Bydgoszcz2017,https://www.youtube.com/watch?v=q07WoPtCsxs
2NMEhH5Wr-g,"1/4 WW - 75 kg: Y. MATSUYUKI (JPN) df. N. PURVEE (MGL) by VSU, 10-0",2017-11-23,3:02,試合,U23,世界選手権,2017,タイトルにJPN/Japan・選手名の一致,高,松雪 泰葉(Yasuha MATSUYUKI),Women's Wrestling - U23 World C'ships - Bydgoszcz2017,https://www.youtube.com/watch?v=2NMEhH5Wr-g
FdJp3cq_gxs,"1/4 WW - 58 kg: Y. KUMANO (JPN) df. T. KIT (UKR) by VPO1, 14-10",2017-11-23,9:10,試合,U23,世界選手権,2017,タイトルにJPN/Japan,高,照合なし,Women's Wrestling - U23 World C'ships - Bydgoszcz2017,https://www.youtube.com/watch?v=FdJp3cq_gxs
988_nSNjft8,"Qual. WW - 55 kg: H. OKUNO (JPN) df. D. PARRISH (USA) by VSU, 11-0",2017-11-23,5:56,試合,U23,世界選手権,2017,タイトルにJPN/Japan,高,照合なし,Women's Wrestling - U23 World C'ships - Bydgoszcz2017,https://www.youtube.com/watch?v=988_nSNjft8
Xbzgo1-xnt8,News Wrap - Day 3 U23 World Championships,2017-11-23,1:30,その他,U23,世界選手権,2017,説明にJPN/Japan,低(要確認),照合なし,News + Highlights U23 World Championships,https://www.youtube.com/watch?v=Xbzgo1-xnt8
yizj14VMArE,"1/8 GR - 66 kg: S. TAKAHASHI (JPN) df. K. SLEIVA (LTU) by VPO1, 5-4",2017-11-23,9:53,試合,U23,世界選手権,2017,タイトルにJPN/Japan・選手名の一致,高,照合なし(同じローマ字が2人以上),Greco-Roman Wrestling - U23 World C'ships - Bydgoszcz2017,https://www.youtube.com/watch?v=yizj14VMArE
gGFVmd2sOl0,"1/8 GR - 80 kg: A. BJURBERG KES (SWE) df. Y. MAETA (JPN) by VSU, 8-0",2017-11-23,5:27,試合,U23,世界選手権,2017,タイトルにJPN/Japan,高,照合なし,Greco-Roman Wrestling - U23 World C'ships - Bydgoszcz2017,https://www.youtube.com/watch?v=gGFVmd2sOl0
Y4xhAHpOG34,"Qual. GR - 66 kg: S. TAKAHASHI (JPN) df. K. ASLANYAN (ARM) by VPO, 7-0",2017-11-23,8:53,試合,U23,世界選手権,2017,タイトルにJPN/Japan・選手名の一致,高,照合なし(同じローマ字が2人以上),Greco-Roman Wrestling - U23 World C'ships - Bydgoszcz2017,https://www.youtube.com/watch?v=Y4xhAHpOG34
l9GbYjoSKLc,"1/2 GR - 59 kg: M. KAWANA (JPN) df. A. SULTANGALI (KAZ) by VPO1, 6-5",2017-11-23,10:07,試合,U23,世界選手権,2017,タイトルにJPN/Japan・選手名の一致,高,河名 真偉斗(Maito KAWANA),Greco-Roman Wrestling - U23 World C'ships - Bydgoszcz2017,https://www.youtube.com/watch?v=l9GbYjoSKLc
lFPev0BFgIk,"1/4 GR - 59 kg: M. KAWANA (JPN) df. A. SPASOV (BUL) by VPO1, 5-3",2017-11-22,9:20,試合,U23,世界選手権,2017,タイトルにJPN/Japan・選手名の一致,高,河名 真偉斗(Maito KAWANA),Greco-Roman Wrestling - U23 World C'ships - Bydgoszcz2017,https://www.youtube.com/watch?v=lFPev0BFgIk
MqVZkUSswjM,"Repechage GR - 130 kg: A. SONODA (JPN) df. O. NAZARIANI (AZE) by VPO1, 4-3",2017-11-22,8:01,試合,U23,世界選手権,2017,タイトルにJPN/Japan,高,照合なし,Greco-Roman Wrestling - U23 World C'ships - Bydgoszcz2017,https://www.youtube.com/watch?v=MqVZkUSswjM
klYWHt6_x0I,"1/4 GR - 66 kg: A. KAVIYANINEJA (IRI) df. S. TAKAHASHI (JPN) by VPO1, 4-2",2017-11-22,8:03,試合,U23,世界選手権,2017,タイトルにJPN/Japan・選手名の一致,高,照合なし(同じローマ字が2人以上),Greco-Roman Wrestling - U23 World C'ships - Bydgoszcz2017,https://www.youtube.com/watch?v=klYWHt6_x0I
UlKKAMCwvRY,"Qual. GR - 59 kg: M. KAWANA (JPN) df. C. KRAEMER (GER) by VSU, 9-0",2017-11-22,7:22,試合,U23,世界選手権,2017,タイトルにJPN/Japan・選手名の一致,高,河名 真偉斗(Maito KAWANA),Greco-Roman Wrestling - U23 World C'ships - Bydgoszcz2017,https://www.youtube.com/watch?v=UlKKAMCwvRY
4LXIEvTelOQ,"1/8 GR - 130 kg: S. SEMENOV (RUS) df. A. SONODA (JPN) by VSU, 9-0",2017-11-22,1:25,試合,U23,世界選手権,2017,タイトルにJPN/Japan,高,照合なし,Greco-Roman Wrestling - U23 World C'ships - Bydgoszcz2017,https://www.youtube.com/watch?v=4LXIEvTelOQ
L7u3QwFIfTw,"1/8 GR - 59 kg: M. KAWANA (JPN) df. M. DALKHANI (IRI) by VPO1, 3-2",2017-11-22,8:33,試合,U23,世界選手権,2017,タイトルにJPN/Japan・選手名の一致,高,河名 真偉斗(Maito KAWANA),Greco-Roman Wrestling - U23 World C'ships - Bydgoszcz2017,https://www.youtube.com/watch?v=L7u3QwFIfTw
ysMORkTD_GU,"BRONZE GR - 130 kg: J. KRAHMER (GER) df. A. SONODA (JPN) by VPO1, 3-1",2017-11-22,7:28,試合,U23,世界選手権,2017,タイトルにJPN/Japan,高,照合なし,Greco-Roman Wrestling - U23 World C'ships - Bydgoszcz2017,https://www.youtube.com/watch?v=ysMORkTD_GU
TwUJL3c6qog,"GOLD GR - 59 kg: M. KAWANA (JPN) df. S. EMELIN (RUS) by VPO1, 15-14",2017-11-22,11:14,試合,U23,世界選手権,2017,タイトルにJPN/Japan・選手名の一致,高,河名 真偉斗(Maito KAWANA),Greco-Roman Wrestling - U23 World C'ships - Bydgoszcz2017,https://www.youtube.com/watch?v=TwUJL3c6qog
ZDNVtKTaTsg,"Qual. GR - 75 kg: S. YABIKU (JPN) df. A. KAMENJASEVIC (CRO) by VPO1, 3-1",2017-11-21,7:24,試合,U23,世界選手権,2017,タイトルにJPN/Japan,高,照合なし,Greco-Roman Wrestling - U23 World C'ships - Bydgoszcz2017,https://www.youtube.com/watch?v=ZDNVtKTaTsg
nRX-9lJVoJo,"Qual. GR - 85 kg: I. ABBASOV (AZE) df. K. SHIOKAWA (JPN) by VSU1, 10-1",2017-11-21,5:46,試合,U23,世界選手権,2017,タイトルにJPN/Japan・選手名の一致,高,塩川 貫太(Kanta SHIOKAWA),Greco-Roman Wrestling - U23 World C'ships - Bydgoszcz2017,https://www.youtube.com/watch?v=nRX-9lJVoJo
aoX4cSvKwHk,"Qual. GR - 71 kg: M. DAG (TUR) df. T. YAMAMOTO (JPN) by VPO1, 8-2",2017-11-21,9:34,試合,U23,世界選手権,2017,タイトルにJPN/Japan・選手名の一致,高,山本 泰輝(Taiki YAMAMOTO),Greco-Roman Wrestling - U23 World C'ships - Bydgoszcz2017,https://www.youtube.com/watch?v=aoX4cSvKwHk
IP_ynlBEys4,"1/8 GR - 98 kg: F. BASKOY (TUR) df. Y. NARA (JPN) by VFA, 9-0",2017-11-21,8:01,試合,U23,世界選手権,2017,タイトルにJPN/Japan・選手名の一致,高,奈良 勇太(Yuta NARA),Greco-Roman Wrestling - U23 World C'ships - Bydgoszcz2017,https://www.youtube.com/watch?v=IP_ynlBEys4
Ew65PvonuQU,"1/8 GR - 75 kg: A. KAYTSUKOV (RUS) df. S. YABIKU (JPN) by VPO1, 10-4",2017-11-21,10:05,試合,U23,世界選手権,2017,タイトルにJPN/Japan,高,照合なし,Greco-Roman Wrestling - U23 World C'ships - Bydgoszcz2017,https://www.youtube.com/watch?v=Ew65PvonuQU
p437gUaZZd0,"GOLD FS - 54 kg: M. ESHGHIVASOUK (IRI) df. K. YAMAGUCHI (JPN) by VPO, 6-0",2017-09-10,7:22,試合,U17,世界選手権,2017,タイトルにJPN/Japan・選手名の一致,高,照合なし(同じローマ字が2人以上),Freestyle Wrestling - Cadet World C'ships - Athens2017,https://www.youtube.com/watch?v=p437gUaZZd0
jOBtxamKFc0,"GOLD FS - 63 kg: I. KETIIA (RUS) df. K. ITO (JPN) by VSU, 10-0",2017-09-10,4:36,試合,U17,世界選手権,2017,タイトルにJPN/Japan・選手名の一致,高,照合なし(同じローマ字が2人以上),Freestyle Wrestling - Cadet World C'ships - Athens2017,https://www.youtube.com/watch?v=jOBtxamKFc0
jJM_sg0PtIQ,"GOLD FS - 58 kg: R. SAKAKI (JPN) df. T. BAYRAMOV (AZE) by VPO1, 3-2",2017-09-09,6:26,試合,U17,世界選手権,2017,タイトルにJPN/Japan・選手名の一致,高,榊 流斗(Ryuto SAKAKI),Best of Turan BAYRAMOV / Freestyle Wrestling - Cadet World C'ships - Athens2017,https://www.youtube.com/watch?v=jJM_sg0PtIQ
P21vHII44e4,"1/4 FS - 63 kg: K. ITO (JPN) df. I. BADAVROV (BUL) by VPO, 4-0",2017-09-09,7:28,試合,U17,世界選手権,2017,タイトルにJPN/Japan・選手名の一致,高,照合なし(同じローマ字が2人以上),Freestyle Wrestling - Cadet World C'ships - Athens2017,https://www.youtube.com/watch?v=P21vHII44e4
I0kvKVzXXW0,"1/8 FS - 46 kg: S. JAFARIANGELY (IRI) df. S. OGAWA (JPN) by VPO, 4-1",2017-09-09,6:04,試合,U17,世界選手権,2017,タイトルにJPN/Japan,高,照合なし,Freestyle Wrestling - Cadet World C'ships - Athens2017,https://www.youtube.com/watch?v=I0kvKVzXXW0
RWnCwi3HHoM,"1/4 FS - 54 kg: K. YAMAGUCHI (JPN) df. M. BARANGA (ROU) by VPO1, 6-2",2017-09-09,6:08,試合,U17,世界選手権,2017,タイトルにJPN/Japan・選手名の一致,高,照合なし(同じローマ字が2人以上),Freestyle Wrestling - Cadet World C'ships - Athens2017,https://www.youtube.com/watch?v=RWnCwi3HHoM
7S1xrLbshPU,"1/8 FS - 63 kg: K. ITO (JPN) df. F. ROSSOUW (RSA) by VPO, 4-0",2017-09-09,5:38,試合,U17,世界選手権,2017,タイトルにJPN/Japan・選手名の一致,高,照合なし(同じローマ字が2人以上),Freestyle Wrestling - Cadet World C'ships - Athens2017,https://www.youtube.com/watch?v=7S1xrLbshPU
NJAidAEPJEA,"Qual. FS - 100 kg: K. MIYAMOTO (JPN) df. C. UBORNYAK (HUN) by VPO, 4-0",2017-09-09,5:47,試合,U17,世界選手権,2017,タイトルにJPN/Japan,高,照合なし,Freestyle Wrestling - Cadet World C'ships - Athens2017,https://www.youtube.com/watch?v=NJAidAEPJEA
rBfm34TxgJM,"1/8 FS - 100 kg: A. ANTIL (IND) df. K. MIYAMOTO (JPN) by VPO1, 4-2",2017-09-09,7:44,試合,U17,世界選手権,2017,タイトルにJPN/Japan,高,照合なし,Freestyle Wrestling - Cadet World C'ships - Athens2017,https://www.youtube.com/watch?v=rBfm34TxgJM
zPWtK5-ysCc,"1/8 FS - 54 kg: K. YAMAGUCHI (JPN) df. I. GANISHOV (RUS) by VPO1, 3-2",2017-09-09,8:26,試合,U17,世界選手権,2017,タイトルにJPN/Japan・選手名の一致,高,照合なし(同じローマ字が2人以上),Freestyle Wrestling - Cadet World C'ships - Athens2017,https://www.youtube.com/watch?v=zPWtK5-ysCc
Cj7MGF9s1vo,"Qual. FS - 76 kg: M. ZAREE (IRI) df. S. YAMADA (JPN) by VPO1, 2-1",2017-09-09,7:29,試合,U17,世界選手権,2017,タイトルにJPN/Japan・選手名の一致,高,山田 脩(Shu YAMADA),Freestyle Wrestling - Cadet World C'ships - Athens2017,https://www.youtube.com/watch?v=Cj7MGF9s1vo
5l07pjSckGY,"Repechage FS - 69 kg: M. SATO (JPN) df. M. KHRAB (UKR) by VFA, 4-0",2017-09-09,1:46,試合,U17,世界選手権,2017,タイトルにJPN/Japan・選手名の一致,高,佐藤 匡記(Masaki SATO),Freestyle Wrestling - Cadet World C'ships - Athens2017,https://www.youtube.com/watch?v=5l07pjSckGY
1T9G00QoRQ4,"BRONZE FS - 42 kg: K. TANABE (JPN) df. C. SKINNER II (USA) by VPO1, 7-4",2017-09-09,6:27,試合,U17,世界選手権,2017,タイトルにJPN/Japan・選手名の一致,高,田南部 魁星(Kaisei TANABE),Freestyle Wrestling - Cadet World C'ships - Athens2017,https://www.youtube.com/watch?v=1T9G00QoRQ4
UNlYGd-osrI,"BRONZE FS - 69 kg: M. NOKHODILARIM (IRI) df. M. SATO (JPN) by VPO1, 5-2",2017-09-09,6:18,試合,U17,世界選手権,2017,タイトルにJPN/Japan・選手名の一致,高,佐藤 匡記(Masaki SATO),Freestyle Wrestling - Cadet World C'ships - Athens2017,https://www.youtube.com/watch?v=UNlYGd-osrI
lYU94exHC8c,"1/2 FS - 63 kg: K. ITO (JPN) df. J. TEEMER (USA) by VPO1, 3-3",2017-09-09,9:17,試合,U17,世界選手権,2017,タイトルにJPN/Japan・選手名の一致,高,照合なし(同じローマ字が2人以上),Freestyle Wrestling - Cadet World C'ships - Athens2017,https://www.youtube.com/watch?v=lYU94exHC8c
X3qhcxSst9Q,"1/2 FS - 54 kg: K. YAMAGUCHI (JPN) df. H. KUMAR (IND) by VPO1, 8-2",2017-09-09,5:49,試合,U17,世界選手権,2017,タイトルにJPN/Japan・選手名の一致,高,照合なし(同じローマ字が2人以上),Freestyle Wrestling - Cadet World C'ships - Athens2017,https://www.youtube.com/watch?v=X3qhcxSst9Q
_Up6Yimu7lc,NEWS WRAP 4 - Women's Wrestling,2017-09-09,1:56,その他,U17,世界選手権,2017,説明にJPN/Japan,低(要確認),照合なし,"News + Highlights - Cadet WORLD Championships, Athens",https://www.youtube.com/watch?v=_Up6Yimu7lc
v3EMgEjuqFQ,"GOLD WW - 60 kg: A. ANSHU (IND) df. N. RUIKE (JPN) by VPO, 2-0",2017-09-08,6:01,試合,U17,世界選手権,2017,タイトルにJPN/Japan・選手名の一致,高,類家 直美(Naomi RUIKE),Best of Anshu ANSHU / Women's Wrestling - Cadet World C'ships - Athens2017,https://www.youtube.com/watch?v=v3EMgEjuqFQ
ghBtR9X1OBs,"GOLD WW - 70 kg: Y. KAGAMI (JPN) df. A. TIMOFEEVA (RUS) by VSU, 10-0",2017-09-08,4:49,試合,U17,世界選手権,2017,タイトルにJPN/Japan・選手名の一致,高,鏡 優翔(Yuka KAGAMI),Best of Yuuka Kagami / Women's Wrestling - Cadet World C'ships - Athens2017,https://www.youtube.com/watch?v=ghBtR9X1OBs
31vEk-Jtvto,"Qual. FS - 85 kg: O. AGTAS (TUR) df. T. SHIRAI (JPN) by VPO1, 4-1",2017-09-08,6:30,試合,U17,世界選手権,2017,タイトルにJPN/Japan・選手名の一致,高,白井 達也(Tatsuya SHIRAI),Freestyle Wrestling - Cadet World C'ships - Athens2017,https://www.youtube.com/watch?v=31vEk-Jtvto
waHwqccsXZY,"1/8 FS - 42 kg: K. TANABE (JPN) df. A. BILIICHUK (UKR) by VFA, 14-1",2017-09-08,4:09,試合,U17,世界選手権,2017,タイトルにJPN/Japan・選手名の一致,高,田南部 魁星(Kaisei TANABE),Freestyle Wrestling - Cadet World C'ships - Athens2017,https://www.youtube.com/watch?v=waHwqccsXZY
-9cUlnHL9Sw,"1/4 FS - 58 kg: R. SAKAKI (JPN) df. R. RAHUL (IND) by VFA, 8-1",2017-09-08,4:42,試合,U17,世界選手権,2017,タイトルにJPN/Japan・選手名の一致,高,榊 流斗(Ryuto SAKAKI),Freestyle Wrestling - Cadet World C'ships - Athens2017,https://www.youtube.com/watch?v=-9cUlnHL9Sw
HfW7RJzECD0,"1/8 FS - 69 kg: D. IBRAGIMOV (AZE) df. M. SATO (JPN) by VPO, 7-0",2017-09-08,6:25,試合,U17,世界選手権,2017,タイトルにJPN/Japan・選手名の一致,高,佐藤 匡記(Masaki SATO),Freestyle Wrestling - Cadet World C'ships - Athens2017,https://www.youtube.com/watch?v=HfW7RJzECD0
Z4LhvOe-wQQ,"1/8 FS - 58 kg: R. SAKAKI (JPN) df. N. ORBAN (ROU) by VSU, 10-0",2017-09-08,2:11,試合,U17,世界選手権,2017,タイトルにJPN/Japan・選手名の一致,高,榊 流斗(Ryuto SAKAKI),Freestyle Wrestling - Cadet World C'ships - Athens2017,https://www.youtube.com/watch?v=Z4LhvOe-wQQ
s3YmTK9zL7E,"Qual. FS - 58 kg: R. SAKAKI (JPN) df. K. KISS (HUN) by VSU, 10-0",2017-09-08,4:02,試合,U17,世界選手権,2017,タイトルにJPN/Japan・選手名の一致,高,榊 流斗(Ryuto SAKAKI),Freestyle Wrestling - Cadet World C'ships - Athens2017,https://www.youtube.com/watch?v=s3YmTK9zL7E
VYLDNCr2R9Y,"1/4 FS - 42 kg: K. TANABE (JPN) df. S. ULAN UULU (KGZ) by VSU, 10-0",2017-09-08,5:13,試合,U17,世界選手権,2017,タイトルにJPN/Japan・選手名の一致,高,田南部 魁星(Kaisei TANABE),Freestyle Wrestling - Cadet World C'ships - Athens2017,https://www.youtube.com/watch?v=VYLDNCr2R9Y
0MakyyHV-JA,"Qual. FS - 50 kg: N. STECHELE (GER) df. Y. TAKESHITA (JPN) by VPO1, 6-3",2017-09-08,6:57,試合,U17,世界選手権,2017,タイトルにJPN/Japan・選手名の一致,高,竹下 雄登(Yuto TAKESHITA),Freestyle Wrestling - Cadet World C'ships - Athens2017,https://www.youtube.com/watch?v=0MakyyHV-JA
cv2_i8LMfKU,"1/2 FS - 42 kg: A. AMIRLI (AZE) df. K. TANABE (JPN) by VSU1, 12-1",2017-09-08,2:35,試合,U17,世界選手権,2017,タイトルにJPN/Japan・選手名の一致,高,田南部 魁星(Kaisei TANABE),Freestyle Wrestling - Cadet World C'ships - Athens2017,https://www.youtube.com/watch?v=cv2_i8LMfKU
dB87iMGTrkg,"1/2 FS - 58 kg: R. SAKAKI (JPN) df. G. PILIDIS (GRE) by VSU1, 12-1",2017-09-08,8:27,試合,U17,世界選手権,2017,タイトルにJPN/Japan・選手名の一致,高,榊 流斗(Ryuto SAKAKI),Freestyle Wrestling - Cadet World C'ships - Athens2017,https://www.youtube.com/watch?v=dB87iMGTrkg
-kFYNcigiUE,"GOLD WW - 40 kg: H. SAKURAI (JPN) df. P. DELCHEVA (BUL) by VSU, 10-0",2017-09-08,4:49,試合,U17,世界選手権,2017,タイトルにJPN/Japan・選手名の一致,高,櫻井 はなの(Hanano SAKURAI),Women's Wrestling - Cadet World C'ships - Athens2017,https://www.youtube.com/watch?v=-kFYNcigiUE
SckRCQBILlA,"GOLD WW - 52 kg: Y. INAGAKI (JPN) df. A. ANA (ROU) by VPO, 3-0",2017-09-08,5:41,試合,U17,世界選手権,2017,タイトルにJPN/Japan・選手名の一致,高,稲垣 柚香(Yuzuka INAGAKI),Women's Wrestling - Cadet World C'ships - Athens2017,https://www.youtube.com/watch?v=SckRCQBILlA
4esFbwvJ4Lc,"GOLD WW - 46 kg: R. YOSHIMOTO (JPN) df. E. MIKHAILOVA (RUS) by VSU, 10-0",2017-09-08,2:03,試合,U17,世界選手権,2017,タイトルにJPN/Japan・選手名の一致,高,吉元 玲美那(Remina YOSHIMOTO),Women's Wrestling - Cadet World C'ships - Athens2017,https://www.youtube.com/watch?v=4esFbwvJ4Lc
6laltQtrVlw,"1/4 WW - 70 kg: Y. KAGAMI (JPN) df. B. NAGY (HUN) by VSU, 10-0",2017-09-07,1:02,試合,U17,世界選手権,2017,タイトルにJPN/Japan・選手名の一致,高,鏡 優翔(Yuka KAGAMI),Best of Bernadett NAGY / Best of Yuuka Kagami / Women's Wrestling - Cadet World C'ships - Athens2017,https://www.youtube.com/watch?v=6laltQtrVlw
dYbYgmOK5Yk,"1/2 WW - 70 kg: Y. KAGAMI (JPN) df. K. CORBETT (USA) by VSU, 11-0",2017-09-07,4:10,試合,シニア(または不明),,2017,タイトルにJPN/Japan・選手名の一致,高,鏡 優翔(Yuka KAGAMI),Best of Yuuka Kagami,https://www.youtube.com/watch?v=dYbYgmOK5Yk
SZ9kdn0XZhM,"GOLD WW - 65 kg: H. NAKAI (JPN) df. A. BOYD (USA) by VPO1, 1-1",2017-09-07,6:00,試合,U17,世界選手権,2017,タイトルにJPN/Japan,高,照合なし,Women's Wrestling - Cadet World C'ships - Athens2017,https://www.youtube.com/watch?v=SZ9kdn0XZhM
3SHzmNXcWWo,"BRONZE WW - 38 kg: L. BEKBAULOVA (RUS) df. K. UEMATSU (JPN) by VPO1, 9-3",2017-09-07,7:52,試合,U17,世界選手権,2017,タイトルにJPN/Japan,高,照合なし,Women's Wrestling - Cadet World C'ships - Athens2017,https://www.youtube.com/watch?v=3SHzmNXcWWo
I8wSsiVtzac,"GOLD WW - 56 kg: S. SONAM (IND) df. S. NAGAMOTO (JPN) by VPO1, 3-1",2017-09-07,7:41,試合,U17,世界選手権,2017,タイトルにJPN/Japan・選手名の一致,高,永本 聖奈(Sena NAGAMOTO),Women's Wrestling - Cadet World C'ships - Athens2017,https://www.youtube.com/watch?v=I8wSsiVtzac
6XA3hfXNNkA,"1/2 WW - 40 kg: H. SAKURAI (JPN) df. S. SIMRAN (IND) by VPO, 12-4",2017-09-07,2:24,試合,U17,世界選手権,2017,タイトルにJPN/Japan・選手名の一致,高,櫻井 はなの(Hanano SAKURAI),Women's Wrestling - Cadet World C'ships - Athens2017,https://www.youtube.com/watch?v=6XA3hfXNNkA
FJDNC3yiJLc,"1/2 WW - 40 kg: H. SAKURAI (JPN) df. S. SIMRAN (IND) by VPO, 12-4",2017-09-07,5:29,試合,U17,世界選手権,2017,タイトルにJPN/Japan・選手名の一致,高,櫻井 はなの(Hanano SAKURAI),Women's Wrestling - Cadet World C'ships - Athens2017,https://www.youtube.com/watch?v=FJDNC3yiJLc
rdtW2wEZrTc,"GOLD WW - 43 kg: U. ITO (JPN) df. E. SHILSON (USA) by VSU, 10-0",2017-09-07,1:14,試合,U17,世界選手権,2017,タイトルにJPN/Japan・選手名の一致,高,伊藤 海(Umi ITO),Women's Wrestling - Cadet World C'ships - Athens2017,https://www.youtube.com/watch?v=rdtW2wEZrTc
SctvgO6TQAs,"Qual. WW - 60 kg: N. RUIKE (JPN) df. L. AAK (NOR) by VSU, 10-0",2017-09-07,5:41,試合,U17,世界選手権,2017,タイトルにJPN/Japan・選手名の一致,高,類家 直美(Naomi RUIKE),Women's Wrestling - Cadet World C'ships - Athens2017,https://www.youtube.com/watch?v=SctvgO6TQAs
owvyIKMCTQQ,"Qual. WW - 40 kg: H. SAKURAI (JPN) df. C. WALKER (USA) by VFA, 6-0",2017-09-07,2:18,試合,U17,世界選手権,2017,タイトルにJPN/Japan・選手名の一致,高,櫻井 はなの(Hanano SAKURAI),Women's Wrestling - Cadet World C'ships - Athens2017,https://www.youtube.com/watch?v=owvyIKMCTQQ
zVQHZZNujok,"1/4 WW - 52 kg: Y. INAGAKI (JPN) df. K. BOLDSAIKHAN (MGL) by VSU1, 12-2",2017-09-07,4:50,試合,U17,世界選手権,2017,タイトルにJPN/Japan・選手名の一致,高,稲垣 柚香(Yuzuka INAGAKI),Women's Wrestling - Cadet World C'ships - Athens2017,https://www.youtube.com/watch?v=zVQHZZNujok
sqEQQtcuCyM,"1/8 WW - 70 kg: Y. KAGAMI (JPN) df. N. JELJELI (TUN) by VSU, 10-0",2017-09-07,1:04,試合,U17,世界選手権,2017,タイトルにJPN/Japan・選手名の一致,高,鏡 優翔(Yuka KAGAMI),Women's Wrestling - Cadet World C'ships - Athens2017,https://www.youtube.com/watch?v=sqEQQtcuCyM
GE6H5FYzCtU,"1/4 WW - 60 kg: N. RUIKE (JPN) df. P. DUDEK (POL) by VFA, 8-0",2017-09-07,5:20,試合,U17,世界選手権,2017,タイトルにJPN/Japan・選手名の一致,高,類家 直美(Naomi RUIKE),Women's Wrestling - Cadet World C'ships - Athens2017,https://www.youtube.com/watch?v=GE6H5FYzCtU
Eed42TRR1D0,"1/2 WW - 49 kg: S. YOSHIMURA (JPN) df. Z. YETGIL (TUR) by VPO1, 8-2",2017-09-06,8:58,試合,U17,世界選手権,2017,タイトルにJPN/Japan・選手名の一致,高,吉村 翔吾(Shogo YOSHIMURA),Best of Zeynep YETGIL / Women's Wrestling - Cadet World C'ships - Athens2017,https://www.youtube.com/watch?v=Eed42TRR1D0
Ndh79I81-1g,"Qual. GR - 76 kg: N. KUSAKA (JPN) df. A. VIEWEG (GER) by VPO1, 4-3",2017-09-06,6:17,試合,U17,世界選手権,2017,タイトルにJPN/Japan・選手名の一致,高,日下 尚(Nao KUSAKA),Best of Nao KUSAKA / Greco-Roman Wrestling - Cadet World C'ships - Athens2017,https://www.youtube.com/watch?v=Ndh79I81-1g
Laj1i6OEzac,"BRONZE GR - 76 kg: G. TSOPURASHVIL (GEO) df. N. KUSAKA (JPN) by VPO1, 4-4",2017-09-06,6:57,試合,U17,世界選手権,2017,タイトルにJPN/Japan・選手名の一致,高,日下 尚(Nao KUSAKA),Best of Nao KUSAKA / Greco-Roman Wrestling - Cadet World C'ships - Athens2017,https://www.youtube.com/watch?v=Laj1i6OEzac
rqS63akxrcg,"Qual. WW - 65 kg: H. NAKAI (JPN) df. M. NORMUMINOVA (UZB) by VSU, 11-0",2017-09-06,6:28,試合,U17,世界選手権,2017,タイトルにJPN/Japan,高,照合なし,Women's Wrestling - Cadet World C'ships - Athens2017,https://www.youtube.com/watch?v=rqS63akxrcg
oIYuNNxlrvM,"1/8 WW - 49 kg: S. YOSHIMURA (JPN) df. V. BAKER (USA) by VSU, 10-0",2017-09-06,5:11,試合,U17,世界選手権,2017,タイトルにJPN/Japan・選手名の一致,高,吉村 翔吾(Shogo YOSHIMURA),Women's Wrestling - Cadet World C'ships - Athens2017,https://www.youtube.com/watch?v=oIYuNNxlrvM
pHOjIUpmxro,"1/8 WW - 43 kg: U. ITO (JPN) df. L. RTIBI (TUN) by VSU, 10-0",2017-09-06,2:48,試合,U17,世界選手権,2017,タイトルにJPN/Japan・選手名の一致,高,伊藤 海(Umi ITO),Women's Wrestling - Cadet World C'ships - Athens2017,https://www.youtube.com/watch?v=pHOjIUpmxro
r0JOlVslzvM,"1/8 WW - 56 kg: S. NAGAMOTO (JPN) df. G. GKOUGKOUDI (GRE) by VSU, 10-0",2017-09-06,1:25,試合,U17,世界選手権,2017,タイトルにJPN/Japan・選手名の一致,高,永本 聖奈(Sena NAGAMOTO),Women's Wrestling - Cadet World C'ships - Athens2017,https://www.youtube.com/watch?v=r0JOlVslzvM
6d5QBJrdid4,"1/4 WW - 65 kg: H. NAKAI (JPN) df. V. DZEHTSIARENK (BLR) by VPO1, 4-2",2017-09-06,5:53,試合,U17,世界選手権,2017,タイトルにJPN/Japan,高,照合なし,Women's Wrestling - Cadet World C'ships - Athens2017,https://www.youtube.com/watch?v=6d5QBJrdid4
LB4jsUtpDFc,"Qual. WW - 49 kg: S. YOSHIMURA (JPN) df. S. AHADOVA (AZE) by VIN, 4-0",2017-09-06,1:39,試合,U17,世界選手権,2017,タイトルにJPN/Japan・選手名の一致,高,吉村 翔吾(Shogo YOSHIMURA),Women's Wrestling - Cadet World C'ships - Athens2017,https://www.youtube.com/watch?v=LB4jsUtpDFc
RwLmtiGDVDw,"1/8 WW - 65 kg: H. NAKAI (JPN) df. E. ESPOSITO (ITA) by VSU, 10-0",2017-09-06,5:30,試合,U17,世界選手権,2017,タイトルにJPN/Japan,高,照合なし,Women's Wrestling - Cadet World C'ships - Athens2017,https://www.youtube.com/watch?v=RwLmtiGDVDw
BIzAxEfO64E,"1/4 WW - 56 kg: S. NAGAMOTO (JPN) df. A. BLAYVAS (GER) by VPO1, 10-2",2017-09-06,5:54,試合,U17,世界選手権,2017,タイトルにJPN/Japan・選手名の一致,高,永本 聖奈(Sena NAGAMOTO),Women's Wrestling - Cadet World C'ships - Athens2017,https://www.youtube.com/watch?v=BIzAxEfO64E
bpjn-VNQ7aQ,"1/4 WW - 38 kg: S. NAZAROVA (AZE) df. K. UEMATSU (JPN) by VSU, 10-0",2017-09-06,1:57,試合,U17,世界選手権,2017,タイトルにJPN/Japan,高,照合なし,Women's Wrestling - Cadet World C'ships - Athens2017,https://www.youtube.com/watch?v=bpjn-VNQ7aQ
Cx__DRy95S8,"1/4 WW - 43 kg: U. ITO (JPN) df. N. NEELAM (IND) by VFA, 12-0",2017-09-06,1:10,試合,U17,世界選手権,2017,タイトルにJPN/Japan・選手名の一致,高,伊藤 海(Umi ITO),Women's Wrestling - Cadet World C'ships - Athens2017,https://www.youtube.com/watch?v=Cx__DRy95S8
SiR6ZG61YwU,"1/2 WW - 56 kg: S. NAGAMOTO (JPN) df. A. MYTKOWSKA (POL) by VSU, 10-0",2017-09-06,5:33,試合,U17,世界選手権,2017,タイトルにJPN/Japan・選手名の一致,高,永本 聖奈(Sena NAGAMOTO),Women's Wrestling - Cadet World C'ships - Athens2017,https://www.youtube.com/watch?v=SiR6ZG61YwU
hyW1lel2Tm4,"1/2 WW - 65 kg: H. NAKAI (JPN) df. A. TEMIRTASSOVA (KAZ) by VPO1, 2-1",2017-09-06,6:01,試合,U17,世界選手権,2017,タイトルにJPN/Japan,高,照合なし,Women's Wrestling - Cadet World C'ships - Athens2017,https://www.youtube.com/watch?v=hyW1lel2Tm4
vWdBlseJG80,"1/2 WW - 43 kg: U. ITO (JPN) df. R. TIF (ROU) by VSU, 10-0",2017-09-06,1:46,試合,U17,世界選手権,2017,タイトルにJPN/Japan・選手名の一致,高,伊藤 海(Umi ITO),Women's Wrestling - Cadet World C'ships - Athens2017,https://www.youtube.com/watch?v=vWdBlseJG80
2DzzDKRqqso,"BRONZE GR - 54 kg: A. PECHURENKA (BLR) df. S. SHIMAYA (JPN) by VPO1, 3-2",2017-09-06,9:26,試合,U17,世界選手権,2017,タイトルにJPN/Japan,高,照合なし,Greco-Roman Wrestling - Cadet World C'ships - Athens2017,https://www.youtube.com/watch?v=2DzzDKRqqso
8jZb3NRFLBU,"BRONZE GR - 58 kg: K. TAKESHITA (JPN) df. I. ILIEV (BUL) by VPO1, 8-4",2017-09-06,6:50,試合,U17,世界選手権,2017,タイトルにJPN/Japan・選手名の一致,高,竹下 航生(Kosei TAKESHITA),Greco-Roman Wrestling - Cadet World C'ships - Athens2017,https://www.youtube.com/watch?v=8jZb3NRFLBU
pN41Wxr_8DY,"GOLD GR - 50 kg: K. MATSUI (JPN) df. Z. ALIYEV (AZE) by VPO1, 7-6",2017-09-06,7:20,試合,U17,世界選手権,2017,タイトルにJPN/Japan,高,照合なし,Greco-Roman Wrestling - Cadet World C'ships - Athens2017,https://www.youtube.com/watch?v=pN41Wxr_8DY
Wzlp-HWJCrQ,"Repechage GR - 76 kg: N. KUSAKA (JPN) df. T. BISULTANOV (DEN) by VPO1, 4-2",2017-09-06,6:10,試合,U17,世界選手権,2017,タイトルにJPN/Japan・選手名の一致,高,日下 尚(Nao KUSAKA),Greco-Roman Wrestling - Cadet World C'ships - Athens2017,https://www.youtube.com/watch?v=Wzlp-HWJCrQ
MVoA1XLoXw4,"1/8 GR - 76 kg: N. KUSAKA (JPN) df. D. ZHALGASSOV (KAZ) by VPO1, 2-1",2017-09-05,6:27,試合,U17,世界選手権,2017,タイトルにJPN/Japan・選手名の一致,高,日下 尚(Nao KUSAKA),Best of Nao KUSAKA / Greco-Roman Wrestling - Cadet World C'ships - Athens2017,https://www.youtube.com/watch?v=MVoA1XLoXw4
y1kAd894HiY,"1/4 GR - 76 kg: I. TAKACS (HUN) df. N. KUSAKA (JPN) by VPO, 3-0",2017-09-05,5:21,試合,U17,世界選手権,2017,タイトルにJPN/Japan・選手名の一致,高,日下 尚(Nao KUSAKA),Best of Nao KUSAKA / Greco-Roman Wrestling - Cadet World C'ships - Athens2017,https://www.youtube.com/watch?v=y1kAd894HiY
iOr9Xx-H9z8,"1/2 GR - 58 kg: M. MADHANI (IRI) df. K. TAKESHITA (JPN) by VSU1, 11-2",2017-09-05,6:14,試合,U17,世界選手権,2017,タイトルにJPN/Japan・選手名の一致,高,竹下 航生(Kosei TAKESHITA),Greco-Roman Wrestling - Cadet World C'ships - Athens2017,https://www.youtube.com/watch?v=iOr9Xx-H9z8
D4PzO-qVrwU,"1/2 GR - 50 kg: K. MATSUI (JPN) df. V. ZABEYVOROTA (RUS) by VPO1, 3-2",2017-09-05,5:53,試合,U17,世界選手権,2017,タイトルにJPN/Japan,高,照合なし,Greco-Roman Wrestling - Cadet World C'ships - Athens2017,https://www.youtube.com/watch?v=D4PzO-qVrwU
1WwxmGmvq3w,"Qual. GR - 69 kg: S. TANIGUCHI (JPN) df. F. VALIYEV (AZE) by VPO1, 7-3",2017-09-05,6:26,試合,U17,世界選手権,2017,タイトルにJPN/Japan,高,照合なし,Greco-Roman Wrestling - Cadet World C'ships - Athens2017,https://www.youtube.com/watch?v=1WwxmGmvq3w
kwPTzwqyKbM,"1/8 GR - 69 kg: D. TOSUN (TUR) df. S. TANIGUCHI (JPN) by VSU, 9-0",2017-09-05,2:26,試合,U17,世界選手権,2017,タイトルにJPN/Japan,高,照合なし,Greco-Roman Wrestling - Cadet World C'ships - Athens2017,https://www.youtube.com/watch?v=kwPTzwqyKbM
RSnpYf4-pw4,"1/4 GR - 46 kg: N. KABDYRAKHIMO (KAZ) df. K. OKAMOTO (JPN) by VPO1, 5-1",2017-09-05,5:34,試合,U17,世界選手権,2017,タイトルにJPN/Japan・選手名の一致,高,照合なし,Greco-Roman Wrestling - Cadet World C'ships - Athens2017,https://www.youtube.com/watch?v=RSnpYf4-pw4
J5X4sFNTMGM,"Qual. GR - 85 kg: D. CASTRASAN (MDA) df. Y. KOGAWA (JPN) by VSU, 9-0",2017-09-05,4:15,試合,U17,世界選手権,2017,タイトルにJPN/Japan,高,照合なし,Greco-Roman Wrestling - Cadet World C'ships - Athens2017,https://www.youtube.com/watch?v=J5X4sFNTMGM
IrGLRoj8I_A,"Qual. GR - 42 kg: M. KARIMI NIA (IRI) df. M. ARAKI (JPN) by VPO1, 3-1",2017-09-05,9:32,試合,U17,世界選手権,2017,タイトルにJPN/Japan・選手名の一致,高,荒木 瑞生(Mizuki ARAKI),Greco-Roman Wrestling - Cadet World C'ships - Athens2017,https://www.youtube.com/watch?v=IrGLRoj8I_A
jYqIYPYXwRA,"Repechage GR - 54 kg: S. SHIMAYA (JPN) df. M. SOLOVIAN (UKR) by VPO1, 2-1",2017-09-05,7:39,試合,U17,世界選手権,2017,タイトルにJPN/Japan,高,照合なし,Greco-Roman Wrestling - Cadet World C'ships - Athens2017,https://www.youtube.com/watch?v=jYqIYPYXwRA
jid4K06mSls,"1/8 GR - 46 kg: K. OKAMOTO (JPN) df. N. PAWAR (IND) by VPO1, 4-1",2017-09-05,7:30,試合,U17,世界選手権,2017,タイトルにJPN/Japan・選手名の一致,高,照合なし,Greco-Roman Wrestling - Cadet World C'ships - Athens2017,https://www.youtube.com/watch?v=jid4K06mSls
Q4fo2JNoD9Q,"Qual. GR - 100 kg: S. HOSSEINI (IRI) df. Y. NAKAZATO (JPN) by VPO1, 3-2",2017-09-04,5:22,試合,U17,世界選手権,2017,タイトルにJPN/Japan・選手名の一致,高,仲里 優力(Yuri NAKAZATO),Greco-Roman Wrestling - Cadet World C'ships - Athens2017,https://www.youtube.com/watch?v=Q4fo2JNoD9Q
clZ641-OIiU,"Qual. GR - 50 kg: K. MATSUI (JPN) df. J. MOO SANTAMAR (MEX) by VFO, 0-0",2017-09-04,0:45,試合,U17,世界選手権,2017,タイトルにJPN/Japan,高,照合なし,Greco-Roman Wrestling - Cadet World C'ships - Athens2017,https://www.youtube.com/watch?v=clZ641-OIiU
jtCkKGIhbp8,"1/4 GR - 54 kg: N. BAZARBAYEV (KAZ) df. S. SHIMAYA (JPN) by VPO1, 6-2",2017-09-04,6:25,試合,U17,世界選手権,2017,タイトルにJPN/Japan,高,照合なし,Greco-Roman Wrestling - Cadet World C'ships - Athens2017,https://www.youtube.com/watch?v=jtCkKGIhbp8
IOa3FVGTeEo,"1/8 GR - 58 kg: K. TAKESHITA (JPN) df. G. NIKOLOPOULOS (GRE) by VFO, 0-0",2017-09-04,0:48,試合,U17,世界選手権,2017,タイトルにJPN/Japan・選手名の一致,高,竹下 航生(Kosei TAKESHITA),Greco-Roman Wrestling - Cadet World C'ships - Athens2017,https://www.youtube.com/watch?v=IOa3FVGTeEo
wKYNAluW2Q8,"1/8 GR - 54 kg: S. SHIMAYA (JPN) df. A. SARMIENTO MO (COL) by VFO, 0-0",2017-09-04,0:27,試合,U17,世界選手権,2017,タイトルにJPN/Japan,高,照合なし,Greco-Roman Wrestling - Cadet World C'ships - Athens2017,https://www.youtube.com/watch?v=wKYNAluW2Q8
jzpqvuPmJtk,"Qual. GR - 63 kg: M. PHILLIPS (USA) df. S. YOSHINAGA (JPN) by VSU1, 12-4",2017-09-04,6:05,試合,U17,世界選手権,2017,タイトルにJPN/Japan,高,照合なし,Greco-Roman Wrestling - Cadet World C'ships - Athens2017,https://www.youtube.com/watch?v=jzpqvuPmJtk
5eFohpWXydQ,"1/8 GR - 50 kg: K. MATSUI (JPN) df. A. PAROTSIDIS (GRE) by VPO1, 5-1",2017-09-04,5:19,試合,U17,世界選手権,2017,タイトルにJPN/Japan,高,照合なし,Greco-Roman Wrestling - Cadet World C'ships - Athens2017,https://www.youtube.com/watch?v=5eFohpWXydQ
HhbBGG5XOK0,"1/4 GR - 50 kg: K. MATSUI (JPN) df. M. STOICA (ROU) by VSU1, 9-1",2017-09-04,7:03,試合,U17,世界選手権,2017,タイトルにJPN/Japan,高,照合なし,Greco-Roman Wrestling - Cadet World C'ships - Athens2017,https://www.youtube.com/watch?v=HhbBGG5XOK0
HfHxOiI9xWY,"1/8 GR - 59 kg: K. FUMITA (JPN) df. V. KHACHATRYAN (ARM) by VSU, 8-0",2017-08-29,5:28,試合,シニア(または不明),世界選手権,2017,タイトルにJPN/Japan・選手名の一致,高,文田 健一郎(Kenichiro FUMITA),Best of Kenichiro Fumita / Greco-Roman Wrestling - Senior World C'ships - Paris2017,https://www.youtube.com/watch?v=HfHxOiI9xWY
w8peTzERFLc,"1/4 FS - 57 kg: Y. TAKAHASHI (JPN) df. B. ERDENEBAT (MGL) by VPO1, 4-4",2017-08-29,10:39,試合,シニア(または不明),世界選手権,2017,タイトルにJPN/Japan・選手名の一致,高,照合なし(同じローマ字が2人以上),Freestyle Wrestling - Senior World C'ships - Paris2017,https://www.youtube.com/watch?v=w8peTzERFLc
JN-HLMZCjug,"Repechage FS - 61 kg: R. NAKAMURA (JPN) df. A. OSMONOV (KGZ) by VSU, 10-0",2017-08-29,6:07,試合,シニア(または不明),世界選手権,2017,タイトルにJPN/Japan,高,照合なし,Freestyle Wrestling - Senior World C'ships - Paris2017,https://www.youtube.com/watch?v=JN-HLMZCjug
KMvMzFHyppo,"Repechage FS - 61 kg: R. NAKAMURA (JPN) df. M. BOLOTNJUK (SVK) by VSU, 10-0",2017-08-29,1:28,試合,シニア(または不明),世界選手権,2017,タイトルにJPN/Japan,高,照合なし,Freestyle Wrestling - Senior World C'ships - Paris2017,https://www.youtube.com/watch?v=KMvMzFHyppo
yjvYKCVv3K0,"1/2 FS - 57 kg: Y. TAKAHASHI (JPN) df. V. DUBOV (BUL) by VPO1, 7-2",2017-08-29,9:18,試合,シニア(または不明),世界選手権,2017,タイトルにJPN/Japan・選手名の一致,高,照合なし(同じローマ字が2人以上),Freestyle Wrestling - Senior World C'ships - Paris2017,https://www.youtube.com/watch?v=yjvYKCVv3K0
53__fNwMtzU,"1/2 FS - 70 kg: J. GREEN (USA) df. Y. FUJINAMI (JPN) by VPO1, 5-3",2017-08-29,10:55,試合,シニア(または不明),世界選手権,2017,タイトルにJPN/Japan,高,照合なし,Freestyle Wrestling - Senior World C'ships - Paris2017,https://www.youtube.com/watch?v=53__fNwMtzU
jHlkTkgK7hY,"1/2 WW - 48 kg: Y. SUSAKI (JPN) df. S. KIM (PRK) by VPO1, 5-2",2017-08-29,8:55,試合,シニア(または不明),世界選手権,2017,タイトルにJPN/Japan・選手名の一致,高,須﨑 優衣(Yui SUSAKI),Women's Wrestling - Senior World C'ships - Paris2017,https://www.youtube.com/watch?v=jHlkTkgK7hY
1p9TH53MSFs,"1/8 GR - 85 kg: I. ABBASOV (AZE) df. A. MATSUMOTO (JPN) by VPO1, 4-1",2017-08-29,7:57,試合,シニア(または不明),世界選手権,2017,タイトルにJPN/Japan・選手名の一致,高,松本 彬夢(Ayumu MATSUMOTO),Greco-Roman Wrestling - Senior World C'ships - Paris2017,https://www.youtube.com/watch?v=1p9TH53MSFs
GhknZj0YuT8,"1/16 GR - 98 kg: D. TIMCHENKO (UKR) df. Y. NARA (JPN) by VPO1, 6-2",2017-08-29,8:22,試合,シニア(または不明),世界選手権,2017,タイトルにJPN/Japan・選手名の一致,高,奈良 勇太(Yuta NARA),Greco-Roman Wrestling - Senior World C'ships - Paris2017,https://www.youtube.com/watch?v=GhknZj0YuT8
3PkLRVAZbCg,"1/4 FS - 97 kg: K. SNYDER (USA) df. N. AKAGUMA (JPN) by VSU, 10-0",2017-08-26,4:34,試合,シニア(または不明),世界選手権,2017,タイトルにJPN/Japan,高,照合なし,Best of Kyle Snyder / Freestyle Wrestling - Senior World C'ships - Paris2017,https://www.youtube.com/watch?v=3PkLRVAZbCg
QbHfUHo1bM8,"1/8 FS - 74 kg: Jordan BURROUGHS (USA) df. S. TAKATANI (JPN) by VSU1, 12-2",2017-08-26,8:40,試合,シニア(または不明),世界選手権,2017,タイトルにJPN/Japan・選手名の一致,高,高谷 惣亮(Sosuke TAKATANI),Best of Jordan Burroughs / Freestyle Wrestling - Senior World C'ships - Paris2017,https://www.youtube.com/watch?v=QbHfUHo1bM8
1HnozSkROpM,"Qual. FS - 74 kg: S. TAKATANI (JPN) df. G. GRIGORYAN (ARM) by DSQ, 14-10",2017-08-26,7:15,試合,シニア(または不明),世界選手権,2017,タイトルにJPN/Japan・選手名の一致,高,高谷 惣亮(Sosuke TAKATANI),Freestyle Wrestling - Senior World C'ships - Paris2017,https://www.youtube.com/watch?v=1HnozSkROpM
bSyXne7GXM4,"Qual. FS - 65 kg: K. KIM (PRK) df. M. KAMOI (JPN) by VPO1, 7-4",2017-08-26,11:06,試合,シニア(または不明),世界選手権,2017,タイトルにJPN/Japan,高,照合なし,Freestyle Wrestling - Senior World C'ships - Paris2017,https://www.youtube.com/watch?v=bSyXne7GXM4
DCQDyCHgbrM,"Qual. FS - 70 kg: Y. FUJINAMI (JPN) df. G. OMAROV (AZE) by VFA, 7-0",2017-08-26,3:35,試合,シニア(または不明),世界選手権,2017,タイトルにJPN/Japan,高,照合なし,Freestyle Wrestling - Senior World C'ships - Paris2017,https://www.youtube.com/watch?v=DCQDyCHgbrM
mymK7v0qe3k,"BRONZE FS - 70 kg: Y. FUJINAMI (JPN) df. Z. ERBOTSONASHV (GEO) by VSU, 11-0",2017-08-26,3:36,試合,シニア(または不明),世界選手権,2017,タイトルにJPN/Japan,高,照合なし,Freestyle Wrestling - Senior World C'ships - Paris2017,https://www.youtube.com/watch?v=mymK7v0qe3k
0r5smSWVecw,"1/8 FS - 97 kg: N. AKAGUMA (JPN) df. N. CEBAN (MDA) by VPO1, 8-3",2017-08-26,8:03,試合,シニア(または不明),世界選手権,2017,タイトルにJPN/Japan,高,照合なし,Freestyle Wrestling - Senior World C'ships - Paris2017,https://www.youtube.com/watch?v=0r5smSWVecw
_K4xU24k4oQ,"Repechage FS - 74 kg: A. SHABANAU (BLR) df. S. TAKATANI (JPN) by VPO1, 6-1",2017-08-26,9:04,試合,シニア(または不明),世界選手権,2017,タイトルにJPN/Japan・選手名の一致,高,高谷 惣亮(Sosuke TAKATANI),Freestyle Wrestling - Senior World C'ships - Paris2017,https://www.youtube.com/watch?v=_K4xU24k4oQ
u2_9OI5A-BM,"Repechage FS - 97 kg: M. IBRAGIMOV (KAZ) df. N. AKAGUMA (JPN) by VSU, 10-0",2017-08-26,8:26,試合,シニア(または不明),世界選手権,2017,タイトルにJPN/Japan,高,照合なし,Freestyle Wrestling - Senior World C'ships - Paris2017,https://www.youtube.com/watch?v=u2_9OI5A-BM
XdU9LAgVXUk,"1/4 FS - 70 kg: Y. FUJINAMI (JPN) df. M. HOSSEINKHANI (IRI) by VPO1, 7-6",2017-08-26,9:39,試合,シニア(または不明),世界選手権,2017,タイトルにJPN/Japan,高,照合なし,Freestyle Wrestling - Senior World C'ships - Paris2017,https://www.youtube.com/watch?v=XdU9LAgVXUk
7zEhzEHuqXg,"1/8 FS - 70 kg: Y. FUJINAMI (JPN) df. M. KIROV (BUL) by VSU, 11-0",2017-08-26,1:52,試合,シニア(または不明),世界選手権,2017,タイトルにJPN/Japan,高,照合なし,Freestyle Wrestling - Senior World C'ships - Paris2017,https://www.youtube.com/watch?v=7zEhzEHuqXg
NORaDrM1cyQ,"1/8 FS - 61 kg: H. ALIYEV (AZE) df. R. NAKAMURA (JPN) by VPO1, 10-1",2017-08-25,8:07,試合,シニア(または不明),世界選手権,2017,タイトルにJPN/Japan,高,照合なし,Best of Haji Aliyev / Freestyle Wrestling - Senior World C'ships - Paris2017,https://www.youtube.com/watch?v=NORaDrM1cyQ
HU5Y82LjqhE,"GOLD FS - 57 kg: Y. TAKAHASHI (JPN) df. T. GILMAN (USA) by VPO, 6-0",2017-08-25,8:43,試合,シニア(または不明),世界選手権,2017,タイトルにJPN/Japan・選手名の一致,高,照合なし(同じローマ字が2人以上),2017 Award Season / Freestyle Wrestling - Senior World C'ships - Paris2017,https://www.youtube.com/watch?v=HU5Y82LjqhE
H1kNH1ks63g,"BRONZE FS - 61 kg: Y. BONNE RODRIG (CUB) df. R. NAKAMURA (JPN) by VFA, 10-0",2017-08-25,3:33,試合,シニア(または不明),世界選手権,2017,タイトルにJPN/Japan,高,照合なし,Freestyle Wrestling - Senior World C'ships - Paris2017,https://www.youtube.com/watch?v=H1kNH1ks63g
xpWgC59iL34,"1/8 FS - 57 kg: Y. TAKAHASHI (JPN) df. S. TOMAR (IND) by VSU1, 14-3",2017-08-25,6:08,試合,シニア(または不明),世界選手権,2017,タイトルにJPN/Japan・選手名の一致,高,照合なし(同じローマ字が2人以上),Freestyle Wrestling - Senior World C'ships - Paris2017,https://www.youtube.com/watch?v=xpWgC59iL34
mdday1EjVbc,"Qual. FS - 86 kg: M. MATSUSAKA (JPN) df. D. DEEPAK (IND) by VPO1, 5-2",2017-08-25,9:31,試合,シニア(または不明),世界選手権,2017,タイトルにJPN/Japan,高,照合なし,Freestyle Wrestling - Senior World C'ships - Paris2017,https://www.youtube.com/watch?v=mdday1EjVbc
0gNwh-PreLA,"Qual. FS - 61 kg: R. NAKAMURA (JPN) df. A. PERPELITA (MDA) by VPO1, 7-3",2017-08-25,8:17,試合,シニア(または不明),世界選手権,2017,タイトルにJPN/Japan,高,照合なし,Freestyle Wrestling - Senior World C'ships - Paris2017,https://www.youtube.com/watch?v=0gNwh-PreLA
CFQrMWR4CsQ,"Qual. FS - 57 kg: Y. TAKAHASHI (JPN) df. A. PALANI (CAN) by VSU1, 14-4",2017-08-25,7:19,試合,シニア(または不明),世界選手権,2017,タイトルにJPN/Japan・選手名の一致,高,照合なし(同じローマ字が2人以上),Freestyle Wrestling - Senior World C'ships - Paris2017,https://www.youtube.com/watch?v=CFQrMWR4CsQ
idcPpiNZ__s,"Qual. FS - 125 kg: T. YAMAMOTO (JPN) df. D. JIANG (CHN) by VSU, 10-0",2017-08-25,1:06,試合,シニア(または不明),世界選手権,2017,タイトルにJPN/Japan・選手名の一致,高,山本 泰輝(Taiki YAMAMOTO),Freestyle Wrestling - Senior World C'ships - Paris2017,https://www.youtube.com/watch?v=idcPpiNZ__s
o-sYQ-k33PU,"1/8 FS - 125 kg: A. LAZAREV (KGZ) df. T. YAMAMOTO (JPN) by VSU1, 16-6",2017-08-25,6:17,試合,シニア(または不明),世界選手権,2017,タイトルにJPN/Japan・選手名の一致,高,山本 泰輝(Taiki YAMAMOTO),Freestyle Wrestling - Senior World C'ships - Paris2017,https://www.youtube.com/watch?v=o-sYQ-k33PU
oRvMdbotPek,"1/16 FS - 86 kg: Z. BARANOWSKI (POL) df. M. MATSUSAKA (JPN) by VPO1, 3-2",2017-08-25,8:27,試合,シニア(または不明),世界選手権,2017,タイトルにJPN/Japan,高,照合なし,Freestyle Wrestling - Senior World C'ships - Paris2017,https://www.youtube.com/watch?v=oRvMdbotPek
HGv87r1aRDg,"1/8 WW - 48 kg: Y. SUSAKI (JPN) df. J. SABATIE (FRA) by VSU1, 13-2",2017-08-24,6:16,試合,シニア(または不明),世界選手権,2017,タイトルにJPN/Japan・選手名の一致,高,須﨑 優衣(Yui SUSAKI),Best of Yui Susaki / Women's Wrestling - Senior World C'ships - Paris2017,https://www.youtube.com/watch?v=HGv87r1aRDg
lR0r9_9lHAw,"1/4 WW - 48 kg: Y. SUSAKI (JPN) df. V. ANTHONY (USA) by VSU, 11-0",2017-08-24,5:17,試合,シニア(または不明),世界選手権,2017,タイトルにJPN/Japan・選手名の一致,高,須﨑 優衣(Yui SUSAKI),Best of Yui Susaki / Women's Wrestling - Senior World C'ships - Paris2017,https://www.youtube.com/watch?v=lR0r9_9lHAw
pJ8u5RM_V1M,"GOLD WW - 48 kg: Y. SUSAKI (JPN) df. E. VUC (ROU) by VSU1, 14-4",2017-08-24,5:37,試合,シニア(または不明),世界選手権,2017,タイトルにJPN/Japan・選手名の一致,高,須﨑 優衣(Yui SUSAKI),Best of Yui Susaki / 2017 Award Season / Women's Wrestling - Senior World C'ships - Paris2017,https://www.youtube.com/watch?v=pJ8u5RM_V1M
MymxcQaIMwo,"Qual. WW - 48 kg: Y. SUSAKI (JPN) df. T. MALLQUI PECH (PER) by VSU, 10-0",2017-08-24,1:53,試合,シニア(または不明),世界選手権,2017,タイトルにJPN/Japan・選手名の一致,高,須﨑 優衣(Yui SUSAKI),Best of Yui Susaki / Women's Wrestling - Senior World C'ships - Paris2017,https://www.youtube.com/watch?v=MymxcQaIMwo
MJfRcl95Kss,"GOLD WW - 53 kg: V. KALADZINSKAY (BLR) df. M. MUKAIDA (JPN) by VPO1, 8-6",2017-08-24,9:27,試合,シニア(または不明),世界選手権,2017,タイトルにJPN/Japan,高,照合なし,2017 Award Season / Women's Wrestling - Senior World C'ships - Paris2017,https://www.youtube.com/watch?v=MJfRcl95Kss
febGrGzYOFE,News Wrap - Day Four at #Lutte2017,2017-08-24,1:50,その他,シニア(または不明),世界選手権,2017,説明にJPN/Japan,低(要確認),照合なし,"News + Highlights - Senior WORLD Championships, Paris",https://www.youtube.com/watch?v=febGrGzYOFE
fogxtfpwzWw,"Qual. WW - 60 kg: R. KAWAI (JPN) df. L. OVCHAROVA (RUS) by VIN, 2-2",2017-08-24,3:48,試合,シニア(または不明),世界選手権,2017,タイトルにJPN/Japan,高,照合なし,Women's Wrestling - Senior World C'ships - Paris2017,https://www.youtube.com/watch?v=fogxtfpwzWw
dflG8UqwVKk,"1/4 WW - 60 kg: R. KAWAI (JPN) df. L. MORAIS (CAN) by VSU, 10-0",2017-08-24,4:37,試合,シニア(または不明),世界選手権,2017,タイトルにJPN/Japan,高,照合なし,Women's Wrestling - Senior World C'ships - Paris2017,https://www.youtube.com/watch?v=dflG8UqwVKk
FLUOvnSfDvg,"Qual. WW - 53 kg: M. MUKAIDA (JPN) df. Y. PAK (PRK) by VPO1, 6-2",2017-08-24,8:09,試合,シニア(または不明),世界選手権,2017,タイトルにJPN/Japan,高,照合なし,Women's Wrestling - Senior World C'ships - Paris2017,https://www.youtube.com/watch?v=FLUOvnSfDvg
E6xEjsMMReI,"1/2 WW - 69 kg: S. DOSHO (JPN) df. M. KUENZ (AUT) by VPO, 6-0",2017-08-24,8:22,試合,シニア(または不明),世界選手権,2017,タイトルにJPN/Japan,高,照合なし,Women's Wrestling - Senior World C'ships - Paris2017,https://www.youtube.com/watch?v=E6xEjsMMReI
zMqz1WFwk7Q,"1/2 WW - 60 kg: R. KAWAI (JPN) df. M. MATTSSON (SWE) by VPO, 6-0",2017-08-24,8:17,試合,シニア(または不明),世界選手権,2017,タイトルにJPN/Japan,高,照合なし,Women's Wrestling - Senior World C'ships - Paris2017,https://www.youtube.com/watch?v=zMqz1WFwk7Q
_kFOusWSpBE,"1/4 WW - 53 kg: M. MUKAIDA (JPN) df. S. ORSHUSH (RUS) by VPO, 5-0",2017-08-24,8:03,試合,シニア(または不明),世界選手権,2017,タイトルにJPN/Japan,高,照合なし,Women's Wrestling - Senior World C'ships - Paris2017,https://www.youtube.com/watch?v=_kFOusWSpBE
rGF3FASUwYg,"1/2 WW - 53 kg: M. MUKAIDA (JPN) df. R. ZASINA (POL) by VPO1, 5-1",2017-08-24,8:11,試合,シニア(または不明),世界選手権,2017,タイトルにJPN/Japan,高,照合なし,Women's Wrestling - Senior World C'ships - Paris2017,https://www.youtube.com/watch?v=rGF3FASUwYg
kZulWUz1Qus,"1/4 WW - 69 kg: S. DOSHO (JPN) df. A. BRATCHIKOVA (RUS) by VPO, 8-0",2017-08-24,8:02,試合,シニア(または不明),世界選手権,2017,タイトルにJPN/Japan,高,照合なし,Women's Wrestling - Senior World C'ships - Paris2017,https://www.youtube.com/watch?v=kZulWUz1Qus
YZlhj-9u0zI,"1/8 WW - 53 kg: M. MUKAIDA (JPN) df. I. HUSYAK (UKR) by VSU1, 12-2",2017-08-24,7:23,試合,シニア(または不明),世界選手権,2017,タイトルにJPN/Japan,高,照合なし,Women's Wrestling - Senior World C'ships - Paris2017,https://www.youtube.com/watch?v=YZlhj-9u0zI
OpblGHVHHII,"1/8 WW - 69 kg: S. DOSHO (JPN) df. K. LARROQUE (FRA) by VPO1, 3-3",2017-08-24,8:06,試合,シニア(または不明),世界選手権,2017,タイトルにJPN/Japan,高,照合なし,Women's Wrestling - Senior World C'ships - Paris2017,https://www.youtube.com/watch?v=OpblGHVHHII
rmjitYGZT9I,"1/8 WW - 60 kg: R. KAWAI (JPN) df. S. BAATARJAV (MGL) by VPO1, 6-2",2017-08-24,8:06,試合,シニア(または不明),世界選手権,2017,タイトルにJPN/Japan,高,照合なし,Women's Wrestling - Senior World C'ships - Paris2017,https://www.youtube.com/watch?v=rmjitYGZT9I
8LndP-DT5vg,"GOLD WW - 69 kg: S. DOSHO (JPN) df. A. FOCKEN (GER) by VPO, 3-0",2017-08-24,8:00,試合,シニア(または不明),世界選手権,2017,タイトルにJPN/Japan,高,照合なし,Women's Wrestling - Senior World C'ships - Paris2017,https://www.youtube.com/watch?v=8LndP-DT5vg
WS7cyiDTK7E,"GOLD WW - 60 kg: R. KAWAI (JPN) df. A. RAGAN (USA) by VSU, 13-0",2017-08-24,7:38,試合,シニア(または不明),世界選手権,2017,タイトルにJPN/Japan,高,照合なし,Women's Wrestling - Senior World C'ships - Paris2017,https://www.youtube.com/watch?v=WS7cyiDTK7E
MLBZgOtoGcg,"1/2 WW - 55 kg: H. OKUNO (JPN) df. B. DUDOVA (BUL) by VSU, 11-0",2017-08-23,9:01,試合,シニア(または不明),世界選手権,2017,タイトルにJPN/Japan,高,照合なし,Best of Bilyana Zhivkova DUDOVA / Women's Wrestling - Senior World C'ships - Paris2017,https://www.youtube.com/watch?v=MLBZgOtoGcg
GVARNl0DKpY,"1/4 WW - 75 kg: Y. ADAR (TUR) df. H. SUZUKI (JPN) by VPO1, 6-1",2017-08-23,8:17,試合,シニア(または不明),世界選手権,2017,タイトルにJPN/Japan,高,照合なし,Best of Yasemin Adar / Women's Wrestling - Senior World C'ships - Paris2017,https://www.youtube.com/watch?v=GVARNl0DKpY
agQRmVzsniY,"GOLD WW - 55 kg: H. OKUNO (JPN) df. O. ADEKUOROYE (NGR) by VPO1, 5-4",2017-08-23,9:09,試合,シニア(または不明),世界選手権,2017,タイトルにJPN/Japan,高,照合なし,2017 Award Season / Women's Wrestling - Senior World C'ships - Paris2017,https://www.youtube.com/watch?v=agQRmVzsniY
VVG0fBAJC2M,"Qual. WW - 58 kg: I. CHYKHRADZE K (UKR) df. K. SAKAGAMI (JPN) by VFA, 12-4",2017-08-23,6:01,試合,シニア(または不明),世界選手権,2017,タイトルにJPN/Japan,高,照合なし,Women's Wrestling - Senior World C'ships - Paris2017,https://www.youtube.com/watch?v=VVG0fBAJC2M
PY7w1ZknmEg,"1/8 WW - 55 kg: H. OKUNO (JPN) df. C. RAINERO (ITA) by VPO, 8-0",2017-08-23,9:26,試合,シニア(または不明),世界選手権,2017,タイトルにJPN/Japan,高,照合なし,Women's Wrestling - Senior World C'ships - Paris2017,https://www.youtube.com/watch?v=PY7w1ZknmEg
EnDoP1NQZVQ,"1/8 WW - 75 kg: H. SUZUKI (JPN) df. A. PEREPELKINA (RUS) by VSU, 10-0",2017-08-23,2:39,試合,シニア(または不明),世界選手権,2017,タイトルにJPN/Japan,高,照合なし,Women's Wrestling - Senior World C'ships - Paris2017,https://www.youtube.com/watch?v=EnDoP1NQZVQ
zPozkicuIBU,"1/8 WW - 63 kg: Y. KAWAI (JPN) df. E. GAMBAROVA (AZE) by VFA, 8-2",2017-08-23,6:39,試合,シニア(または不明),世界選手権,2017,タイトルにJPN/Japan,高,照合なし,Women's Wrestling - Senior World C'ships - Paris2017,https://www.youtube.com/watch?v=zPozkicuIBU
lOdg6gel8Ms,"Repechage WW - 75 kg: H. SUZUKI (JPN) df. M. SELMAIER (GER) by VPO1, 2-1",2017-08-23,8:27,試合,シニア(または不明),世界選手権,2017,タイトルにJPN/Japan,高,照合なし,Women's Wrestling - Senior World C'ships - Paris2017,https://www.youtube.com/watch?v=lOdg6gel8Ms
4_TTy4GpF-4,"1/4 WW - 63 kg: J. RENTERIA CAS (COL) df. Y. KAWAI (JPN) by VFA, 2-0",2017-08-23,0:53,試合,シニア(または不明),世界選手権,2017,タイトルにJPN/Japan,高,照合なし,Women's Wrestling - Senior World C'ships - Paris2017,https://www.youtube.com/watch?v=4_TTy4GpF-4
MUbipdMJvpE,"1/4 WW - 55 kg: H. OKUNO (JPN) df. B. LEATHERS (USA) by VPO, 8-0",2017-08-23,9:02,試合,シニア(または不明),世界選手権,2017,タイトルにJPN/Japan,高,照合なし,Women's Wrestling - Senior World C'ships - Paris2017,https://www.youtube.com/watch?v=MUbipdMJvpE
trRsjiix7nE,"BRONZE WW - 75 kg: H. SUZUKI (JPN) df. E. MAE (EST) by VPO, 6-0",2017-08-23,9:17,試合,シニア(または不明),世界選手権,2017,タイトルにJPN/Japan,高,照合なし,Women's Wrestling - Senior World C'ships - Paris2017,https://www.youtube.com/watch?v=trRsjiix7nE
qhS8ndK5I6c,"GOLD GR - 59 kg: K. FUMITA (JPN) df. M. AINAGULOV (KAZ) by VPO1, 2-1",2017-08-22,11:04,試合,シニア(または不明),世界選手権,2017,タイトルにJPN/Japan・選手名の一致,高,文田 健一郎(Kenichiro FUMITA),Best of Kenichiro Fumita / 2017 Award Season / Greco-Roman Wrestling - Senior World C'ships - Paris2017,https://www.youtube.com/watch?v=qhS8ndK5I6c
MUR6L4WeTKE,"1/2 GR - 59 kg: K. FUMITA (JPN) df. K. ZHOLCHUBEKOV (KGZ) by VPO1, 2-1",2017-08-22,9:47,試合,シニア(または不明),世界選手権,2017,タイトルにJPN/Japan・選手名の一致,高,文田 健一郎(Kenichiro FUMITA),Best of Kenichiro Fumita / Greco-Roman Wrestling - Senior World C'ships - Paris2017,https://www.youtube.com/watch?v=MUR6L4WeTKE
n6rDxxaYcoU,"Qual. GR - 59 kg: K. FUMITA (JPN) df. J. PETRAVICIUS (LTU) by VPO1, 5-2",2017-08-22,9:46,試合,シニア(または不明),世界選手権,2017,タイトルにJPN/Japan・選手名の一致,高,文田 健一郎(Kenichiro FUMITA),Best of Kenichiro Fumita / Greco-Roman Wrestling - Senior World C'ships - Paris2017,https://www.youtube.com/watch?v=n6rDxxaYcoU
mG1Hyt03_ZU,"1/16 GR - 75 kg: S. YABIKU (JPN) df. H. ALIYEV (AZE) by VPO, 4-0",2017-08-22,7:10,試合,シニア(または不明),世界選手権,2017,タイトルにJPN/Japan,高,照合なし,Best of Haji Aliyev / Greco-Roman Wrestling - Senior World C'ships - Paris2017,https://www.youtube.com/watch?v=mG1Hyt03_ZU
Hl5hqzZnJHA,"1/8 GR - 71 kg: T. IZUMI (JPN) df. M. DAG (TUR) by VPO1, 2-1",2017-08-22,7:27,試合,シニア(または不明),世界選手権,2017,タイトルにJPN/Japan,高,照合なし,Greco-Roman Wrestling - Senior World C'ships - Paris2017,https://www.youtube.com/watch?v=Hl5hqzZnJHA
g_-V5gV8iUI,"1/16 GR - 85 kg: A. MATSUMOTO (JPN) df. F. PARISI (ITA) by VPO1, 4-1",2017-08-22,7:31,試合,シニア(または不明),世界選手権,2017,タイトルにJPN/Japan・選手名の一致,高,松本 彬夢(Ayumu MATSUMOTO),Greco-Roman Wrestling - Senior World C'ships - Paris2017,https://www.youtube.com/watch?v=g_-V5gV8iUI
bSELynPFnDU,"1/8 GR - 75 kg: H. KIM (KOR) df. S. YABIKU (JPN) by VPO1, 3-2",2017-08-22,7:31,試合,シニア(または不明),世界選手権,2017,タイトルにJPN/Japan,高,照合なし,Greco-Roman Wrestling - Senior World C'ships - Paris2017,https://www.youtube.com/watch?v=bSELynPFnDU
ljnsh9DKI5Q,"Qual. GR - 80 kg: J. BATISTA (DOM) df. Y. MAETA (JPN) by VPO1, 4-2",2017-08-22,11:43,試合,シニア(または不明),世界選手権,2017,タイトルにJPN/Japan,高,照合なし,Greco-Roman Wrestling - Senior World C'ships - Paris2017,https://www.youtube.com/watch?v=ljnsh9DKI5Q
Dq9OVybGFDs,"Qual. GR - 130 kg: L. ARABULI (GEO) df. A. SONODA (JPN) by VPO1, 5-1",2017-08-22,7:38,試合,シニア(または不明),世界選手権,2017,タイトルにJPN/Japan,高,照合なし,Greco-Roman Wrestling - Senior World C'ships - Paris2017,https://www.youtube.com/watch?v=Dq9OVybGFDs
80lHKL5ADW8,"1/4 GR - 59 kg: K. FUMITA (JPN) df. S. MARYANYAN (RUS) by VPO1, 4-2",2017-08-22,8:26,試合,シニア(または不明),世界選手権,2017,タイトルにJPN/Japan・選手名の一致,高,文田 健一郎(Kenichiro FUMITA),Greco-Roman Wrestling - Senior World C'ships - Paris2017,https://www.youtube.com/watch?v=80lHKL5ADW8
pC55LA3oPHY,"1/8 GR - 66 kg: D. DEMYANKOV (UKR) df. S. TAKAHASHI (JPN) by VPO1, 2-1",2017-08-22,7:45,試合,シニア(または不明),世界選手権,2017,タイトルにJPN/Japan・選手名の一致,高,照合なし(同じローマ字が2人以上),Greco-Roman Wrestling - Senior World C'ships - Paris2017,https://www.youtube.com/watch?v=pC55LA3oPHY
h4Lum237I_c,"1/16 GR - 66 kg: S. TAKAHASHI (JPN) df. F. BJERREHUUS (DEN) by VPO1, 2-2",2017-08-22,8:11,試合,シニア(または不明),世界選手権,2017,タイトルにJPN/Japan・選手名の一致,高,照合なし(同じローマ字が2人以上),Greco-Roman Wrestling - Senior World C'ships - Paris2017,https://www.youtube.com/watch?v=h4Lum237I_c
fOwkN21xMiU,"1/4 GR - 71 kg: D. CATARAGA (MDA) df. T. IZUMI (JPN) by VSU1, 11-1",2017-08-21,7:27,試合,シニア(または不明),世界選手権,2017,タイトルにJPN/Japan,高,照合なし,Greco-Roman Wrestling - Senior World C'ships - Paris2017,https://www.youtube.com/watch?v=fOwkN21xMiU
soPzEn7Flos,"1/16 GR - 71 kg: T. IZUMI (JPN) df. Y. YOGESH (IND) by VPO1, 3-1",2017-08-21,7:20,試合,シニア(または不明),世界選手権,2017,タイトルにJPN/Japan,高,照合なし,Greco-Roman Wrestling - Senior World C'ships - Paris2017,https://www.youtube.com/watch?v=soPzEn7Flos
zWJCXacipAE,"1/8 GR - 55 kg: L. CAO (CHN) df. S. TAKAHASHI (JPN) by VPO1, 8-5",2017-08-06,9:34,試合,U20,世界選手権,2017,タイトルにJPN/Japan・選手名の一致,高,照合なし(同じローマ字が2人以上),Best of Liguo CAO / Greco-Roman Wrestling - Junior World C'ships - Tampere,https://www.youtube.com/watch?v=zWJCXacipAE
yEHXPDqN_eU,"Repechage WW - 67 kg: N. MATSUYUKI (JPN) df. Q. TIAN (CHN) by VSU1, 14-3",2017-08-06,4:23,試合,U20,世界選手権,2017,タイトルにJPN/Japan,高,照合なし,Women Wrestling - Junior World C'ships - Tampere,https://www.youtube.com/watch?v=yEHXPDqN_eU
6mWDDscTu7Y,"Repechage WW - 51 kg: N. TANIYAMA (JPN) df. A. CZYZOWICZ (POL) by VPO1, 5-4",2017-08-06,10:25,試合,U20,世界選手権,2017,タイトルにJPN/Japan,高,照合なし,Women Wrestling - Junior World C'ships - Tampere,https://www.youtube.com/watch?v=6mWDDscTu7Y
Qv-Wotf3PQQ,"BRONZE GR - 50 kg: K. SHIMIZU (JPN) df. M. VYSOTSKYI (ISR) by VSU, 8-0",2017-08-06,7:51,試合,U20,世界選手権,2017,タイトルにJPN/Japan・選手名の一致,高,清水 賢亮(Kensuke SHIMIZU),Greco-Roman Wrestling - Junior World C'ships - Tampere,https://www.youtube.com/watch?v=Qv-Wotf3PQQ
zeVAmqgfEIY,"1/8 GR - 50 kg: K. SHIMIZU (JPN) df. G. LEE (KOR) by VSU1, 11-1",2017-08-06,5:00,試合,U20,世界選手権,2017,タイトルにJPN/Japan・選手名の一致,高,清水 賢亮(Kensuke SHIMIZU),Greco-Roman Wrestling - Junior World C'ships - Tampere,https://www.youtube.com/watch?v=zeVAmqgfEIY
ROfBFlneUPU,"1/4 GR - 60 kg: O. HRUSHYN (UKR) df. T. NARIKUNI (JPN) by VPO1, 4-3",2017-08-06,7:33,試合,U20,世界選手権,2017,タイトルにJPN/Japan・選手名の一致,高,成國 大志(Taishi NARIKUNI),Greco-Roman Wrestling - Junior World C'ships - Tampere,https://www.youtube.com/watch?v=ROfBFlneUPU
pFS7JCnk9vg,"1/16 GR - 74 kg: M. SHORBI NEIAZ (IRI) df. H. OHGA (JPN) by VSU, 8-0",2017-08-06,7:01,試合,U20,世界選手権,2017,タイトルにJPN/Japan,高,照合なし,Greco-Roman Wrestling - Junior World C'ships - Tampere,https://www.youtube.com/watch?v=pFS7JCnk9vg
qZrahfqAft4,"1/8 GR - 60 kg: T. NARIKUNI (JPN) df. V. SARIKURT (TUR) by VPO1, 8-6",2017-08-06,7:42,試合,U20,世界選手権,2017,タイトルにJPN/Japan・選手名の一致,高,成國 大志(Taishi NARIKUNI),Greco-Roman Wrestling - Junior World C'ships - Tampere,https://www.youtube.com/watch?v=qZrahfqAft4
6TbtKCQe6HY,"Qual. GR - 120 kg: Z. PATARIDZE (GEO) df. I. SHOJI (JPN) by VSU, 8-0",2017-08-06,1:17,試合,U20,世界選手権,2017,タイトルにJPN/Japan,高,照合なし,Greco-Roman Wrestling - Junior World C'ships - Tampere,https://www.youtube.com/watch?v=6TbtKCQe6HY
WikeVks8M3U,"Qual. GR - 84 kg: T. FUJII (JPN) df. R. BETSCHART (SUI) by VPO1, 5-4",2017-08-06,8:51,試合,U20,世界選手権,2017,タイトルにJPN/Japan・選手名の一致,高,藤井 達哉(Tatsuya FUJII),Greco-Roman Wrestling - Junior World C'ships - Tampere,https://www.youtube.com/watch?v=WikeVks8M3U
n-7A855LXsc,"Repechage GR - 120 kg: L. BEREI (ROU) df. I. SHOJI (JPN) by VSU, 8-0",2017-08-06,2:30,試合,U20,世界選手権,2017,タイトルにJPN/Japan,高,照合なし,Greco-Roman Wrestling - Junior World C'ships - Tampere,https://www.youtube.com/watch?v=n-7A855LXsc
INnv7adfvbw,"Qual. GR - 66 kg: M. FIRAT (TUR) df. Y. UI (JPN) by VPO1, 10-3",2017-08-06,8:25,試合,U20,世界選手権,2017,タイトルにJPN/Japan,高,照合なし,Greco-Roman Wrestling - Junior World C'ships - Tampere,https://www.youtube.com/watch?v=INnv7adfvbw
QIn2c9U5Tfo,"1/8 GR - 84 kg: V. STOYCHEV (BUL) df. T. FUJII (JPN) by VPO1, 3-1",2017-08-06,7:23,試合,U20,世界選手権,2017,タイトルにJPN/Japan・選手名の一致,高,藤井 達哉(Tatsuya FUJII),Greco-Roman Wrestling - Junior World C'ships - Tampere,https://www.youtube.com/watch?v=QIn2c9U5Tfo
UVOd2QNBJeQ,"GOLD WW - 72 kg: A. MEDET KYZY (KGZ) df. Y. MATSUYUKI (JPN) by VPO1, 8-6",2017-08-05,10:48,試合,U20,世界選手権,2017,タイトルにJPN/Japan・選手名の一致,高,松雪 泰葉(Yasuha MATSUYUKI),Best of Aiperi Medet Kyzy / Women Wrestling - Junior World C'ships - Tampere,https://www.youtube.com/watch?v=UVOd2QNBJeQ
egj3JjB_x44,"BRONZE WW - 67 kg: A. ANGHEL (ROU) df. N. MATSUYUKI (JPN) by VPO1, 7-2",2017-08-05,9:37,試合,U20,世界選手権,2017,タイトルにJPN/Japan,高,照合なし,Women Wrestling - Junior World C'ships - Tampere,https://www.youtube.com/watch?v=egj3JjB_x44
aeg0ig0JuAU,"BRONZE WW - 51 kg: X. LIAO (CHN) df. N. TANIYAMA (JPN) by VSU, 10-0",2017-08-05,2:11,試合,U20,世界選手権,2017,タイトルにJPN/Japan,高,照合なし,Women Wrestling - Junior World C'ships - Tampere,https://www.youtube.com/watch?v=aeg0ig0JuAU
pp-9F1gOVPk,"GOLD WW - 59 kg: Y. KUMANO (JPN) df. A. NICHITA (MDA) by VPO1, 8-2",2017-08-05,8:08,試合,U20,世界選手権,2017,タイトルにJPN/Japan,高,照合なし,Women Wrestling - Junior World C'ships - Tampere,https://www.youtube.com/watch?v=pp-9F1gOVPk
sdY2Lt_FW_k,"GOLD WW - 44 kg: M. UENO (JPN) df. Y. CHEN (CHN) by VFA, 14-4",2017-08-05,6:24,試合,U20,世界選手権,2017,タイトルにJPN/Japan,高,照合なし,Women Wrestling - Junior World C'ships - Tampere,https://www.youtube.com/watch?v=sdY2Lt_FW_k
KP7uLmKUock,"GOLD WW - 48 kg: K. KAGATA (JPN) df. T. NASIROVA (AZE) by VFA, 4-0",2017-08-05,1:06,試合,U20,世界選手権,2017,タイトルにJPN/Japan,高,照合なし,Women Wrestling - Junior World C'ships - Tampere,https://www.youtube.com/watch?v=KP7uLmKUock
h-debJjSVTQ,"GOLD WW - 55 kg: S. NANJO (JPN) df. L. MONTERO HERR (CUB) by VPO1, 6-4",2017-08-05,10:13,試合,U20,世界選手権,2017,タイトルにJPN/Japan・選手名の一致,高,南條 早映(Sae NANJO),Women Wrestling - Junior World C'ships - Tampere,https://www.youtube.com/watch?v=h-debJjSVTQ
dGFxBFgJ1HM,"1/8 WW - 59 kg: Y. KUMANO (JPN) df. T. KENNETT (CAN) by VSU, 10-0",2017-08-05,5:39,試合,U20,世界選手権,2017,タイトルにJPN/Japan,高,照合なし,Women Wrestling - Junior World C'ships - Tampere,https://www.youtube.com/watch?v=dGFxBFgJ1HM
vFQglgIwWCk,"Qual. WW - 67 kg: N. MATSUYUKI (JPN) df. K. AKSOY (TUR) by VSU, 10-0",2017-08-05,3:11,試合,U20,世界選手権,2017,タイトルにJPN/Japan,高,照合なし,Women Wrestling - Junior World C'ships - Tampere,https://www.youtube.com/watch?v=vFQglgIwWCk
uCGmzgFwL7E,"1/4 WW - 59 kg: Y. KUMANO (JPN) df. K. MANJU (IND) by VSU, 10-0",2017-08-05,5:18,試合,U20,世界選手権,2017,タイトルにJPN/Japan,高,照合なし,Women Wrestling - Junior World C'ships - Tampere,https://www.youtube.com/watch?v=uCGmzgFwL7E
YzQPq_kLPkk,"1/8 WW - 67 kg: K. VELIEVA (RUS) df. N. MATSUYUKI (JPN) by VPO1, 6-3",2017-08-05,9:01,試合,U20,世界選手権,2017,タイトルにJPN/Japan,高,照合なし,Women Wrestling - Junior World C'ships - Tampere,https://www.youtube.com/watch?v=YzQPq_kLPkk
yCnY-g0QnJM,"1/8 WW - 51 kg: N. TANIYAMA (JPN) df. G. RAMOS DIAZ (PUR) by VPO1, 6-5",2017-08-05,8:32,試合,U20,世界選手権,2017,タイトルにJPN/Japan,高,照合なし,Women Wrestling - Junior World C'ships - Tampere,https://www.youtube.com/watch?v=yCnY-g0QnJM
OBUacnMYS7M,"1/4 WW - 51 kg: K. BEREZA (UKR) df. N. TANIYAMA (JPN) by VSU, 10-0",2017-08-05,5:04,試合,U20,世界選手権,2017,タイトルにJPN/Japan,高,照合なし,Women Wrestling - Junior World C'ships - Tampere,https://www.youtube.com/watch?v=OBUacnMYS7M
4eQxkq5ZFCU,"1/4 WW - 44 kg: M. UENO (JPN) df. F. MANDEVA (BUL) by VSU, 10-0",2017-08-05,1:13,試合,U20,世界選手権,2017,タイトルにJPN/Japan,高,照合なし,Women Wrestling - Junior World C'ships - Tampere,https://www.youtube.com/watch?v=4eQxkq5ZFCU
RYkFiZzUUjA,"Qual. WW - 44 kg: M. UENO (JPN) df. D. TOMAR (IND) by VSU, 10-0",2017-08-05,3:05,試合,U20,世界選手権,2017,タイトルにJPN/Japan,高,照合なし,Women Wrestling - Junior World C'ships - Tampere,https://www.youtube.com/watch?v=RYkFiZzUUjA
0Kaos7Dfino,"Repechage WW - 67 kg: N. MATSUYUKI (JPN) df. H. SADCHANKA (BLR) by VFA, 10-2",2017-08-05,3:13,試合,U20,世界選手権,2017,タイトルにJPN/Japan,高,照合なし,Women Wrestling - Junior World C'ships - Tampere,https://www.youtube.com/watch?v=0Kaos7Dfino
Z0a7cOijkRY,"1/2 WW - 44 kg: M. UENO (JPN) df. S. PRICEPUTU (ROU) by VFA, 12-2",2017-08-05,2:42,試合,U20,世界選手権,2017,タイトルにJPN/Japan,高,照合なし,Women Wrestling - Junior World C'ships - Tampere,https://www.youtube.com/watch?v=Z0a7cOijkRY
L2_CChQLTQ8,"Qual. WW - 51 kg: N. TANIYAMA (JPN) df. A. WENDLE (GER) by VSU, 10-0",2017-08-05,4:12,試合,U20,世界選手権,2017,タイトルにJPN/Japan,高,照合なし,Women Wrestling - Junior World C'ships - Tampere,https://www.youtube.com/watch?v=L2_CChQLTQ8
n62ePBR65ic,"1/8 WW - 63 kg: Y. KAWAI (JPN) df. A. LYSAK (UKR) by VSU1, 15-4",2017-08-05,5:44,試合,U20,世界選手権,2017,タイトルにJPN/Japan,高,照合なし,Women Wrestling - Junior World C'ships - Tampere,https://www.youtube.com/watch?v=n62ePBR65ic
4BVkIso1IQU,"1/2 WW - 55 kg: S. NANJO (JPN) df. O. KREMZER (UKR) by VSU, 10-0",2017-08-05,6:13,試合,U20,世界選手権,2017,タイトルにJPN/Japan・選手名の一致,高,南條 早映(Sae NANJO),Women Wrestling - Junior World C'ships - Tampere,https://www.youtube.com/watch?v=4BVkIso1IQU
jS1qzpwGjgs,"1/4 WW - 63 kg: M. KUZNETSOVA (RUS) df. Y. KAWAI (JPN) by VFA, 6-13",2017-08-05,5:33,試合,U20,世界選手権,2017,タイトルにJPN/Japan,高,照合なし,Women Wrestling - Junior World C'ships - Tampere,https://www.youtube.com/watch?v=jS1qzpwGjgs
BMEgjFKtxus,"1/8 WW - 48 kg: K. KAGATA (JPN) df. K. YAHIAOUI (ALG) by VSU, 10-0",2017-08-05,3:16,試合,U20,世界選手権,2017,タイトルにJPN/Japan,高,照合なし,Women Wrestling - Junior World C'ships - Tampere,https://www.youtube.com/watch?v=BMEgjFKtxus
DrrD8Hgm5wk,"1/4 WW - 48 kg: K. KAGATA (JPN) df. L. MORAN VALENZ (ECU) by VSU, 10-0",2017-08-05,2:11,試合,U20,世界選手権,2017,タイトルにJPN/Japan,高,照合なし,Women Wrestling - Junior World C'ships - Tampere,https://www.youtube.com/watch?v=DrrD8Hgm5wk
js6-Jh7hi18,"1/2 WW - 72 kg: Y. MATSUYUKI (JPN) df. D. SLATER (CAN) by VSU, 10-0",2017-08-05,3:38,試合,U20,世界選手権,2017,タイトルにJPN/Japan・選手名の一致,高,松雪 泰葉(Yasuha MATSUYUKI),Women Wrestling - Junior World C'ships - Tampere,https://www.youtube.com/watch?v=js6-Jh7hi18
4Z_ndY7v4Cc,"1/4 WW - 55 kg: S. NANJO (JPN) df. L. GURBANOVA (AZE) by VSU, 10-0",2017-08-05,3:38,試合,U20,世界選手権,2017,タイトルにJPN/Japan・選手名の一致,高,南條 早映(Sae NANJO),Women Wrestling - Junior World C'ships - Tampere,https://www.youtube.com/watch?v=4Z_ndY7v4Cc
tN9lf9nQBVQ,"1/2 WW - 48 kg: K. KAGATA (JPN) df. O. LIVACH (UKR) by VFA, 8-7",2017-08-05,7:08,試合,U20,世界選手権,2017,タイトルにJPN/Japan,高,照合なし,Women Wrestling - Junior World C'ships - Tampere,https://www.youtube.com/watch?v=tN9lf9nQBVQ
DY14kQlPbbA,"1/8 WW - 72 kg: Y. MATSUYUKI (JPN) df. P. POOJA (IND) by VPO1, 10-6",2017-08-05,8:44,試合,U20,世界選手権,2017,タイトルにJPN/Japan・選手名の一致,高,松雪 泰葉(Yasuha MATSUYUKI),Women Wrestling - Junior World C'ships - Tampere,https://www.youtube.com/watch?v=DY14kQlPbbA
k91uniHLCz8,"1/4 WW - 72 kg: Y. MATSUYUKI (JPN) df. H. CHANG (TPE) by VSU, 10-0",2017-08-05,3:41,試合,U20,世界選手権,2017,タイトルにJPN/Japan・選手名の一致,高,松雪 泰葉(Yasuha MATSUYUKI),Women Wrestling - Junior World C'ships - Tampere,https://www.youtube.com/watch?v=k91uniHLCz8
UavH-SX_M64,"Qual. WW - 72 kg: Y. MATSUYUKI (JPN) df. B. BORISOVA (BUL) by VSU, 10-0",2017-08-05,3:13,試合,U20,世界選手権,2017,タイトルにJPN/Japan・選手名の一致,高,松雪 泰葉(Yasuha MATSUYUKI),Women Wrestling - Junior World C'ships - Tampere,https://www.youtube.com/watch?v=UavH-SX_M64
Zm-_QAFVX10,"1/8 WW - 55 kg: S. NANJO (JPN) df. T. DOLLAK (HUN) by VSU, 10-0",2017-08-05,3:47,試合,U20,世界選手権,2017,タイトルにJPN/Japan・選手名の一致,高,南條 早映(Sae NANJO),Women Wrestling - Junior World C'ships - Tampere,https://www.youtube.com/watch?v=Zm-_QAFVX10
RlhHrSflpjs,"1/2 WW - 59 kg: Y. KUMANO (JPN) df. I. PROKOPEVNIUK (UKR) by VPO1, 10-2",2017-08-03,8:05,試合,U20,世界選手権,2017,タイトルにJPN/Japan,高,照合なし,Women Wrestling - Junior World C'ships - Tampere,https://www.youtube.com/watch?v=RlhHrSflpjs
Rzodo48YMVA,"Qual. FS - 66 kg: I. JULAKIDZE (GEO) df. K. SHIGA (JPN) by VPO1, 6-4",2017-08-03,8:59,試合,U20,世界選手権,2017,タイトルにJPN/Japan・選手名の一致,高,志賀 晃次郎(Kojiro SHIGA),Freestyle Wrestling - Junior World C'ships - Tampere,https://www.youtube.com/watch?v=Rzodo48YMVA
6GporepAiCg,"Repechage FS - 84 kg: O. GOCEN (TUR) df. T. MATSUYUKI (JPN) by VPO1, 12-5",2017-08-03,9:08,試合,U20,世界選手権,2017,タイトルにJPN/Japan,高,照合なし,Freestyle Wrestling - Junior World C'ships - Tampere,https://www.youtube.com/watch?v=6GporepAiCg
MQQdSVImqGE,"Qual. FS - 84 kg: A. NAIFONOV (RUS) df. T. MATSUYUKI (JPN) by VSU, 10-0",2017-08-03,2:12,試合,U20,世界選手権,2017,タイトルにJPN/Japan,高,照合なし,Freestyle Wrestling - Junior World C'ships - Tampere,https://www.youtube.com/watch?v=MQQdSVImqGE
S1lbn-j1jPA,News Wrap - Day Three Junior World Championships,2017-08-03,1:28,その他,U20,世界選手権,2017,説明にJPN/Japan,低(要確認),照合なし,"News + Highlights - Junior WORLD Championships, Tampere",https://www.youtube.com/watch?v=S1lbn-j1jPA
1r8w32kVSWg,"BRONZE FS - 60 kg: H. SAKAKI (JPN) df. R. RAVINDER (IND) by VPO1, 9-6",2017-08-02,12:11,試合,U20,世界選手権,2017,タイトルにJPN/Japan,高,照合なし,Freestyle Wrestling - Junior World C'ships - Tampere,https://www.youtube.com/watch?v=1r8w32kVSWg
lZEkXDZq86o,"BRONZE FS - 74 kg: V. GULIA (IND) df. Y. YAMASAKI (JPN) by VPO1, 8-5",2017-08-02,9:11,試合,U20,世界選手権,2017,タイトルにJPN/Japan,高,照合なし,Freestyle Wrestling - Junior World C'ships - Tampere,https://www.youtube.com/watch?v=lZEkXDZq86o
4I6O8wLn1RM,"1/8 FS - 74 kg: Y. YAMASAKI (JPN) df. M. CARABADJAC (MDA) by VPO1, 13-5",2017-08-02,9:03,試合,U20,世界選手権,2017,タイトルにJPN/Japan,高,照合なし,Freestyle Wrestling - Junior World C'ships - Tampere,https://www.youtube.com/watch?v=4I6O8wLn1RM
901VdKLYeP0,"Qual. FS - 96 kg: G. MATCHARASHVI (GEO) df. T. ISHIGURO (JPN) by VSU, 10-0",2017-08-02,3:33,試合,U20,世界選手権,2017,タイトルにJPN/Japan・選手名の一致,高,石黒 峻士(Takashi ISHIGURO),Freestyle Wrestling - Junior World C'ships - Tampere,https://www.youtube.com/watch?v=901VdKLYeP0
fJZUyJNfckw,"Repechage FS - 96 kg: I. MATUHIN (GER) df. T. ISHIGURO (JPN) by VPO, 3-0",2017-08-02,8:12,試合,U20,世界選手権,2017,タイトルにJPN/Japan・選手名の一致,高,石黒 峻士(Takashi ISHIGURO),Freestyle Wrestling - Junior World C'ships - Tampere,https://www.youtube.com/watch?v=fJZUyJNfckw
oT2HIbrI5F8,"Qual. FS - 74 kg: Y. YAMASAKI (JPN) df. S. DIANA (ITA) by VSU1, 14-3",2017-08-02,9:49,試合,U20,世界選手権,2017,タイトルにJPN/Japan,高,照合なし,Freestyle Wrestling - Junior World C'ships - Tampere,https://www.youtube.com/watch?v=oT2HIbrI5F8
nwB1E2hBWqI,"1/8 FS - 60 kg: M. MC KEE (USA) df. H. SAKAKI (JPN) by VSU, 10-0",2017-08-02,2:15,試合,U20,世界選手権,2017,タイトルにJPN/Japan,高,照合なし,Freestyle Wrestling - Junior World C'ships - Tampere,https://www.youtube.com/watch?v=nwB1E2hBWqI
GyNoY1jW7yU,"Repechage FS - 96 kg: T. ISHIGURO (JPN) df. O. HIMISHLI (UKR) by VPO1, 9-3",2017-08-02,8:40,試合,U20,世界選手権,2017,タイトルにJPN/Japan・選手名の一致,高,石黒 峻士(Takashi ISHIGURO),Freestyle Wrestling - Junior World C'ships - Tampere,https://www.youtube.com/watch?v=GyNoY1jW7yU
Tt993Sr5-N8,"Repechage FS - 60 kg: H. SAKAKI (JPN) df. U. DOGAN (TUR) by VSU1, 13-1",2017-08-02,7:13,試合,U20,世界選手権,2017,タイトルにJPN/Japan,高,照合なし,Freestyle Wrestling - Junior World C'ships - Tampere,https://www.youtube.com/watch?v=Tt993Sr5-N8
lEQVETpE8eA,"Qual. FS - 60 kg: H. SAKAKI (JPN) df. G. HAMBARDZUMYA (ARM) by VPO1, 14-14",2017-08-02,8:08,試合,U20,世界選手権,2017,タイトルにJPN/Japan,高,照合なし,Freestyle Wrestling - Junior World C'ships - Tampere,https://www.youtube.com/watch?v=lEQVETpE8eA
gijhRmTLupc,"Qual. FS - 50 kg: A. SARLAK (IRI) df. R. SAKURAI (JPN) by VSU, 10-0",2017-08-02,4:05,試合,U20,世界選手権,2017,タイトルにJPN/Japan,高,照合なし,Freestyle Wrestling - Junior World C'ships - Tampere,https://www.youtube.com/watch?v=gijhRmTLupc
aq7Ye41S8Aw,"1/4 FS - 74 kg: Y. YAMASAKI (JPN) df. P. MALICKI (POL) by VSU, 10-0",2017-08-02,3:52,試合,U20,世界選手権,2017,タイトルにJPN/Japan,高,照合なし,Freestyle Wrestling - Junior World C'ships - Tampere,https://www.youtube.com/watch?v=aq7Ye41S8Aw
8HWir0_zNsM,"1/2 FS - 74 kg: I. SHAPIEV (UZB) df. Y. YAMASAKI (JPN) by VPO1, 8-1",2017-08-02,8:23,試合,U20,世界選手権,2017,タイトルにJPN/Japan,高,照合なし,Freestyle Wrestling - Junior World C'ships - Tampere,https://www.youtube.com/watch?v=8HWir0_zNsM
vI9RLYhRhEE,"Repechage FS - 60 kg: H. SAKAKI (JPN) df. E. BOLKVADZE (GEO) by VPO1, 5-2",2017-08-02,8:32,試合,U20,世界選手権,2017,タイトルにJPN/Japan,高,照合なし,Freestyle Wrestling - Junior World C'ships - Tampere,https://www.youtube.com/watch?v=vI9RLYhRhEE
WgJgj9huTPY,Saori Yoshida: Back on the Mats,2017-06-27,2:24,その他,シニア(または不明),,2017,説明にJPN/Japan,低(要確認),照合なし,Special Features + Documentaries,https://www.youtube.com/watch?v=WgJgj9huTPY
gxkb4QQgvBw,"Qual. FS - 96 kg: H. TASIKEN (CHN) df. K. YOSHIDA (JPN), 0-0",2017-06-18,8:48,試合,U20,,2017,タイトルにJPN/Japan・選手名の一致,高,照合なし(同じローマ字が2人以上),Freestyle Wrestling - Asian Junior C'ships - Chinese Taipei Taichung,https://www.youtube.com/watch?v=gxkb4QQgvBw
atK5RSTRHRw,"Qual. FS - 84 kg: H. ISHIGURO (JPN) df. N. PANPHUEK (THA) by FALL, 6-0",2017-06-18,1:28,試合,U20,,2017,タイトルにJPN/Japan・選手名の一致,高,石黒 隼士(Hayato ISHIGURO),Freestyle Wrestling - Asian Junior C'ships - Chinese Taipei Taichung,https://www.youtube.com/watch?v=atK5RSTRHRw
GvyVSi2tmUk,"Qual. FS - 55 kg: D. ARAKI (JPN) df. K. RAVI (IND), 6-5",2017-06-18,8:16,試合,U20,,2017,タイトルにJPN/Japan,高,照合なし,Freestyle Wrestling - Asian Junior C'ships - Chinese Taipei Taichung,https://www.youtube.com/watch?v=GvyVSi2tmUk
uraHUXG8Uig,"Qual. FS - 66 kg: R. ANRAKU (JPN) df. G. OVEZBERDIYEV (TKM), 8-0",2017-06-18,7:49,試合,U20,,2017,タイトルにJPN/Japan,高,照合なし,Freestyle Wrestling - Asian Junior C'ships - Chinese Taipei Taichung,https://www.youtube.com/watch?v=uraHUXG8Uig
tLwoDLUkBsY,"1/4 FS - 84 kg: J. SHAPIEV (UZB) df. H. ISHIGURO (JPN), 7-5",2017-06-18,10:38,試合,U20,,2017,タイトルにJPN/Japan・選手名の一致,高,石黒 隼士(Hayato ISHIGURO),Freestyle Wrestling - Asian Junior C'ships - Chinese Taipei Taichung,https://www.youtube.com/watch?v=tLwoDLUkBsY
j-siwXXHY-w,"1/4 FS - 66 kg: R. ANRAKU (JPN) df. R. IBODOV (UZB), 7-5",2017-06-18,10:00,試合,U20,,2017,タイトルにJPN/Japan,高,照合なし,Freestyle Wrestling - Asian Junior C'ships - Chinese Taipei Taichung,https://www.youtube.com/watch?v=j-siwXXHY-w
JeYR6A8RZ9Q,"1/4 FS - 55 kg: W. ZOU (CHN) df. D. ARAKI (JPN), 4-2",2017-06-18,7:55,試合,U20,,2017,タイトルにJPN/Japan,高,照合なし,Freestyle Wrestling - Asian Junior C'ships - Chinese Taipei Taichung,https://www.youtube.com/watch?v=JeYR6A8RZ9Q
pzHj06IQcN4,"1/2 FS - 74 kg: M. MOTTAGHINIA (IRI) df. R. YOSHIDA (JPN), 5-0",2017-06-18,7:51,試合,U20,,2017,タイトルにJPN/Japan・選手名の一致,高,照合なし(同じローマ字が2人以上),Freestyle Wrestling - Asian Junior C'ships - Chinese Taipei Taichung,https://www.youtube.com/watch?v=pzHj06IQcN4
QvBBLV76Fp0,"1/4 FS - 74 kg: R. YOSHIDA (JPN) df. S. ZANDANBUD (MGL), 4-3",2017-06-18,8:07,試合,U20,,2017,タイトルにJPN/Japan・選手名の一致,高,照合なし(同じローマ字が2人以上),Freestyle Wrestling - Asian Junior C'ships - Chinese Taipei Taichung,https://www.youtube.com/watch?v=QvBBLV76Fp0
70tehAt93ig,"1/2 FS - 66 kg: R. ANRAKU (JPN) df. M. SYRGAK UULU (KGZ), 3-2",2017-06-18,7:53,試合,U20,,2017,タイトルにJPN/Japan,高,照合なし,Freestyle Wrestling - Asian Junior C'ships - Chinese Taipei Taichung,https://www.youtube.com/watch?v=70tehAt93ig
3KK87FtMyS8,"BRONZE FS - 74 kg: M. WANG (TPE) df. R. YOSHIDA (JPN) by FALL, 0-0",2017-06-18,1:14,試合,U20,,2017,タイトルにJPN/Japan・選手名の一致,高,照合なし(同じローマ字が2人以上),Freestyle Wrestling - Asian Junior C'ships - Chinese Taipei Taichung,https://www.youtube.com/watch?v=3KK87FtMyS8
5fhXGtoqCcQ,"GOLD FS - 66 kg: R. ANRAKU (JPN) df. A. HOSSEINI (IRI), 8-6",2017-06-18,8:17,試合,U20,,2017,タイトルにJPN/Japan,高,照合なし,Freestyle Wrestling - Asian Junior C'ships - Chinese Taipei Taichung,https://www.youtube.com/watch?v=5fhXGtoqCcQ
Bac9iUvzU_c,"1/2 WW - 48 kg: C. SAWADA (JPN) df. A. KEUNIMJAEVA (UZB) by TF, 10-0",2017-06-17,7:26,試合,U20,,2017,タイトルにJPN/Japan,高,照合なし,Best of Aktenge KEUNIMJAEVA / Women's Wrestling - Asian Junior C'ships - Chinese Taipei Taichung,https://www.youtube.com/watch?v=Bac9iUvzU_c
Eo_fVEfAa7I,"Qual. FS - 120 kg: K. KIM (KOR) df. A. FUJIMOTO (JPN), 6-0",2017-06-17,7:56,試合,U20,,2017,タイトルにJPN/Japan,高,照合なし,Freestyle Wrestling - Asian Junior C'ships - Chinese Taipei Taichung,https://www.youtube.com/watch?v=Eo_fVEfAa7I
tXZOGPZAcWQ,"1/4 WW - 48 kg: C. SAWADA (JPN) df. P. PALAKAN (THA) by FALL, 10-0",2017-06-17,1:40,試合,U20,,2017,タイトルにJPN/Japan,高,照合なし,Women's Wrestling - Asian Junior C'ships - Chinese Taipei Taichung,https://www.youtube.com/watch?v=tXZOGPZAcWQ
K4388toeInQ,"1/4 WW - 72 kg: M. HAYAKAWA (JPN) df. A. ABIROVA (KAZ) by TF, 11-0",2017-06-17,7:33,試合,U20,,2017,タイトルにJPN/Japan,高,照合なし,Women's Wrestling - Asian Junior C'ships - Chinese Taipei Taichung,https://www.youtube.com/watch?v=K4388toeInQ
R5AhIP9A4Dg,"Qual. WW - 55 kg: T. UCHIJO (JPN) df. S. DJULLIBAEVA (UZB) by TF, 12-2",2017-06-17,7:44,試合,U20,,2017,タイトルにJPN/Japan,高,照合なし,Women's Wrestling - Asian Junior C'ships - Chinese Taipei Taichung,https://www.youtube.com/watch?v=R5AhIP9A4Dg
Url1NrBx7uY,"1/2 WW - 55 kg: T. UCHIJO (JPN) df. N. MARSBEK KYZY (KGZ), 8-2",2017-06-17,8:39,試合,U20,,2017,タイトルにJPN/Japan,高,照合なし,Women's Wrestling - Asian Junior C'ships - Chinese Taipei Taichung,https://www.youtube.com/watch?v=Url1NrBx7uY
gqtNYze2nKU,"1/2 WW - 63 kg: M. ENOMOTO (JPN) df. Y. ZHANG (CHN) by FALL, 8-2",2017-06-17,7:58,試合,U20,,2017,タイトルにJPN/Japan・選手名の一致,高,榎本 美鈴(Misuzu ENOMOTO),Women's Wrestling - Asian Junior C'ships - Chinese Taipei Taichung,https://www.youtube.com/watch?v=gqtNYze2nKU
_1YRkhhtZXU,"1/2 WW - 72 kg: C. YAN (CHN) df. M. HAYAKAWA (JPN) by TF, 10-0",2017-06-17,3:06,試合,U20,,2017,タイトルにJPN/Japan,高,照合なし,Women's Wrestling - Asian Junior C'ships - Chinese Taipei Taichung,https://www.youtube.com/watch?v=_1YRkhhtZXU
wUrEuoR-PzI,"1/4 WW - 63 kg: M. ENOMOTO (JPN) df. N. ESENBAEVA (UZB), 3-0",2017-06-17,7:36,試合,U20,,2017,タイトルにJPN/Japan・選手名の一致,高,榎本 美鈴(Misuzu ENOMOTO),Women's Wrestling - Asian Junior C'ships - Chinese Taipei Taichung,https://www.youtube.com/watch?v=wUrEuoR-PzI
E2abu_9H-Zc,"1/4 WW - 55 kg: T. UCHIJO (JPN) df. K. BAYARAA (MGL), 5-4",2017-06-17,8:21,試合,U20,,2017,タイトルにJPN/Japan,高,照合なし,Women's Wrestling - Asian Junior C'ships - Chinese Taipei Taichung,https://www.youtube.com/watch?v=E2abu_9H-Zc
s3Ma5mWvXzY,"GOLD WW - 48 kg: J. ZHU (CHN) df. C. SAWADA (JPN), 4-2",2017-06-17,9:22,試合,U20,,2017,タイトルにJPN/Japan,高,照合なし,Women's Wrestling - Asian Junior C'ships - Chinese Taipei Taichung,https://www.youtube.com/watch?v=s3Ma5mWvXzY
Jt6X8LwKukU,"GOLD WW - 55 kg: J. LIANG (CHN) df. T. UCHIJO (JPN), 6-5",2017-06-17,9:04,試合,U20,,2017,タイトルにJPN/Japan,高,照合なし,Women's Wrestling - Asian Junior C'ships - Chinese Taipei Taichung,https://www.youtube.com/watch?v=Jt6X8LwKukU
1hXp7IMa7Zs,"BRONZE WW - 72 kg: M. HAYAKAWA (JPN) df. L. ORINBAEVA (UZB) by FALL, 5-0",2017-06-17,2:59,試合,U20,,2017,タイトルにJPN/Japan,高,照合なし,Women's Wrestling - Asian Junior C'ships - Chinese Taipei Taichung,https://www.youtube.com/watch?v=1hXp7IMa7Zs
xiDGbAXf-dg,"GOLD WW - 63 kg: A. TEMIRTASSOVA (KAZ) df. M. ENOMOTO (JPN), 5-3",2017-06-17,8:04,試合,U20,,2017,タイトルにJPN/Japan・選手名の一致,高,榎本 美鈴(Misuzu ENOMOTO),Women's Wrestling - Asian Junior C'ships - Chinese Taipei Taichung,https://www.youtube.com/watch?v=xiDGbAXf-dg
_FozuZNlIRw,"1/4 WW - 44 kg: H. SATO (JPN) df. N. YESTAYEVA (KAZ) by TF, 10-0",2017-06-16,7:30,試合,U20,,2017,タイトルにJPN/Japan,高,照合なし,Women's Wrestling - Asian Junior C'ships - Chinese Taipei Taichung,https://www.youtube.com/watch?v=_FozuZNlIRw
FKHRcqt7Syk,"1/4 WW - 51 kg: C. HORI (JPN) df. L. BUNSON (THA) by TF, 14-2",2017-06-16,2:22,試合,U20,,2017,タイトルにJPN/Japan,高,照合なし,Women's Wrestling - Asian Junior C'ships - Chinese Taipei Taichung,https://www.youtube.com/watch?v=FKHRcqt7Syk
F6-W6FOMSQM,"1/4 WW - 67 kg: V. GONCHAROVA (KAZ) df. Y. KIMURA (JPN), 2-0",2017-06-16,7:59,試合,U20,,2017,タイトルにJPN/Japan,高,照合なし,Women's Wrestling - Asian Junior C'ships - Chinese Taipei Taichung,https://www.youtube.com/watch?v=F6-W6FOMSQM
bnXvpdsVNTc,"1/2 WW - 44 kg: Y. CHEN (CHN) df. H. SATO (JPN), 4-0",2017-06-16,7:28,試合,U20,,2017,タイトルにJPN/Japan,高,照合なし,Women's Wrestling - Asian Junior C'ships - Chinese Taipei Taichung,https://www.youtube.com/watch?v=bnXvpdsVNTc
JB4aH2t0NA0,"1/2 WW - 51 kg: C. HORI (JPN) df. N. SABIROVA (UZB) by TF, 10-0",2017-06-16,4:14,試合,U20,,2017,タイトルにJPN/Japan,高,照合なし,Women's Wrestling - Asian Junior C'ships - Chinese Taipei Taichung,https://www.youtube.com/watch?v=JB4aH2t0NA0
PSlKTCiNyI8,"BRONZE WW - 44 kg: H. SATO (JPN) df. P. GANBAATAR (MGL) by FALL, 7-2",2017-06-16,5:36,試合,U20,,2017,タイトルにJPN/Japan,高,照合なし,Women's Wrestling - Asian Junior C'ships - Chinese Taipei Taichung,https://www.youtube.com/watch?v=PSlKTCiNyI8
axYYCWKPcSY,"GOLD WW - 51 kg: P. GEHLOT (IND) df. C. HORI (JPN), 6-5",2017-06-16,8:15,試合,U20,,2017,タイトルにJPN/Japan,高,照合なし,Women's Wrestling - Asian Junior C'ships - Chinese Taipei Taichung,https://www.youtube.com/watch?v=axYYCWKPcSY
OlhrfaZGr0M,"Qual. GR - 120 kg: R. KIM (KGZ) df. K. BANCHI (JPN) by TF, 8-0",2017-06-16,0:56,試合,U20,,2017,タイトルにJPN/Japan,高,照合なし,Greco-Roman Wrestling - Asian Junior C'ships - Chinese Taipei Taichung,https://www.youtube.com/watch?v=OlhrfaZGr0M
oXKkJLRhGJw,"1/4 GR - 50 kg: A. DASTANBEK (KAZ) df. H. YAMAGUCHI (JPN), 2-1",2017-06-16,7:31,試合,U20,,2017,タイトルにJPN/Japan,高,照合なし,Greco-Roman Wrestling - Asian Junior C'ships - Chinese Taipei Taichung,https://www.youtube.com/watch?v=oXKkJLRhGJw
nEZGY76AKRY,"BRONZE GR - 50 kg: M. MANISH (IND) df. H. YAMAGUCHI (JPN), 7-5",2017-06-16,9:31,試合,U20,,2017,タイトルにJPN/Japan,高,照合なし,Greco-Roman Wrestling - Asian Junior C'ships - Chinese Taipei Taichung,https://www.youtube.com/watch?v=nEZGY76AKRY
WySF-l4G3G0,"1/4 GR - 55 kg: L. CAO (CHN) df. H. KATAGIRI (JPN), 5-4",2017-06-15,8:22,試合,U20,,2017,タイトルにJPN/Japan,高,照合なし,Best of Liguo CAO / Greco-Roman Wrestling - Asian Junior C'ships - Chinese Taipei Taichung,https://www.youtube.com/watch?v=WySF-l4G3G0
F9yqv5quUj4,"Qual. GR - 66 kg: M. BAKHSHILLOEV (UZB) df. M. ISHIKAWA (JPN) by TF, 8-0",2017-06-15,1:48,試合,U20,,2017,タイトルにJPN/Japan,高,照合なし,Greco-Roman Wrestling - Asian Junior C'ships - Chinese Taipei Taichung,https://www.youtube.com/watch?v=F9yqv5quUj4
9ELv-xVrYBU,"Qual. GR - 74 kg: M. MAEDA (JPN) df. A. M ALDOSSARY (KSA) by TF, 8-0",2017-06-15,1:09,試合,U20,,2017,タイトルにJPN/Japan,高,照合なし,Greco-Roman Wrestling - Asian Junior C'ships - Chinese Taipei Taichung,https://www.youtube.com/watch?v=9ELv-xVrYBU
hfwauaDSYg4,"Qual. GR - 84 kg: R. NASUKAWA (JPN) df. T. BUNPHET (THA) by FALL, 2-4",2017-06-15,1:31,試合,U20,,2017,タイトルにJPN/Japan,高,照合なし,Greco-Roman Wrestling - Asian Junior C'ships - Chinese Taipei Taichung,https://www.youtube.com/watch?v=hfwauaDSYg4
UwqP3o4Wflk,"1/4 GR - 60 kg: Y. YAMADA (JPN) df. M. MANISH (IND), 2-2",2017-06-15,7:49,試合,U20,,2017,タイトルにJPN/Japan,高,照合なし,Greco-Roman Wrestling - Asian Junior C'ships - Chinese Taipei Taichung,https://www.youtube.com/watch?v=UwqP3o4Wflk
D135gctk_w8,"1/4 GR - 74 kg: J. BERDIMURATOV (UZB) df. M. MAEDA (JPN), 2-0",2017-06-15,7:24,試合,U20,,2017,タイトルにJPN/Japan,高,照合なし,Greco-Roman Wrestling - Asian Junior C'ships - Chinese Taipei Taichung,https://www.youtube.com/watch?v=D135gctk_w8
AH4T41u4K1k,"1/4 GR - 84 kg: X. SUN (CHN) df. R. NASUKAWA (JPN), 3-0",2017-06-15,7:34,試合,U20,,2017,タイトルにJPN/Japan,高,照合なし,Greco-Roman Wrestling - Asian Junior C'ships - Chinese Taipei Taichung,https://www.youtube.com/watch?v=AH4T41u4K1k
AlYY6n-_yeg,"1/4 GR - 96 kg: S. DEGUCHI (JPN) df. M. ABYKEEV (KGZ), 4-1",2017-06-15,8:07,試合,U20,,2017,タイトルにJPN/Japan,高,照合なし,Greco-Roman Wrestling - Asian Junior C'ships - Chinese Taipei Taichung,https://www.youtube.com/watch?v=AlYY6n-_yeg
quQlOJF9nTY,"1/2 GR - 60 kg: S. TAZAYEV (TKM) df. Y. YAMADA (JPN) by TF, 9-0",2017-06-15,3:06,試合,U20,,2017,タイトルにJPN/Japan,高,照合なし,Greco-Roman Wrestling - Asian Junior C'ships - Chinese Taipei Taichung,https://www.youtube.com/watch?v=quQlOJF9nTY
PjVBppUbhRk,"1/2 GR - 96 kg: A. NOROOZIPASAN (IRI) df. S. DEGUCHI (JPN), 3-2",2017-06-15,8:16,試合,U20,,2017,タイトルにJPN/Japan,高,照合なし,Greco-Roman Wrestling - Asian Junior C'ships - Chinese Taipei Taichung,https://www.youtube.com/watch?v=PjVBppUbhRk
2UxEgNIHgKE,"BRONZE GR - 60 kg: T. SHARSHENBEKO (KGZ) df. Y. YAMADA (JPN), 8-4",2017-06-15,8:45,試合,U20,,2017,タイトルにJPN/Japan,高,照合なし,Greco-Roman Wrestling - Asian Junior C'ships - Chinese Taipei Taichung,https://www.youtube.com/watch?v=2UxEgNIHgKE
B5KUy2tvFl4,"BRONZE GR - 74 kg: S. SAJAN (IND) df. M. MAEDA (JPN) by FALL, 5-6",2017-06-15,7:30,試合,U20,,2017,タイトルにJPN/Japan,高,照合なし,Greco-Roman Wrestling - Asian Junior C'ships - Chinese Taipei Taichung,https://www.youtube.com/watch?v=B5KUy2tvFl4
mvEW5QcTm1s,"BRONZE GR - 96 kg: D. LEE (KOR) df. S. DEGUCHI (JPN), 2-1",2017-06-15,7:08,試合,U20,,2017,タイトルにJPN/Japan,高,照合なし,Greco-Roman Wrestling - Asian Junior C'ships - Chinese Taipei Taichung,https://www.youtube.com/watch?v=mvEW5QcTm1s
tJucJpvuER4,"1/2 FS - 61 kg: H. KIM (PRK) df. R. HIGUCHI (JPN) by FALL, 7-14",2017-05-14,8:41,試合,シニア(または不明),アジア選手権,2017,タイトルにJPN/Japan・選手名の一致,高,樋口 黎(Rei HIGUCHI),Best of Rei HIGUCHI / Freestyle Wrestling - Asian C'ships - New Delhi,https://www.youtube.com/watch?v=tJucJpvuER4
7pep3lfD1g4,"BRONZE FS - 125 kg: T. YAMAMOTO (JPN) df. F. ANAKULOV (TJK), 8-2",2017-05-14,8:18,試合,シニア(または不明),アジア選手権,2017,タイトルにJPN/Japan・選手名の一致,高,山本 泰輝(Taiki YAMAMOTO),Freestyle Wrestling - Asian C'ships - New Delhi,https://www.youtube.com/watch?v=7pep3lfD1g4
NVjY47z7pYw,"BRONZE FS - 70 kg: M. NAKAMURA (JPN) df. K. DAVAATSEREN (MGL) by TF, 11-1",2017-05-14,7:34,試合,シニア(または不明),アジア選手権,2017,タイトルにJPN/Japan・選手名の一致,高,照合なし(同じローマ字が2人以上),Freestyle Wrestling - Asian C'ships - New Delhi,https://www.youtube.com/watch?v=NVjY47z7pYw
fa_5T0apUOA,"BRONZE FS - 61 kg: R. HIGUCHI (JPN) df. A. OSMONOV (KGZ), 9-4",2017-05-14,9:31,試合,シニア(または不明),アジア選手権,2017,タイトルにJPN/Japan・選手名の一致,高,樋口 黎(Rei HIGUCHI),Freestyle Wrestling - Asian C'ships - New Delhi,https://www.youtube.com/watch?v=fa_5T0apUOA
HXdQoPQKNHo,"1/2 FS - 70 kg: A. TANATAROV (KAZ) df. M. NAKAMURA (JPN), 11-7",2017-05-14,9:07,試合,シニア(または不明),アジア選手権,2017,タイトルにJPN/Japan・選手名の一致,高,照合なし(同じローマ字が2人以上),Freestyle Wrestling - Asian C'ships - New Delhi,https://www.youtube.com/watch?v=HXdQoPQKNHo
QBKeCXZutbQ,"Qual. FS - 61 kg: R. HIGUCHI (JPN) df. M. LIU (CHN), 9-0",2017-05-14,7:36,試合,シニア(または不明),アジア選手権,2017,タイトルにJPN/Japan・選手名の一致,高,樋口 黎(Rei HIGUCHI),Freestyle Wrestling - Asian C'ships - New Delhi,https://www.youtube.com/watch?v=QBKeCXZutbQ
cEpaGScc6Pk,"1/4 FS - 70 kg: M. NAKAMURA (JPN) df. K. VINOD (IND) by TF, 12-2",2017-05-14,7:11,試合,シニア(または不明),アジア選手権,2017,タイトルにJPN/Japan・選手名の一致,高,照合なし(同じローマ字が2人以上),Freestyle Wrestling - Asian C'ships - New Delhi,https://www.youtube.com/watch?v=cEpaGScc6Pk
wBMtPvv8I_A,"1/4 FS - 61 kg: R. HIGUCHI (JPN) df. H. HARPHOOL (IND), 7-6",2017-05-14,8:18,試合,シニア(または不明),アジア選手権,2017,タイトルにJPN/Japan・選手名の一致,高,樋口 黎(Rei HIGUCHI),Freestyle Wrestling - Asian C'ships - New Delhi,https://www.youtube.com/watch?v=wBMtPvv8I_A
E2uRsJ-st7I,"1/4 FS - 125 kg: S. SUMIT (IND) df. T. YAMAMOTO (JPN), 6-3",2017-05-14,8:41,試合,シニア(または不明),アジア選手権,2017,タイトルにJPN/Japan・選手名の一致,高,山本 泰輝(Taiki YAMAMOTO),Freestyle Wrestling - Asian C'ships - New Delhi,https://www.youtube.com/watch?v=E2uRsJ-st7I
_8XyZWLuV6w,"Qual. FS - 86 kg: U. PUREVJAV (MGL) df. M. MATSUSAKA (JPN), 3-2",2017-05-14,10:19,試合,シニア(または不明),アジア選手権,2017,タイトルにJPN/Japan,高,照合なし,Freestyle Wrestling - Asian C'ships - New Delhi,https://www.youtube.com/watch?v=_8XyZWLuV6w
ws52cxhdrJo,"1/2 WW - 60 kg: R. KAWAI (JPN) df. S. BAATARJAV (MGL) by TF, 10-0",2017-05-14,5:48,試合,シニア(または不明),アジア選手権,2017,タイトルにJPN/Japan,高,照合なし,Women's Wrestling - Asian C'ships - New Delhi,https://www.youtube.com/watch?v=ws52cxhdrJo
j2RuW3khSMk,"GOLD FS - 57 kg: Y. TAKAHASHI (JPN) df. Z. ZANDANBUD (MGL), 7-1",2017-05-13,9:26,試合,シニア(または不明),アジア選手権,2017,タイトルにJPN/Japan・選手名の一致,高,照合なし(同じローマ字が2人以上),Freestyle Wrestling - Asian C'ships - New Delhi,https://www.youtube.com/watch?v=j2RuW3khSMk
bfN6kXrZLoI,"BRONZE FS - 97 kg: M. SEO (KOR) df. N. AKAGUMA (JPN), 4-3",2017-05-13,11:26,試合,シニア(または不明),アジア選手権,2017,タイトルにJPN/Japan,高,照合なし,Freestyle Wrestling - Asian C'ships - New Delhi,https://www.youtube.com/watch?v=bfN6kXrZLoI
pVibaeIlnpc,"BRONZE FS - 74 kg: B. TEYMOURI (IRI) df. T. ASAI (JPN) by TF, 10-0",2017-05-13,6:53,試合,シニア(または不明),アジア選手権,2017,タイトルにJPN/Japan,高,照合なし,Freestyle Wrestling - Asian C'ships - New Delhi,https://www.youtube.com/watch?v=pVibaeIlnpc
7mdtlr55UAo,"BRONZE FS - 65 kg: M. KAMOI (JPN) df. C. WEERASINGHEG (SRI) by TF, 10-0",2017-05-13,6:28,試合,シニア(または不明),アジア選手権,2017,タイトルにJPN/Japan,高,照合なし,Freestyle Wrestling - Asian C'ships - New Delhi,https://www.youtube.com/watch?v=7mdtlr55UAo
sy5McNBgnnI,"1/2 FS - 97 kg: H. SHAHBAZIGAZV (IRI) df. N. AKAGUMA (JPN), 6-2",2017-05-13,9:19,試合,シニア(または不明),アジア選手権,2017,タイトルにJPN/Japan,高,照合なし,Freestyle Wrestling - Asian C'ships - New Delhi,https://www.youtube.com/watch?v=sy5McNBgnnI
BXf9t5KqFvw,"1/2 FS - 74 kg: M. EVLAEV (KGZ) df. T. ASAI (JPN), 6-2",2017-05-13,8:08,試合,シニア(または不明),アジア選手権,2017,タイトルにJPN/Japan,高,照合なし,Freestyle Wrestling - Asian C'ships - New Delhi,https://www.youtube.com/watch?v=BXf9t5KqFvw
aP48txnmzwQ,"1/2 FS - 57 kg: Y. TAKAHASHI (JPN) df. S. KIM (KOR) by TF, 10-0",2017-05-13,3:03,試合,シニア(または不明),アジア選手権,2017,タイトルにJPN/Japan・選手名の一致,高,照合なし(同じローマ字が2人以上),Freestyle Wrestling - Asian C'ships - New Delhi,https://www.youtube.com/watch?v=aP48txnmzwQ
ZLMtid3y7Ow,"1/4 FS - 97 kg: N. AKAGUMA (JPN) df. R. ISKANDARI (TJK) by TF, 12-2",2017-05-13,7:54,試合,シニア(または不明),アジア選手権,2017,タイトルにJPN/Japan,高,照合なし,Freestyle Wrestling - Asian C'ships - New Delhi,https://www.youtube.com/watch?v=ZLMtid3y7Ow
h6fxaR_0bWA,"1/2 FS - 65 kg: S. LEE (KOR) df. M. KAMOI (JPN), 8-2",2017-05-13,7:55,試合,シニア(または不明),アジア選手権,2017,タイトルにJPN/Japan,高,照合なし,Freestyle Wrestling - Asian C'ships - New Delhi,https://www.youtube.com/watch?v=h6fxaR_0bWA
7HgmMcaSrI0,"1/4 FS - 57 kg: Y. TAKAHASHI (JPN) df. R. ATRINAGHARCH (IRI), 5-2",2017-05-13,8:22,試合,シニア(または不明),アジア選手権,2017,タイトルにJPN/Japan・選手名の一致,高,照合なし(同じローマ字が2人以上),Freestyle Wrestling - Asian C'ships - New Delhi,https://www.youtube.com/watch?v=7HgmMcaSrI0
-DbVe99cW3E,"1/4 FS - 74 kg: T. ASAI (JPN) df. J. JITENDER (IND), 8-7",2017-05-13,9:49,試合,シニア(または不明),アジア選手権,2017,タイトルにJPN/Japan,高,照合なし,Freestyle Wrestling - Asian C'ships - New Delhi,https://www.youtube.com/watch?v=-DbVe99cW3E
b2ywpeMSnkM,"1/4 FS - 65 kg: M. KAMOI (JPN) df. A. MAMATAEV (KGZ), 11-4",2017-05-13,10:56,試合,シニア(または不明),アジア選手権,2017,タイトルにJPN/Japan,高,照合なし,Freestyle Wrestling - Asian C'ships - New Delhi,https://www.youtube.com/watch?v=b2ywpeMSnkM
ndC05_0CqNg,"Qual. FS - 57 kg: Y. TAKAHASHI (JPN) df. P. NUYSON (THA) by TF, 12-0",2017-05-13,1:22,試合,シニア(または不明),アジア選手権,2017,タイトルにJPN/Japan・選手名の一致,高,照合なし(同じローマ字が2人以上),Freestyle Wrestling - Asian C'ships - New Delhi,https://www.youtube.com/watch?v=ndC05_0CqNg
DjdoXsxh5CU,"Qual. FS - 74 kg: T. ASAI (JPN) df. P. WANTAWONG (THA) by TF, 10-0",2017-05-13,2:44,試合,シニア(または不明),アジア選手権,2017,タイトルにJPN/Japan,高,照合なし,Freestyle Wrestling - Asian C'ships - New Delhi,https://www.youtube.com/watch?v=DjdoXsxh5CU
A8GkQLfZJT0,"1/2 WW - 58 kg: A. TYNYBEKOVA (KGZ) df. K. SAKAGAMI (JPN) by FALL, 6-4",2017-05-13,6:37,試合,シニア(または不明),アジア選手権,2017,タイトルにJPN/Japan,高,照合なし,Women's Wrestling - Asian C'ships - New Delhi,https://www.youtube.com/watch?v=A8GkQLfZJT0
P-Hunvp5zdY,"1/4 WW - 58 kg: K. SAKAGAMI (JPN) df. I. JONG (PRK), 6-2",2017-05-13,10:39,試合,シニア(または不明),アジア選手権,2017,タイトルにJPN/Japan,高,照合なし,Women's Wrestling - Asian C'ships - New Delhi,https://www.youtube.com/watch?v=P-Hunvp5zdY
GTmFKAHrM1E,"BRONZE WW - 58 kg: K. SAKAGAMI (JPN) df. G. TALASSOVA (KAZ) by TF, 10-0",2017-05-13,6:03,試合,シニア(または不明),アジア選手権,2017,タイトルにJPN/Japan,高,照合なし,Women's Wrestling - Asian C'ships - New Delhi,https://www.youtube.com/watch?v=GTmFKAHrM1E
nlhdJD6XDnU,Asian Champ's Day Three News Wrap,2017-05-13,1:37,その他,シニア(または不明),,2017,説明にJPN/Japan,低(要確認),照合なし,Asian Champ's: News + Highlights,https://www.youtube.com/watch?v=nlhdJD6XDnU
VBSTVFE_glw,"1/2 WW - 53 kg: M. MUKAIDA (JPN) df. Q. PANG (CHN), 2-0",2017-05-12,8:13,試合,シニア(または不明),アジア選手権,2017,タイトルにJPN/Japan,高,照合なし,Best of PANG Qianyu / Women's Wrestling - Asian C'ships - New Delhi,https://www.youtube.com/watch?v=VBSTVFE_glw
Spb8JszYtPY,"1/2 WW - 55 kg: S. NANJO (JPN) df. S. LEE (KOR) by TF, 10-0",2017-05-12,5:47,試合,シニア(または不明),アジア選手権,2017,タイトルにJPN/Japan・選手名の一致,高,南條 早映(Sae NANJO),Best of Seunghwan LEE / Women's Wrestling - Asian C'ships - New Delhi,https://www.youtube.com/watch?v=Spb8JszYtPY
F5dzO6FzjRA,"1/4 GR - 98 kg: R. ASSAKALOV (UZB) df. Y. NARA (JPN) by FALL, 6-0",2017-05-12,3:00,試合,シニア(または不明),アジア選手権,2017,タイトルにJPN/Japan・選手名の一致,高,奈良 勇太(Yuta NARA),Best of Rustam ASSAKALOV / Greco-Roman Wrestling - Asian C'ships - New Delhi,https://www.youtube.com/watch?v=F5dzO6FzjRA
nIQz_g-mcus,"GOLD WW - 55 kg: S. NANJO (JPN) df. V. VINESH (IND), 8-4",2017-05-12,9:35,試合,シニア(または不明),アジア選手権,2017,タイトルにJPN/Japan・選手名の一致,高,南條 早映(Sae NANJO),Best of Vinesh Phogat / Women's Wrestling - Asian C'ships - New Delhi,https://www.youtube.com/watch?v=nIQz_g-mcus
S6fkArJbMlk,"GOLD WW - 48 kg: Y. SUSAKI (JPN) df. S. KIM (PRK) by TF, 10-0",2017-05-12,8:05,試合,シニア(または不明),アジア選手権,2017,タイトルにJPN/Japan・選手名の一致,高,須﨑 優衣(Yui SUSAKI),Best of Yui Susaki / Women's Wrestling - Asian C'ships - New Delhi,https://www.youtube.com/watch?v=S6fkArJbMlk
kVB4nHy_ARA,"Qual. WW - 48 kg: Y. SUSAKI (JPN) df. D. YAKHSHIMURAT (UZB) by TF, 10-0",2017-05-12,1:42,試合,シニア(または不明),アジア選手権,2017,タイトルにJPN/Japan・選手名の一致,高,須﨑 優衣(Yui SUSAKI),Best of Yui Susaki / Women's Wrestling - Asian C'ships - New Delhi,https://www.youtube.com/watch?v=kVB4nHy_ARA
fjJkdt-vr3Q,"GOLD WW - 75 kg: P. PALIHA (CHN) df. M. FURUICHI (JPN), 8-1",2017-05-12,9:17,試合,シニア(または不明),アジア選手権,2017,タイトルにJPN/Japan・選手名の一致,高,古市 雅子(Masako FURUICHI),Women's Wrestling - Asian C'ships - New Delhi,https://www.youtube.com/watch?v=fjJkdt-vr3Q
L29Kfw7HtR4,"GOLD WW - 69 kg: S. DOSHO (JPN) df. D. KAKRAN (IND) by FALL, 8-0",2017-05-12,6:27,試合,シニア(または不明),アジア選手権,2017,タイトルにJPN/Japan,高,照合なし,Women's Wrestling - Asian C'ships - New Delhi,https://www.youtube.com/watch?v=L29Kfw7HtR4
ZJ2y_EdcgCw,"GOLD WW - 63 kg: B. SORONZONBOLD (MGL) df. A. GEMPEI (JPN) by FALL, 7-2",2017-05-12,8:46,試合,シニア(または不明),アジア選手権,2017,タイトルにJPN/Japan,高,照合なし,Women's Wrestling - Asian C'ships - New Delhi,https://www.youtube.com/watch?v=ZJ2y_EdcgCw
SI6xXFCGKvQ,"GOLD WW - 60 kg: R. KAWAI (JPN) df. S. MALIK (IND) by TF, 10-0",2017-05-12,3:47,試合,シニア(または不明),アジア選手権,2017,タイトルにJPN/Japan,高,照合なし,Women's Wrestling - Asian C'ships - New Delhi,https://www.youtube.com/watch?v=SI6xXFCGKvQ
r_3NQJTdvsY,"GOLD WW - 53 kg: M. MUKAIDA (JPN) df. Z. ESHIMOVA (KAZ) by FALL, 10-0",2017-05-12,5:50,試合,シニア(または不明),アジア選手権,2017,タイトルにJPN/Japan,高,照合なし,Women's Wrestling - Asian C'ships - New Delhi,https://www.youtube.com/watch?v=r_3NQJTdvsY
AQe5bmaOla0,"1/2 WW - 75 kg: M. FURUICHI (JPN) df. J. JYOTI (IND) by TF, 10-0",2017-05-12,2:08,試合,シニア(または不明),アジア選手権,2017,タイトルにJPN/Japan・選手名の一致,高,古市 雅子(Masako FURUICHI),Women's Wrestling - Asian C'ships - New Delhi,https://www.youtube.com/watch?v=AQe5bmaOla0
rWEXBaU2YiY,"1/2 WW - 69 kg: S. DOSHO (JPN) df. F. ZHOU (CHN), 7-7",2017-05-12,11:13,試合,シニア(または不明),アジア選手権,2017,タイトルにJPN/Japan,高,照合なし,Women's Wrestling - Asian C'ships - New Delhi,https://www.youtube.com/watch?v=rWEXBaU2YiY
UJ4vDGu-Qe0,"1/2 WW - 63 kg: A. GEMPEI (JPN) df. Y. RI (PRK), 6-0",2017-05-12,8:04,試合,シニア(または不明),アジア選手権,2017,タイトルにJPN/Japan,高,照合なし,Women's Wrestling - Asian C'ships - New Delhi,https://www.youtube.com/watch?v=UJ4vDGu-Qe0
AD-fFH1BSAw,"1/2 WW - 48 kg: Y. SUSAKI (JPN) df. R. RITU (IND), 9-0",2017-05-12,8:51,試合,シニア(または不明),アジア選手権,2017,タイトルにJPN/Japan・選手名の一致,高,須﨑 優衣(Yui SUSAKI),Women's Wrestling - Asian C'ships - New Delhi,https://www.youtube.com/watch?v=AD-fFH1BSAw
HDoskfy14Pc,"1/4 WW - 63 kg: A. GEMPEI (JPN) df. X. WANG (CHN), 14-8",2017-05-12,8:45,試合,シニア(または不明),アジア選手権,2017,タイトルにJPN/Japan,高,照合なし,Women's Wrestling - Asian C'ships - New Delhi,https://www.youtube.com/watch?v=HDoskfy14Pc
OGcMnodXGm0,"1/4 WW - 48 kg: Y. SUSAKI (JPN) df. Y. SUN (CHN), 9-4",2017-05-12,9:58,試合,シニア(または不明),アジア選手権,2017,タイトルにJPN/Japan・選手名の一致,高,須﨑 優衣(Yui SUSAKI),Women's Wrestling - Asian C'ships - New Delhi,https://www.youtube.com/watch?v=OGcMnodXGm0
ICH8Ddarwt8,"1/4 WW - 69 kg: S. DOSHO (JPN) df. E. SYZDYKOVA (KAZ), 3-1",2017-05-12,8:16,試合,シニア(または不明),アジア選手権,2017,タイトルにJPN/Japan,高,照合なし,Women's Wrestling - Asian C'ships - New Delhi,https://www.youtube.com/watch?v=ICH8Ddarwt8
nq5SPqf-ty8,"1/4 WW - 60 kg: R. KAWAI (JPN) df. Z. ZHOU (CHN) by TF, 10-0",2017-05-12,3:35,試合,シニア(または不明),アジア選手権,2017,タイトルにJPN/Japan,高,照合なし,Women's Wrestling - Asian C'ships - New Delhi,https://www.youtube.com/watch?v=nq5SPqf-ty8
uMDV5_ghl4s,"1/4 WW - 53 kg: M. MUKAIDA (JPN) df. M. JONG (PRK) by TF, 10-0",2017-05-12,6:50,試合,シニア(または不明),アジア選手権,2017,タイトルにJPN/Japan,高,照合なし,Women's Wrestling - Asian C'ships - New Delhi,https://www.youtube.com/watch?v=uMDV5_ghl4s
DmvFe8tS0YE,"Qual. WW - 63 kg: A. GEMPEI (JPN) df. N. GYULNAZARYAN (KAZ) by TF, 10-0",2017-05-12,2:33,試合,シニア(または不明),アジア選手権,2017,タイトルにJPN/Japan,高,照合なし,Women's Wrestling - Asian C'ships - New Delhi,https://www.youtube.com/watch?v=DmvFe8tS0YE
peNbhIEr7uw,"Qual. WW - 53 kg: M. MUKAIDA (JPN) df. A. PAMUNUWE PAR (SRI) by withdrawal, 0-0",2017-05-12,2:13,試合,シニア(または不明),アジア選手権,2017,タイトルにJPN/Japan,高,照合なし,Women's Wrestling - Asian C'ships - New Delhi,https://www.youtube.com/watch?v=peNbhIEr7uw
Ytsxwi-LY4I,"Asian Championships - Day Three, Team Japan Highlights",2017-05-12,1:01,ハイライト・特集,シニア(または不明),アジア選手権,2017,タイトルにJPN/Japan,高,照合なし,Asian Champ's: News + Highlights,https://www.youtube.com/watch?v=Ytsxwi-LY4I
suh7cay0ijA,"BRONZE GR - 66 kg: J. DONG (CHN) df. S. TAKAHASHI (JPN), 2-1",2017-05-12,7:49,試合,シニア(または不明),アジア選手権,2017,タイトルにJPN/Japan・選手名の一致,高,照合なし(同じローマ字が2人以上),Greco-Roman Wrestling - Asian C'ships - New Delhi,https://www.youtube.com/watch?v=suh7cay0ijA
6xTzQy9ukB4,"1/2 GR - 130 kg: B. MEHDIZADEH A (IRI) df. A. SONODA (JPN) by TF, 9-0",2017-05-12,6:45,試合,シニア(または不明),アジア選手権,2017,タイトルにJPN/Japan,高,照合なし,Greco-Roman Wrestling - Asian C'ships - New Delhi,https://www.youtube.com/watch?v=6xTzQy9ukB4
xAquu304QNA,"1/2 GR - 66 kg: A. KEBISPAYEV (KAZ) df. S. TAKAHASHI (JPN), 6-4",2017-05-12,13:12,試合,シニア(または不明),アジア選手権,2017,タイトルにJPN/Japan・選手名の一致,高,照合なし(同じローマ字が2人以上),Greco-Roman Wrestling - Asian C'ships - New Delhi,https://www.youtube.com/watch?v=xAquu304QNA
B0Zlm1xg9VU,"1/4 GR - 75 kg: B. KHASANOV (TJK) df. R. HAYASHI (JPN) by TF, 12-4",2017-05-12,3:31,試合,シニア(または不明),アジア選手権,2017,タイトルにJPN/Japan,高,照合なし,Greco-Roman Wrestling - Asian C'ships - New Delhi,https://www.youtube.com/watch?v=B0Zlm1xg9VU
JbWp9pdTbCI,"1/4 GR - 66 kg: S. TAKAHASHI (JPN) df. J. BUTJAMRUAL (THA) by TF, 11-0",2017-05-12,2:00,試合,シニア(または不明),アジア選手権,2017,タイトルにJPN/Japan・選手名の一致,高,照合なし(同じローマ字が2人以上),Greco-Roman Wrestling - Asian C'ships - New Delhi,https://www.youtube.com/watch?v=JbWp9pdTbCI
2JPrFVc-c40,"Qual. GR - 130 kg: A. SONODA (JPN) df. H. SUN (CHN), 4-4",2017-05-12,9:48,試合,シニア(または不明),アジア選手権,2017,タイトルにJPN/Japan,高,照合なし,Greco-Roman Wrestling - Asian C'ships - New Delhi,https://www.youtube.com/watch?v=2JPrFVc-c40
QvSjDAPGZEc,"Qual. GR - 80 kg: S. HARPREET (IND) df. Y. MAETA (JPN), 2-1",2017-05-12,7:52,試合,シニア(または不明),アジア選手権,2017,タイトルにJPN/Japan,高,照合なし,Greco-Roman Wrestling - Asian C'ships - New Delhi,https://www.youtube.com/watch?v=QvSjDAPGZEc
QDaIAeQqHvM,"1/2 GR - 71 kg: T. IZUMI (JPN) df. J. KIM (KOR), 2-1",2017-05-12,7:43,試合,シニア(または不明),アジア選手権,2017,タイトルにJPN/Japan,高,照合なし,Greco-Roman Wrestling - Asian C'ships - New Delhi,https://www.youtube.com/watch?v=QDaIAeQqHvM
ZCm4vKpPNDI,"1/2 GR - 85 kg: A. MATSUMOTO (JPN) df. M. SHAMSIDDINOV (UZB), 11-4",2017-05-12,10:21,試合,シニア(または不明),アジア選手権,2017,タイトルにJPN/Japan・選手名の一致,高,松本 彬夢(Ayumu MATSUMOTO),Greco-Roman Wrestling - Asian C'ships - New Delhi,https://www.youtube.com/watch?v=ZCm4vKpPNDI
9shlVB8Xrfs,"1/2 GR - 59 kg: K. FUMITA (JPN) df. S. ABDOUVALI (IRI), 9-4",2017-05-12,8:47,試合,シニア(または不明),アジア選手権,2017,タイトルにJPN/Japan・選手名の一致,高,文田 健一郎(Kenichiro FUMITA),Greco-Roman Wrestling - Asian C'ships - New Delhi,https://www.youtube.com/watch?v=9shlVB8Xrfs
NVQXOL5I_WU,"GOLD GR - 71 kg: T. IZUMI (JPN) df. A. BYABANGARD (IRI), 2-1",2017-05-12,9:12,試合,シニア(または不明),アジア選手権,2017,タイトルにJPN/Japan,高,照合なし,Greco-Roman Wrestling - Asian C'ships - New Delhi,https://www.youtube.com/watch?v=NVQXOL5I_WU
Zr40TXDBlcQ,"GOLD GR - 59 kg: K. FUMITA (JPN) df. M. AINAGULOV (KAZ), 2-1",2017-05-12,8:14,試合,シニア(または不明),アジア選手権,2017,タイトルにJPN/Japan・選手名の一致,高,文田 健一郎(Kenichiro FUMITA),Greco-Roman Wrestling - Asian C'ships - New Delhi,https://www.youtube.com/watch?v=Zr40TXDBlcQ
rRAbzWqs0sU,"Qual. GR - 59 kg: K. FUMITA (JPN) df. H. LEE (KOR), 5-3",2017-05-12,8:09,試合,シニア(または不明),アジア選手権,2017,タイトルにJPN/Japan・選手名の一致,高,文田 健一郎(Kenichiro FUMITA),Greco-Roman Wrestling - Asian C'ships - New Delhi,https://www.youtube.com/watch?v=rRAbzWqs0sU
-uP5Kml0QKQ,"1/4 GR - 59 kg: K. FUMITA (JPN) df. K. SULAIMANOV (KGZ) by FALL, 11-2",2017-05-12,8:35,試合,シニア(または不明),アジア選手権,2017,タイトルにJPN/Japan・選手名の一致,高,文田 健一郎(Kenichiro FUMITA),Greco-Roman Wrestling - Asian C'ships - New Delhi,https://www.youtube.com/watch?v=-uP5Kml0QKQ
brXUD7SHUEY,"1/4 GR - 85 kg: A. MATSUMOTO (JPN) df. K. ANIL (IND), 7-0",2017-05-12,9:36,試合,シニア(または不明),アジア選手権,2017,タイトルにJPN/Japan・選手名の一致,高,松本 彬夢(Ayumu MATSUMOTO),Greco-Roman Wrestling - Asian C'ships - New Delhi,https://www.youtube.com/watch?v=brXUD7SHUEY
5kAFAn5t9p0,"1/4 GR - 71 kg: T. IZUMI (JPN) df. P. SIRITHONG (THA) by TF, 9-0",2017-05-12,2:35,試合,シニア(または不明),アジア選手権,2017,タイトルにJPN/Japan,高,照合なし,Greco-Roman Wrestling - Asian C'ships - New Delhi,https://www.youtube.com/watch?v=5kAFAn5t9p0
oCcjepVYqsg,"GOLD GR - 85 kg: H. NOURI (IRI) df. A. MATSUMOTO (JPN), 4-2",2017-05-12,8:23,試合,シニア(または不明),アジア選手権,2017,タイトルにJPN/Japan・選手名の一致,高,松本 彬夢(Ayumu MATSUMOTO),Greco-Roman Wrestling - Asian C'ships - New Delhi,https://www.youtube.com/watch?v=oCcjepVYqsg
_glaQVY4kcU,Yui Susaki - Going for Gold,2017-05-11,1:50,その他,シニア(または不明),,2017,選手名の一致(国名なし),中,須﨑 優衣(Yui SUSAKI),Asian Champ's: News + Highlights / Special Features + Documentaries,https://www.youtube.com/watch?v=_glaQVY4kcU
HASVNQi47xA,Risako Kawai: The New Face of Women's Wrestling in Japan,2017-04-11,1:42,その他,シニア(または不明),,2017,タイトルにJPN/Japan,高,照合なし,Special Features + Documentaries,https://www.youtube.com/watch?v=HASVNQi47xA
ZnR7lVQFDXU,"1/8 GR - 80 kg: S. SAKABE (JPN) df. S. HARPREET (IND) by FALL, 6-4",2016-12-13,7:47,試合,シニア(または不明),オリンピック,2016,タイトルにJPN/Japan・選手名の一致,高,阪部 創(So SAKABE),Greco-Roman Wrestling - Non Olympic World Championships - Budapest 2016,https://www.youtube.com/watch?v=ZnR7lVQFDXU
JxZFdU3b4ME,"1/4 GR - 80 kg: J. OTABEKOV (UZB) df. S. SAKABE (JPN), 6-3",2016-12-13,8:27,試合,シニア(または不明),オリンピック,2016,タイトルにJPN/Japan・選手名の一致,高,阪部 創(So SAKABE),Greco-Roman Wrestling - Non Olympic World Championships - Budapest 2016,https://www.youtube.com/watch?v=JxZFdU3b4ME
-fcIcBReP1A,"1/4 FW - 60 kg: Y. SAKANO (JPN) df. S. BAATARJAV (MGL), 4-3",2016-12-13,11:36,試合,シニア(または不明),オリンピック,2016,タイトルにJPN/Japan・選手名の一致,高,坂野 結衣(Yui SAKANO),Women's Wrestling - Non Olympic World Championships - Budapest 2016,https://www.youtube.com/watch?v=-fcIcBReP1A
jB24-pV1KG8,"1/2 FW - 60 kg: X. PEI (CHN) df. Y. SAKANO (JPN), 8-6",2016-12-13,12:56,試合,シニア(または不明),オリンピック,2016,タイトルにJPN/Japan・選手名の一致,高,坂野 結衣(Yui SAKANO),Women's Wrestling - Non Olympic World Championships - Budapest 2016,https://www.youtube.com/watch?v=jB24-pV1KG8
I2nqHLrXMnQ,"BRONZE FW - 60 kg: E. BARKA (HUN) df. Y. SAKANO (JPN), 7-4",2016-12-13,9:06,試合,シニア(または不明),オリンピック,2016,タイトルにJPN/Japan・選手名の一致,高,坂野 結衣(Yui SAKANO),Women's Wrestling - Non Olympic World Championships - Budapest 2016,https://www.youtube.com/watch?v=I2nqHLrXMnQ
ckZf4GNO1Ms,"1/8 FS - 70 kg: N. TAKOJIMA (JPN) df. M. PISARSKI (POL) by TF, 10-0",2016-12-13,6:28,試合,シニア(または不明),オリンピック,2016,タイトルにJPN/Japan,高,照合なし,Freestyle Wrestling - Non Olympic World Championships - Budapest 2016,https://www.youtube.com/watch?v=ckZf4GNO1Ms
Yd-gH6iOcEE,"1/4 FS - 70 kg: N. TAKOJIMA (JPN) df. M. RADNOTI (SVK) by TF, 10-0",2016-12-13,2:05,試合,シニア(または不明),オリンピック,2016,タイトルにJPN/Japan,高,照合なし,Freestyle Wrestling - Non Olympic World Championships - Budapest 2016,https://www.youtube.com/watch?v=Yd-gH6iOcEE
5axVpH6GOjY,"1/2 FS - 70 kg: N. BEKZHANOV (KAZ) df. N. TAKOJIMA (JPN), 10-6",2016-12-13,8:09,試合,シニア(または不明),オリンピック,2016,タイトルにJPN/Japan,高,照合なし,Freestyle Wrestling - Non Olympic World Championships - Budapest 2016,https://www.youtube.com/watch?v=5axVpH6GOjY
8sjYYaY1cfw,"BRONZE FS - 70 kg: E. DOGDURBEK UU (KGZ) df. N. TAKOJIMA (JPN) by TF, 11-0",2016-12-13,6:50,試合,シニア(または不明),オリンピック,2016,タイトルにJPN/Japan,高,照合なし,Freestyle Wrestling - Non Olympic World Championships - Budapest 2016,https://www.youtube.com/watch?v=8sjYYaY1cfw
cijxICCHnR0,"1/4 FS - 61 kg: B. EHSANPOOR (IRI) df. S. ARIMOTO (JPN) by TF, 11-0",2016-12-11,7:15,試合,シニア(または不明),オリンピック,2016,タイトルにJPN/Japan・選手名の一致,高,照合なし,Freestyle Wrestling - Non Olympic World Championships - Budapest 2016,https://www.youtube.com/watch?v=cijxICCHnR0
78zoLxsrvmE,"1/8 FW - 55 kg: M. MUKAIDA (JPN) df. S. HILDEBRANDT (USA) by TF, 13-2",2016-12-10,7:35,試合,シニア(または不明),オリンピック,2016,タイトルにJPN/Japan,高,照合なし,Best of Sarah HILDEBRANDT / Women's Wrestling - Non Olympic World Championships - Budapest 2016,https://www.youtube.com/watch?v=78zoLxsrvmE
ZaPiZxIHx44,"1/8 GR - 71 kg: A. KURAK (RUS) df. T. UMENO (JPN), 5-1",2016-12-10,7:51,試合,シニア(または不明),オリンピック,2016,タイトルにJPN/Japan,高,照合なし,Greco-Roman Wrestling - Non Olympic World Championships - Budapest 2016,https://www.youtube.com/watch?v=ZaPiZxIHx44
_VXFyZMZ2jQ,"1/2 FW - 55 kg: M. MUKAIDA (JPN) df. A. ABDILDINA (KAZ) by TF, 10-0",2016-12-10,6:59,試合,シニア(または不明),オリンピック,2016,タイトルにJPN/Japan,高,照合なし,Women's Wrestling - Non Olympic World Championships - Budapest 2016,https://www.youtube.com/watch?v=_VXFyZMZ2jQ
oQXYOIwYfZ4,"1/4 FW - 55 kg: M. MUKAIDA (JPN) df. R. GALAMBOS (HUN) by TF, 10-0",2016-12-10,5:19,試合,シニア(または不明),オリンピック,2016,タイトルにJPN/Japan,高,照合なし,Women's Wrestling - Non Olympic World Championships - Budapest 2016,https://www.youtube.com/watch?v=oQXYOIwYfZ4
jUEw9qjLSP4,"1/8 FS - 61 kg: S. ARIMOTO (JPN) df. J. MOLNAR (HUN), 8-2",2016-12-10,8:18,試合,シニア(または不明),オリンピック,2016,タイトルにJPN/Japan・選手名の一致,高,照合なし,Freestyle Wrestling - Non Olympic World Championships - Budapest 2016,https://www.youtube.com/watch?v=jUEw9qjLSP4
-4W_UB3nhVk,"GOLD GR - 59 kg: K. FUMITA (JPN) df. F. TUKHTAEV (UZB) by FALL, 5-4",2016-11-26,6:32,試合,シニア(または不明),ランキングシリーズ等,2016,タイトルにJPN/Japan・選手名の一致,高,文田 健一郎(Kenichiro FUMITA),Best of Kenichiro Fumita / Greco-Roman Wrestling - Golden Grand Prix - Baku 2016,https://www.youtube.com/watch?v=-4W_UB3nhVk
N2SC5_A3h4Y,"Best Match from Day 3 -- 1/4 GR - 59 kg: K. FUMITA (JPN) df. T. MAMMADOV (AZE) by TF, 10-0",2016-11-26,6:28,試合,シニア(または不明),ランキングシリーズ等,2016,タイトルにJPN/Japan・選手名の一致,高,文田 健一郎(Kenichiro FUMITA),Highlights Baku 2016 - Golden Grand Prix / Greco-Roman Wrestling - Golden Grand Prix - Baku 2016,https://www.youtube.com/watch?v=N2SC5_A3h4Y
aHzjlO6fnRY,"Qual. GR - 59 kg: K. FUMITA (JPN) df. M. MAMMADOV (AZE), 7-4",2016-11-26,7:35,試合,シニア(または不明),ランキングシリーズ等,2016,タイトルにJPN/Japan・選手名の一致,高,文田 健一郎(Kenichiro FUMITA),Greco-Roman Wrestling - Golden Grand Prix - Baku 2016,https://www.youtube.com/watch?v=aHzjlO6fnRY
RBm-vh9t3ho,"1/2 GR - 59 kg: K. FUMITA (JPN) df. K. ZHOLCHUBEKOV (KGZ), 4-1",2016-11-26,9:24,試合,シニア(または不明),ランキングシリーズ等,2016,タイトルにJPN/Japan・選手名の一致,高,文田 健一郎(Kenichiro FUMITA),Greco-Roman Wrestling - Golden Grand Prix - Baku 2016,https://www.youtube.com/watch?v=RBm-vh9t3ho
onUGq8gGZGE,"1/2 FW - 58 kg: G. BULLEN (NOR) df. C. HAMADA (JPN), 6-4",2016-11-25,9:00,試合,シニア(または不明),ランキングシリーズ等,2016,タイトルにJPN/Japan,高,照合なし,Best of Grace Jacob BULLEN / Women's Wrestling - Golden Grand Prix - Baku 2016,https://www.youtube.com/watch?v=onUGq8gGZGE
--HrMzetLzM,"Best Match from Day 2 -- GOLD FW - 69 kg: M. FURUICHI (JPN) df. T. MENSAH (USA), 11-4",2016-11-25,9:49,試合,シニア(または不明),ランキングシリーズ等,2016,タイトルにJPN/Japan・選手名の一致,高,古市 雅子(Masako FURUICHI),Highlights Baku 2016 - Golden Grand Prix / Women's Wrestling - Golden Grand Prix - Baku 2016,https://www.youtube.com/watch?v=--HrMzetLzM
4UI8uCF7MS8,"Qual. FW - 53 kg: M. KADOYA (JPN) df. Y. KHAVALDZHY B (UKR) by Injury Default, 0-0",2016-11-25,0:25,試合,シニア(または不明),ランキングシリーズ等,2016,タイトルにJPN/Japan,高,照合なし,Women's Wrestling - Golden Grand Prix - Baku 2016,https://www.youtube.com/watch?v=4UI8uCF7MS8
nqxUoUUS2M0,"1/8 FW - 63 kg: A. GEMPEI (JPN) df. R. MANE (IND) by FALL, 8-0",2016-11-25,3:42,試合,シニア(または不明),ランキングシリーズ等,2016,タイトルにJPN/Japan,高,照合なし,Women's Wrestling - Golden Grand Prix - Baku 2016,https://www.youtube.com/watch?v=nqxUoUUS2M0
3GA_JrlSyCo,"Qual. FW - 75 kg: L. FERGUSON CAL (CAN) df. K. DOBASHI (JPN), 5-2",2016-11-25,7:57,試合,シニア(または不明),ランキングシリーズ等,2016,タイトルにJPN/Japan,高,照合なし,Women's Wrestling - Golden Grand Prix - Baku 2016,https://www.youtube.com/watch?v=3GA_JrlSyCo
A_gq_N0hryo,"1/4 FW - 58 kg: C. HAMADA (JPN) df. G. VASYLENKO (UKR), 7-5",2016-11-25,8:24,試合,シニア(または不明),ランキングシリーズ等,2016,タイトルにJPN/Japan,高,照合なし,Women's Wrestling - Golden Grand Prix - Baku 2016,https://www.youtube.com/watch?v=A_gq_N0hryo
DRioZbV3j2s,"1/4 FW - 48 kg: M. IGARASHI (JPN) df. I. BORISSOVA (KAZ) by FALL, 10-0",2016-11-25,4:17,試合,シニア(または不明),ランキングシリーズ等,2016,タイトルにJPN/Japan,高,照合なし,Women's Wrestling - Golden Grand Prix - Baku 2016,https://www.youtube.com/watch?v=DRioZbV3j2s
fAHD90dLPy8,"1/4 FW - 69 kg: M. FURUICHI (JPN) df. A. STADNIK MAKH (UKR) by TF, 10-0",2016-11-25,4:58,試合,シニア(または不明),ランキングシリーズ等,2016,タイトルにJPN/Japan・選手名の一致,高,古市 雅子(Masako FURUICHI),Women's Wrestling - Golden Grand Prix - Baku 2016,https://www.youtube.com/watch?v=fAHD90dLPy8
gVK8jgM0-Wg,"1/4 FW - 60 kg: A. ITO (JPN) df. I. NETREBA (AZE) by FALL, 6-3",2016-11-25,7:52,試合,シニア(または不明),ランキングシリーズ等,2016,タイトルにJPN/Japan・選手名の一致,高,伊藤 愛理(Airi ITO),Women's Wrestling - Golden Grand Prix - Baku 2016,https://www.youtube.com/watch?v=gVK8jgM0-Wg
2j1L7umKoQ0,"1/4 FW - 53 kg: M. KADOYA (JPN) df. S. STEWART (CAN), 6-4",2016-11-25,7:55,試合,シニア(または不明),ランキングシリーズ等,2016,タイトルにJPN/Japan,高,照合なし,Women's Wrestling - Golden Grand Prix - Baku 2016,https://www.youtube.com/watch?v=2j1L7umKoQ0
1ODHAaqVNEI,"1/2 FW - 63 kg: R. XU (CHN) df. A. GEMPEI (JPN), 2-1",2016-11-25,8:02,試合,シニア(または不明),ランキングシリーズ等,2016,タイトルにJPN/Japan,高,照合なし,Women's Wrestling - Golden Grand Prix - Baku 2016,https://www.youtube.com/watch?v=1ODHAaqVNEI
m9qu35fI8Bg,"1/2 FW - 60 kg: O. HERHEL (UKR) df. A. ITO (JPN), 4-3",2016-11-25,8:34,試合,シニア(または不明),ランキングシリーズ等,2016,タイトルにJPN/Japan・選手名の一致,高,伊藤 愛理(Airi ITO),Women's Wrestling - Golden Grand Prix - Baku 2016,https://www.youtube.com/watch?v=m9qu35fI8Bg
K7-FV0TKjXQ,"1/2 FW - 69 kg: M. FURUICHI (JPN) df. A. BRATCHIKOVA (RUS), 4-2",2016-11-25,7:49,試合,シニア(または不明),ランキングシリーズ等,2016,タイトルにJPN/Japan・選手名の一致,高,古市 雅子(Masako FURUICHI),Women's Wrestling - Golden Grand Prix - Baku 2016,https://www.youtube.com/watch?v=K7-FV0TKjXQ
Fc1Dck2yEkU,"1/2 FW - 48 kg: M. IGARASHI (JPN) df. V. CHEPSARAKOVA (RUS), 3-2",2016-11-25,8:41,試合,シニア(または不明),ランキングシリーズ等,2016,タイトルにJPN/Japan,高,照合なし,Women's Wrestling - Golden Grand Prix - Baku 2016,https://www.youtube.com/watch?v=Fc1Dck2yEkU
ClR7Dlzh0vc,"1/4 FW - 63 kg: A. GEMPEI (JPN) df. A. FOMENKO (RUS), 7-0",2016-11-25,8:13,試合,シニア(または不明),ランキングシリーズ等,2016,タイトルにJPN/Japan,高,照合なし,Women's Wrestling - Golden Grand Prix - Baku 2016,https://www.youtube.com/watch?v=ClR7Dlzh0vc
T0MX02m_uEk,"1/2 FW - 53 kg: M. KADOYA (JPN) df. A. DOROGAN (AZE), 4-2",2016-11-25,8:43,試合,シニア(または不明),ランキングシリーズ等,2016,タイトルにJPN/Japan,高,照合なし,Women's Wrestling - Golden Grand Prix - Baku 2016,https://www.youtube.com/watch?v=T0MX02m_uEk
Lmf458IcWtA,"GOLD FW - 48 kg: Y. SUN (CHN) df. M. IGARASHI (JPN), 6-0",2016-11-25,8:04,試合,シニア(または不明),ランキングシリーズ等,2016,タイトルにJPN/Japan,高,照合なし,Women's Wrestling - Golden Grand Prix - Baku 2016,https://www.youtube.com/watch?v=Lmf458IcWtA
dc4Kx7guteg,"GOLD FW - 53 kg: M. KADOYA (JPN) df. Q. PANG (CHN) by Injury Default, 0-0",2016-11-25,0:24,試合,シニア(または不明),ランキングシリーズ等,2016,タイトルにJPN/Japan,高,照合なし,Women's Wrestling - Golden Grand Prix - Baku 2016,https://www.youtube.com/watch?v=dc4Kx7guteg
o-GtONY-9nE,"BRONZE FW - 58 kg: V. CHUMIKOVA (RUS) df. C. HAMADA (JPN), 7-2",2016-11-25,9:15,試合,シニア(または不明),ランキングシリーズ等,2016,タイトルにJPN/Japan,高,照合なし,Women's Wrestling - Golden Grand Prix - Baku 2016,https://www.youtube.com/watch?v=o-GtONY-9nE
CJRK1nR1jyk,"BRONZE FW - 60 kg: A. ITO (JPN) df. L. MEJRI (TUN) by TF, 10-0",2016-11-25,5:27,試合,シニア(または不明),ランキングシリーズ等,2016,タイトルにJPN/Japan・選手名の一致,高,伊藤 愛理(Airi ITO),Women's Wrestling - Golden Grand Prix - Baku 2016,https://www.youtube.com/watch?v=CJRK1nR1jyk
JXYUs0PLQio,"BRONZE FW - 63 kg: A. GEMPEI (JPN) df. E. GAMBAROVA (AZE), 4-1",2016-11-25,9:27,試合,シニア(または不明),ランキングシリーズ等,2016,タイトルにJPN/Japan,高,照合なし,Women's Wrestling - Golden Grand Prix - Baku 2016,https://www.youtube.com/watch?v=JXYUs0PLQio
CXae9Wmj5aM,"1/8 FS - 57 kg: N. ISRAPILOV (RUS) df. Y. TAKAHASHI (JPN), 8-2",2016-11-24,8:15,試合,シニア(または不明),ランキングシリーズ等,2016,タイトルにJPN/Japan・選手名の一致,高,照合なし(同じローマ字が2人以上),Freestyle Wrestling - Golden Grand Prix - Baku 2016,https://www.youtube.com/watch?v=CXae9Wmj5aM
LzoZJ7_wvE0,"BRONZE FS - 57 kg: Y. TAKAHASHI (JPN) df. R. ATRINAGHARCH (IRI) by TF, 10-0",2016-11-24,7:53,試合,シニア(または不明),ランキングシリーズ等,2016,タイトルにJPN/Japan・選手名の一致,高,照合なし(同じローマ字が2人以上),Freestyle Wrestling - Golden Grand Prix - Baku 2016,https://www.youtube.com/watch?v=LzoZJ7_wvE0
vliz3k7u7TM,"Repechage FS - 57 kg: Y. TAKAHASHI (JPN) df. A. KHASHALOV (AZE), 8-2",2016-11-24,7:35,試合,シニア(または不明),ランキングシリーズ等,2016,タイトルにJPN/Japan・選手名の一致,高,照合なし(同じローマ字が2人以上),Freestyle Wrestling - Golden Grand Prix - Baku 2016,https://www.youtube.com/watch?v=vliz3k7u7TM
Lihl-8y6BK8,"GOLD FS - 85 kg: P. PETROSYAN (USA) df. H. YUGAWA (JPN) by FALL, 4-1",2016-10-09,4:16,試合,シニア(または不明),世界選手権,2016,タイトルにJPN/Japan,高,照合なし,Freestyle Wrestling - Veteran World Championships - Wałbrzych 2016,https://www.youtube.com/watch?v=Lihl-8y6BK8
Sko7WyDXQKY,"GOLD FS - 76 kg: T. ARSLAN (MGL) df. T. KAKEFUDA (JPN), 1-1",2016-10-09,6:50,試合,シニア(または不明),世界選手権,2016,タイトルにJPN/Japan,高,照合なし,Freestyle Wrestling - Veteran World Championships - Wałbrzych 2016,https://www.youtube.com/watch?v=Sko7WyDXQKY
PG_uUs70n-o,"1/4 FS - 69 kg: T. TIHANICS (HUN) df. H. OGATA (JPN) by TF, 11-0",2016-10-09,2:22,試合,シニア(または不明),世界選手権,2016,タイトルにJPN/Japan,高,照合なし,Freestyle Wrestling - Veteran World Championships - Wałbrzych 2016,https://www.youtube.com/watch?v=PG_uUs70n-o
Buyn-Kyr2rg,"1/2 FS - 85 kg: H. YUGAWA (JPN) df. R. NAVAZHAP (RUS), 4-1",2016-10-09,6:48,試合,シニア(または不明),世界選手権,2016,タイトルにJPN/Japan,高,照合なし,Freestyle Wrestling - Veteran World Championships - Wałbrzych 2016,https://www.youtube.com/watch?v=Buyn-Kyr2rg
IPcccssjkzs,"1/4 FS - 85 kg: H. YUGAWA (JPN) df. S. STOYANOV (BUL), 6-1",2016-10-09,5:35,試合,シニア(または不明),世界選手権,2016,タイトルにJPN/Japan,高,照合なし,Freestyle Wrestling - Veteran World Championships - Wałbrzych 2016,https://www.youtube.com/watch?v=IPcccssjkzs
fdwEuiI8eow,"1/4 FS - 76 kg: T. KAKEFUDA (JPN) df. S. PALI (HUN), 6-3",2016-10-09,6:22,試合,シニア(または不明),世界選手権,2016,タイトルにJPN/Japan,高,照合なし,Freestyle Wrestling - Veteran World Championships - Wałbrzych 2016,https://www.youtube.com/watch?v=fdwEuiI8eow
XCzeltgEdJw,"1/2 FS - 97 kg: V. ZABOLOTNII (MDA) df. K. SAKAKIBARA (JPN) by TF, 13-2",2016-10-09,4:22,試合,シニア(または不明),世界選手権,2016,タイトルにJPN/Japan・選手名の一致,高,榊原 啓三(Keizo SAKAKIBARA),Freestyle Wrestling - Veteran World Championships - Wałbrzych 2016,https://www.youtube.com/watch?v=XCzeltgEdJw
yWSZMxFKZto,"1/8 FS - 85 kg: H. YUGAWA (JPN) df. A. OZDEMİR (TUR) by TF, 10-0",2016-10-09,5:21,試合,シニア(または不明),世界選手権,2016,タイトルにJPN/Japan,高,照合なし,Freestyle Wrestling - Veteran World Championships - Wałbrzych 2016,https://www.youtube.com/watch?v=yWSZMxFKZto
TqrLTcAzhuU,"1/4 FS - 85 kg: H. YUGAWA (JPN) df. S. STOYANOV (BUL), 6-1",2016-10-09,0:26,試合,シニア(または不明),世界選手権,2016,タイトルにJPN/Japan,高,照合なし,Freestyle Wrestling - Veteran World Championships - Wałbrzych 2016,https://www.youtube.com/watch?v=TqrLTcAzhuU
wmQT1jpQHMw,"Qual. FS - 76 kg: T. KAKEFUDA (JPN) df. S. SZYMANSKI (POL), 7-0",2016-10-09,6:49,試合,シニア(または不明),世界選手権,2016,タイトルにJPN/Japan,高,照合なし,Freestyle Wrestling - Veteran World Championships - Wałbrzych 2016,https://www.youtube.com/watch?v=wmQT1jpQHMw
Kma2On_HktY,"Round 1 FW - 58 kg: J. SOBOLEWSKA (POL) df. K. NAKAMURA (JPN) by FALL, 6-0",2016-10-09,4:45,試合,シニア(または不明),世界選手権,2016,タイトルにJPN/Japan・選手名の一致,高,中村 圭佑(Keisuke NAKAMURA),Freestyle Wrestling - Veteran World Championships - Wałbrzych 2016,https://www.youtube.com/watch?v=Kma2On_HktY
TgJxL27AWo4,"Round 1 FS - 130 kg: L. BENGTSSON (SWE) df. M. SHISHIDO (JPN) by TF, 10-0",2016-10-09,1:54,試合,シニア(または不明),世界選手権,2016,タイトルにJPN/Japan,高,照合なし,Freestyle Wrestling - Veteran World Championships - Wałbrzych 2016,https://www.youtube.com/watch?v=TgJxL27AWo4
UBuCHQIyhqg,"Round 1 FS - 58 kg: H. OKADA (JPN) df. G. VAN DER MERW (RSA), 2-1",2016-10-09,5:58,試合,シニア(または不明),世界選手権,2016,タイトルにJPN/Japan,高,照合なし,Freestyle Wrestling - Veteran World Championships - Wałbrzych 2016,https://www.youtube.com/watch?v=UBuCHQIyhqg
v6fSSYHyL7M,"Qual. FS - 85 kg: S. BOLGAR (MDA) df. M. HASEGAWA (JPN) by TF, 10-0",2016-10-09,1:51,試合,シニア(または不明),世界選手権,2016,タイトルにJPN/Japan,高,照合なし,Freestyle Wrestling - Veteran World Championships - Wałbrzych 2016,https://www.youtube.com/watch?v=v6fSSYHyL7M
w8FIVf_WRVQ,"Round 1 FS - 63 kg: A. KALPATSANIDI (GRE) df. K. OISHI (JPN) by TF, 10-0",2016-10-09,1:33,試合,シニア(または不明),世界選手権,2016,タイトルにJPN/Japan,高,照合なし,Freestyle Wrestling - Veteran World Championships - Wałbrzych 2016,https://www.youtube.com/watch?v=w8FIVf_WRVQ
v-5FeDon1FM,"Round 2 FS - 130 kg: D. VAN STADEN (RSA) df. M. SHISHIDO (JPN) by TF, 10-0",2016-10-09,1:13,試合,シニア(または不明),世界選手権,2016,タイトルにJPN/Japan,高,照合なし,Freestyle Wrestling - Veteran World Championships - Wałbrzych 2016,https://www.youtube.com/watch?v=v-5FeDon1FM
1AtgtzgvXRs,"Round 2 FS - 63 kg: D. DAVEL (RSA) df. K. OISHI (JPN) by FALL, 8-0",2016-10-09,2:14,試合,シニア(または不明),世界選手権,2016,タイトルにJPN/Japan,高,照合なし,Freestyle Wrestling - Veteran World Championships - Wałbrzych 2016,https://www.youtube.com/watch?v=1AtgtzgvXRs
Ub5q9Tx0pgc,"Round 3 FW - 58 kg: K. WIECZOREK (POL) df. K. NAKAMURA (JPN) by FALL, 2-4",2016-10-09,5:16,試合,シニア(または不明),世界選手権,2016,タイトルにJPN/Japan・選手名の一致,高,中村 圭佑(Keisuke NAKAMURA),Freestyle Wrestling - Veteran World Championships - Wałbrzych 2016,https://www.youtube.com/watch?v=Ub5q9Tx0pgc
krbsfBcQ5Fk,"Round 3 FS - 63 kg: M. CASQUEIRO SU (ESP) df. K. OISHI (JPN), 6-4",2016-10-09,6:22,試合,シニア(または不明),世界選手権,2016,タイトルにJPN/Japan,高,照合なし,Freestyle Wrestling - Veteran World Championships - Wałbrzych 2016,https://www.youtube.com/watch?v=krbsfBcQ5Fk
JxVCPzK8ELQ,"Round 3 FS - 130 kg: A. KROLAK (POL) df. M. SHISHIDO (JPN), 4-3",2016-10-09,6:52,試合,シニア(または不明),世界選手権,2016,タイトルにJPN/Japan,高,照合なし,Freestyle Wrestling - Veteran World Championships - Wałbrzych 2016,https://www.youtube.com/watch?v=JxVCPzK8ELQ
wOXb3Qu2lKk,"GOLD FS - 69 kg: K. ITO (JPN) df. U. MAKAROV (GER), 6-0",2016-10-08,7:18,試合,シニア(または不明),世界選手権,2016,タイトルにJPN/Japan・選手名の一致,高,照合なし(同じローマ字が2人以上),Freestyle Wrestling - Veteran World Championships - Wałbrzych 2016,https://www.youtube.com/watch?v=wOXb3Qu2lKk
kQYuxEw2rSg,"Qual. FS - 85 kg: H. SHIBATA (JPN) df. A. VAN DER MERW (RSA), 4-0",2016-10-08,5:38,試合,シニア(または不明),世界選手権,2016,タイトルにJPN/Japan,高,照合なし,Freestyle Wrestling - Veteran World Championships - Wałbrzych 2016,https://www.youtube.com/watch?v=kQYuxEw2rSg
IZBRPfk1arU,"1/4 FS - 76 kg: V. PIRODDU (ITA) df. S. NOYAMA (JPN) by FALL, 2-0",2016-10-08,2:16,試合,シニア(または不明),世界選手権,2016,タイトルにJPN/Japan,高,照合なし,Freestyle Wrestling - Veteran World Championships - Wałbrzych 2016,https://www.youtube.com/watch?v=IZBRPfk1arU
duD7XdenoDs,"Round 1 FS - 58 kg: E. BASAR (TUR) df. M. KAKIZAKI (JPN) by TF, 10-0",2016-10-08,3:23,試合,シニア(または不明),世界選手権,2016,タイトルにJPN/Japan,高,照合なし,Freestyle Wrestling - Veteran World Championships - Wałbrzych 2016,https://www.youtube.com/watch?v=duD7XdenoDs
7YPk6i4jtzI,"1/2 FS - 69 kg: K. ITO (JPN) df. S. PARAI (FRA), 3-2",2016-10-08,6:12,試合,シニア(または不明),世界選手権,2016,タイトルにJPN/Japan・選手名の一致,高,照合なし(同じローマ字が2人以上),Freestyle Wrestling - Veteran World Championships - Wałbrzych 2016,https://www.youtube.com/watch?v=7YPk6i4jtzI
RW6wLixA1Eg,"Round 3 FS - 58 kg: S. SORKOMOV (RUS) df. M. KAKIZAKI (JPN) by TF, 10-0",2016-10-08,1:58,試合,シニア(または不明),世界選手権,2016,タイトルにJPN/Japan,高,照合なし,Freestyle Wrestling - Veteran World Championships - Wałbrzych 2016,https://www.youtube.com/watch?v=RW6wLixA1Eg
It7esHnCdKE,"1/8 FS - 85 kg: H. PIETRIK (SVK) df. H. SHIBATA (JPN) by FALL, 4-0",2016-10-08,1:27,試合,シニア(または不明),世界選手権,2016,タイトルにJPN/Japan,高,照合なし,Freestyle Wrestling - Veteran World Championships - Wałbrzych 2016,https://www.youtube.com/watch?v=It7esHnCdKE
SptR0NVJwGU,"Round 2 FS - 58 kg: J. GOLDMAN (USA) df. M. KAKIZAKI (JPN) by TF, 12-2",2016-10-08,2:04,試合,シニア(または不明),世界選手権,2016,タイトルにJPN/Japan,高,照合なし,Freestyle Wrestling - Veteran World Championships - Wałbrzych 2016,https://www.youtube.com/watch?v=SptR0NVJwGU
TnOH3Rp6Yk0,"1/4 FS - 69 kg: K. ITO (JPN) df. M. IBADOV (AZE), 4-2",2016-10-08,9:04,試合,シニア(または不明),世界選手権,2016,タイトルにJPN/Japan・選手名の一致,高,照合なし(同じローマ字が2人以上),Freestyle Wrestling - Veteran World Championships - Wałbrzych 2016,https://www.youtube.com/watch?v=TnOH3Rp6Yk0
0zPa_rm09yk,"Qual. FS - 69 kg: K. ITO (JPN) df. G. KRAWCZYK (POL) by TF, 10-0",2016-10-08,2:36,試合,シニア(または不明),世界選手権,2016,タイトルにJPN/Japan・選手名の一致,高,照合なし(同じローマ字が2人以上),Freestyle Wrestling - Veteran World Championships - Wałbrzych 2016,https://www.youtube.com/watch?v=0zPa_rm09yk
oRcZDELtrg0,"1/2 FS - 76 kg: T. KAKEFUDA (JPN) df. M. TURGANBAEV (KGZ), 2-1",2016-10-08,6:32,試合,シニア(または不明),世界選手権,2016,タイトルにJPN/Japan,高,照合なし,Freestyle Wrestling - Veteran World Championships - Wałbrzych 2016,https://www.youtube.com/watch?v=oRcZDELtrg0
ZRety-cG_-Q,"Qual. FS - 54 kg: H. TANIGUCHI (JPN) df. T. AKYUZ (TUR), 4-2",2016-09-18,8:05,試合,U17,世界選手権,2016,タイトルにJPN/Japan,高,照合なし,Freestyle Wrestling - Cadet World Championships - Tbilisi 2016,https://www.youtube.com/watch?v=ZRety-cG_-Q
0yZEosyNjQ4,"Qual. FS - 76 kg: S. YAMADA (JPN) df. Z. HORVATH (HUN) by TF, 12-2",2016-09-18,3:01,試合,U17,世界選手権,2016,タイトルにJPN/Japan・選手名の一致,高,山田 脩(Shu YAMADA),Freestyle Wrestling - Cadet World Championships - Tbilisi 2016,https://www.youtube.com/watch?v=0yZEosyNjQ4
0KIc3v8uCcI,"Qual. FS - 46 kg: H. TANAKA (JPN) df. A. KARABANS (LAT) by TF, 10-0",2016-09-18,5:50,試合,U17,世界選手権,2016,タイトルにJPN/Japan・選手名の一致,高,田中 宏尚(Hironao TANAKA),Freestyle Wrestling - Cadet World Championships - Tbilisi 2016,https://www.youtube.com/watch?v=0KIc3v8uCcI
cIc93NWg0WQ,"1/8 FS - 100 kg: A. HAMZATOV (AZE) df. S. YAMAMOTO (JPN) by TF, 8-0",2016-09-18,5:38,試合,U17,世界選手権,2016,タイトルにJPN/Japan,高,照合なし,Freestyle Wrestling - Cadet World Championships - Tbilisi 2016,https://www.youtube.com/watch?v=cIc93NWg0WQ
TnRnFqg4V-k,"1/8 FS - 76 kg: S. YAMADA (JPN) df. N. NAVEEN (IND), 10-2",2016-09-18,6:10,試合,U17,世界選手権,2016,タイトルにJPN/Japan・選手名の一致,高,山田 脩(Shu YAMADA),Freestyle Wrestling - Cadet World Championships - Tbilisi 2016,https://www.youtube.com/watch?v=TnRnFqg4V-k
ja0TEuGt_9g,"1/8 FS - 54 kg: H. TANIGUCHI (JPN) df. T. BAYRAMOV (AZE), 1-0",2016-09-18,10:21,試合,U17,世界選手権,2016,タイトルにJPN/Japan,高,照合なし,Freestyle Wrestling - Cadet World Championships - Tbilisi 2016,https://www.youtube.com/watch?v=ja0TEuGt_9g
rE4DWkBd8XQ,"1/8 FS - 46 kg: H. TANAKA (JPN) df. A. KHODABAKHSHI (IRI), 9-6",2016-09-18,9:30,試合,U17,世界選手権,2016,タイトルにJPN/Japan・選手名の一致,高,田中 宏尚(Hironao TANAKA),Freestyle Wrestling - Cadet World Championships - Tbilisi 2016,https://www.youtube.com/watch?v=rE4DWkBd8XQ
jBRX20QmuhQ,"1/8 FS - 63 kg: J. MOTOYAMA (JPN) df. K. KARAN (IND), 6-0",2016-09-18,5:49,試合,U17,世界選手権,2016,タイトルにJPN/Japan,高,照合なし,Freestyle Wrestling - Cadet World Championships - Tbilisi 2016,https://www.youtube.com/watch?v=jBRX20QmuhQ
wARJUyHqG-0,"1/4 FS - 54 kg: A. OKENOV (KAZ) df. H. TANIGUCHI (JPN) by FALL, 12-0",2016-09-18,4:22,試合,U17,世界選手権,2016,タイトルにJPN/Japan,高,照合なし,Freestyle Wrestling - Cadet World Championships - Tbilisi 2016,https://www.youtube.com/watch?v=wARJUyHqG-0
6tH_v_wvNvE,"1/2 FS - 63 kg: J. DIAKOMIHALIS (USA) df. J. MOTOYAMA (JPN), 9-3",2016-09-18,7:13,試合,U17,世界選手権,2016,タイトルにJPN/Japan,高,照合なし,Freestyle Wrestling - Cadet World Championships - Tbilisi 2016,https://www.youtube.com/watch?v=6tH_v_wvNvE
HRGmBBfCOGw,"1/4 FS - 63 kg: J. MOTOYAMA (JPN) df. M. SAIDULAEV (RUS), 6-3",2016-09-18,5:55,試合,U17,世界選手権,2016,タイトルにJPN/Japan,高,照合なし,Freestyle Wrestling - Cadet World Championships - Tbilisi 2016,https://www.youtube.com/watch?v=HRGmBBfCOGw
kvA3fyGjQbM,"1/4 FS - 46 kg: H. TANAKA (JPN) df. R. JURAEV (UZB), 5-3",2016-09-18,8:29,試合,U17,世界選手権,2016,タイトルにJPN/Japan・選手名の一致,高,田中 宏尚(Hironao TANAKA),Freestyle Wrestling - Cadet World Championships - Tbilisi 2016,https://www.youtube.com/watch?v=kvA3fyGjQbM
RBDOSKeWWyc,"1/4 FS - 76 kg: S. YAMADA (JPN) df. J. DEML (GER), 11-4",2016-09-18,7:19,試合,U17,世界選手権,2016,タイトルにJPN/Japan・選手名の一致,高,山田 脩(Shu YAMADA),Freestyle Wrestling - Cadet World Championships - Tbilisi 2016,https://www.youtube.com/watch?v=RBDOSKeWWyc
xGXN2DDKxpg,"1/2 FS - 46 kg: S. SHELAR (IND) df. H. TANAKA (JPN) by withdrawal, 6-0",2016-09-18,5:39,試合,U17,世界選手権,2016,タイトルにJPN/Japan・選手名の一致,高,田中 宏尚(Hironao TANAKA),Freestyle Wrestling - Cadet World Championships - Tbilisi 2016,https://www.youtube.com/watch?v=xGXN2DDKxpg
mbl1f-OvRvs,"1/2 FS - 76 kg: K. ABDULZHAMALO (RUS) df. S. YAMADA (JPN), 7-7",2016-09-18,8:02,試合,U17,世界選手権,2016,タイトルにJPN/Japan・選手名の一致,高,山田 脩(Shu YAMADA),Freestyle Wrestling - Cadet World Championships - Tbilisi 2016,https://www.youtube.com/watch?v=mbl1f-OvRvs
ifrBn914j_k,"BRONZE FS - 76 kg: T. WITTLAKE JR (USA) df. S. YAMADA (JPN), 0-0",2016-09-18,8:44,試合,U17,世界選手権,2016,タイトルにJPN/Japan・選手名の一致,高,山田 脩(Shu YAMADA),Freestyle Wrestling - Cadet World Championships - Tbilisi 2016,https://www.youtube.com/watch?v=ifrBn914j_k
yQwu7VpGKKg,"BRONZE FS - 46 kg: M. BUDAI KOVACS (HUN) df. H. TANAKA (JPN) by Injury Default, 0-0",2016-09-18,0:35,試合,U17,世界選手権,2016,タイトルにJPN/Japan・選手名の一致,高,田中 宏尚(Hironao TANAKA),Freestyle Wrestling - Cadet World Championships - Tbilisi 2016,https://www.youtube.com/watch?v=yQwu7VpGKKg
sk1O6bq2RMQ,"BRONZE FS - 63 kg: J. MOTOYAMA (JPN) df. U. TOLEGEN (KAZ), 0-0",2016-09-18,6:26,試合,U17,世界選手権,2016,タイトルにJPN/Japan,高,照合なし,Freestyle Wrestling - Cadet World Championships - Tbilisi 2016,https://www.youtube.com/watch?v=sk1O6bq2RMQ
eDIFObsK5CQ,"GOLD FW - 70 kg: Y. MATSUYUKI (JPN) df. A. MEDET KYZY (KGZ), 7-2",2016-09-17,7:55,試合,U17,世界選手権,2016,タイトルにJPN/Japan・選手名の一致,高,松雪 泰葉(Yasuha MATSUYUKI),Best of Aiperi Medet Kyzy / Freestyle Wrestling - Cadet World Championships - Tbilisi 2016,https://www.youtube.com/watch?v=eDIFObsK5CQ
UwvceC96wRU,"1/4 FS - 58 kg: V. ARUJAU (USA) df. R. SAKAKI (JPN), 9-6",2016-09-17,6:37,試合,U17,世界選手権,2016,タイトルにJPN/Japan・選手名の一致,高,榊 流斗(Ryuto SAKAKI),Freestyle Wrestling - Cadet World Championships - Tbilisi 2016,https://www.youtube.com/watch?v=UwvceC96wRU
hXYKBhG46p4,"1/4 FS - 50 kg: D. HATTORI (JPN) df. X. COETZEE (RSA) by TF, 11-0",2016-09-17,3:58,試合,U17,世界選手権,2016,タイトルにJPN/Japan,高,照合なし,Freestyle Wrestling - Cadet World Championships - Tbilisi 2016,https://www.youtube.com/watch?v=hXYKBhG46p4
cAgQIWW2KlA,"1/2 FS - 50 kg: P. KOPYLOV (RUS) df. D. HATTORI (JPN), 4-2",2016-09-17,6:03,試合,U17,世界選手権,2016,タイトルにJPN/Japan,高,照合なし,Freestyle Wrestling - Cadet World Championships - Tbilisi 2016,https://www.youtube.com/watch?v=cAgQIWW2KlA
u7HU2Uo-15I,"1/2 FS - 69 kg: A. ABAKAROV (AZE) df. Y. IZUTSU (JPN) by TF, 10-0",2016-09-17,6:01,試合,U17,世界選手権,2016,タイトルにJPN/Japan,高,照合なし,Freestyle Wrestling - Cadet World Championships - Tbilisi 2016,https://www.youtube.com/watch?v=u7HU2Uo-15I
97n1NaIT8NE,"Repechage FS - 58 kg: R. SAKAKI (JPN) df. H. CANDELARIA R (PUR), 6-0",2016-09-17,6:05,試合,U17,世界選手権,2016,タイトルにJPN/Japan・選手名の一致,高,榊 流斗(Ryuto SAKAKI),Freestyle Wrestling - Cadet World Championships - Tbilisi 2016,https://www.youtube.com/watch?v=97n1NaIT8NE
-K3LN1lVqZM,"1/4 FS - 69 kg: Y. IZUTSU (JPN) df. M. MAGOMEDOV (RUS), 5-4",2016-09-17,7:45,試合,U17,世界選手権,2016,タイトルにJPN/Japan,高,照合なし,Freestyle Wrestling - Cadet World Championships - Tbilisi 2016,https://www.youtube.com/watch?v=-K3LN1lVqZM
bDP85lzwSUI,"1/8 FS - 50 kg: D. HATTORI (JPN) df. A. HAKALA (FIN) by TF, 10-0",2016-09-17,4:29,試合,U17,世界選手権,2016,タイトルにJPN/Japan,高,照合なし,Freestyle Wrestling - Cadet World Championships - Tbilisi 2016,https://www.youtube.com/watch?v=bDP85lzwSUI
NipnUQAz4sQ,"1/8 FS - 58 kg: R. SAKAKI (JPN) df. R. ZARBALIEV (ISR) by TF, 10-0",2016-09-17,5:50,試合,U17,世界選手権,2016,タイトルにJPN/Japan・選手名の一致,高,榊 流斗(Ryuto SAKAKI),Freestyle Wrestling - Cadet World Championships - Tbilisi 2016,https://www.youtube.com/watch?v=NipnUQAz4sQ
a-VlDBJdy7I,"1/8 FS - 69 kg: Y. IZUTSU (JPN) df. R. AINSLEY (NZL) by TF, 10-0",2016-09-17,1:55,試合,U17,世界選手権,2016,タイトルにJPN/Japan,高,照合なし,Freestyle Wrestling - Cadet World Championships - Tbilisi 2016,https://www.youtube.com/watch?v=a-VlDBJdy7I
2GR_Iu56LY8,"1/8 FS - 85 kg: S. HASHEMIJOUYB (IRI) df. H. ISHIGURO (JPN), 3-2",2016-09-17,6:20,試合,U17,世界選手権,2016,タイトルにJPN/Japan・選手名の一致,高,石黒 隼士(Hayato ISHIGURO),Freestyle Wrestling - Cadet World Championships - Tbilisi 2016,https://www.youtube.com/watch?v=2GR_Iu56LY8
VvdliLdtmMA,"1/8 FS - 42 kg: M. ABDURAKHMANO (RUS) df. K. UDOHIRA (JPN), 6-0",2016-09-17,6:14,試合,U17,世界選手権,2016,タイトルにJPN/Japan,高,照合なし,Freestyle Wrestling - Cadet World Championships - Tbilisi 2016,https://www.youtube.com/watch?v=VvdliLdtmMA
8qVtl9pWU5c,"Qual. FS - 69 kg: Y. IZUTSU (JPN) df. D. ASKAROV (KAZ), 6-3",2016-09-17,6:17,試合,U17,世界選手権,2016,タイトルにJPN/Japan,高,照合なし,Freestyle Wrestling - Cadet World Championships - Tbilisi 2016,https://www.youtube.com/watch?v=8qVtl9pWU5c
cVLNRzMTWCk,"BRONZE FS - 50 kg: T. KATAMADZE (GEO) df. D. HATTORI (JPN), 8-6",2016-09-17,6:40,試合,U17,世界選手権,2016,タイトルにJPN/Japan,高,照合なし,Freestyle Wrestling - Cadet World Championships - Tbilisi 2016,https://www.youtube.com/watch?v=cVLNRzMTWCk
3VZZQLckPEE,"BRONZE FS - 58 kg: D. BOROHAN (UKR) df. R. SAKAKI (JPN), 3-3",2016-09-17,10:30,試合,U17,世界選手権,2016,タイトルにJPN/Japan・選手名の一致,高,榊 流斗(Ryuto SAKAKI),Freestyle Wrestling - Cadet World Championships - Tbilisi 2016,https://www.youtube.com/watch?v=3VZZQLckPEE
Cqhyb5SJyvo,"BRONZE FS - 69 kg: D. KALAYCI (TUR) df. Y. IZUTSU (JPN), 11-10",2016-09-17,12:53,試合,U17,世界選手権,2016,タイトルにJPN/Japan,高,照合なし,Freestyle Wrestling - Cadet World Championships - Tbilisi 2016,https://www.youtube.com/watch?v=Cqhyb5SJyvo
lJd6jAxmSrg,"GOLD FW - 40 kg: T. SAKURAI (JPN) df. M. MANSI (IND) by TF, 0-0",2016-09-16,2:51,試合,U17,世界選手権,2016,タイトルにJPN/Japan,高,照合なし,Best of Tsugumi SAKURAI / Women's Wrestling - Cadet World Championships - Tbilisi 2016,https://www.youtube.com/watch?v=lJd6jAxmSrg
8Ozyk-t6ww0,"Qual. FW - 40 kg: T. SAKURAI (JPN) df. H. SAGLAM (TUR) by FALL, 10-0",2016-09-16,4:15,試合,U17,世界選手権,2016,タイトルにJPN/Japan,高,照合なし,Best of Tsugumi SAKURAI / Women's Wrestling - Cadet World Championships - Tbilisi 2016,https://www.youtube.com/watch?v=8Ozyk-t6ww0
RbwY19AmfRI,"1/2 FW - 40 kg: T. SAKURAI (JPN) df. A. ARGUNOVA (RUS) by TF, 10-0",2016-09-16,4:08,試合,U17,世界選手権,2016,タイトルにJPN/Japan,高,照合なし,Best of Tsugumi SAKURAI / Women's Wrestling - Cadet World Championships - Tbilisi 2016,https://www.youtube.com/watch?v=RbwY19AmfRI
zUpT5bGBbmA,"1/4 FW - 40 kg: T. SAKURAI (JPN) df. Y. CHANG (TPE) by TF, 10-0",2016-09-16,4:38,試合,U17,世界選手権,2016,タイトルにJPN/Japan,高,照合なし,Best of Tsugumi SAKURAI / Women's Wrestling - Cadet World Championships - Tbilisi 2016,https://www.youtube.com/watch?v=zUpT5bGBbmA
Zv00TxameXo,"1/2 FW - 46 kg: S. YOSHIMURA (JPN) df. E. MALMGREN (SWE), 9-6",2016-09-16,6:09,試合,U17,世界選手権,2016,タイトルにJPN/Japan・選手名の一致,高,吉村 翔吾(Shogo YOSHIMURA),Best of Emma Jonna Denise MALMGREN / Highlights Tbilisi 2016 - Cadet World Championships / Women's Wrestling - Cadet World Championships - Tbilisi 2016,https://www.youtube.com/watch?v=Zv00TxameXo
pLp0L4yPcVg,"1/8 FS - Alysh MFS 70: D. BAKAKURI (GER) df. K. HAYAKAWA (JPN) by DQ, 3-2",2016-09-16,3:50,試合,シニア(または不明),世界選手権,2016,タイトルにJPN/Japan,高,照合なし,Freestyle - Belt World Championships - Cholpon Ata 2016,https://www.youtube.com/watch?v=pLp0L4yPcVg
sp_vtT_3f98,"Qual. FW - 70 kg: Y. MATSUYUKI (JPN) df. R. RAMA ESCRIBA (ESP), 6-0",2016-09-16,5:50,試合,U17,世界選手権,2016,タイトルにJPN/Japan・選手名の一致,高,松雪 泰葉(Yasuha MATSUYUKI),Women's Wrestling - Cadet World Championships - Tbilisi 2016,https://www.youtube.com/watch?v=sp_vtT_3f98
8ljzDthwhHw,"1/8 FW - 46 kg: S. YOSHIMURA (JPN) df. A. MARTINEZ (USA), 6-4",2016-09-16,6:11,試合,U17,世界選手権,2016,タイトルにJPN/Japan・選手名の一致,高,吉村 翔吾(Shogo YOSHIMURA),Women's Wrestling - Cadet World Championships - Tbilisi 2016,https://www.youtube.com/watch?v=8ljzDthwhHw
naJ3TJTOP_o,"Qual. FW - 60 kg: A. KODAMA (JPN) df. I. MARINKOVA (BUL) by FALL, 4-0",2016-09-16,1:54,試合,U17,世界選手権,2016,タイトルにJPN/Japan,高,照合なし,Women's Wrestling - Cadet World Championships - Tbilisi 2016,https://www.youtube.com/watch?v=naJ3TJTOP_o
TOCP7S4d0Xs,"1/4 FW - 60 kg: A. KODAMA (JPN) df. K. SAXENA (CAN) by TF, 10-0",2016-09-16,5:54,試合,U17,世界選手権,2016,タイトルにJPN/Japan,高,照合なし,Women's Wrestling - Cadet World Championships - Tbilisi 2016,https://www.youtube.com/watch?v=TOCP7S4d0Xs
HYbPCWrd8ec,"1/8 FW - 60 kg: A. KODAMA (JPN) df. E. SELL (GER) by TF, 10-0",2016-09-16,5:00,試合,U17,世界選手権,2016,タイトルにJPN/Japan,高,照合なし,Women's Wrestling - Cadet World Championships - Tbilisi 2016,https://www.youtube.com/watch?v=HYbPCWrd8ec
qGMk0zh1x1s,"1/8 FW - 70 kg: Y. MATSUYUKI (JPN) df. A. ZIMIANKOVA (BLR) by TF, 12-1",2016-09-16,5:39,試合,U17,世界選手権,2016,タイトルにJPN/Japan・選手名の一致,高,松雪 泰葉(Yasuha MATSUYUKI),Women's Wrestling - Cadet World Championships - Tbilisi 2016,https://www.youtube.com/watch?v=qGMk0zh1x1s
cRRzvt4A1DU,"GOLD FW - 60 kg: A. KODAMA (JPN) df. M. LACHUGINA (RUS) by TF, 10-0",2016-09-16,5:57,試合,U17,世界選手権,2016,タイトルにJPN/Japan,高,照合なし,Women's Wrestling - Cadet World Championships - Tbilisi 2016,https://www.youtube.com/watch?v=cRRzvt4A1DU
0US_nYFDcmI,"GOLD FW - 52 kg: H. OKUNO (JPN) df. R. HEATON (USA), 4-2",2016-09-16,5:36,試合,U17,世界選手権,2016,タイトルにJPN/Japan,高,照合なし,Women's Wrestling - Cadet World Championships - Tbilisi 2016,https://www.youtube.com/watch?v=0US_nYFDcmI
lAr9qrOO4U0,"GOLD FW - 46 kg: S. YOSHIMURA (JPN) df. A. ANA (ROU) by FALL, 7-0",2016-09-16,2:39,試合,U17,世界選手権,2016,タイトルにJPN/Japan・選手名の一致,高,吉村 翔吾(Shogo YOSHIMURA),Women's Wrestling - Cadet World Championships - Tbilisi 2016,https://www.youtube.com/watch?v=lAr9qrOO4U0
wA2AtEyH3RE,"1/4 FW - 52 kg: H. OKUNO (JPN) df. N. MARSBEK KYZY (KGZ) by FALL, 10-0",2016-09-16,3:01,試合,U17,世界選手権,2016,タイトルにJPN/Japan,高,照合なし,Women's Wrestling - Cadet World Championships - Tbilisi 2016,https://www.youtube.com/watch?v=wA2AtEyH3RE
3mTQsl71Qhw,"1/2 FW - 52 kg: H. OKUNO (JPN) df. A. RIVERA BELLI (PUR), 6-1",2016-09-16,5:53,試合,U17,世界選手権,2016,タイトルにJPN/Japan,高,照合なし,Women's Wrestling - Cadet World Championships - Tbilisi 2016,https://www.youtube.com/watch?v=3mTQsl71Qhw
GQOXoogF5Y8,"1/4 FW - 46 kg: S. YOSHIMURA (JPN) df. N. VARAKINA (BLR) by FALL, 6-0",2016-09-16,2:17,試合,U17,世界選手権,2016,タイトルにJPN/Japan・選手名の一致,高,吉村 翔吾(Shogo YOSHIMURA),Women's Wrestling - Cadet World Championships - Tbilisi 2016,https://www.youtube.com/watch?v=GQOXoogF5Y8
gSw-03_Xmr8,"1/8 FW - 52 kg: H. OKUNO (JPN) df. C. DI DIO (ITA) by TF, 10-0",2016-09-16,2:28,試合,U17,世界選手権,2016,タイトルにJPN/Japan,高,照合なし,Women's Wrestling - Cadet World Championships - Tbilisi 2016,https://www.youtube.com/watch?v=gSw-03_Xmr8
GhIz2MayE4E,"1/2 FW - 60 kg: A. KODAMA (JPN) df. A. BOYD (USA), 8-0",2016-09-16,6:30,試合,U17,世界選手権,2016,タイトルにJPN/Japan,高,照合なし,Women's Wrestling - Cadet World Championships - Tbilisi 2016,https://www.youtube.com/watch?v=GhIz2MayE4E
IQFCJrH8SM0,"1/2 FW - 70 kg: Y. MATSUYUKI (JPN) df. B. NAGY (HUN), 5-0",2016-09-16,6:45,試合,U17,世界選手権,2016,タイトルにJPN/Japan・選手名の一致,高,松雪 泰葉(Yasuha MATSUYUKI),Women's Wrestling - Cadet World Championships - Tbilisi 2016,https://www.youtube.com/watch?v=IQFCJrH8SM0
BY3SZV73dNM,"1/4 FW - 70 kg: Y. MATSUYUKI (JPN) df. E. ZAKHARCHENKO (RUS), 6-4",2016-09-16,6:12,試合,U17,世界選手権,2016,タイトルにJPN/Japan・選手名の一致,高,松雪 泰葉(Yasuha MATSUYUKI),Women's Wrestling - Cadet World Championships - Tbilisi 2016,https://www.youtube.com/watch?v=BY3SZV73dNM
S9zKRRdBcLg,"GOLD FW - 56 kg: A. SAWA (JPN) df. A. NICHITA (MDA), 6-2",2016-09-15,6:49,試合,U17,世界選手権,2016,タイトルにJPN/Japan,高,照合なし,Best of Anastasia NICHITA / Women's Wrestling - Cadet World Championships - Tbilisi 2016,https://www.youtube.com/watch?v=S9zKRRdBcLg
_ucV38yT8d8,"1/2 FW - 49 kg: Y. SUSAKI (JPN) df. M. KILTY (USA) by FALL, 8-0",2016-09-15,7:22,試合,U17,世界選手権,2016,タイトルにJPN/Japan・選手名の一致,高,須﨑 優衣(Yui SUSAKI),Best of Yui Susaki / Women's Wrestling - Cadet World Championships - Tbilisi 2016,https://www.youtube.com/watch?v=_ucV38yT8d8
mTV75fWqhlw,"1/4 FW - 49 kg: Y. SUSAKI (JPN) df. Y. ZHAUNERYK (BLR) by FALL, 4-0",2016-09-15,1:16,試合,U17,世界選手権,2016,タイトルにJPN/Japan・選手名の一致,高,須﨑 優衣(Yui SUSAKI),Best of Yui Susaki / Women's Wrestling - Cadet World Championships - Tbilisi 2016,https://www.youtube.com/watch?v=mTV75fWqhlw
a--hAHIWLF0,"1/8 FW - 49 kg: Y. SUSAKI (JPN) df. D. FODOR (ROU) by TF, 10-0",2016-09-15,1:31,試合,U17,世界選手権,2016,タイトルにJPN/Japan・選手名の一致,高,須﨑 優衣(Yui SUSAKI),Best of Yui Susaki / Women's Wrestling - Cadet World Championships - Tbilisi 2016,https://www.youtube.com/watch?v=a--hAHIWLF0
isjtlVQ6g-A,"Qual. FW - 49 kg: Y. SUSAKI (JPN) df. Z. ALIYEVA (AZE) by TF, 10-0",2016-09-15,1:23,試合,U17,世界選手権,2016,タイトルにJPN/Japan・選手名の一致,高,須﨑 優衣(Yui SUSAKI),Best of Yui Susaki / Women's Wrestling - Cadet World Championships - Tbilisi 2016,https://www.youtube.com/watch?v=isjtlVQ6g-A
G_p8GztIkE4,"1/4 FW - 56 kg: A. SAWA (JPN) df. Y. FIRSTOVA (KAZ) by FALL, 15-4",2016-09-15,3:38,試合,U17,世界選手権,2016,タイトルにJPN/Japan,高,照合なし,Highlights Tbilisi 2016 - Cadet World Championships / Women's Wrestling - Cadet World Championships - Tbilisi 2016,https://www.youtube.com/watch?v=G_p8GztIkE4
VpdgurFtWEI,"1/4 FW - 43 kg: M. UENO (JPN) df. A. TORRES RUBIO (ESP) by TF, 10-0",2016-09-15,3:02,試合,U17,世界選手権,2016,タイトルにJPN/Japan,高,照合なし,Women's Wrestling - Cadet World Championships - Tbilisi 2016,https://www.youtube.com/watch?v=VpdgurFtWEI
aWBxZr2pSfo,"1/8 FW - 65 kg: M. MORIKAWA (JPN) df. A. DEMIR (TUR) by TF, 8-0",2016-09-15,5:26,試合,U17,世界選手権,2016,タイトルにJPN/Japan・選手名の一致,高,森川 美和(Miwa MORIKAWA),Women's Wrestling - Cadet World Championships - Tbilisi 2016,https://www.youtube.com/watch?v=aWBxZr2pSfo
2wWMdsYX5z4,"1/2 FW - 43 kg: M. UENO (JPN) df. A. JAMALOVA (AZE) by TF, 10-0",2016-09-15,2:45,試合,U17,世界選手権,2016,タイトルにJPN/Japan,高,照合なし,Women's Wrestling - Cadet World Championships - Tbilisi 2016,https://www.youtube.com/watch?v=2wWMdsYX5z4
Tn0ibqJeoz0,"1/4 FW - 65 kg: M. MORIKAWA (JPN) df. M. ZHUMANAZAROV (KGZ), 4-0",2016-09-15,6:47,試合,U17,世界選手権,2016,タイトルにJPN/Japan・選手名の一致,高,森川 美和(Miwa MORIKAWA),Women's Wrestling - Cadet World Championships - Tbilisi 2016,https://www.youtube.com/watch?v=Tn0ibqJeoz0
4KEPdEQ-mpQ,"1/2 FW - 56 kg: A. SAWA (JPN) df. K. SAZYKINA (BLR), 7-6",2016-09-15,7:50,試合,U17,世界選手権,2016,タイトルにJPN/Japan,高,照合なし,Women's Wrestling - Cadet World Championships - Tbilisi 2016,https://www.youtube.com/watch?v=4KEPdEQ-mpQ
tw5gN74uBb8,"GOLD FW - 49 kg: Y. SUSAKI (JPN) df. M. TIUMEREKOVA (RUS) by TF, 10-0",2016-09-15,2:54,試合,U17,世界選手権,2016,タイトルにJPN/Japan・選手名の一致,高,須﨑 優衣(Yui SUSAKI),Women's Wrestling - Cadet World Championships - Tbilisi 2016,https://www.youtube.com/watch?v=tw5gN74uBb8
DUy1bzAepss,"GOLD FW - 43 kg: M. UENO (JPN) df. D. KHVOSTOVA (RUS) by TF, 10-0",2016-09-15,4:23,試合,U17,世界選手権,2016,タイトルにJPN/Japan,高,照合なし,Women's Wrestling - Cadet World Championships - Tbilisi 2016,https://www.youtube.com/watch?v=DUy1bzAepss
ORvPJojgtaE,"Qual. FW - 43 kg: M. UENO (JPN) df. N. KURYSHTA (BLR) by TF, 10-0",2016-09-15,1:29,試合,U17,世界選手権,2016,タイトルにJPN/Japan,高,照合なし,Women's Wrestling - Cadet World Championships - Tbilisi 2016,https://www.youtube.com/watch?v=ORvPJojgtaE
eDCjjYgqiKw,"1/2 FW - 65 kg: M. MORIKAWA (JPN) df. A. RUTKAUSKAITE (LTU) by TF, 10-0",2016-09-15,2:26,試合,U17,世界選手権,2016,タイトルにJPN/Japan・選手名の一致,高,森川 美和(Miwa MORIKAWA),Women's Wrestling - Cadet World Championships - Tbilisi 2016,https://www.youtube.com/watch?v=eDCjjYgqiKw
1EDbBZJIDMU,"1/8 FW - 56 kg: A. SAWA (JPN) df. O. CHUDYK (UKR) by TF, 10-0",2016-09-15,1:05,試合,U17,世界選手権,2016,タイトルにJPN/Japan,高,照合なし,Women's Wrestling - Cadet World Championships - Tbilisi 2016,https://www.youtube.com/watch?v=1EDbBZJIDMU
6faQQ2nQKUA,"GOLD FW - 65 kg: K. VELIEVA (RUS) df. M. MORIKAWA (JPN), 4-2",2016-09-15,6:02,試合,U17,世界選手権,2016,タイトルにJPN/Japan・選手名の一致,高,森川 美和(Miwa MORIKAWA),Women's Wrestling - Cadet World Championships - Tbilisi 2016,https://www.youtube.com/watch?v=6faQQ2nQKUA
Zf38r5e6Dcg,"BRONZE GR - 63 kg: H. POGHOSYAN (ARM) df. R. ANRAKU (JPN), 5-3",2016-09-14,5:46,試合,U17,世界選手権,2016,タイトルにJPN/Japan,高,照合なし,Greco-Roman Wrestling - Cadet World Championships - Tbilisi 2016,https://www.youtube.com/watch?v=Zf38r5e6Dcg
aw38mDIldRw,"1/8 GR - 85 kg: Z. NURGALI (KAZ) df. R. NASUKAWA (JPN), 4-1",2016-09-14,6:52,試合,U17,世界選手権,2016,タイトルにJPN/Japan,高,照合なし,Greco-Roman Wrestling - Cadet World Championships - Tbilisi 2016,https://www.youtube.com/watch?v=aw38mDIldRw
q5M0mIO8g6k,"Repechage GR - 69 kg: M. AMOYAN (ARM) df. G. TAGUCHI (JPN), 4-0",2016-09-14,5:26,試合,U17,世界選手権,2016,タイトルにJPN/Japan,高,照合なし,Greco-Roman Wrestling - Cadet World Championships - Tbilisi 2016,https://www.youtube.com/watch?v=q5M0mIO8g6k
JAoI78CohBE,"1/4 GR - 69 kg: A. MAKHMUDOV (KGZ) df. G. TAGUCHI (JPN) by TF, 8-0",2016-09-14,1:32,試合,U17,世界選手権,2016,タイトルにJPN/Japan,高,照合なし,Greco-Roman Wrestling - Cadet World Championships - Tbilisi 2016,https://www.youtube.com/watch?v=JAoI78CohBE
-ouQnk_8cW8,"1/8 GR - 69 kg: G. TAGUCHI (JPN) df. A. LYTVYN (UKR), 1-0",2016-09-14,5:31,試合,U17,世界選手権,2016,タイトルにJPN/Japan,高,照合なし,Greco-Roman Wrestling - Cadet World Championships - Tbilisi 2016,https://www.youtube.com/watch?v=-ouQnk_8cW8
tmIC5P4Zhho,"Qual. GR - 42 kg: Z. ALIYEV (AZE) df. Y. HORIUCHI (JPN) by TF, 10-2",2016-09-14,3:00,試合,U17,世界選手権,2016,タイトルにJPN/Japan,高,照合なし,Greco-Roman Wrestling - Cadet World Championships - Tbilisi 2016,https://www.youtube.com/watch?v=tmIC5P4Zhho
C1BZKzeqnOY,"Qual. GR - 76 kg: D. VASETSKYI (UKR) df. K. ARAKAWA (JPN) by FALL, 5-0",2016-09-14,2:32,試合,U17,世界選手権,2016,タイトルにJPN/Japan,高,照合なし,Greco-Roman Wrestling - Cadet World Championships - Tbilisi 2016,https://www.youtube.com/watch?v=C1BZKzeqnOY
ml-9wFVeRMU,"Qual. GR - 46 kg: K. KAMAL (TUR) df. Y. SHIOTANI (JPN), 8-6",2016-09-14,6:34,試合,U17,世界選手権,2016,タイトルにJPN/Japan・選手名の一致,高,塩谷 優(Yu SHIOTANI),Greco-Roman Wrestling - Cadet World Championships - Tbilisi 2016,https://www.youtube.com/watch?v=ml-9wFVeRMU
urW8n0pNyyY,"Qual. GR - 58 kg: A. ROSEN (SWE) df. T. OSHIRO (JPN), 4-3",2016-09-13,6:05,試合,U17,世界選手権,2016,タイトルにJPN/Japan,高,照合なし,Greco-Roman Wrestling - Cadet World Championships - Tbilisi 2016,https://www.youtube.com/watch?v=urW8n0pNyyY
VrJ8CJzPRbI,"1/4 GR - 63 kg: R. ANRAKU (JPN) df. K. MACHALIKASHV (GEO) by FALL, 8-2",2016-09-13,5:18,試合,U17,世界選手権,2016,タイトルにJPN/Japan,高,照合なし,Greco-Roman Wrestling - Cadet World Championships - Tbilisi 2016,https://www.youtube.com/watch?v=VrJ8CJzPRbI
HWcf9bZyjHE,"1/8 GR - 50 kg: K. INABA (JPN) df. Y. NURBOSSYNOV (KAZ) by TF, 9-0",2016-09-13,3:31,試合,U17,世界選手権,2016,タイトルにJPN/Japan・選手名の一致,高,稲葉 海人(Kaito INABA),Greco-Roman Wrestling - Cadet World Championships - Tbilisi 2016,https://www.youtube.com/watch?v=HWcf9bZyjHE
lO5BnsIMoYs,"1/2 GR - 63 kg: Y. HOSSEINVAND  (IRI) df. R. ANRAKU (JPN), 3-2",2016-09-13,7:21,試合,U17,世界選手権,2016,タイトルにJPN/Japan,高,照合なし,Greco-Roman Wrestling - Cadet World Championships - Tbilisi 2016,https://www.youtube.com/watch?v=lO5BnsIMoYs
xAfa9glIe_w,"1/2 GR - 100 kg: V. DADKHAH GHAS (IRI) df. Y. NAKAZATO (JPN), 9-2",2016-09-13,5:52,試合,U17,世界選手権,2016,タイトルにJPN/Japan・選手名の一致,高,仲里 優力(Yuri NAKAZATO),Greco-Roman Wrestling - Cadet World Championships - Tbilisi 2016,https://www.youtube.com/watch?v=xAfa9glIe_w
w9yz0L2H3k8,"1/8 GR - 63 kg: R. ANRAKU (JPN) df. P. OMANIA (USA), 9-4",2016-09-13,6:03,試合,U17,世界選手権,2016,タイトルにJPN/Japan,高,照合なし,Greco-Roman Wrestling - Cadet World Championships - Tbilisi 2016,https://www.youtube.com/watch?v=w9yz0L2H3k8
qDIMjELe52I,"1/8 GR - 100 kg: Y. NAKAZATO (JPN) df. C. SCHULTZ (USA), 4-2",2016-09-13,5:44,試合,U17,世界選手権,2016,タイトルにJPN/Japan・選手名の一致,高,仲里 優力(Yuri NAKAZATO),Greco-Roman Wrestling - Cadet World Championships - Tbilisi 2016,https://www.youtube.com/watch?v=qDIMjELe52I
BzH-J20_Mrg,"1/2 GR - 50 kg: A. KARAGULOV (RUS) df. K. INABA (JPN) by FALL, 8-0",2016-09-13,4:45,試合,U17,世界選手権,2016,タイトルにJPN/Japan・選手名の一致,高,稲葉 海人(Kaito INABA),Greco-Roman Wrestling - Cadet World Championships - Tbilisi 2016,https://www.youtube.com/watch?v=BzH-J20_Mrg
oeAcwh6QQc0,"1/4 GR - 50 kg: K. INABA (JPN) df. V. VIJAY (IND), 10-9",2016-09-13,8:15,試合,U17,世界選手権,2016,タイトルにJPN/Japan・選手名の一致,高,稲葉 海人(Kaito INABA),Greco-Roman Wrestling - Cadet World Championships - Tbilisi 2016,https://www.youtube.com/watch?v=oeAcwh6QQc0
DNJkmX5Yg0E,"1/4 GR - 100 kg: Y. NAKAZATO (JPN) df. P. ATAMANAU (BLR), 2-2",2016-09-13,5:49,試合,U17,世界選手権,2016,タイトルにJPN/Japan・選手名の一致,高,仲里 優力(Yuri NAKAZATO),Greco-Roman Wrestling - Cadet World Championships - Tbilisi 2016,https://www.youtube.com/watch?v=DNJkmX5Yg0E
59HYE4JiB6g,"1/8 GR - 54 kg: K. VANCZA (HUN) df. K. MATSUI (JPN), 3-2",2016-09-13,6:20,試合,U17,世界選手権,2016,タイトルにJPN/Japan,高,照合なし,Greco-Roman Wrestling - Cadet World Championships - Tbilisi 2016,https://www.youtube.com/watch?v=59HYE4JiB6g
zhj5svcI3Z4,"Qual. GR - 63 kg: R. ANRAKU (JPN) df. J. JAKOVLEV (EST), 3-0",2016-09-13,6:12,試合,U17,世界選手権,2016,タイトルにJPN/Japan,高,照合なし,Greco-Roman Wrestling - Cadet World Championships - Tbilisi 2016,https://www.youtube.com/watch?v=zhj5svcI3Z4
2NZCXfOw6Vo,"BRONZE GR - 50 kg: A. TOPRAK (TUR) df. K. INABA (JPN) by TF, 8-0",2016-09-13,2:45,試合,U17,世界選手権,2016,タイトルにJPN/Japan・選手名の一致,高,稲葉 海人(Kaito INABA),Greco-Roman Wrestling - Cadet World Championships - Tbilisi 2016,https://www.youtube.com/watch?v=2NZCXfOw6Vo
v4tO0Ik0Ig8,"BRONZE GR - 100 kg: D. OLCAN (TUR) df. Y. NAKAZATO (JPN) by TF, 8-0",2016-09-13,4:51,試合,U17,世界選手権,2016,タイトルにJPN/Japan・選手名の一致,高,仲里 優力(Yuri NAKAZATO),Greco-Roman Wrestling - Cadet World Championships - Tbilisi 2016,https://www.youtube.com/watch?v=v4tO0Ik0Ig8
X0zD8BrANGs,"GOLD FW - 59 kg: Y. KUMANO (JPN) df. A. LYSAK (UKR) by FALL, 4-6",2016-09-12,3:27,試合,U20,世界選手権,2016,タイトルにJPN/Japan,高,照合なし,Best of Anhelina LYSAK / Women's Wrestling - Junior World Championships - Mâcon 2016,https://www.youtube.com/watch?v=X0zD8BrANGs
FlwoWjvAKgY,"1/8 FW - 44 kg: M. NAKAMURA (JPN) df. O. LIVACH (UKR) by TF, 10-0",2016-09-12,1:03,試合,U20,世界選手権,2016,タイトルにJPN/Japan・選手名の一致,高,照合なし(同じローマ字が2人以上),Best of Oksana LIVACH / Women's Wrestling - Junior World Championships - Mâcon 2016,https://www.youtube.com/watch?v=FlwoWjvAKgY
L0_MV-vzCAI,"GOLD FW - 48 kg: M. IGARASHI (JPN) df. N. SOKOLOVA (RUS) by TF, 12-0",2016-09-12,3:37,試合,U20,ランキングシリーズ等,2016,タイトルにJPN/Japan,高,照合なし,Best of Nadezhda SOKOLOVA / Women's Wrestling - Junior World Championships - Mâcon 2016,https://www.youtube.com/watch?v=L0_MV-vzCAI
wZLykRIRQFE,"BRONZE FS - 66 kg: Y. FUJINAMI (JPN) df. V. VIKAS (IND) by FALL, 8-0",2016-09-12,1:48,試合,U20,世界選手権,2016,タイトルにJPN/Japan,高,照合なし,Freestyle Wrestling - Junior World Championships - Mâcon 2016,https://www.youtube.com/watch?v=wZLykRIRQFE
2BIb6vQlpd8,"BRONZE FS - 55 kg: G. ABDULLAEV (UZB) df. T. TASHIRO (JPN), 10-8",2016-09-12,11:02,試合,U20,世界選手権,2016,タイトルにJPN/Japan,高,照合なし,Freestyle Wrestling - Junior World Championships - Mâcon 2016,https://www.youtube.com/watch?v=2BIb6vQlpd8
-2New2OsCAY,"Repechage FS - 66 kg: Y. FUJINAMI (JPN) df. I. ZHUMAY (KAZ) by TF, 12-2",2016-09-12,5:22,試合,U20,世界選手権,2016,タイトルにJPN/Japan,高,照合なし,Freestyle Wrestling - Junior World Championships - Mâcon 2016,https://www.youtube.com/watch?v=-2New2OsCAY
JgpFICZGqPI,"Repechage FS - 84 kg: M. MURATOV (UZB) df. Y. NAITO (JPN) by TF, 14-3",2016-09-12,7:15,試合,U20,世界選手権,2016,タイトルにJPN/Japan,高,照合なし,Freestyle Wrestling - Junior World Championships - Mâcon 2016,https://www.youtube.com/watch?v=JgpFICZGqPI
rL2H4u8txIw,"Repechage FS - 120 kg: M. NAGY (HUN) df. M. MIYAHARA (JPN), 3-2",2016-09-12,8:14,試合,U20,世界選手権,2016,タイトルにJPN/Japan,高,照合なし,Freestyle Wrestling - Junior World Championships - Mâcon 2016,https://www.youtube.com/watch?v=rL2H4u8txIw
ex8NuCKurDY,"Repechage FS - 66 kg: Y. FUJINAMI (JPN) df. S. ABDULKHAEV (TJK) by TF, 10-0",2016-09-12,2:04,試合,U20,世界選手権,2016,タイトルにJPN/Japan,高,照合なし,Freestyle Wrestling - Junior World Championships - Mâcon 2016,https://www.youtube.com/watch?v=ex8NuCKurDY
GE7HgMFORhA,"1/2 FS - 55 kg: A. KHASHALOV (AZE) df. T. TASHIRO (JPN) by TF, 11-1",2016-09-12,9:12,試合,U20,世界選手権,2016,タイトルにJPN/Japan,高,照合なし,Freestyle Wrestling - Junior World Championships - Mâcon 2016,https://www.youtube.com/watch?v=GE7HgMFORhA
2IS0YREUnr4,"1/4 FS - 84 kg: A. MUSALALIEV (RUS) df. Y. NAITO (JPN) by TF, 10-0",2016-09-12,3:00,試合,U20,世界選手権,2016,タイトルにJPN/Japan,高,照合なし,Freestyle Wrestling - Junior World Championships - Mâcon 2016,https://www.youtube.com/watch?v=2IS0YREUnr4
l8u8NOvMtYg,"1/4 FS - 55 kg: T. TASHIRO (JPN) df. Z. TURGUNBAEV (KGZ), 7-2",2016-09-12,7:43,試合,U20,世界選手権,2016,タイトルにJPN/Japan,高,照合なし,Freestyle Wrestling - Junior World Championships - Mâcon 2016,https://www.youtube.com/watch?v=l8u8NOvMtYg
vCMaM6BNwo8,"1/8 GR - 120 kg: G. ISRAPILOV (AZE) df. S. ITO (JPN), 2-2",2016-09-12,8:19,試合,U20,世界選手権,2016,タイトルにJPN/Japan・選手名の一致,高,照合なし(同じローマ字が2人以上),Freestyle Wrestling - Junior World Championships - Mâcon 2016,https://www.youtube.com/watch?v=vCMaM6BNwo8
zZ7jDSLFioE,"1/8 FS - 55 kg: T. TASHIRO (JPN) df. J. MISERERE (FRA) by TF, 18-7",2016-09-12,7:38,試合,U20,世界選手権,2016,タイトルにJPN/Japan,高,照合なし,Freestyle Wrestling - Junior World Championships - Mâcon 2016,https://www.youtube.com/watch?v=zZ7jDSLFioE
WwDQyfqO4jw,"1/8 FS - 120 kg: U. ISRAILOV (AZE) df. M. MIYAHARA (JPN) by TF, 10-0",2016-09-12,5:19,試合,U20,世界選手権,2016,タイトルにJPN/Japan,高,照合なし,Freestyle Wrestling - Junior World Championships - Mâcon 2016,https://www.youtube.com/watch?v=WwDQyfqO4jw
A-69u8UyHM0,1/8 FS - 84 kg: SCHERRER (SUI) vs NAITO (JPN),2016-09-12,9:43,試合,U20,世界選手権,2016,タイトルにJPN/Japan,高,照合なし,Freestyle Wrestling - Junior World Championships - Mâcon 2016,https://www.youtube.com/watch?v=A-69u8UyHM0
dC_-GhPSmS8,"Qual. FS - 66 kg: E. USLU (TUR) df. Y. FUJINAMI (JPN), 7-5",2016-09-12,7:58,試合,U20,世界選手権,2016,タイトルにJPN/Japan,高,照合なし,Freestyle Wrestling - Junior World Championships - Mâcon 2016,https://www.youtube.com/watch?v=dC_-GhPSmS8
VjcTotkeBsg,"Qual. FS - 66 kg: E. USLU (TUR) df. Y. FUJINAMI (JPN), 7-5",2016-09-12,9:11,試合,U20,世界選手権,2016,タイトルにJPN/Japan,高,照合なし,Freestyle Wrestling - Junior World Championships - Mâcon 2016,https://www.youtube.com/watch?v=VjcTotkeBsg
rO-CosZqVok,"Repechage FS - 74 kg: T. GAPHRINDASHV (GEO) df. Y. YAMASAKI (JPN) by TF, 10-0",2016-09-12,6:10,試合,U20,世界選手権,2016,タイトルにJPN/Japan,高,照合なし,Freestyle Wrestling - Junior World Championships - Mâcon 2016,https://www.youtube.com/watch?v=rO-CosZqVok
iKPxTJfMMs0,"Repechage FS - 74 kg: Y. YAMASAKI (JPN) df. R. ZINCHENKO (UKR) by TF, 10-0",2016-09-12,4:42,試合,U20,世界選手権,2016,タイトルにJPN/Japan,高,照合なし,Freestyle Wrestling - Junior World Championships - Mâcon 2016,https://www.youtube.com/watch?v=iKPxTJfMMs0
VrH9G6NKhnw,"1/4 FS - 50 kg: R. DINGASHVILI (GEO) df. R. MATSUI (JPN), 7-7",2016-09-12,8:50,試合,U20,世界選手権,2016,タイトルにJPN/Japan,高,照合なし,Freestyle Wrestling - Junior World Championships - Mâcon 2016,https://www.youtube.com/watch?v=VrH9G6NKhnw
Lgnj-qJlYfI,"1/4 FS - 96 kg: Z. KOTCIEV (RUS) df. T. ISHIGURO (JPN) by TF, 10-0",2016-09-12,3:51,試合,U20,世界選手権,2016,タイトルにJPN/Japan・選手名の一致,高,石黒 峻士(Takashi ISHIGURO),Freestyle Wrestling - Junior World Championships - Mâcon 2016,https://www.youtube.com/watch?v=Lgnj-qJlYfI
llfy4Fmjq3Q,"1/8 FS - 50 kg: R. MATSUI (JPN) df. U. KOIKA (BLR) by TF, 10-0",2016-09-12,1:40,試合,U20,世界選手権,2016,タイトルにJPN/Japan,高,照合なし,Freestyle Wrestling - Junior World Championships - Mâcon 2016,https://www.youtube.com/watch?v=llfy4Fmjq3Q
ox5rgIjnGek,"1/8 FS - 96 kg: T. ISHIGURO (JPN) df. M. GAZIMAGOMEDO (AZE), 4-2",2016-09-12,8:23,試合,U20,世界選手権,2016,タイトルにJPN/Japan・選手名の一致,高,石黒 峻士(Takashi ISHIGURO),Freestyle Wrestling - Junior World Championships - Mâcon 2016,https://www.youtube.com/watch?v=ox5rgIjnGek
8i15c7hyJ_Q,"1/8 FS - 60 kg: S. SHARVAN (IND) df. T. YOSHIMURA (JPN), 9-6",2016-09-12,9:43,試合,U20,世界選手権,2016,タイトルにJPN/Japan,高,照合なし,Freestyle Wrestling - Junior World Championships - Mâcon 2016,https://www.youtube.com/watch?v=8i15c7hyJ_Q
sSa3Rvxu_dI,"Qual. FS - 60 kg: T. YOSHIMURA (JPN) df. G. RAMM (GBR) by TF, 14-4",2016-09-12,4:07,試合,U20,世界選手権,2016,タイトルにJPN/Japan,高,照合なし,Freestyle Wrestling - Junior World Championships - Mâcon 2016,https://www.youtube.com/watch?v=sSa3Rvxu_dI
w4mgdY-vaTM,"Qual. FS - 74 kg: M. HALL II (USA) df. Y. YAMASAKI (JPN), 3-2",2016-09-12,7:39,試合,U20,世界選手権,2016,タイトルにJPN/Japan,高,照合なし,Freestyle Wrestling - Junior World Championships - Mâcon 2016,https://www.youtube.com/watch?v=w4mgdY-vaTM
v7TPf27ksgs,"Qual. FS - 96 kg: T. ISHIGURO (JPN) df. C. PRATT (AUS) by FALL, 4-0",2016-09-12,1:21,試合,U20,世界選手権,2016,タイトルにJPN/Japan・選手名の一致,高,石黒 峻士(Takashi ISHIGURO),Freestyle Wrestling - Junior World Championships - Mâcon 2016,https://www.youtube.com/watch?v=v7TPf27ksgs
bd7mxKIU8RU,"1/4 FW - 59 kg: Y. KUMANO (JPN) df. M. KOTSAREVA (RUS) by FALL, 3-0",2016-09-12,5:45,試合,U20,世界選手権,2016,タイトルにJPN/Japan,高,照合なし,Women's Wrestling - Junior World Championships - Mâcon 2016,https://www.youtube.com/watch?v=bd7mxKIU8RU
mbp0xHgF8dg,"1/2 FW - 44 kg: M. NAKAMURA (JPN) df. F. MANDEVA (BUL) by TF, 10-0",2016-09-12,2:08,試合,U20,世界選手権,2016,タイトルにJPN/Japan・選手名の一致,高,照合なし(同じローマ字が2人以上),Women's Wrestling - Junior World Championships - Mâcon 2016,https://www.youtube.com/watch?v=mbp0xHgF8dg
3xdBhJX1sdI,"1/2 FW - 59 kg: Y. KUMANO (JPN) df. M. BAKBERGENOVA (KAZ) by FALL, 4-0",2016-09-12,2:11,試合,U20,世界選手権,2016,タイトルにJPN/Japan,高,照合なし,Women's Wrestling - Junior World Championships - Mâcon 2016,https://www.youtube.com/watch?v=3xdBhJX1sdI
dXXRIiZ1NzI,"1/4 FW - 44 kg: M. NAKAMURA (JPN) df. E. CATALOGLU (TUR) by TF, 10-0",2016-09-12,1:57,試合,U20,世界選手権,2016,タイトルにJPN/Japan・選手名の一致,高,照合なし(同じローマ字が2人以上),Women's Wrestling - Junior World Championships - Mâcon 2016,https://www.youtube.com/watch?v=dXXRIiZ1NzI
9TnYZ8Z1_u4,"1/8 FW - 51 kg: M. ZUYEVA (KAZ) df. Y. YONAMINE (JPN) by FALL, 9-8",2016-09-12,7:18,試合,U20,世界選手権,2016,タイトルにJPN/Japan,高,照合なし,Women's Wrestling - Junior World Championships - Mâcon 2016,https://www.youtube.com/watch?v=9TnYZ8Z1_u4
ei_L31x1Ms8,"1/8 FW - 59 kg: Y. KUMANO (JPN) df. X. PEI (CHN), 9-6",2016-09-12,8:22,試合,U20,世界選手権,2016,タイトルにJPN/Japan,高,照合なし,Women's Wrestling - Junior World Championships - Mâcon 2016,https://www.youtube.com/watch?v=ei_L31x1Ms8
8UmO3KC6Mbg,"Qual. FW - 67 kg: M. DUISENOVA (KAZ) df. M. HAYAKAWA (JPN) by TF, 12-2",2016-09-12,8:45,試合,U20,世界選手権,2016,タイトルにJPN/Japan,高,照合なし,Women's Wrestling - Junior World Championships - Mâcon 2016,https://www.youtube.com/watch?v=8UmO3KC6Mbg
ct8wl3-4Umw,"GOLD FW - 63 kg: A. GEMPEI (JPN) df. N. DRAGUNOVA (BLR) by TF, 10-0",2016-09-12,9:51,試合,U20,世界選手権,2016,タイトルにJPN/Japan,高,照合なし,Women's Wrestling - Junior World Championships - Mâcon 2016,https://www.youtube.com/watch?v=ct8wl3-4Umw
8ULhKFglUeU,"1/8 FW - 72 kg: M. FURUICHI (JPN) df. T. DE LUCAS DE  (BRA) by TF, 10-0",2016-09-12,2:03,試合,U20,世界選手権,2016,タイトルにJPN/Japan・選手名の一致,高,古市 雅子(Masako FURUICHI),Women's Wrestling - Junior World Championships - Mâcon 2016,https://www.youtube.com/watch?v=8ULhKFglUeU
9CQJ6FXe5ZM,"1/2 FW - 55 kg: M. MUKAIDA (JPN) df. T. PAN (CHN) by TF, 13-0",2016-09-12,4:20,試合,U20,世界選手権,2016,タイトルにJPN/Japan,高,照合なし,Women's Wrestling - Junior World Championships - Mâcon 2016,https://www.youtube.com/watch?v=9CQJ6FXe5ZM
VfxiZ1hKnbc,"1/2 FW - 72 kg: M. FURUICHI (JPN) df. Y. ANDREICHYKAV (BLR) by FALL, 9-0",2016-09-12,4:17,試合,U20,世界選手権,2016,タイトルにJPN/Japan・選手名の一致,高,古市 雅子(Masako FURUICHI),Women's Wrestling - Junior World Championships - Mâcon 2016,https://www.youtube.com/watch?v=VfxiZ1hKnbc
4osJ0p_S8KI,"1/8 FW - 48 kg: M. IGARASHI (JPN) df. Y. XIE (CHN) by TF, 10-0",2016-09-12,7:37,試合,U20,世界選手権,2016,タイトルにJPN/Japan,高,照合なし,Women's Wrestling - Junior World Championships - Mâcon 2016,https://www.youtube.com/watch?v=4osJ0p_S8KI
3rgHDkK5qsk,"1/8 FW - 63 kg: A. GEMPEI (JPN) df. A. TUGCU (TUR), 9-0",2016-09-12,8:41,試合,U20,世界選手権,2016,タイトルにJPN/Japan,高,照合なし,Women's Wrestling - Junior World Championships - Mâcon 2016,https://www.youtube.com/watch?v=3rgHDkK5qsk
9nV7_0nqrFc,"1/2 FW - 48 kg: M. IGARASHI (JPN) df. M. SELISHKA (BUL) by FALL, 9-2",2016-09-12,5:59,試合,U20,世界選手権,2016,タイトルにJPN/Japan,高,照合なし,Women's Wrestling - Junior World Championships - Mâcon 2016,https://www.youtube.com/watch?v=9nV7_0nqrFc
CIFpR1wc69Y,"1/4 FW - 72 kg: M. FURUICHI (JPN) df. G. DOOGAN (CAN) by TF, 14-2",2016-09-12,3:59,試合,U20,世界選手権,2016,タイトルにJPN/Japan・選手名の一致,高,古市 雅子(Masako FURUICHI),Women's Wrestling - Junior World Championships - Mâcon 2016,https://www.youtube.com/watch?v=CIFpR1wc69Y
c7GuoU4Ytp8,"1/8 FW - 55 kg: M. MUKAIDA (JPN) df. S. AHMADOVA (AZE) by TF, 10-0",2016-09-12,1:03,試合,U20,世界選手権,2016,タイトルにJPN/Japan,高,照合なし,Women's Wrestling - Junior World Championships - Mâcon 2016,https://www.youtube.com/watch?v=c7GuoU4Ytp8
9q7VfDh1dB4,"Qual. FW - 63 kg: A. GEMPEI (JPN) df. T. CARTWRIGHT (CAN) by TF, 10-0",2016-09-12,4:48,試合,U20,世界選手権,2016,タイトルにJPN/Japan,高,照合なし,Women's Wrestling - Junior World Championships - Mâcon 2016,https://www.youtube.com/watch?v=9q7VfDh1dB4
8Pd-GxHlh2k,"1/4 FW - 48 kg: M. IGARASHI (JPN) df. M. ZAKSHEVSKAYA (KAZ) by TF, 12-2",2016-09-12,3:18,試合,U20,世界選手権,2016,タイトルにJPN/Japan,高,照合なし,Women's Wrestling - Junior World Championships - Mâcon 2016,https://www.youtube.com/watch?v=8Pd-GxHlh2k
aWKUz_7RWPY,"1/4 FW - 63 kg: A. GEMPEI (JPN) df. M. NELSON (USA), 8-3",2016-09-12,12:16,試合,U20,世界選手権,2016,タイトルにJPN/Japan,高,照合なし,Women's Wrestling - Junior World Championships - Mâcon 2016,https://www.youtube.com/watch?v=aWKUz_7RWPY
I-sAFfN_AYU,"GOLD FW - 44 kg: M. NAKAMURA (JPN) df. S. ANKICHEVA (KAZ) by TF, 10-0",2016-09-12,4:04,試合,U20,世界選手権,2016,タイトルにJPN/Japan・選手名の一致,高,照合なし(同じローマ字が2人以上),Women's Wrestling - Junior World Championships - Mâcon 2016,https://www.youtube.com/watch?v=I-sAFfN_AYU
krkQg0eROWQ,"GOLD GR - 55 kg: D. CHKHARTISHVI (GEO) df. Y. NAMBA (JPN), 3-2",2016-09-12,7:26,試合,U20,世界選手権,2016,タイトルにJPN/Japan,高,照合なし,Women's Wrestling - Junior World Championships - Mâcon 2016,https://www.youtube.com/watch?v=krkQg0eROWQ
IMRiwBD-pTg,"1/2 FW - 63 kg: A. GEMPEI (JPN) df. M. KUZNETCOVA (RUS), 6-2",2016-09-12,8:27,試合,U20,世界選手権,2016,タイトルにJPN/Japan,高,照合なし,Women's Wrestling - Junior World Championships - Mâcon 2016,https://www.youtube.com/watch?v=IMRiwBD-pTg
gCb51pLQvOc,"1/4 GR - 55 kg: Y. NAMBA (JPN) df. K. RAJ (IND), 3-1",2016-09-12,8:58,試合,U20,世界選手権,2016,タイトルにJPN/Japan,高,照合なし,Greco-Roman Wrestling - Junior World Championships - Mâcon 2016,https://www.youtube.com/watch?v=gCb51pLQvOc
ts17kJIzETQ,"1/4 GR - 55 kg: Y. NAMBA (JPN) df. K. RAJ (IND), 3-1",2016-09-12,7:43,試合,U20,世界選手権,2016,タイトルにJPN/Japan,高,照合なし,Greco-Roman Wrestling - Junior World Championships - Mâcon 2016,https://www.youtube.com/watch?v=ts17kJIzETQ
guXcJnAY91A,"1/2 GR - 55 kg: Y. NAMBA (JPN) df. M. DALKHANI (IRI) by TF, 9-0",2016-09-12,7:36,試合,U20,世界選手権,2016,タイトルにJPN/Japan,高,照合なし,Greco-Roman Wrestling - Junior World Championships - Mâcon 2016,https://www.youtube.com/watch?v=guXcJnAY91A
zF-UTHT-gTU,"1/8 GR - 55 kg: Y. NAMBA (JPN) df. Z. ABOVIAN (UKR) by TF, 8-0",2016-09-12,10:05,試合,U20,世界選手権,2016,タイトルにJPN/Japan,高,照合なし,Greco-Roman Wrestling - Junior World Championships - Mâcon 2016,https://www.youtube.com/watch?v=zF-UTHT-gTU
QQHF_GRZ3Ng,"BRONZE GR - 96 kg: T. HANCOCK (USA) df. Y. NARA (JPN), 3-0",2016-09-12,7:33,試合,U20,世界選手権,2016,タイトルにJPN/Japan・選手名の一致,高,奈良 勇太(Yuta NARA),Greco-Roman Wrestling - Junior World Championships - Mâcon 2016,https://www.youtube.com/watch?v=QQHF_GRZ3Ng
yl1vm3lNUHE,"Qual. GR - 66 kg: J. DE BRITO RAM (BRA) df. R. NAKAHASHI (JPN), 6-1",2016-09-12,7:27,試合,U20,世界選手権,2016,タイトルにJPN/Japan,高,照合なし,Greco-Roman Wrestling - Junior World Championships - Mâcon 2016,https://www.youtube.com/watch?v=yl1vm3lNUHE
0HbE9MTu4UI,"Qual. GR - 84 kg: N. OJOG (ROU) df. T. FUJII (JPN), 5-1",2016-09-12,7:39,試合,U20,世界選手権,2016,タイトルにJPN/Japan・選手名の一致,高,藤井 達哉(Tatsuya FUJII),Greco-Roman Wrestling - Junior World Championships - Mâcon 2016,https://www.youtube.com/watch?v=0HbE9MTu4UI
47lU4hK0AGE,"Repechage GR - 96 kg: Y. NARA (JPN) df. D. VON EUW (SUI), 5-3",2016-09-12,8:37,試合,U20,世界選手権,2016,タイトルにJPN/Japan・選手名の一致,高,奈良 勇太(Yuta NARA),Greco-Roman Wrestling - Junior World Championships - Mâcon 2016,https://www.youtube.com/watch?v=47lU4hK0AGE
okFkxR3OTEo,"1/8 GR - 74 kg: T. SHADUKAYEV (KAZ) df. K. SAKURABA (JPN) by TF, 8-0",2016-09-12,2:11,試合,U20,世界選手権,2016,タイトルにJPN/Japan・選手名の一致,高,櫻庭 功大(Kodai SAKURABA),Greco-Roman Wrestling - Junior World Championships - Mâcon 2016,https://www.youtube.com/watch?v=okFkxR3OTEo
BIVhX6edI3M,"Qual. GR - 60 kg: L. KAVJARADZE (GEO) df. A. SUZUKI (JPN), 6-3",2016-09-12,8:06,試合,U20,世界選手権,2016,タイトルにJPN/Japan・選手名の一致,高,鈴木 絢大(Ayata SUZUKI),Greco-Roman Wrestling - Junior World Championships - Mâcon 2016,https://www.youtube.com/watch?v=BIVhX6edI3M
L6ZJ_pkYRUE,"1/8 GR - 96 kg: Y. NARA (JPN) df. A. HOSSEINI (IRI), 4-2",2016-09-12,7:21,試合,U20,世界選手権,2016,タイトルにJPN/Japan・選手名の一致,高,奈良 勇太(Yuta NARA),Greco-Roman Wrestling - Junior World Championships - Mâcon 2016,https://www.youtube.com/watch?v=L6ZJ_pkYRUE
d3aiKKHBG_Y,"Qual. GR - 50 kg: R. MIRANDA (USA) df. H. YAMAGUCHI (JPN) by TF, 8-0",2016-09-12,1:42,試合,U20,世界選手権,2016,タイトルにJPN/Japan,高,照合なし,Greco-Roman Wrestling - Junior World Championships - Mâcon 2016,https://www.youtube.com/watch?v=d3aiKKHBG_Y
I3D68ejzsoI,"1/16 GR - 74 kg: K. SAKURABA (JPN) df. C. SENARIS RODR (ESP) by TF, 9-1",2016-09-12,5:11,試合,U20,世界選手権,2016,タイトルにJPN/Japan・選手名の一致,高,櫻庭 功大(Kodai SAKURABA),Greco-Roman Wrestling - Junior World Championships - Mâcon 2016,https://www.youtube.com/watch?v=I3D68ejzsoI
NrRBHz7-BV0,"Best Match from Day 4 - GOLD FW - 55 kg: M. MUKAIDA (JPN) df. M. SEDNEVA (KAZ) by TF, 11-0",2016-09-04,4:58,試合,U20,オリンピック,2016,タイトルにJPN/Japan,高,照合なし,From U20 World Champs to Olympic Champs / Greco-Roman Wrestling - Junior World Championships - Mâcon 2016,https://www.youtube.com/watch?v=NrRBHz7-BV0
r2FzmtOzFmI,"Best Match from Day 4 - Qual. FW - 55 kg: M. MUKAIDA (JPN) df. O. KREMZER (UKR) by TF, 11-0",2016-09-04,7:55,試合,U20,世界選手権,2016,タイトルにJPN/Japan,高,照合なし,Highlights Mâcon 2016 - Junior World Championships,https://www.youtube.com/watch?v=r2FzmtOzFmI
J1tNwh3OmO0,"GOLD FW - 72 kg: M. FURUICHI (JPN) df. D. SHISTEROVA (RUS) by TF, 10-0",2016-09-03,5:13,試合,U20,世界選手権,2016,タイトルにJPN/Japan・選手名の一致,高,古市 雅子(Masako FURUICHI),Women's Wrestling - Junior World Championships - Mâcon 2016,https://www.youtube.com/watch?v=J1tNwh3OmO0
0GRG95n8Mas,"1/8 FS - 125 kg: J. HEINO (FIN) df. T. TANAKA (JPN), 1-1",2016-05-31,8:00,試合,シニア(または不明),オリンピック予選,2016,タイトルにJPN/Japan・選手名の一致,高,田中 太陽(Taiyo TANAKA),Freestyle Wrestling - World Olympic Qualifier - Istanbul 2016,https://www.youtube.com/watch?v=0GRG95n8Mas
uCRJ9B1Y_f8,Qualifications - Female Wrestling 63 kg - R WATARI (JPN) vs B SORONZONBOLD (MGL) - Tashkent 2014,2016-05-19,8:52,試合,シニア(または不明),世界選手権,2014,タイトルにJPN/Japan,高,照合なし,Female Wrestling World Championships 2014 - Tashkent - ALL MATCHES from qualifications to gold medal,https://www.youtube.com/watch?v=uCRJ9B1Y_f8
WJ6K1Z4Yhrw,Qualification - Freestyle Wrestling 125 kg - Z DENG (CHN) vs T OKA (JPN) - Tashkent 2014,2016-05-19,8:24,試合,シニア(または不明),世界選手権,2014,タイトルにJPN/Japan,高,照合なし,Freestyle  Wrestling World Championships 2014 - ALL MATCHES from qualifications to gold medal,https://www.youtube.com/watch?v=WJ6K1Z4Yhrw
Dom7WGmRxuM,"Repechage FS - 86 kg: P. IANULOV (MDA) df. S. MATSUMOTO (JPN), 9-1",2016-05-10,9:34,試合,シニア(または不明),オリンピック予選,2016,タイトルにJPN/Japan,高,照合なし,Freestyle Wrestling - World Olympic Qualifier - Istanbul 2016,https://www.youtube.com/watch?v=Dom7WGmRxuM
Sun-FTjYwos,"Qual. FS - 97 kg: P. SANTOS DE SO (BRA) df. K. YAMAMOTO (JPN) by FALL, 8-7",2016-05-08,6:20,試合,シニア(または不明),オリンピック予選,2016,タイトルにJPN/Japan,高,照合なし,Freestyle Wrestling - World Olympic Qualifier - Istanbul 2016,https://www.youtube.com/watch?v=Sun-FTjYwos
miKRsxjk1uw,"1/16 FS - 65 kg: Y. FUJINAMI (JPN) df. S. JANHOM (THA) by TF, 10-0",2016-05-08,2:06,試合,シニア(または不明),オリンピック予選,2016,タイトルにJPN/Japan,高,照合なし,Freestyle Wrestling - World Olympic Qualifier - Istanbul 2016,https://www.youtube.com/watch?v=miKRsxjk1uw
qnuI8HkWdMc,"1/4 FS - 86 kg: S. BI (CHN) df. S. MATSUMOTO (JPN) by TF, 10-0",2016-05-08,2:13,試合,シニア(または不明),オリンピック予選,2016,タイトルにJPN/Japan,高,照合なし,Freestyle Wrestling - World Olympic Qualifier - Istanbul 2016,https://www.youtube.com/watch?v=qnuI8HkWdMc
I8nW7w3R2aE,"1/8 FS - 65 kg: F. MOLINARO (USA) df. Y. FUJINAMI (JPN), 7-6",2016-05-08,9:13,試合,シニア(または不明),オリンピック予選,2016,タイトルにJPN/Japan,高,照合なし,Freestyle Wrestling - World Olympic Qualifier - Istanbul 2016,https://www.youtube.com/watch?v=I8nW7w3R2aE
TfTZ7ON6CWo,"Qual. GR - 98 kg: F. BALDAUF (NOR) df. N. SAIKAWA (JPN), 3-0",2016-05-08,8:52,試合,シニア(または不明),オリンピック予選,2016,タイトルにJPN/Japan,高,照合なし,Women's Wrestling - World Olympic Qualifier - Istanbul 2016,https://www.youtube.com/watch?v=TfTZ7ON6CWo
dAHoweS4B7M,"Qual. GR - 85 kg: M. BASAR (TUR) df. M. SUMI (JPN), 1-0",2016-05-07,8:31,試合,シニア(または不明),オリンピック予選,2016,タイトルにJPN/Japan,高,照合なし,Greco-Roman Wrestling - World Olympic Qualifier - Istanbul 2016,https://www.youtube.com/watch?v=dAHoweS4B7M
nyxtUGEHXS0,"1/8 GR - 130 kg: A. SONODA (JPN) df. L. DEL RIO (ARG) by TF, 9-0",2016-05-07,3:57,試合,シニア(または不明),オリンピック予選,2016,タイトルにJPN/Japan,高,照合なし,Greco-Roman Wrestling - World Olympic Qualifier - Istanbul 2016,https://www.youtube.com/watch?v=nyxtUGEHXS0
qPR3-ZSVbQQ,"1/4 GR - 130 kg: M. DEAK-BARDOS (HUN) df. A. SONODA (JPN), 3-2",2016-05-07,18:37,試合,シニア(または不明),オリンピック予選,2016,タイトルにJPN/Japan,高,照合なし,Greco-Roman Wrestling - World Olympic Qualifier - Istanbul 2016,https://www.youtube.com/watch?v=qPR3-ZSVbQQ
nKC1tUSkB3s,"Qual. GR - 75 kg: V. SUOMINEN (FIN) df. T. TSURUMAKI (JPN), 4-0",2016-05-06,8:50,試合,シニア(または不明),オリンピック予選,2016,タイトルにJPN/Japan,高,照合なし,Greco-Roman Wrestling - World Olympic Qualifier - Istanbul 2016,https://www.youtube.com/watch?v=nKC1tUSkB3s
E2oBTD1SgCQ,"Qual. FS - 65 kg: S. OKASSOV (KAZ) df. S. MAEDA (JPN), 2-0",2016-04-24,9:16,試合,シニア(または不明),オリンピック予選,2016,タイトルにJPN/Japan・選手名の一致,高,眞栄田 空斗(Sorato MAEDA),Freestyle Wrestling - World Olympic Qualifier - Ulaanbaatar 2016,https://www.youtube.com/watch?v=E2oBTD1SgCQ
SAbZ24TePFo,"Qual. FS - 86 kg: T. TAGZIEV (CAN) df. M. MATSUSAKA (JPN), 12-1",2016-04-24,9:02,試合,シニア(または不明),オリンピック予選,2016,タイトルにJPN/Japan,高,照合なし,Freestyle Wrestling - World Olympic Qualifier - Ulaanbaatar 2016,https://www.youtube.com/watch?v=SAbZ24TePFo
DNzD9GHREu4,"1/8 FS - 125 kg: K. RAKHIMOV (UZB) df. T. YAMAMOTO (JPN) by FALL, 4-4",2016-04-24,1:16,試合,シニア(または不明),オリンピック予選,2016,タイトルにJPN/Japan・選手名の一致,高,山本 泰輝(Taiki YAMAMOTO),Freestyle Wrestling - World Olympic Qualifier - Ulaanbaatar 2016,https://www.youtube.com/watch?v=DNzD9GHREu4
hWbMMHMAkC8,"1/8 FS - 97 kg: T. YAMAGUCHI (JPN) df. J. JALOVIAR (SVK), 6-0",2016-04-24,8:51,試合,シニア(または不明),オリンピック予選,2016,タイトルにJPN/Japan・選手名の一致,高,山口 太一(Taichi YAMAGUCHI),Freestyle Wrestling - World Olympic Qualifier - Ulaanbaatar 2016,https://www.youtube.com/watch?v=hWbMMHMAkC8
hLnxNXDYONA,"1/4 FS - 97 kg: M. IBRAGIMOV (UZB) df. T. YAMAGUCHI (JPN) by TF, 11-0",2016-04-24,6:54,試合,シニア(または不明),オリンピック予選,2016,タイトルにJPN/Japan・選手名の一致,高,山口 太一(Taichi YAMAGUCHI),Freestyle Wrestling - World Olympic Qualifier - Ulaanbaatar 2016,https://www.youtube.com/watch?v=hLnxNXDYONA
5YZA_5AmIk4,"Repechage FS - 97 kg: J. KIM (KOR) df. T. YAMAGUCHI (JPN), 3-1",2016-04-24,8:01,試合,シニア(または不明),オリンピック予選,2016,タイトルにJPN/Japan・選手名の一致,高,山口 太一(Taichi YAMAGUCHI),Freestyle Wrestling - World Olympic Qualifier - Ulaanbaatar 2016,https://www.youtube.com/watch?v=5YZA_5AmIk4
7vxqaT3aZsg,"BRONZE GR - 85 kg: K. BERG (SWE) df. T. OKA (JPN), 2-0",2016-04-23,8:23,試合,シニア(または不明),オリンピック予選,2016,タイトルにJPN/Japan,高,照合なし,Women's Wrestling - World Olympic Qualifier - Ulaanbaatar 2016,https://www.youtube.com/watch?v=7vxqaT3aZsg
V7kRjnZJKyk,"Repechage GR - 130 kg: M. METODIEV (BUL) df. A. SONODA (JPN) by FALL, 4-0",2016-04-23,1:44,試合,シニア(または不明),オリンピック予選,2016,タイトルにJPN/Japan,高,照合なし,Greco-Roman Wrestling - World Olympic Qualifier - Ulaanbaatar 2016,https://www.youtube.com/watch?v=V7kRjnZJKyk
tRadVEWCwNM,"1/2 GR - 85 kg: J. HAMZATAU (BLR) df. T. OKA (JPN), 4-0",2016-04-23,8:07,試合,シニア(または不明),オリンピック予選,2016,タイトルにJPN/Japan,高,照合なし,Greco-Roman Wrestling - World Olympic Qualifier - Ulaanbaatar 2016,https://www.youtube.com/watch?v=tRadVEWCwNM
ZJMvP7Q3fVU,"Qual. GR - 75 kg: S. YABIKU (JPN) df. J. LOPEZ JR (GUM) by TF, 8-0",2016-04-22,2:44,試合,シニア(または不明),オリンピック予選,2016,タイトルにJPN/Japan,高,照合なし,Greco-Roman Wrestling - World Olympic Qualifier - Ulaanbaatar 2016,https://www.youtube.com/watch?v=ZJMvP7Q3fVU
Zi4dEQFDYO8,"1/8 GR - 85 kg: T. OKA (JPN) df. Y. COVA PULIDO (VEN), 2-0",2016-04-22,9:07,試合,シニア(または不明),オリンピック予選,2016,タイトルにJPN/Japan,高,照合なし,Greco-Roman Wrestling - World Olympic Qualifier - Ulaanbaatar 2016,https://www.youtube.com/watch?v=Zi4dEQFDYO8
W-_WE6NpBDI,"1/8 GR - 75 kg: J. ESCOBAR (MEX) df. S. YABIKU (JPN), 6-3",2016-04-22,8:15,試合,シニア(または不明),オリンピック予選,2016,タイトルにJPN/Japan,高,照合なし,Greco-Roman Wrestling - World Olympic Qualifier - Ulaanbaatar 2016,https://www.youtube.com/watch?v=W-_WE6NpBDI
Yx9mGJhBS4s,"1/4 GR - 98 kg: D. TIMONCINI (ITA) df. N. SAIKAWA (JPN), 2-1",2016-04-22,9:30,試合,シニア(または不明),オリンピック予選,2016,タイトルにJPN/Japan,高,照合なし,Greco-Roman Wrestling - World Olympic Qualifier - Ulaanbaatar 2016,https://www.youtube.com/watch?v=Yx9mGJhBS4s
FcfV1dDyowI,"1/8 GR - 98 kg: N. SAIKAWA (JPN) df. S. KOUNTOURATZI (GRE) by TF, 11-2",2016-04-22,6:56,試合,シニア(または不明),オリンピック予選,2016,タイトルにJPN/Japan,高,照合なし,Greco-Roman Wrestling - World Olympic Qualifier - Ulaanbaatar 2016,https://www.youtube.com/watch?v=FcfV1dDyowI
rVDnC2ZWoAk,"1/4 GR - 85 kg: T. OKA (JPN) df. A. DILMUKHAMEDO (KAZ), 2-0",2016-04-22,8:42,試合,シニア(または不明),オリンピック予選,2016,タイトルにJPN/Japan,高,照合なし,Greco-Roman Wrestling - World Olympic Qualifier - Ulaanbaatar 2016,https://www.youtube.com/watch?v=rVDnC2ZWoAk
5W0p8qqcPEQ,"1/8 GR - 130 kg: Q. MENG (CHN) df. A. SONODA (JPN), 7-2",2016-04-22,9:29,試合,シニア(または不明),オリンピック予選,2016,タイトルにJPN/Japan,高,照合なし,Greco-Roman Wrestling - World Olympic Qualifier - Ulaanbaatar 2016,https://www.youtube.com/watch?v=5W0p8qqcPEQ
NrW8Bs2om5k,"BRONZE FS - 65 kg: S. MAEDA (JPN) df. A. BATIROV (BRN) by forfeit, 0-0",2016-04-13,0:24,試合,シニア(または不明),オリンピック予選,2016,タイトルにJPN/Japan・選手名の一致,高,眞栄田 空斗(Sorato MAEDA),Freestyle Wrestling - Asian Olympic Qualifier - Astana 2016,https://www.youtube.com/watch?v=NrW8Bs2om5k
14Lj6q-zthU,"1/2 FS - 86 kg: A. KAKHIDZE (KAZ) df. S. MATSUMOTO (JPN), 6-3",2016-04-13,9:18,試合,シニア(または不明),オリンピック予選,2016,タイトルにJPN/Japan,高,照合なし,Freestyle Wrestling - Asian Olympic Qualifier - Astana 2016,https://www.youtube.com/watch?v=14Lj6q-zthU
6zAVB_dBR_o,"GOLD GR - 66 kg: T. INOUE (JPN) df. O. NOROOZI (IRI), 3-3",2016-04-13,10:11,試合,シニア(または不明),オリンピック予選,2016,タイトルにJPN/Japan,高,照合なし,Greco-Roman Wrestling - Asian Olympic Qualifier - Astana 2016,https://www.youtube.com/watch?v=6zAVB_dBR_o
uyEHRMr5ANE,"1/2 FW - 75 kg: R. WATARI (JPN) df. O. BADRAKH (MGL), 5-2",2016-03-23,8:45,試合,シニア(または不明),オリンピック予選,2016,タイトルにJPN/Japan,高,照合なし,Women's Wrestling - Asian Olympic Qualifier - Astana 2016 / Greco-Roman Wrestling - Asian Olympic Qualifier - Astana 2016,https://www.youtube.com/watch?v=uyEHRMr5ANE
4NII3MSxL4Y,"1/4 FS - 125 kg: Z. DENG (CHN) df. T. YAMAMOTO (JPN) by FALL, 4-0",2016-03-20,0:50,試合,シニア(または不明),オリンピック予選,2016,タイトルにJPN/Japan・選手名の一致,高,山本 泰輝(Taiki YAMAMOTO),Freestyle Wrestling - Asian Olympic Qualifier - Astana 2016,https://www.youtube.com/watch?v=4NII3MSxL4Y
D7hP8nNqM8o,"1/4 FS - 86 kg: S. MATSUMOTO (JPN) df. B. KODIROV (TJK) by TF, 14-4",2016-03-20,7:57,試合,シニア(または不明),オリンピック予選,2016,タイトルにJPN/Japan,高,照合なし,Freestyle Wrestling - Asian Olympic Qualifier - Astana 2016,https://www.youtube.com/watch?v=D7hP8nNqM8o
XT_mByct-4w,"BRONZE FS - 86 kg: S. MATSUMOTO (JPN) df. U. ISMANOV (UZB) by Injury Default, 0-0",2016-03-20,0:18,試合,シニア(または不明),オリンピック予選,2016,タイトルにJPN/Japan,高,照合なし,Freestyle Wrestling - Asian Olympic Qualifier - Astana 2016,https://www.youtube.com/watch?v=XT_mByct-4w
X-YDQUg6yQo,"1/2 FS - 86 kg: A. KAKHIDZE (KAZ) df. S. MATSUMOTO (JPN), 6-3",2016-03-20,9:12,試合,シニア(または不明),オリンピック予選,2016,タイトルにJPN/Japan,高,照合なし,Freestyle Wrestling - Asian Olympic Qualifier - Astana 2016,https://www.youtube.com/watch?v=X-YDQUg6yQo
EON33W7dVHo,"Qual. GR - 98 kg: J. TURDIEV (UZB) df. N. SAIKAWA (JPN), 7-5",2016-03-20,10:52,試合,シニア(または不明),オリンピック予選,2016,タイトルにJPN/Japan,高,照合なし,Greco-Roman Wrestling - Asian Olympic Qualifier - Astana 2016,https://www.youtube.com/watch?v=EON33W7dVHo
5f1gHVYu7fs,"BRONZE GR - 75 kg: A. AZISBEKOV (KGZ) df. S. YABIKU (JPN), 3-0",2016-03-20,11:04,試合,シニア(または不明),オリンピック予選,2016,タイトルにJPN/Japan,高,照合なし,Greco-Roman Wrestling - Asian Olympic Qualifier - Astana 2016,https://www.youtube.com/watch?v=5f1gHVYu7fs
b4xqMjJTPKQ,"1/4 GR - 66 kg: T. INOUE (JPN) df. J. PANG (PRK), 4-0",2016-03-20,8:51,試合,シニア(または不明),オリンピック予選,2016,タイトルにJPN/Japan,高,照合なし,Greco-Roman Wrestling - Asian Olympic Qualifier - Astana 2016,https://www.youtube.com/watch?v=b4xqMjJTPKQ
9iDlrH6Xk6w,"1/2 GR - 66 kg: T. INOUE (JPN) df. M. CHUHALOV (KAZ), 2-1",2016-03-20,8:44,試合,シニア(または不明),オリンピック予選,2016,タイトルにJPN/Japan,高,照合なし,Greco-Roman Wrestling - Asian Olympic Qualifier - Astana 2016,https://www.youtube.com/watch?v=9iDlrH6Xk6w
Ho6kr34j8bw,"1/4 GR - 85 kg: T. OKA (JPN) df. S. LEE (KOR), 3-1",2016-03-19,10:06,試合,シニア(または不明),オリンピック予選,2016,タイトルにJPN/Japan,高,照合なし,Best of Seunghwan LEE / Greco-Roman Wrestling - Asian Olympic Qualifier - Astana 2016,https://www.youtube.com/watch?v=Ho6kr34j8bw
njuZiGr7jsE,"1/2 FS - 74 kg: S. TAKATANI (JPN) df. R. KURBANOV (UZB), 4-2",2016-03-19,9:25,試合,シニア(または不明),オリンピック予選,2016,タイトルにJPN/Japan・選手名の一致,高,高谷 惣亮(Sosuke TAKATANI),Freestyle Wrestling - Asian Olympic Qualifier - Astana 2016,https://www.youtube.com/watch?v=njuZiGr7jsE
-ImgxJINo1w,"1/4 FS - 57 kg: R. HIGUCHI (JPN) df. B. ATABAYEV (TKM) by TF, 10-0",2016-03-19,1:49,試合,シニア(または不明),オリンピック予選,2016,タイトルにJPN/Japan・選手名の一致,高,樋口 黎(Rei HIGUCHI),Freestyle Wrestling - Asian Olympic Qualifier - Astana 2016,https://www.youtube.com/watch?v=-ImgxJINo1w
CP2bTQkEWtg,"1/4 FS - 74 kg: S. TAKATANI (JPN) df. D. ORAZGYLYJOV (TKM) by TF, 16-6",2016-03-19,6:57,試合,シニア(または不明),オリンピック予選,2016,タイトルにJPN/Japan・選手名の一致,高,高谷 惣亮(Sosuke TAKATANI),Freestyle Wrestling - Asian Olympic Qualifier - Astana 2016,https://www.youtube.com/watch?v=CP2bTQkEWtg
83pVR7NmGC4,"Qual. FS - 74 kg: S. TAKATANI (JPN) df. Y. LEE (KOR), 8-3",2016-03-19,8:24,試合,シニア(または不明),オリンピック予選,2016,タイトルにJPN/Japan・選手名の一致,高,高谷 惣亮(Sosuke TAKATANI),Freestyle Wrestling - Asian Olympic Qualifier - Astana 2016,https://www.youtube.com/watch?v=83pVR7NmGC4
Ta8YTFdJnq8,"1/2 FS - 57 kg: R. HIGUCHI (JPN) df. R. AWARE (IND) by TF, 10-0",2016-03-19,1:52,試合,シニア(または不明),オリンピック予選,2016,タイトルにJPN/Japan・選手名の一致,高,樋口 黎(Rei HIGUCHI),Freestyle Wrestling - Asian Olympic Qualifier - Astana 2016,https://www.youtube.com/watch?v=Ta8YTFdJnq8
kaJjBgi50po,"Qual. FS - 65 kg: S. MAEDA (JPN) df. E. DOGDURBEK UU (KGZ), 10-4",2016-03-19,8:51,試合,シニア(または不明),オリンピック予選,2016,タイトルにJPN/Japan・選手名の一致,高,眞栄田 空斗(Sorato MAEDA),Freestyle Wrestling - Asian Olympic Qualifier - Astana 2016,https://www.youtube.com/watch?v=kaJjBgi50po
wuMf4Xtx5_U,"Qual. FS - 97 kg: M. MUSAEV (KGZ) df. T. YAMAGUCHI (JPN), 1-1",2016-03-19,7:50,試合,シニア(または不明),オリンピック予選,2016,タイトルにJPN/Japan・選手名の一致,高,山口 太一(Taichi YAMAGUCHI),Freestyle Wrestling - Asian Olympic Qualifier - Astana 2016,https://www.youtube.com/watch?v=wuMf4Xtx5_U
SvQMxcMEGU0,"1/4 FS - 65 kg: K. YEERLANBIEKE (CHN) df. S. MAEDA (JPN) by TF, 10-0",2016-03-19,4:34,試合,シニア(または不明),オリンピック予選,2016,タイトルにJPN/Japan・選手名の一致,高,眞栄田 空斗(Sorato MAEDA),Freestyle Wrestling - Asian Olympic Qualifier - Astana 2016,https://www.youtube.com/watch?v=SvQMxcMEGU0
ZVrjnh8ybEY,"GOLD FS - 57 kg: R. HIGUCHI (JPN) df. J. YUN (KOR), 4-0",2016-03-19,8:32,試合,シニア(または不明),オリンピック予選,2016,タイトルにJPN/Japan・選手名の一致,高,樋口 黎(Rei HIGUCHI),Freestyle Wrestling - Asian Olympic Qualifier - Astana 2016,https://www.youtube.com/watch?v=ZVrjnh8ybEY
y63NQ5gCgOk,"GOLD FS - 74 kg: G. USSERBAYEV (KAZ) df. S. TAKATANI (JPN) by Injury Default, 1-0",2016-03-19,1:34,試合,シニア(または不明),オリンピック予選,2016,タイトルにJPN/Japan・選手名の一致,高,高谷 惣亮(Sosuke TAKATANI),Freestyle Wrestling - Asian Olympic Qualifier - Astana 2016,https://www.youtube.com/watch?v=y63NQ5gCgOk
B9s3Z1WJ02M,"Repechage FS - 65 kg: S. MAEDA (JPN) df. S. ISMOILOV (TJK) by FALL, 5-2",2016-03-19,3:10,試合,シニア(または不明),オリンピック予選,2016,タイトルにJPN/Japan・選手名の一致,高,眞栄田 空斗(Sorato MAEDA),Freestyle Wrestling - Asian Olympic Qualifier - Astana 2016,https://www.youtube.com/watch?v=B9s3Z1WJ02M
M9x1BHCl0mc,"Repechage FS - 97 kg: T. YAMAGUCHI (JPN) df. M. IBRAGIMOV (UZB) by Injury Default, 0-0",2016-03-19,2:57,試合,シニア(または不明),オリンピック予選,2016,タイトルにJPN/Japan・選手名の一致,高,山口 太一(Taichi YAMAGUCHI),Freestyle Wrestling - Asian Olympic Qualifier - Astana 2016,https://www.youtube.com/watch?v=M9x1BHCl0mc
MjrmcWyoFDQ,"BRONZE FS - 97 kg: T. YAMAGUCHI (JPN) df. S. KADIAN (IND), 3-2",2016-03-19,8:18,試合,シニア(または不明),オリンピック予選,2016,タイトルにJPN/Japan・選手名の一致,高,山口 太一(Taichi YAMAGUCHI),Freestyle Wrestling - Asian Olympic Qualifier - Astana 2016,https://www.youtube.com/watch?v=MjrmcWyoFDQ
PopOmatRl54,"Qual. FW - 75 kg: R. WATARI (JPN) df. C. PARK (KOR) by TF, 10-0",2016-03-19,1:28,試合,シニア(または不明),オリンピック予選,2016,タイトルにJPN/Japan,高,照合なし,Women's Wrestling - Asian Olympic Qualifier - Astana 2016,https://www.youtube.com/watch?v=PopOmatRl54
r5yvq2mBSOo,"GOLD FW - 75 kg: R. WATARI (JPN) df. G. MANYUROVA (KAZ), 2-1",2016-03-19,8:04,試合,シニア(または不明),オリンピック予選,2016,タイトルにJPN/Japan,高,照合なし,Women's Wrestling - Asian Olympic Qualifier - Astana 2016,https://www.youtube.com/watch?v=r5yvq2mBSOo
nf3a5naxasc,"GOLD GR - 59 kg: L. WANG (CHN) df. S. OTA (JPN), 8-8",2016-03-19,13:26,試合,シニア(または不明),オリンピック予選,2016,タイトルにJPN/Japan・選手名の一致,高,太田 早也香(Sayaka OTA),Greco-Roman Wrestling - Asian Olympic Qualifier - Astana 2016,https://www.youtube.com/watch?v=nf3a5naxasc
4-0Pb3TOjMM,"1/4 GR - 59 kg: S. OTA (JPN) df. F. TUKHTAEV (UZB), 8-4",2016-03-19,7:59,試合,シニア(または不明),オリンピック予選,2016,タイトルにJPN/Japan・選手名の一致,高,太田 早也香(Sayaka OTA),Greco-Roman Wrestling - Asian Olympic Qualifier - Astana 2016,https://www.youtube.com/watch?v=4-0Pb3TOjMM
wWSn3u1AdWw,"1/2 GR - 85 kg: Z. KENZHEEV (KGZ) df. T. OKA (JPN) by TF, 8-0",2016-03-19,2:50,試合,シニア(または不明),オリンピック予選,2016,タイトルにJPN/Japan,高,照合なし,Greco-Roman Wrestling - Asian Olympic Qualifier - Astana 2016,https://www.youtube.com/watch?v=wWSn3u1AdWw
NB2h8A_sqP0,"1/2 GR - 59 kg: S. OTA (JPN) df. S. KIM (KOR) by TF, 10-2",2016-03-19,8:08,試合,シニア(または不明),オリンピック予選,2016,タイトルにJPN/Japan・選手名の一致,高,太田 早也香(Sayaka OTA),Greco-Roman Wrestling - Asian Olympic Qualifier - Astana 2016,https://www.youtube.com/watch?v=NB2h8A_sqP0
IxWr2I7-O8k,"1/4 GR - 130 kg: M. ABDULLAEV (UZB) df. A. SONODA (JPN) by FALL, 6-0",2016-03-19,2:59,試合,シニア(または不明),オリンピック予選,2016,タイトルにJPN/Japan,高,照合なし,Greco-Roman Wrestling - Asian Olympic Qualifier - Astana 2016,https://www.youtube.com/watch?v=IxWr2I7-O8k
fk-mQgJjm1I,"1/4 GR - 75 kg: D. TURDIEV (UZB) df. S. YABIKU (JPN) by TF, 9-0",2016-03-19,7:41,試合,シニア(または不明),オリンピック予選,2016,タイトルにJPN/Japan,高,照合なし,Greco-Roman Wrestling - Asian Olympic Qualifier - Astana 2016,https://www.youtube.com/watch?v=fk-mQgJjm1I
pKyFfsw8pLc,"Qual. GR - 59 kg: S. OTA (JPN) df. H. SORYAN (IRI), 7-4",2016-03-18,8:49,試合,シニア(または不明),オリンピック予選,2016,タイトルにJPN/Japan・選手名の一致,高,太田 早也香(Sayaka OTA),Highlights Astana 2016 - Asian Olympic Qualifier / Greco-Roman Wrestling - Asian Olympic Qualifier - Astana 2016,https://www.youtube.com/watch?v=pKyFfsw8pLc
EsyjLmexIsA,"1/2 FS - 74 kg: S. TAKATANI (JPN) df. R. KURBANOV (UZB), 4-2",2016-03-18,9:29,試合,シニア(または不明),オリンピック予選,2016,タイトルにJPN/Japan・選手名の一致,高,高谷 惣亮(Sosuke TAKATANI),Freestyle Wrestling - Asian Olympic Qualifier - Astana 2016,https://www.youtube.com/watch?v=EsyjLmexIsA
LfwwTXld464,"1/2 GR - 85 kg: Z. KENZHEEV (KGZ) df. T. OKA (JPN) by TF, 8-0",2016-03-18,2:53,試合,シニア(または不明),オリンピック予選,2016,タイトルにJPN/Japan,高,照合なし,Greco-Roman Wrestling - Asian Olympic Qualifier - Astana 2016,https://www.youtube.com/watch?v=LfwwTXld464
iiR8FQ-KpAo,"1/2 GR - 59 kg: S. OTA (JPN) df. S. KIM (KOR) by TF, 10-2",2016-03-18,8:11,試合,シニア(または不明),オリンピック予選,2016,タイトルにJPN/Japan・選手名の一致,高,太田 早也香(Sayaka OTA),Greco-Roman Wrestling - Asian Olympic Qualifier - Astana 2016,https://www.youtube.com/watch?v=iiR8FQ-KpAo
_YkR1GUSQkE,"BRONZE GR - 85 kg: R. KHATRI (IND) df. T. OKA (JPN), 6-1",2016-03-18,8:41,試合,シニア(または不明),オリンピック予選,2016,タイトルにJPN/Japan,高,照合なし,Greco-Roman Wrestling - Asian Olympic Qualifier - Astana 2016,https://www.youtube.com/watch?v=_YkR1GUSQkE
ONNZtJaE1os,"Qual. FS - 70 kg: A. BATIROV (BRN) df. N. TAKOJIMA (JPN), 7-0",2016-02-21,7:56,試合,シニア(または不明),アジア選手権,2016,タイトルにJPN/Japan,高,照合なし,Freestyle Wrestling - Asian Championships - Bangkok 2016,https://www.youtube.com/watch?v=ONNZtJaE1os
Yf6DBsBBOAE,"Qual. FS - 86 kg: M. MATSUSAKA (JPN) df. S. MUHADYYEV (TKM) by TF, 10-0",2016-02-21,2:51,試合,シニア(または不明),アジア選手権,2016,タイトルにJPN/Japan,高,照合なし,Freestyle Wrestling - Asian Championships - Bangkok 2016,https://www.youtube.com/watch?v=Yf6DBsBBOAE
FrW-5Yh_-kg,"Qual. FS - 61 kg: B. EHSANPOOR (IRI) df. K. OTOGURO (JPN) by TF, 15-4",2016-02-21,6:01,試合,シニア(または不明),アジア選手権,2016,タイトルにJPN/Japan,高,照合なし,Freestyle Wrestling - Asian Championships - Bangkok 2016,https://www.youtube.com/watch?v=FrW-5Yh_-kg
8Xp78Q20iZY,"1/4 FS - 86 kg: E. LASHGARI (IRI) df. M. MATSUSAKA (JPN), 10-2",2016-02-21,8:20,試合,シニア(または不明),アジア選手権,2016,タイトルにJPN/Japan,高,照合なし,Freestyle Wrestling - Asian Championships - Bangkok 2016,https://www.youtube.com/watch?v=8Xp78Q20iZY
Y0H9v-BLOAQ,"1/4 FS - 125 kg: A. LAZAREV (KGZ) df. T. TANAKA (JPN) by TF, 12-0",2016-02-21,2:58,試合,シニア(または不明),アジア選手権,2016,タイトルにJPN/Japan・選手名の一致,高,田中 太陽(Taiyo TANAKA),Freestyle Wrestling - Asian Championships - Bangkok 2016,https://www.youtube.com/watch?v=Y0H9v-BLOAQ
r8bvRgBTmRI,"Repechage FS - 61 kg: K. OTOGURO (JPN) df. R. AWARE (IND) by TF, 10-0",2016-02-21,2:17,試合,シニア(または不明),アジア選手権,2016,タイトルにJPN/Japan,高,照合なし,Freestyle Wrestling - Asian Championships - Bangkok 2016,https://www.youtube.com/watch?v=r8bvRgBTmRI
rMKIhe5lp4Q,"Repechage FS - 86 kg: A. KAKHIDZE (KAZ) df. M. MATSUSAKA (JPN), 8-3",2016-02-21,8:13,試合,シニア(または不明),アジア選手権,2016,タイトルにJPN/Japan,高,照合なし,Freestyle Wrestling - Asian Championships - Bangkok 2016,https://www.youtube.com/watch?v=rMKIhe5lp4Q
V7aN1dTigCQ,"BRONZE FS - 70 kg: M. NADERI (IRI) df. N. TAKOJIMA (JPN), 10-7",2016-02-21,8:31,試合,シニア(または不明),アジア選手権,2016,タイトルにJPN/Japan,高,照合なし,Freestyle Wrestling - Asian Championships - Bangkok 2016,https://www.youtube.com/watch?v=V7aN1dTigCQ
XqwD1OODpQg,"BRONZE FS - 61 kg: T. TUMENBILEG (MGL) df. K. OTOGURO (JPN), 11-4",2016-02-21,9:21,試合,シニア(または不明),アジア選手権,2016,タイトルにJPN/Japan,高,照合なし,Freestyle Wrestling - Asian Championships - Bangkok 2016,https://www.youtube.com/watch?v=XqwD1OODpQg
Zs3BsJMWpho,"Qual. FS - 74 kg: M. HOSSEINKHANI (IRI) df. K. KITAMURA (JPN), 4-3",2016-02-20,8:16,試合,シニア(または不明),アジア選手権,2016,タイトルにJPN/Japan,高,照合なし,Freestyle Wrestling - Asian Championships - Bangkok 2016,https://www.youtube.com/watch?v=Zs3BsJMWpho
jFpnUEpPGY8,"Qual. FS - 97 kg: K. YAMAMOTO (JPN) df. M. KHATRI (IND), 10-6",2016-02-20,8:38,試合,シニア(または不明),アジア選手権,2016,タイトルにJPN/Japan,高,照合なし,Freestyle Wrestling - Asian Championships - Bangkok 2016,https://www.youtube.com/watch?v=jFpnUEpPGY8
iQX7chjspgg,"1/4 FS - 97 kg: M. MUSAEV (KGZ) df. K. YAMAMOTO (JPN), 6-0",2016-02-20,8:03,試合,シニア(または不明),アジア選手権,2016,タイトルにJPN/Japan,高,照合なし,Freestyle Wrestling - Asian Championships - Bangkok 2016,https://www.youtube.com/watch?v=iQX7chjspgg
eO33bMuj6_Q,"1/8 FS - 65 kg: M. KAMOI (JPN) df. S. MYRADOV (TKM) by TF, 10-0",2016-02-20,6:30,試合,シニア(または不明),アジア選手権,2016,タイトルにJPN/Japan,高,照合なし,Freestyle Wrestling - Asian Championships - Bangkok 2016,https://www.youtube.com/watch?v=eO33bMuj6_Q
U_9wtC3k4QI,"1/8 FS - 57 kg: Y. KAWANO (JPN) df. M. BILAL (PAK) by TF, 10-0",2016-02-20,0:48,試合,シニア(または不明),アジア選手権,2016,タイトルにJPN/Japan,高,照合なし,Freestyle Wrestling - Asian Championships - Bangkok 2016,https://www.youtube.com/watch?v=U_9wtC3k4QI
DJ0OXUkTAzU,"BRONZE FS - 97 kg: B. ALMENTAY (KAZ) df. K. YAMAMOTO (JPN), 5-2",2016-02-20,8:50,試合,シニア(または不明),アジア選手権,2016,タイトルにJPN/Japan,高,照合なし,Freestyle Wrestling - Asian Championships - Bangkok 2016,https://www.youtube.com/watch?v=DJ0OXUkTAzU
EinTMoz2MoQ,"BRONZE FS - 65 kg: B. BATCHULUUN (MGL) df. M. KAMOI (JPN) by FALL, 9-4",2016-02-20,8:59,試合,シニア(または不明),アジア選手権,2016,タイトルにJPN/Japan,高,照合なし,Freestyle Wrestling - Asian Championships - Bangkok 2016,https://www.youtube.com/watch?v=EinTMoz2MoQ
5_pE30wwEBY,"1/4 FW - 48 kg: E. TOSAKA (JPN) df. H. KIM (PRK), 5-4",2016-02-20,9:57,試合,シニア(または不明),アジア選手権,2016,タイトルにJPN/Japan,高,照合なし,Women's Wrestling - Asian Championships - Bangkok 2016 / Highlights Bangkok 2016 - Asian Championships,https://www.youtube.com/watch?v=5_pE30wwEBY
t5BobtqeV7k,"GOLD FW - 69 kg: S. DOSHO (JPN) df. E. SYZDYKOVA (KAZ) by TF, 11-1",2016-02-20,7:16,試合,シニア(または不明),アジア選手権,2016,タイトルにJPN/Japan,高,照合なし,Women's Wrestling - Asian Championships - Bangkok 2016,https://www.youtube.com/watch?v=t5BobtqeV7k
yUMdSIR4n0I,"Repechage FS - 74 kg: S. USUPOV (KGZ) df. K. KITAMURA (JPN), 5-2",2016-02-20,8:49,試合,シニア(または不明),アジア選手権,2016,タイトルにJPN/Japan,高,照合なし,Women's Wrestling - Asian Championships - Bangkok 2016,https://www.youtube.com/watch?v=yUMdSIR4n0I
pbobP5LKZQM,"Repechage FS - 97 kg: K. YAMAMOTO (JPN) df. M. BIN HARON (SIN) by FALL, 10-0",2016-02-20,1:03,試合,シニア(または不明),アジア選手権,2016,タイトルにJPN/Japan,高,照合なし,Women's Wrestling - Asian Championships - Bangkok 2016,https://www.youtube.com/watch?v=pbobP5LKZQM
BLi1ZQVDDRA,"1/2 FS - 65 kg: M. NASIRI (IRI) df. M. KAMOI (JPN) by TF, 11-0",2016-02-20,6:50,試合,シニア(または不明),アジア選手権,2016,タイトルにJPN/Japan,高,照合なし,Women's Wrestling - Asian Championships - Bangkok 2016,https://www.youtube.com/watch?v=BLi1ZQVDDRA
t4BNwPWol24,"1/4 FS - 65 kg: M. KAMOI (JPN) df. K. JON (PRK), 5-2",2016-02-20,9:20,試合,シニア(または不明),アジア選手権,2016,タイトルにJPN/Japan,高,照合なし,Women's Wrestling - Asian Championships - Bangkok 2016,https://www.youtube.com/watch?v=t4BNwPWol24
sQbzxPtqC6E,"1/4 FS - 57 kg: Y. SARMASTIDIZA (IRI) df. Y. KAWANO (JPN) by TF, 13-2",2016-02-20,5:03,試合,シニア(または不明),アジア選手権,2016,タイトルにJPN/Japan,高,照合なし,Women's Wrestling - Asian Championships - Bangkok 2016,https://www.youtube.com/watch?v=sQbzxPtqC6E
z-kbJTytKVg,"1/2 FW - 58 kg: A. ABDILDINA (KAZ) df. M. HIGUCHI (JPN) by FALL, 2-0",2016-02-20,1:12,試合,シニア(または不明),アジア選手権,2016,タイトルにJPN/Japan,高,照合なし,Women's Wrestling - Asian Championships - Bangkok 2016,https://www.youtube.com/watch?v=z-kbJTytKVg
WomgPeotwc0,"1/4 FW - 58 kg: M. HIGUCHI (JPN) df. T. PHAM (VIE) by TF, 14-3",2016-02-20,8:21,試合,シニア(または不明),アジア選手権,2016,タイトルにJPN/Japan,高,照合なし,Women's Wrestling - Asian Championships - Bangkok 2016,https://www.youtube.com/watch?v=WomgPeotwc0
ozBY6GWrcW0,"BRONZE FW - 58 kg: Z. ZHOU (CHN) df. M. HIGUCHI (JPN) by TF, 12-1",2016-02-20,3:40,試合,シニア(または不明),アジア選手権,2016,タイトルにJPN/Japan,高,照合なし,Women's Wrestling - Asian Championships - Bangkok 2016,https://www.youtube.com/watch?v=ozBY6GWrcW0
7ZFLBLAlwNc,"Qual. FW - 48 kg: E. TOSAKA (JPN) df. R. RITU (IND), 1-1",2016-02-19,7:52,試合,シニア(または不明),アジア選手権,2016,タイトルにJPN/Japan,高,照合なし,Women's Wrestling - Asian Championships - Bangkok 2016,https://www.youtube.com/watch?v=7ZFLBLAlwNc
oxlUzsLt_xc,"1/4 FW - 69 kg: S. DOSHO (JPN) df. C. PARK (KOR) by TF, 10-0",2016-02-19,2:50,試合,シニア(または不明),アジア選手権,2016,タイトルにJPN/Japan,高,照合なし,Women's Wrestling - Asian Championships - Bangkok 2016,https://www.youtube.com/watch?v=oxlUzsLt_xc
UPIXWoPOD5k,"Qual. FW - 53 kg: Y. PAK (PRK) df. N. IRIE (JPN) by TF, 12-1",2016-02-19,6:01,試合,シニア(または不明),アジア選手権,2016,タイトルにJPN/Japan,高,照合なし,Women's Wrestling - Asian Championships - Bangkok 2016,https://www.youtube.com/watch?v=UPIXWoPOD5k
B68wly-Vte4,"Qual. FW - 55 kg: M. KADOYA (JPN) df. S. ESHMURATOVA (UZB) by TF, 10-0",2016-02-19,1:10,試合,シニア(または不明),アジア選手権,2016,タイトルにJPN/Japan,高,照合なし,Women's Wrestling - Asian Championships - Bangkok 2016,https://www.youtube.com/watch?v=B68wly-Vte4
y6Vis5l2eWk,"1/2 FW - 75 kg: R. ABE (JPN) df. K. KIRAN (IND), 3-1",2016-02-19,9:00,試合,シニア(または不明),アジア選手権,2016,タイトルにJPN/Japan,高,照合なし,Women's Wrestling - Asian Championships - Bangkok 2016,https://www.youtube.com/watch?v=y6Vis5l2eWk
_ataeaiSDL4,"GOLD FW - 75 kg: B. OCHIRBAT (MGL) df. R. ABE (JPN), 2-0",2016-02-19,7:51,試合,シニア(または不明),アジア選手権,2016,タイトルにJPN/Japan,高,照合なし,Women's Wrestling - Asian Championships - Bangkok 2016,https://www.youtube.com/watch?v=_ataeaiSDL4
N5GWAYl9-Jw,"1/4 FW - 55 kg: M. KADOYA (JPN) df. N. RONG (CHN) by TF, 10-0",2016-02-19,1:16,試合,シニア(または不明),アジア選手権,2016,タイトルにJPN/Japan,高,照合なし,Women's Wrestling - Asian Championships - Bangkok 2016,https://www.youtube.com/watch?v=N5GWAYl9-Jw
TJIMU1V1UrE,"1/2 FW - 48 kg: Y. SUN (CHN) df. E. TOSAKA (JPN), 5-4",2016-02-19,13:27,試合,シニア(または不明),アジア選手権,2016,タイトルにJPN/Japan,高,照合なし,Women's Wrestling - Asian Championships - Bangkok 2016,https://www.youtube.com/watch?v=TJIMU1V1UrE
LHhZ1deaL2w,"1/2 FW - 55 kg: O. DAVAASUKH (MGL) df. M. KADOYA (JPN), 6-5",2016-02-19,8:08,試合,シニア(または不明),アジア選手権,2016,タイトルにJPN/Japan,高,照合なし,Women's Wrestling - Asian Championships - Bangkok 2016,https://www.youtube.com/watch?v=LHhZ1deaL2w
0vQzpUhnwqU,"GOLD FW - 60 kg: Y. HAN (CHN) df. A. ITO (JPN), 6-4",2016-02-19,9:23,試合,シニア(または不明),アジア選手権,2016,タイトルにJPN/Japan・選手名の一致,高,伊藤 愛理(Airi ITO),Greco-Roman Wrestling - Asian Championships - Bangkok 2016,https://www.youtube.com/watch?v=0vQzpUhnwqU
JCY_1XwGkVA,"BRONZE FW - 55 kg: J. UM (KOR) df. M. KADOYA (JPN), 4-6",2016-02-19,8:53,試合,シニア(または不明),アジア選手権,2016,タイトルにJPN/Japan,高,照合なし,Greco-Roman Wrestling - Asian Championships - Bangkok 2016,https://www.youtube.com/watch?v=JCY_1XwGkVA
1RtxUdHxswM,"BRONZE FW - 48 kg: E. TOSAKA (JPN) df. D. YAKHSHIMURAT (UZB) by TF, 12-2",2016-02-19,2:16,試合,シニア(または不明),アジア選手権,2016,タイトルにJPN/Japan,高,照合なし,Greco-Roman Wrestling - Asian Championships - Bangkok 2016,https://www.youtube.com/watch?v=1RtxUdHxswM
lrEbOdjFgQc,"1/4 FW - 60 kg: A. ITO (JPN) df. T. DAO (VIE) by TF, 11-0",2016-02-19,5:20,試合,シニア(または不明),アジア選手権,2016,タイトルにJPN/Japan・選手名の一致,高,伊藤 愛理(Airi ITO),Greco-Roman Wrestling - Asian Championships - Bangkok 2016,https://www.youtube.com/watch?v=lrEbOdjFgQc
SpcPtpmyAn4,"1/2 FW - 69 kg: S. DOSHO (JPN) df. B. ZORIGT (MGL), 17-6",2016-02-19,8:50,試合,シニア(または不明),アジア選手権,2016,タイトルにJPN/Japan,高,照合なし,Greco-Roman Wrestling - Asian Championships - Bangkok 2016,https://www.youtube.com/watch?v=SpcPtpmyAn4
hSpypmxWPCc,"1/2 FW - 60 kg: A. ITO (JPN) df. O. OTGONBAT (MGL) by FALL, 10-2",2016-02-19,7:00,試合,シニア(または不明),アジア選手権,2016,タイトルにJPN/Japan・選手名の一致,高,伊藤 愛理(Airi ITO),Greco-Roman Wrestling - Asian Championships - Bangkok 2016,https://www.youtube.com/watch?v=hSpypmxWPCc
9k67JfBtn2o,"1/4 FW - 75 kg: R. ABE (JPN) df. Q. QIANDEGENCHA (CHN), 8-6",2016-02-18,8:17,試合,シニア(または不明),アジア選手権,2016,タイトルにJPN/Japan,高,照合なし,Women's Wrestling - Asian Championships - Bangkok 2016,https://www.youtube.com/watch?v=9k67JfBtn2o
usNAViep8Ws,"1/4 FW - 63 kg: R. KAWAI (JPN) df. R. XU (CHN), 8-4",2016-02-18,8:37,試合,シニア(または不明),アジア選手権,2016,タイトルにJPN/Japan,高,照合なし,Women's Wrestling - Asian Championships - Bangkok 2016,https://www.youtube.com/watch?v=usNAViep8Ws
1Nsxwv4Sp8E,"GOLD FW - 63 kg: R. KAWAI (JPN) df. J. RIM (PRK) by FALL, 6-0",2016-02-18,3:28,試合,シニア(または不明),アジア選手権,2016,タイトルにJPN/Japan,高,照合なし,Women's Wrestling - Asian Championships - Bangkok 2016,https://www.youtube.com/watch?v=1Nsxwv4Sp8E
HoTPbRb9QPE,"1/4 GR - 66 kg: A. ZHANBIROV (KAZ) df. T. SHIMOYAMADA (JPN), 6-0",2016-02-18,8:15,試合,シニア(または不明),アジア選手権,2016,タイトルにJPN/Japan,高,照合なし,Greco-Roman Wrestling - Asian Championships - Bangkok 2016,https://www.youtube.com/watch?v=HoTPbRb9QPE
VC0tixZvF-Q,"Repechage GR - 80 kg: A. DILMUKHAMEDO (KAZ) df. Y. MAETA (JPN), 4-1",2016-02-18,7:52,試合,シニア(または不明),アジア選手権,2016,タイトルにJPN/Japan,高,照合なし,Greco-Roman Wrestling - Asian Championships - Bangkok 2016,https://www.youtube.com/watch?v=VC0tixZvF-Q
7oYhWOUDVb8,"Repechage GR - 66 kg: W. JON (PRK) df. T. SHIMOYAMADA (JPN) by TF, 8-0",2016-02-18,2:38,試合,シニア(または不明),アジア選手権,2016,タイトルにJPN/Japan,高,照合なし,Greco-Roman Wrestling - Asian Championships - Bangkok 2016,https://www.youtube.com/watch?v=7oYhWOUDVb8
XwNY4ZC2mrI,"Qual. GR - 59 kg: S. TANOKURA (JPN) df. U. KWON (PRK), 7-5",2016-02-18,11:42,試合,シニア(または不明),アジア選手権,2016,タイトルにJPN/Japan,高,照合なし,Greco-Roman Wrestling - Asian Championships - Bangkok 2016,https://www.youtube.com/watch?v=XwNY4ZC2mrI
dSeFE1ZU9Y4,"Qual. GR - 71 kg: J. YUN (KOR) df. T. YAMAMOTO (JPN) by TF, 24-5",2016-02-18,6:44,試合,シニア(または不明),アジア選手権,2016,タイトルにJPN/Japan・選手名の一致,高,山本 泰輝(Taiki YAMAMOTO),Greco-Roman Wrestling - Asian Championships - Bangkok 2016,https://www.youtube.com/watch?v=dSeFE1ZU9Y4
2fGfl3DlfE0,"Repechage GR - 59 kg: G. SHARMA (IND) df. S. TANOKURA (JPN), 2-2",2016-02-18,9:16,試合,シニア(または不明),アジア選手権,2016,タイトルにJPN/Japan,高,照合なし,Greco-Roman Wrestling - Asian Championships - Bangkok 2016,https://www.youtube.com/watch?v=2fGfl3DlfE0
gsVl6RYKbls,"1/4 GR - 59 kg: K. ZHOLCHUBEKOV (KGZ) df. S. TANOKURA (JPN) by TF, 12-2",2016-02-18,4:36,試合,シニア(または不明),アジア選手権,2016,タイトルにJPN/Japan,高,照合なし,Greco-Roman Wrestling - Asian Championships - Bangkok 2016,https://www.youtube.com/watch?v=gsVl6RYKbls
FMgyf8j41jk,"1/4 GR - 85 kg: Y. GHADERIAN (IRI) df. Y. OKAJIMA (JPN) by TF, 9-0",2016-02-18,3:10,試合,シニア(または不明),アジア選手権,2016,タイトルにJPN/Japan・選手名の一致,高,岡嶋 勇也(Yuya OKAJIMA),Greco-Roman Wrestling - Asian Championships - Bangkok 2016,https://www.youtube.com/watch?v=FMgyf8j41jk
rCcqz21xW2g,"1/4 GR - 98 kg: U. DZHUZUPBEKOV (KGZ) df. Y. YONEHIRA (JPN) by FALL, 4-0",2016-02-17,2:50,試合,シニア(または不明),アジア選手権,2016,タイトルにJPN/Japan,高,照合なし,Greco-Roman Wrestling - Asian Championships - Bangkok 2016,https://www.youtube.com/watch?v=rCcqz21xW2g
hhO1pSbgI8A,"Qual. GR - 75 kg: R. TSAREV (KGZ) df. T. KANAKUBO (JPN), 2-0",2016-02-17,9:12,試合,シニア(または不明),アジア選手権,2016,タイトルにJPN/Japan,高,照合なし,Greco-Roman Wrestling - Asian Championships - Bangkok 2016,https://www.youtube.com/watch?v=hhO1pSbgI8A
0ozyITF04t4,"Qual. GR - 130 kg: M. ABDULLAEV (UZB) df. H. TSUDA (JPN) by TF, 8-0",2016-02-17,2:41,試合,シニア(または不明),アジア選手権,2016,タイトルにJPN/Japan,高,照合なし,Greco-Roman Wrestling - Asian Championships - Bangkok 2016,https://www.youtube.com/watch?v=0ozyITF04t4
Di9Hp6X6DSo,"Qual. GR - 80 kg: R. TAHERISARTAN (IRI) df. Y. MAETA (JPN) by TF, 8-0",2016-02-17,6:10,試合,シニア(または不明),アジア選手権,2016,タイトルにJPN/Japan,高,照合なし,Greco-Roman Wrestling - Asian Championships - Bangkok 2016,https://www.youtube.com/watch?v=Di9Hp6X6DSo
pNWtDPtJrFs,"Qual. GR - 66 kg: T. SHIMOYAMADA (JPN) df. D. DEEPAK (IND) by TF, 10-0",2016-02-17,4:01,試合,シニア(または不明),アジア選手権,2016,タイトルにJPN/Japan,高,照合なし,Greco-Roman Wrestling - Asian Championships - Bangkok 2016,https://www.youtube.com/watch?v=pNWtDPtJrFs
PlURZqNkckY,Kaori ICHO (JPN) Loses First Match in 13 Years to PUREVDORJ Orkhon (MGL),2016-01-30,8:52,その他,シニア(または不明),,2016,タイトルにJPN/Japan,高,照合なし,Best of Orkhon PUREVDORJ,https://www.youtube.com/watch?v=PlURZqNkckY
n4hlfZJb2XY,"Qual. GR - 59 kg: K. FUMITA (JPN) df. A. ERALIEV (KGZ), 9-7",2015-11-29,9:40,試合,シニア(または不明),ランキングシリーズ等,2015,タイトルにJPN/Japan・選手名の一致,高,文田 健一郎(Kenichiro FUMITA),Best of Kenichiro Fumita / Greco-Roman Wrestling - Golden Grand Prix - Baku 2015,https://www.youtube.com/watch?v=n4hlfZJb2XY
jA8PUjEN9TY,"Qual. GR - 98 kg: O. NURIYEV (AZE) df. Y. YAMAMOTO (JPN), 3-2",2015-11-29,8:51,試合,シニア(または不明),ランキングシリーズ等,2015,タイトルにJPN/Japan・選手名の一致,高,照合なし(同じローマ字が2人以上),Greco-Roman Wrestling - Golden Grand Prix - Baku 2015,https://www.youtube.com/watch?v=jA8PUjEN9TY
eMDkhQZN0zQ,"1/8 GR - 85 kg: I. ABBASOV (AZE) df. M. SUMI (JPN) by TF, 8-0",2015-11-29,7:54,試合,シニア(または不明),ランキングシリーズ等,2015,タイトルにJPN/Japan,高,照合なし,Greco-Roman Wrestling - Golden Grand Prix - Baku 2015,https://www.youtube.com/watch?v=eMDkhQZN0zQ
HqMq-oU5iJE,"1/4 GR - 59 kg: E. TASMURADOV (UZB) df. K. FUMITA (JPN) by FALL, 10-5",2015-11-29,6:30,試合,シニア(または不明),ランキングシリーズ等,2015,タイトルにJPN/Japan・選手名の一致,高,文田 健一郎(Kenichiro FUMITA),Greco-Roman Wrestling - Golden Grand Prix - Baku 2015,https://www.youtube.com/watch?v=HqMq-oU5iJE
73ckq_4Tm8I,"Qual. FW - 69 kg: M. FURUCHI (JPN) df. J. ACOSTA MAZIA (VEN) by FALL, 12-4",2015-11-29,7:24,試合,シニア(または不明),ランキングシリーズ等,2015,タイトルにJPN/Japan,高,照合なし,Women's Wrestling - Golden Grand Prix - Baku 2015,https://www.youtube.com/watch?v=73ckq_4Tm8I
s4Qrq7A4Thk,"1/4 FW - 75 kg: E. BUKINA (RUS) df. R. ABE (JPN) by TF, 14-4",2015-11-29,6:47,試合,シニア(または不明),ランキングシリーズ等,2015,タイトルにJPN/Japan,高,照合なし,Women's Wrestling - Golden Grand Prix - Baku 2015,https://www.youtube.com/watch?v=s4Qrq7A4Thk
4u8Un50npxA,"1/2 FW - 69 kg: N. VOROBEVA (RUS) df. R. WATARI (JPN), 10-8",2015-11-29,9:16,試合,シニア(または不明),ランキングシリーズ等,2015,タイトルにJPN/Japan,高,照合なし,Women's Wrestling - Golden Grand Prix - Baku 2015,https://www.youtube.com/watch?v=4u8Un50npxA
OkesrtlRQfI,"BRONZE FW - 69 kg: R. WATARI (JPN) df. E. SYZDAKOVA (KAZ) by TF, 16-6",2015-11-29,4:42,試合,シニア(または不明),ランキングシリーズ等,2015,タイトルにJPN/Japan,高,照合なし,Women's Wrestling - Golden Grand Prix - Baku 2015,https://www.youtube.com/watch?v=OkesrtlRQfI
6HWaFGeQoLs,"Qual. FW - 69 kg: R. WATARI (JPN) df. I. KRATYSH (ISR) by TF, 10-0",2015-11-29,3:11,試合,シニア(または不明),ランキングシリーズ等,2015,タイトルにJPN/Japan,高,照合なし,Women's Wrestling - Golden Grand Prix - Baku 2015,https://www.youtube.com/watch?v=6HWaFGeQoLs
SbPkozHs3ss,"1/4 FW - 69 kg: N. VOROBEVA (RUS) df. M. FURUCHI (JPN), 7-4",2015-11-29,9:32,試合,シニア(または不明),ランキングシリーズ等,2015,タイトルにJPN/Japan,高,照合なし,Women's Wrestling - Golden Grand Prix - Baku 2015,https://www.youtube.com/watch?v=SbPkozHs3ss
ByKHvrXey8A,"1/4 FW - 69 kg: R. WATARI (JPN) df. G. ZUTOVA (AZE) by TF, 16-4",2015-11-29,8:11,試合,シニア(または不明),ランキングシリーズ等,2015,タイトルにJPN/Japan,高,照合なし,Women's Wrestling - Golden Grand Prix - Baku 2015,https://www.youtube.com/watch?v=ByKHvrXey8A
ZJkm4VvzqNQ,"Repechage FW - 69 kg: E. SYZDAKOVA (KAZ) df. M. FURUCHI (JPN), 10-6",2015-11-29,8:59,試合,シニア(または不明),ランキングシリーズ等,2015,タイトルにJPN/Japan,高,照合なし,Women's Wrestling - Golden Grand Prix - Baku 2015,https://www.youtube.com/watch?v=ZJkm4VvzqNQ
qFTwfb-jblA,"1/8 FW - 63 kg: V. LAZINSKAIA (RUS) df. K. MURATA (JPN), 9-7",2015-11-29,8:43,試合,シニア(または不明),ランキングシリーズ等,2015,タイトルにJPN/Japan・選手名の一致,高,村田 健介(Kensuke MURATA),Women's Wrestling - Golden Grand Prix - Baku 2015,https://www.youtube.com/watch?v=qFTwfb-jblA
9KwN3HsNkcs,"1/8 FW - 63 kg: A. GRIGORIEVA (LAT) df. A. GENPEI (JPN), 6-5",2015-11-29,10:46,試合,シニア(または不明),ランキングシリーズ等,2015,タイトルにJPN/Japan,高,照合なし,Women's Wrestling - Golden Grand Prix - Baku 2015,https://www.youtube.com/watch?v=9KwN3HsNkcs
NIQW3cjdagM,"Qual. FW - 48 kg: M. SHIDOCHI (JPN) df. H. KIM (PRK), 6-6",2015-11-28,8:41,試合,シニア(または不明),ランキングシリーズ等,2015,タイトルにJPN/Japan・選手名の一致,高,志土地 真優(Mayu SHIDOCHI),Women's Wrestling - Golden Grand Prix - Baku 2015,https://www.youtube.com/watch?v=NIQW3cjdagM
T2DIgU0iAIA,"1/4 FW - 48 kg: M. IGRASHI (JPN) df. T. AMANZHOL (KAZ), 10-6",2015-11-28,8:54,試合,シニア(または不明),ランキングシリーズ等,2015,タイトルにJPN/Japan,高,照合なし,Women's Wrestling - Golden Grand Prix - Baku 2015,https://www.youtube.com/watch?v=T2DIgU0iAIA
QbneVFHlq-w,"1/2 FW - 48 kg: V. ISLAMOVA (RUS) df. M. IGRASHI (JPN), 6-3",2015-11-28,8:43,試合,シニア(または不明),ランキングシリーズ等,2015,タイトルにJPN/Japan,高,照合なし,Women's Wrestling - Golden Grand Prix - Baku 2015,https://www.youtube.com/watch?v=QbneVFHlq-w
dfSi1pqtHI8,"Repechage FW - 48 kg: S. MURADZADA (AZE) df. M. SHIDOCHI (JPN), 7-2",2015-11-28,8:45,試合,シニア(または不明),ランキングシリーズ等,2015,タイトルにJPN/Japan・選手名の一致,高,志土地 真優(Mayu SHIDOCHI),Women's Wrestling - Golden Grand Prix - Baku 2015,https://www.youtube.com/watch?v=dfSi1pqtHI8
WSLxyHXFcnQ,"1/4 FW - 48 kg: V. ISLAMOVA (RUS) df. M. SHIDOCHI (JPN) by TF, 10-0",2015-11-28,6:37,試合,シニア(または不明),ランキングシリーズ等,2015,タイトルにJPN/Japan・選手名の一致,高,志土地 真優(Mayu SHIDOCHI),Women's Wrestling - Golden Grand Prix - Baku 2015,https://www.youtube.com/watch?v=WSLxyHXFcnQ
whmsVpENSG4,"1/4 FW - 55 kg: N. SINISHIN (AZE) df. H. SUGAWARA (JPN), 5-3",2015-11-28,8:43,試合,シニア(または不明),ランキングシリーズ等,2015,タイトルにJPN/Japan,高,照合なし,Women's Wrestling - Golden Grand Prix - Baku 2015,https://www.youtube.com/watch?v=whmsVpENSG4
jOrihD2x87U,"1/4 FW - 53 kg: Z. XUECHUN (CHN) df. M. MUKAIDA (JPN), 4-2",2015-11-28,9:55,試合,シニア(または不明),ランキングシリーズ等,2015,タイトルにJPN/Japan,高,照合なし,Women's Wrestling - Golden Grand Prix - Baku 2015,https://www.youtube.com/watch?v=jOrihD2x87U
DpvjAReDjek,"BRONZE FW - 48 kg: M. IGRASHI (JPN) df. S. MURADZADA (AZE) by TF, 12-0",2015-11-28,3:53,試合,シニア(または不明),ランキングシリーズ等,2015,タイトルにJPN/Japan,高,照合なし,Women's Wrestling - Golden Grand Prix - Baku 2015,https://www.youtube.com/watch?v=DpvjAReDjek
R2lW4RKGN9U,"1/8 FW - 53 kg: M. MUKAIDA (JPN) df. M. GUROVA (RUS), 3-0",2015-11-28,8:46,試合,シニア(または不明),ランキングシリーズ等,2015,タイトルにJPN/Japan,高,照合なし,Women's Wrestling - Golden Grand Prix - Baku 2015,https://www.youtube.com/watch?v=R2lW4RKGN9U
mURfPO75Bok,"Repechage FW - 55 kg: H. SUGAWARA (JPN) df. A. ISMAYILOVA (AZE) by TF, 10-0",2015-11-28,5:26,試合,シニア(または不明),ランキングシリーズ等,2015,タイトルにJPN/Japan,高,照合なし,Women's Wrestling - Golden Grand Prix - Baku 2015,https://www.youtube.com/watch?v=mURfPO75Bok
8D4o-sq0lwQ,"Qual. FW - 55 kg: H. SUGAWARA (JPN) df. S. HILDEBRANDT (USA), 7-0",2015-11-28,8:21,試合,シニア(または不明),ランキングシリーズ等,2015,タイトルにJPN/Japan,高,照合なし,Women's Wrestling - Golden Grand Prix - Baku 2015,https://www.youtube.com/watch?v=8D4o-sq0lwQ
A8lzN1q7K0w,"Qual. FW - 58 kg: Y. KAYAMA (JPN) df. M. LIULKOVA (RUS), 9-4",2015-11-28,9:20,試合,シニア(または不明),ランキングシリーズ等,2015,タイトルにJPN/Japan,高,照合なし,Women's Wrestling - Golden Grand Prix - Baku 2015,https://www.youtube.com/watch?v=A8lzN1q7K0w
a2DAh-47BvU,"Qual. FW - 60 kg: Y. KAWAI (JPN) df. I. NETREBA (AZE), 11-5",2015-11-28,8:44,試合,シニア(または不明),ランキングシリーズ等,2015,タイトルにJPN/Japan,高,照合なし,Women's Wrestling - Golden Grand Prix - Baku 2015,https://www.youtube.com/watch?v=a2DAh-47BvU
En0isEPM1wA,"1/4 FW - 58 kg: J. MATTSSON (SWE) df. Y. KAYAMA (JPN) by TF, 12-2",2015-11-28,8:55,試合,シニア(または不明),ランキングシリーズ等,2015,タイトルにJPN/Japan,高,照合なし,Women's Wrestling - Golden Grand Prix - Baku 2015,https://www.youtube.com/watch?v=En0isEPM1wA
TSfXBJZ-R0Q,"1/4 FW - 60 kg: L. XIAOJUAN (CHN) df. Y. KAWAI (JPN) by TF, 10-0",2015-11-28,2:28,試合,シニア(または不明),ランキングシリーズ等,2015,タイトルにJPN/Japan,高,照合なし,Women's Wrestling - Golden Grand Prix - Baku 2015,https://www.youtube.com/watch?v=TSfXBJZ-R0Q
1v-RFm1NstU,"BRONZE FW - 55 kg: H. SUGAWARA (JPN) df. A. KOLESNIK (AZE), 2-1",2015-11-28,8:08,試合,シニア(または不明),ランキングシリーズ等,2015,タイトルにJPN/Japan,高,照合なし,Women's Wrestling - Golden Grand Prix - Baku 2015,https://www.youtube.com/watch?v=1v-RFm1NstU
Vg0UmBkvvoE,"1/4 FS - 74 kg: K. TCABOLOV (RUS) df. D. SHIMADA (JPN), 13-6",2015-11-28,8:19,試合,シニア(または不明),ランキングシリーズ等,2015,タイトルにJPN/Japan,高,照合なし,Freestyle Wrestling - Golden Grand Prix - Baku 2015,https://www.youtube.com/watch?v=Vg0UmBkvvoE
qxjw63LyE_c,"1/4 FS - 86 kg: S. AMINASHVILI (GEO) df. M. MATSUSAKA (JPN), 4-0",2015-11-28,8:21,試合,シニア(または不明),ランキングシリーズ等,2015,タイトルにJPN/Japan,高,照合なし,Freestyle Wrestling - Golden Grand Prix - Baku 2015,https://www.youtube.com/watch?v=qxjw63LyE_c
RH4-Roer7t8,"1/4 FS - 70 kg: T. ASGAROV (AZE) df. N. TAKOJIMA (JPN) by TF, 13-2",2015-11-28,7:06,試合,シニア(または不明),ランキングシリーズ等,2015,タイトルにJPN/Japan,高,照合なし,Freestyle Wrestling - Golden Grand Prix - Baku 2015,https://www.youtube.com/watch?v=RH4-Roer7t8
zw0rxugvUIo,"Qual. FS - 61 kg: H. ALIYEV (AZE) df. S. ARIMOTO (JPN) by TF, 10-0",2015-11-27,7:32,試合,シニア(または不明),ランキングシリーズ等,2015,タイトルにJPN/Japan・選手名の一致,高,照合なし,Best of Haji Aliyev / Freestyle Wrestling - Golden Grand Prix - Baku 2015,https://www.youtube.com/watch?v=zw0rxugvUIo
ZP4wCxmZdq0,"BRONZE FS - 61 kg: A. BOGOMOEV (RUS) df. S. ARIMOTO (JPN), 5-0",2015-11-27,8:05,試合,シニア(または不明),ランキングシリーズ等,2015,タイトルにJPN/Japan・選手名の一致,高,照合なし,Freestyle Wrestling - Golden Grand Prix - Baku 2015,https://www.youtube.com/watch?v=ZP4wCxmZdq0
zhPvrW2ckZo,"Qual. FS - 65 kg: S. RAMONOV (RUS) df. S. HARADA (JPN), 6-1",2015-11-27,8:12,試合,シニア(または不明),ランキングシリーズ等,2015,タイトルにJPN/Japan,高,照合なし,Freestyle Wrestling - Golden Grand Prix - Baku 2015,https://www.youtube.com/watch?v=zhPvrW2ckZo
o_pHp9zWzfQ,"Repechage FS - 61 kg: S. ARIMOTO (JPN) df. B. LOMITADZE (GEO), 10-5",2015-11-27,8:17,試合,シニア(または不明),ランキングシリーズ等,2015,タイトルにJPN/Japan・選手名の一致,高,照合なし,Freestyle Wrestling - Golden Grand Prix - Baku 2015,https://www.youtube.com/watch?v=o_pHp9zWzfQ
zwj9dHzjeU0,"Qual. FS - 57 kg: Y. SARMASTIDIZA (IRI) df. I. OSHIRO (JPN) by TF, 17-6",2015-11-27,4:56,試合,シニア(または不明),ランキングシリーズ等,2015,タイトルにJPN/Japan,高,照合なし,Freestyle Wrestling - Golden Grand Prix - Baku 2015,https://www.youtube.com/watch?v=zwj9dHzjeU0
fehTp9e6nPg,"Kaori ICHO (JPN), 2015 Women's Wrestling World Champion at 58kg",2015-09-22,2:00,その他,シニア(または不明),世界選手権,2015,タイトルにJPN/Japan,高,照合なし,Interviews from Las Vegas 2015 - World Championships,https://www.youtube.com/watch?v=fehTp9e6nPg
z1SGkc3qh-M,"Saori YOSHIDA (JPN), 2015 Women's Wrestling World Champion at 53kg",2015-09-22,1:23,その他,シニア(または不明),世界選手権,2015,タイトルにJPN/Japan,高,照合なし,Interviews from Las Vegas 2015 - World Championships,https://www.youtube.com/watch?v=z1SGkc3qh-M
nhyPiHcq1Cc,"Eri TOSAKA (JPN), 2015 Women's Wrestling World Champion at 48kg",2015-09-22,2:01,その他,シニア(または不明),世界選手権,2015,タイトルにJPN/Japan,高,照合なし,Interviews from Las Vegas 2015 - World Championships,https://www.youtube.com/watch?v=nhyPiHcq1Cc
xQ9RFJRt7jQ,"Qual. GR - 85 kg: D. TSEKERIDIS (GRE) df. T. OKA (JPN) by TF, 10-0",2015-09-22,6:05,試合,シニア(または不明),世界選手権,2015,タイトルにJPN/Japan,高,照合なし,Greco-Roman Wrestling - World Championships - Las Vegas 2015,https://www.youtube.com/watch?v=xQ9RFJRt7jQ
1zfzAgJ24m0,"Qual. FS - 74 kg: S. TAKATANI (JPN) df. F. SOLER TANCO (PUR) by FALL, 8-0",2015-09-17,5:08,試合,シニア(または不明),世界選手権,2015,タイトルにJPN/Japan・選手名の一致,高,高谷 惣亮(Sosuke TAKATANI),Freestyle Wrestling - World Championships - Las Vegas 2015,https://www.youtube.com/watch?v=1zfzAgJ24m0
V8S1sj23hcs,"Repechage FS - 125 kg: C. JARGALSAIKHA (MGL) df. N. ARAKIDA (JPN), 2-1",2015-09-13,8:05,試合,シニア(または不明),世界選手権,2015,タイトルにJPN/Japan,高,照合なし,Freestyle Wrestling - World Championships - Las Vegas 2015,https://www.youtube.com/watch?v=V8S1sj23hcs
gHO1KQ3ufVs,"Repechage FW - 75 kg: E. MAE (EST) df. C. IIJIMA (JPN), 4-0",2015-09-13,8:16,試合,シニア(または不明),世界選手権,2015,タイトルにJPN/Japan,高,照合なし,Women's Wrestling - World Championships - Las Vegas 2015,https://www.youtube.com/watch?v=gHO1KQ3ufVs
brLyXaKiniw,"Repechage FS - 125 kg: N. ARAKIDA (JPN) df. M. SAKLAWE (IRQ) by Injury Default, 4-0",2015-09-12,7:13,試合,シニア(または不明),世界選手権,2015,タイトルにJPN/Japan,高,照合なし,Freestyle Wrestling - World Championships - Las Vegas 2015,https://www.youtube.com/watch?v=brLyXaKiniw
jBCSAfbIkkY,"1/4 FS - 57 kg: B. ERDENEBAT (MGL) df. Y. TAKAHASHI (JPN), 2-1",2015-09-12,8:04,試合,シニア(または不明),世界選手権,2015,タイトルにJPN/Japan・選手名の一致,高,照合なし(同じローマ字が2人以上),Freestyle Wrestling - World Championships - Las Vegas 2015,https://www.youtube.com/watch?v=jBCSAfbIkkY
On1U64YhTl4,"1/8 FS - 70 kg: D. TLASHADZE (GEO) df. T. KOJIMA (JPN), 5-3",2015-09-12,8:44,試合,シニア(または不明),世界選手権,2015,タイトルにJPN/Japan,高,照合なし,Freestyle Wrestling - World Championships - Las Vegas 2015,https://www.youtube.com/watch?v=On1U64YhTl4
Aqvcw6T1GQE,"1/8 FS - 57 kg: Y. TAKAHASHI (JPN) df. M. AMIRASLANOV (AZE), 5-3",2015-09-12,9:25,試合,シニア(または不明),世界選手権,2015,タイトルにJPN/Japan・選手名の一致,高,照合なし(同じローマ字が2人以上),Freestyle Wrestling - World Championships - Las Vegas 2015,https://www.youtube.com/watch?v=Aqvcw6T1GQE
0l-wqicVhXE,"1/16 FS - 70 kg: T. KOJIMA (JPN) df. Z. GULYAS (HUN), 2-1",2015-09-12,8:20,試合,シニア(または不明),世界選手権,2015,タイトルにJPN/Japan,高,照合なし,Freestyle Wrestling - World Championships - Las Vegas 2015,https://www.youtube.com/watch?v=0l-wqicVhXE
Cq1zZDvpznE,"1/16 FS - 74 kg: A. GEDUEV (RUS) df. S. TAKATANI (JPN) by TF, 11-0",2015-09-12,7:05,試合,シニア(または不明),世界選手権,2015,タイトルにJPN/Japan・選手名の一致,高,高谷 惣亮(Sosuke TAKATANI),Freestyle Wrestling - World Championships - Las Vegas 2015,https://www.youtube.com/watch?v=Cq1zZDvpznE
uLKVCUynb2w,"1/8 FS - 125 kg: J. MAGOMEDOV (AZE) df. N. ARAKIDA (JPN) by TF, 11-0",2015-09-12,6:12,試合,シニア(または不明),世界選手権,2015,タイトルにJPN/Japan,高,照合なし,Freestyle Wrestling - World Championships - Las Vegas 2015,https://www.youtube.com/watch?v=uLKVCUynb2w
cIUBUqF5B2A,"1/16 FS - 57 kg: Y. TAKAHASHI (JPN) df. K. BONILLA GOME (HON) by TF, 10-0",2015-09-12,1:49,試合,シニア(または不明),世界選手権,2015,タイトルにJPN/Japan・選手名の一致,高,照合なし(同じローマ字が2人以上),Freestyle Wrestling - World Championships - Las Vegas 2015,https://www.youtube.com/watch?v=cIUBUqF5B2A
nrkpm1qTzw0,"1/16 FS - 125 kg: N. ARAKIDA (JPN) df. H. DE OLIVEIRA  (BRA) by TF, 10-0",2015-09-12,2:51,試合,シニア(または不明),世界選手権,2015,タイトルにJPN/Japan,高,照合なし,Freestyle Wrestling - World Championships - Las Vegas 2015,https://www.youtube.com/watch?v=nrkpm1qTzw0
hZptIsqq7DQ,"BRONZE FS - 61 kg: V. DUBOV (BUL) df. M. KAMOI (JPN), 3-2",2015-09-12,8:25,試合,シニア(または不明),世界選手権,2015,タイトルにJPN/Japan,高,照合なし,Women's Wrestling - World Championships - Las Vegas 2015,https://www.youtube.com/watch?v=hZptIsqq7DQ
UhIexDn5NY0,"1/4 FS - 61 kg: H. ALIYEV (AZE) df. M. KAMOI (JPN), 6-2",2015-09-11,11:20,試合,シニア(または不明),世界選手権,2015,タイトルにJPN/Japan,高,照合なし,Best of Haji Aliyev / Freestyle Wrestling - World Championships - Las Vegas 2015,https://www.youtube.com/watch?v=UhIexDn5NY0
BBNxvASfIXw,"Qual. FS - 86 kg: A. SADULAEV (RUS) df. A. MATSUMOTO (JPN) by TF, 11-0",2015-09-11,5:47,試合,シニア(または不明),,2015,タイトルにJPN/Japan・選手名の一致,高,松本 彬夢(Ayumu MATSUMOTO),Best of Abdulrashid Sadulaev,https://www.youtube.com/watch?v=BBNxvASfIXw
-2N8Ls72_Kk,"Repechage FS - 61 kg: M. KAMOI (JPN) df. A. PERPELITA (MDA), 8-7",2015-09-11,9:52,試合,シニア(または不明),世界選手権,2015,タイトルにJPN/Japan,高,照合なし,Freestyle Wrestling - World Championships - Las Vegas 2015,https://www.youtube.com/watch?v=-2N8Ls72_Kk
SfjFEOqi9JI,"Repechage FS - 86 kg: U. ORGODOL (MGL) df. A. MATSUMOTO (JPN), 5-4",2015-09-11,10:07,試合,シニア(または不明),世界選手権,2015,タイトルにJPN/Japan・選手名の一致,高,松本 彬夢(Ayumu MATSUMOTO),Freestyle Wrestling - World Championships - Las Vegas 2015,https://www.youtube.com/watch?v=SfjFEOqi9JI
W8L8om8KKjA,"Repechage FS - 86 kg: A. MATSUMOTO (JPN) df. D. RADCHENKO MY (ISR) by TF, 12-2",2015-09-11,5:19,試合,シニア(または不明),世界選手権,2015,タイトルにJPN/Japan・選手名の一致,高,松本 彬夢(Ayumu MATSUMOTO),Freestyle Wrestling - World Championships - Las Vegas 2015,https://www.youtube.com/watch?v=W8L8om8KKjA
olwLIH7jYZc,"1/8 FS - 61 kg: M. KAMOI (JPN) df. J. REDJALARI (MKD) by TF, 10-0",2015-09-11,6:59,試合,シニア(または不明),世界選手権,2015,タイトルにJPN/Japan,高,照合なし,Freestyle Wrestling - World Championships - Las Vegas 2015,https://www.youtube.com/watch?v=olwLIH7jYZc
Isvt1FcWzxo,"1/16 FS - 97 kg: J. DIAZ ROBERTT (VEN) df. T. YAMAGUCHI (JPN), 4-2",2015-09-11,10:27,試合,シニア(または不明),世界選手権,2015,タイトルにJPN/Japan・選手名の一致,高,山口 太一(Taichi YAMAGUCHI),Freestyle Wrestling - World Championships - Las Vegas 2015,https://www.youtube.com/watch?v=Isvt1FcWzxo
HfdiaWl37s8,"1/8 FS - 65 kg: S. RAMONOV (RUS) df. T. ISHIDA (JPN), 8-0",2015-09-11,7:47,試合,シニア(または不明),世界選手権,2015,タイトルにJPN/Japan,高,照合なし,Freestyle Wrestling - World Championships - Las Vegas 2015,https://www.youtube.com/watch?v=HfdiaWl37s8
KTrZ8aO7W2c,"GOLD FW - 63 kg: B. SORONZONBOLD (MGL) df. R. KAWAI (JPN) by FALL, 2-0",2015-09-11,1:07,試合,シニア(または不明),世界選手権,2015,タイトルにJPN/Japan,高,照合なし,Women's Wrestling - World Championships - Las Vegas 2015,https://www.youtube.com/watch?v=KTrZ8aO7W2c
dTutYLXRiKo,"GOLD FW - 58 kg: K. ICHO (JPN) df. P. OLLI (FIN) by TF, 10-0",2015-09-11,7:43,試合,シニア(または不明),世界選手権,2015,タイトルにJPN/Japan,高,照合なし,Women's Wrestling - World Championships - Las Vegas 2015,https://www.youtube.com/watch?v=dTutYLXRiKo
Yp2haZec13I,"1/8 FW - 63 kg: R. KAWAI (JPN) df. K. VIDIAUX LOPE (CUB) by TF, 14-4",2015-09-11,8:16,試合,シニア(または不明),世界選手権,2015,タイトルにJPN/Japan,高,照合なし,Women's Wrestling - World Championships - Las Vegas 2015,https://www.youtube.com/watch?v=Yp2haZec13I
YJpf7S02hyc,"Qual. FW - 58 kg: K. ICHO (JPN) df. G. GEETA (IND) by TF, 10-0",2015-09-11,3:45,試合,シニア(または不明),世界選手権,2015,タイトルにJPN/Japan,高,照合なし,Women's Wrestling - World Championships - Las Vegas 2015,https://www.youtube.com/watch?v=YJpf7S02hyc
L6pr_9xHTpg,"1/2 FW - 63 kg: R. KAWAI (JPN) df. B. STONE (CAN) by FALL, 4-0",2015-09-11,1:25,試合,シニア(または不明),世界選手権,2015,タイトルにJPN/Japan,高,照合なし,Women's Wrestling - World Championships - Las Vegas 2015,https://www.youtube.com/watch?v=L6pr_9xHTpg
r0g0GyDWpw4,"1/2 FW - 58 kg: K. ICHO (JPN) df. J. RENTERIA CAS (COL) by FALL, 10-0",2015-09-11,3:16,試合,シニア(または不明),世界選手権,2015,タイトルにJPN/Japan,高,照合なし,Women's Wrestling - World Championships - Las Vegas 2015,https://www.youtube.com/watch?v=r0g0GyDWpw4
_nVkgzlJxbU,"1/8 FW - 75 kg: C. IIJIMA (JPN) df. N. NIKKI (IND), 7-0",2015-09-11,8:00,試合,シニア(または不明),世界選手権,2015,タイトルにJPN/Japan,高,照合なし,Women's Wrestling - World Championships - Las Vegas 2015,https://www.youtube.com/watch?v=_nVkgzlJxbU
9X2XaAjQ2QI,"1/8 FW - 58 kg: K. ICHO (JPN) df. E. YESILIRMAK (TUR) by TF, 10-0",2015-09-11,7:59,試合,シニア(または不明),世界選手権,2015,タイトルにJPN/Japan,高,照合なし,Women's Wrestling - World Championships - Las Vegas 2015,https://www.youtube.com/watch?v=9X2XaAjQ2QI
vz_nkqHtEiA,"Qual. FW - 63 kg: R. KAWAI (JPN) df. Y. TKACH OSTAPC (UKR), 3-0",2015-09-11,7:40,試合,シニア(または不明),世界選手権,2015,タイトルにJPN/Japan,高,照合なし,Women's Wrestling - World Championships - Las Vegas 2015,https://www.youtube.com/watch?v=vz_nkqHtEiA
zbAJCpgvWOA,"1/4 FW - 75 kg: Q. ZHOU (CHN) df. C. IIJIMA (JPN) by TF, 10-0",2015-09-11,2:52,試合,シニア(または不明),世界選手権,2015,タイトルにJPN/Japan,高,照合なし,Women's Wrestling - World Championships - Las Vegas 2015,https://www.youtube.com/watch?v=zbAJCpgvWOA
BJzE8Qw5BKs,"1/4 FW - 63 kg: R. KAWAI (JPN) df. M. MAMASHUK (BLR), 7-0",2015-09-11,7:41,試合,シニア(または不明),世界選手権,2015,タイトルにJPN/Japan,高,照合なし,Women's Wrestling - World Championships - Las Vegas 2015,https://www.youtube.com/watch?v=BJzE8Qw5BKs
GkdwBRi3Nc4,"1/4 FW - 58 kg: K. ICHO (JPN) df. M. SASTIN (HUN) by TF, 10-0",2015-09-11,5:22,試合,シニア(または不明),世界選手権,2015,タイトルにJPN/Japan,高,照合なし,Women's Wrestling - World Championships - Las Vegas 2015,https://www.youtube.com/watch?v=GkdwBRi3Nc4
50bWPC7ebng,"1/8 FW - 55 kg: A. KIMURA (JPN) df. L. LALITA (IND) by FALL, 7-0",2015-09-11,7:31,試合,シニア(または不明),世界選手権,2015,タイトルにJPN/Japan,高,照合なし,Women's Wrestling - World Championships - Las Vegas 2015,https://www.youtube.com/watch?v=50bWPC7ebng
t1GSEbrIGO8,"1/4 FW - 55 kg: K. HANCHAR YANU (BLR) df. A. KIMURA (JPN), 5-2",2015-09-11,10:03,試合,シニア(または不明),世界選手権,2015,タイトルにJPN/Japan,高,照合なし,Women's Wrestling - World Championships - Las Vegas 2015,https://www.youtube.com/watch?v=t1GSEbrIGO8
umMMwK7Z5_8,"Qual. FW - 60 kg: D. MANOLOVA (BUL) df. K. SAKAE SAKAMO (JPN), 6-4",2015-09-11,8:19,試合,シニア(または不明),世界選手権,2015,タイトルにJPN/Japan,高,照合なし,Women's Wrestling - World Championships - Las Vegas 2015,https://www.youtube.com/watch?v=umMMwK7Z5_8
vdwFCNJplqw,"1/16 FS - 65 kg: T. ISHIDA (JPN) df. M. AUSSERLEITNE (AUT), 5-1",2015-09-11,8:15,試合,シニア(または不明),世界選手権,2015,タイトルにJPN/Japan,高,照合なし,Women's Wrestling - World Championships - Las Vegas 2015,https://www.youtube.com/watch?v=vdwFCNJplqw
Fc-ne7l4uTE,"1/2 FW - 48 kg: E. TOSAKA (JPN) df. G. MORRISON HAL (CAN), 6-4",2015-09-10,7:57,試合,シニア(または不明),世界選手権,2015,タイトルにJPN/Japan,高,照合なし,Women's Wrestling - World Championships - Las Vegas 2015,https://www.youtube.com/watch?v=Fc-ne7l4uTE
Kuvx6qH_ljA,"Repechage FW - 69 kg: S. DOSHO (JPN) df. M. KUENZ (AUT), 12-10",2015-09-10,8:27,試合,シニア(または不明),世界選手権,2015,タイトルにJPN/Japan,高,照合なし,Women's Wrestling - World Championships - Las Vegas 2015,https://www.youtube.com/watch?v=Kuvx6qH_ljA
04LdCXjtX6M,"1/4 FW - 69 kg: F. ZHOU (CHN) df. S. DOSHO (JPN), 11-7",2015-09-10,9:03,試合,シニア(または不明),世界選手権,2015,タイトルにJPN/Japan,高,照合なし,Women's Wrestling - World Championships - Las Vegas 2015,https://www.youtube.com/watch?v=04LdCXjtX6M
FKHVhHtOH7A,"1/2 FW - 53 kg: S. YOSHIDA (JPN) df. M. JONG (PRK), 5-2",2015-09-10,8:56,試合,シニア(または不明),世界選手権,2015,タイトルにJPN/Japan,高,照合なし,Women's Wrestling - World Championships - Las Vegas 2015,https://www.youtube.com/watch?v=FKHVhHtOH7A
1T6e2O9t7mk,"1/8 FW - 48 kg: E. TOSAKA (JPN) df. Y. RATTIGAN STA (GBR) by TF, 13-2",2015-09-10,7:51,試合,シニア(または不明),世界選手権,2015,タイトルにJPN/Japan,高,照合なし,Women's Wrestling - World Championships - Las Vegas 2015,https://www.youtube.com/watch?v=1T6e2O9t7mk
Fd06mpHeNn0,"1/4 FW - 53 kg: S. YOSHIDA (JPN) df. A. DOROGAN (AZE) by TF, 11-0",2015-09-10,3:35,試合,シニア(または不明),世界選手権,2015,タイトルにJPN/Japan,高,照合なし,Women's Wrestling - World Championships - Las Vegas 2015,https://www.youtube.com/watch?v=Fd06mpHeNn0
GHhnvDxcuoE,"1/4 FW - 48 kg: E. TOSAKA (JPN) df. V. ISLAMOVA BRI (RUS), 6-0",2015-09-10,7:36,試合,シニア(または不明),世界選手権,2015,タイトルにJPN/Japan,高,照合なし,Women's Wrestling - World Championships - Las Vegas 2015,https://www.youtube.com/watch?v=GHhnvDxcuoE
9nZWWFUETCw,"GOLD FW - 53 kg: S. YOSHIDA (JPN) df. S. MATTSSON (SWE), 2-1",2015-09-10,8:28,試合,シニア(または不明),世界選手権,2015,タイトルにJPN/Japan,高,照合なし,Women's Wrestling - World Championships - Las Vegas 2015,https://www.youtube.com/watch?v=9nZWWFUETCw
byzSVU56nE4,"BRONZE FW - 69 kg: S. DOSHO (JPN) df. N. OCHIRBAT (MGL), 6-5",2015-09-10,8:28,試合,シニア(または不明),世界選手権,2015,タイトルにJPN/Japan,高,照合なし,Women's Wrestling - World Championships - Las Vegas 2015,https://www.youtube.com/watch?v=byzSVU56nE4
ZcnEremrzO8,"1/8 FW - 69 kg: S. DOSHO (JPN) df. A. STADNIK MAKH (UKR), 8-6",2015-09-10,8:45,試合,シニア(または不明),世界選手権,2015,タイトルにJPN/Japan,高,照合なし,Women's Wrestling - World Championships - Las Vegas 2015,https://www.youtube.com/watch?v=ZcnEremrzO8
000o0kL-2iI,"1/8 FW - 53 kg: S. YOSHIDA (JPN) df. T. NGUYEN (VIE) by TF, 12-0",2015-09-10,2:22,試合,シニア(または不明),世界選手権,2015,タイトルにJPN/Japan,高,照合なし,Women's Wrestling - World Championships - Las Vegas 2015,https://www.youtube.com/watch?v=000o0kL-2iI
THSee6a79Us,"1/16 FW - 48 kg: E. TOSAKA (JPN) df. N. ERDENESUKH (MGL) by TF, 10-0",2015-09-10,5:33,試合,シニア(または不明),世界選手権,2015,タイトルにJPN/Japan,高,照合なし,Women's Wrestling - World Championships - Las Vegas 2015,https://www.youtube.com/watch?v=THSee6a79Us
21SkD1T8vzw,"Qual. GR - 80 kg: J. MATUZEVICIUS (LTU) df. Y. MAETA (JPN), 4-3",2015-09-09,9:01,試合,シニア(または不明),世界選手権,2015,タイトルにJPN/Japan,高,照合なし,Greco-Roman Wrestling - World Championships - Las Vegas 2015,https://www.youtube.com/watch?v=21SkD1T8vzw
08YzX9iK-Aw,"Qual. GR - 71 kg: Y. OZEL (TUR) df. K. HANAYAMA (JPN), 2-0",2015-09-09,7:39,試合,シニア(または不明),世界選手権,2015,タイトルにJPN/Japan,高,照合なし,Greco-Roman Wrestling - World Championships - Las Vegas 2015,https://www.youtube.com/watch?v=08YzX9iK-Aw
pTPKm_e4d_A,"Qual. GR - 130 kg: L. HOERMANN (AUT) df. A. SONODA (JPN), 4-0",2015-09-09,9:05,試合,シニア(または不明),世界選手権,2015,タイトルにJPN/Japan,高,照合なし,Greco-Roman Wrestling - World Championships - Las Vegas 2015,https://www.youtube.com/watch?v=pTPKm_e4d_A
1lfO5xN9-Vo,"1/16 GR - 66 kg: M. BERNATEK (POL) df. T. IZUMI (JPN), 4-3",2015-09-09,10:32,試合,シニア(または不明),世界選手権,2015,タイトルにJPN/Japan,高,照合なし,Greco-Roman Wrestling - World Championships - Las Vegas 2015,https://www.youtube.com/watch?v=1lfO5xN9-Vo
V6F-SjdTQwE,"1/16 GR - 98 kg: A. ALEKSANYAN (ARM) df. Y. YONEHIRA (JPN) by TF, 8-0",2015-09-09,2:23,試合,シニア(または不明),世界選手権,2015,タイトルにJPN/Japan,高,照合なし,Greco-Roman Wrestling - World Championships - Las Vegas 2015,https://www.youtube.com/watch?v=V6F-SjdTQwE
0dzpp3Tp1B8,"Qual. GR - 59 kg: S. BERGE (NOR) df. S. TANOKURA (JPN), 2-1",2015-09-08,10:25,試合,シニア(または不明),世界選手権,2015,タイトルにJPN/Japan,高,照合なし,Greco-Roman Wrestling - World Championships - Las Vegas 2015,https://www.youtube.com/watch?v=0dzpp3Tp1B8
XUSi3cjwLuY,"Repechage GR - 98 kg: M. NIELSEN (NOR) df. Y. YONEHIRA (JPN) by TF, 8-0",2015-09-08,3:21,試合,シニア(または不明),世界選手権,2015,タイトルにJPN/Japan,高,照合なし,Greco-Roman Wrestling - World Championships - Las Vegas 2015,https://www.youtube.com/watch?v=XUSi3cjwLuY
D9iCTOxLEh8,"Qual. GR - 75 kg: M. WOLNY (POL) df. T. KANAKUBO (JPN), 1-0",2015-09-08,8:21,試合,シニア(または不明),世界選手権,2015,タイトルにJPN/Japan,高,照合なし,Greco-Roman Wrestling - World Championships - Las Vegas 2015,https://www.youtube.com/watch?v=D9iCTOxLEh8
GBkjxD6v5Mg,"Qual. GR - 66 kg: T. IZUMI (JPN) df. L. THOMAS (NAM), 4-0",2015-09-08,8:38,試合,シニア(または不明),世界選手権,2015,タイトルにJPN/Japan,高,照合なし,Greco-Roman Wrestling - World Championships - Las Vegas 2015,https://www.youtube.com/watch?v=GBkjxD6v5Mg
-b5QYbzeMkA,"GOLD FS - 54 kg: T. OTOGURO (JPN) df. A. MAGOMEDOV (RUS), 13-6",2015-09-06,9:26,試合,U17,世界選手権,2015,タイトルにJPN/Japan,高,照合なし,Freestyle Wrestling - Cadet World Championships - Sarajevo 2015,https://www.youtube.com/watch?v=-b5QYbzeMkA
4SfyNdS17Gw,"BRONZE FS - 63 kg: O. ABBASOV (AZE) df. R. SAKASAI (JPN), 6-2",2015-09-06,6:07,試合,U17,世界選手権,2015,タイトルにJPN/Japan,高,照合なし,Freestyle Wrestling - Cadet World Championships - Sarajevo 2015,https://www.youtube.com/watch?v=4SfyNdS17Gw
tXZsGiuOG-c,"1/8 FS - 63 kg: R. SAKASAI (JPN) df. I. SAMUSONOKS (LAT) by TF, 10-0",2015-09-06,4:36,試合,U17,世界選手権,2015,タイトルにJPN/Japan,高,照合なし,Freestyle Wrestling - Cadet World Championships - Sarajevo 2015,https://www.youtube.com/watch?v=tXZsGiuOG-c
hGTvwE35ir0,"1/4 FS - 63 kg: K. NURADINOV (RUS) df. R. SAKASAI (JPN), 7-3",2015-09-06,5:58,試合,U17,世界選手権,2015,タイトルにJPN/Japan,高,照合なし,Freestyle Wrestling - Cadet World Championships - Sarajevo 2015,https://www.youtube.com/watch?v=hGTvwE35ir0
dvucz1G0dp0,"Repechage FS - 63 kg: R. SAKASAI (JPN) df. D. TASIM (BUL) by FALL, 4-0",2015-09-06,2:17,試合,U17,世界選手権,2015,タイトルにJPN/Japan,高,照合なし,Freestyle Wrestling - Cadet World Championships - Sarajevo 2015,https://www.youtube.com/watch?v=dvucz1G0dp0
seL6924D_gA,"Qual. FS - 63 kg: R. SAKASAI (JPN) df. U. TOLEGEN (KAZ), 5-2",2015-09-01,8:26,試合,U17,世界選手権,2015,タイトルにJPN/Japan,高,照合なし,Freestyle Wrestling - Cadet World Championships - Sarajevo 2015,https://www.youtube.com/watch?v=seL6924D_gA
78Bjotueauo,"Qual. FS - 46 kg: A. HARUTYUNYAN (ARM) df. H. TANAKA (JPN) by TF, 12-0",2015-08-31,6:29,試合,U17,世界選手権,2015,タイトルにJPN/Japan・選手名の一致,高,田中 宏尚(Hironao TANAKA),Best of Arsen HARUTYUNYAN / Freestyle Wrestling - Cadet World Championships - Sarajevo 2015,https://www.youtube.com/watch?v=78Bjotueauo
4QMh8tdWK_M,"Repechage FS - 85 kg: O. WEBSTER (USA) df. S. YAMADA (JPN), 9-0",2015-08-31,6:34,試合,U17,世界選手権,2015,タイトルにJPN/Japan・選手名の一致,高,山田 脩(Shu YAMADA),Freestyle Wrestling - Cadet World Championships - Sarajevo 2015,https://www.youtube.com/watch?v=4QMh8tdWK_M
BuSASch6ZwU,"Repechage FS - 69 kg: T. UMEBAYASHI (JPN) df. O. BATSUURI (MGL), 7-4",2015-08-31,5:46,試合,U17,世界選手権,2015,タイトルにJPN/Japan,高,照合なし,Freestyle Wrestling - Cadet World Championships - Sarajevo 2015,https://www.youtube.com/watch?v=BuSASch6ZwU
HG6JC3ySXU8,"1/4 FS - 50 kg: P. KONSTANTINOV (RUS) df. T. ABE (JPN), 2-0",2015-08-31,6:53,試合,U17,世界選手権,2015,タイトルにJPN/Japan・選手名の一致,高,阿部 天臥(Tenga ABE),Freestyle Wrestling - Cadet World Championships - Sarajevo 2015,https://www.youtube.com/watch?v=HG6JC3ySXU8
jm6qRMCdPXQ,"Qual. FS - 100 kg: H. NINOMIYA (JPN) df. A. ZLATKOV (BUL) by FALL, 4-0",2015-08-31,0:57,試合,U17,世界選手権,2015,タイトルにJPN/Japan・選手名の一致,高,二ノ宮 寛斗(Hiroto NINOMIYA),Freestyle Wrestling - Cadet World Championships - Sarajevo 2015,https://www.youtube.com/watch?v=jm6qRMCdPXQ
jKUj-56aGmc,"Qual. FS - 76 kg: D. MELDEBEK (KAZ) df. K. YAGI (JPN) by FALL, 3-0",2015-08-31,6:14,試合,U17,世界選手権,2015,タイトルにJPN/Japan,高,照合なし,Freestyle Wrestling - Cadet World Championships - Sarajevo 2015,https://www.youtube.com/watch?v=jKUj-56aGmc
InV_HkOpXrY,"1/8 FS - 54 kg: T. OTOGURO (JPN) df. K. ERVALD (EST) by TF, 11-0",2015-08-31,2:16,試合,U17,世界選手権,2015,タイトルにJPN/Japan,高,照合なし,Freestyle Wrestling - Cadet World Championships - Sarajevo 2015,https://www.youtube.com/watch?v=InV_HkOpXrY
GZtdr_S08Qo,"1/8 FS - 100 kg: N. HASSANZADEH (IRI) df. H. NINOMIYA (JPN), 7-5",2015-08-31,7:16,試合,U17,世界選手権,2015,タイトルにJPN/Japan・選手名の一致,高,二ノ宮 寛斗(Hiroto NINOMIYA),Freestyle Wrestling - Cadet World Championships - Sarajevo 2015,https://www.youtube.com/watch?v=GZtdr_S08Qo
h2i841RMZXY,"1/2 FS - 58 kg: J. MOTOYAMA (JPN) df. A. KAVOUSI (IRI), 10-7",2015-08-30,6:56,試合,U17,世界選手権,2015,タイトルにJPN/Japan,高,照合なし,Freestyle Wrestling - Cadet World Championships - Sarajevo 2015,https://www.youtube.com/watch?v=h2i841RMZXY
4nbkSuJYlKo,"Qual. FS - 85 kg: S. YAMADA (JPN) df. P. SZUROVSZKI (HUN), 3-2",2015-08-30,6:09,試合,U17,世界選手権,2015,タイトルにJPN/Japan・選手名の一致,高,山田 脩(Shu YAMADA),Freestyle Wrestling - Cadet World Championships - Sarajevo 2015,https://www.youtube.com/watch?v=4nbkSuJYlKo
_G_pNUAHQ5A,"1/8 FS - 69 kg: T. UMEBAYASHI (JPN) df. T. IOSFIDIS (GRE) by TF, 17-4",2015-08-30,7:07,試合,U17,世界選手権,2015,タイトルにJPN/Japan,高,照合なし,Freestyle Wrestling - Cadet World Championships - Sarajevo 2015,https://www.youtube.com/watch?v=_G_pNUAHQ5A
MVw2c_3rnNA,"1/8 FS - 58 kg: J. MOTOYAMA (JPN) df. C. MCNEICE (CAN), 11-4",2015-08-30,5:46,試合,U17,世界選手権,2015,タイトルにJPN/Japan,高,照合なし,Freestyle Wrestling - Cadet World Championships - Sarajevo 2015,https://www.youtube.com/watch?v=MVw2c_3rnNA
gbqh1Q41Qq8,"1/8 FS - 85 kg: K. RAKHIMOV (UZB) df. S. YAMADA (JPN) by FALL, 8-0",2015-08-30,4:10,試合,U17,世界選手権,2015,タイトルにJPN/Japan・選手名の一致,高,山田 脩(Shu YAMADA),Freestyle Wrestling - Cadet World Championships - Sarajevo 2015,https://www.youtube.com/watch?v=gbqh1Q41Qq8
FAxyPuSY8IA,"Qual. FS - 69 kg: T. UMEBAYASHI (JPN) df. B. GULYAS (HUN) by TF, 11-0",2015-08-30,1:35,試合,U17,世界選手権,2015,タイトルにJPN/Japan,高,照合なし,Freestyle Wrestling - Cadet World Championships - Sarajevo 2015,https://www.youtube.com/watch?v=FAxyPuSY8IA
HqppY6hFuOA,"1/8 FS - 42 kg: D. KARA (TUR) df. T. TSUTSUMI (JPN), 6-2",2015-08-30,6:06,試合,U17,世界選手権,2015,タイトルにJPN/Japan,高,照合なし,Freestyle Wrestling - Cadet World Championships - Sarajevo 2015,https://www.youtube.com/watch?v=HqppY6hFuOA
BYh75WfYuTA,"1/4 FS - 69 kg: S. NANIEV (RUS) df. T. UMEBAYASHI (JPN), 10-6",2015-08-30,6:04,試合,U17,世界選手権,2015,タイトルにJPN/Japan,高,照合なし,Freestyle Wrestling - Cadet World Championships - Sarajevo 2015,https://www.youtube.com/watch?v=BYh75WfYuTA
4CYibwsAyRM,"1/4 FS - 58 kg: J. MOTOYAMA (JPN) df. A. WOLNY (GER) by FALL, 10-0",2015-08-30,6:03,試合,U17,世界選手権,2015,タイトルにJPN/Japan,高,照合なし,Freestyle Wrestling - Cadet World Championships - Sarajevo 2015,https://www.youtube.com/watch?v=4CYibwsAyRM
AJKn3EkfQLY,"GOLD FS - 58 kg: Y. DIAKOMIHALIS (USA) df. J. MOTOYAMA (JPN), 6-3",2015-08-30,6:03,試合,U17,世界選手権,2015,タイトルにJPN/Japan,高,照合なし,Freestyle Wrestling - Cadet World Championships - Sarajevo 2015,https://www.youtube.com/watch?v=AJKn3EkfQLY
hd7oOkg7KKc,"BRONZE FS - 69 kg: T. UMEBAYASHI (JPN) df. S. HAMDY AMIN (EGY), 2-0",2015-08-30,6:26,試合,U17,世界選手権,2015,タイトルにJPN/Japan,高,照合なし,Freestyle Wrestling - Cadet World Championships - Sarajevo 2015,https://www.youtube.com/watch?v=hd7oOkg7KKc
y7kvUi_jPso,"1/4 FW - 43 kg: Y. TANABE (JPN) df. M. CAMPBELL (USA) by TF, 12-2",2015-08-30,4:32,試合,U17,世界選手権,2015,タイトルにJPN/Japan,高,照合なし,Women's Wrestling - Cadet World Championships - Sarajevo 2015,https://www.youtube.com/watch?v=y7kvUi_jPso
4hzmGZ34C24,"1/8 FW - 46 kg: Y. SUSAKI (JPN) df. O. ZAHAYSKA (UKR) by FALL, 6-0",2015-08-29,2:10,試合,U17,世界選手権,2015,タイトルにJPN/Japan・選手名の一致,高,須﨑 優衣(Yui SUSAKI),Best of Yui Susaki / Women's Wrestling - Cadet World Championships - Sarajevo 2015,https://www.youtube.com/watch?v=4hzmGZ34C24
g9o01Wro0Ug,"1/4 FW - 46 kg: Y. SUSAKI (JPN) df. D. TOMAR (IND) by TF, 10-0",2015-08-29,2:20,試合,U17,世界選手権,2015,タイトルにJPN/Japan・選手名の一致,高,須﨑 優衣(Yui SUSAKI),Best of Yui Susaki / Women's Wrestling - Cadet World Championships - Sarajevo 2015,https://www.youtube.com/watch?v=g9o01Wro0Ug
PAqE1bftyzw,"1/8 FW - 43 kg: Y. TANABE (JPN) df. N. MOLNAR (HUN) by TF, 10-0",2015-08-29,1:12,試合,U17,世界選手権,2015,タイトルにJPN/Japan,高,照合なし,Women's Wrestling - Cadet World Championships - Sarajevo 2015,https://www.youtube.com/watch?v=PAqE1bftyzw
7tMSsPf79SI,"1/4 FW - 56 kg: K. NARIKUNI (JPN) df. H. ECE TEKIN (TUR), 5-5",2015-08-29,7:35,試合,U17,世界選手権,2015,タイトルにJPN/Japan,高,照合なし,Women's Wrestling - Cadet World Championships - Sarajevo 2015,https://www.youtube.com/watch?v=7tMSsPf79SI
0vWaU6vMFAM,"1/4 FW - 65 kg: S. TANAKA (JPN) df. T. KILIC (TUR) by FALL, 6-3",2015-08-29,1:10,試合,U17,世界選手権,2015,タイトルにJPN/Japan,高,照合なし,Women's Wrestling - Cadet World Championships - Sarajevo 2015,https://www.youtube.com/watch?v=0vWaU6vMFAM
lmH8pmP9G7c,"1/2 FW - 65 kg: V. KHANUM (RUS) df. S. TANAKA (JPN), 12-7",2015-08-29,6:18,試合,U17,世界選手権,2015,タイトルにJPN/Japan,高,照合なし,Women's Wrestling - Cadet World Championships - Sarajevo 2015,https://www.youtube.com/watch?v=lmH8pmP9G7c
mD_hg-HX__g,"1/8 FW - 56 kg: K. NARIKUNI (JPN) df. A. KORZH (NZL) by FALL, 8-0",2015-08-29,4:37,試合,U17,世界選手権,2015,タイトルにJPN/Japan,高,照合なし,Women's Wrestling - Cadet World Championships - Sarajevo 2015,https://www.youtube.com/watch?v=mD_hg-HX__g
hURY5NGKsCA,"1/8 FW - 60 kg: A. SANDAHL (SWE) df. K. MIWA (JPN) by FALL, 2-0",2015-08-29,1:50,試合,U17,世界選手権,2015,タイトルにJPN/Japan,高,照合なし,Women's Wrestling - Cadet World Championships - Sarajevo 2015,https://www.youtube.com/watch?v=hURY5NGKsCA
GmDHMbnLkaQ,"1/4 FW - 40 kg: R. FUJISAWA (JPN) df. V. BAKER (USA), 6-6",2015-08-29,5:40,試合,U17,世界選手権,2015,タイトルにJPN/Japan,高,照合なし,Women's Wrestling - Cadet World Championships - Sarajevo 2015,https://www.youtube.com/watch?v=GmDHMbnLkaQ
tNTpr03xEcM,"1/4 FW - 70 kg: M. SHINDO (JPN) df. J. WALOTEK (POL) by FALL, 7-2",2015-08-29,3:28,試合,U17,世界選手権,2015,タイトルにJPN/Japan,高,照合なし,Women's Wrestling - Cadet World Championships - Sarajevo 2015,https://www.youtube.com/watch?v=tNTpr03xEcM
xr7gZQdQIUQ,"1/8 FW - 65 kg: S. TANAKA (JPN) df. M. OOSTHUIZEN (RSA) by TF, 10-0",2015-08-29,2:47,試合,U17,世界選手権,2015,タイトルにJPN/Japan,高,照合なし,Women's Wrestling - Cadet World Championships - Sarajevo 2015,https://www.youtube.com/watch?v=xr7gZQdQIUQ
TcXowGD4dIs,"GOLD FW - 49 kg: R. HEATON (USA) df. S. IGARASHI (JPN), 4-0",2015-08-29,5:40,試合,U17,世界選手権,2015,タイトルにJPN/Japan,高,照合なし,Women's Wrestling - Cadet World Championships - Sarajevo 2015,https://www.youtube.com/watch?v=TcXowGD4dIs
jYK4qxAh3dE,"GOLD FW - 56 kg: V. VAULINA (RUS) df. K. NARIKUNI (JPN), 3-1",2015-08-29,6:23,試合,U17,世界選手権,2015,タイトルにJPN/Japan,高,照合なし,Women's Wrestling - Cadet World Championships - Sarajevo 2015,https://www.youtube.com/watch?v=jYK4qxAh3dE
7IdBXbld-y4,"BRONZE FW - 65 kg: S. TANAKA (JPN) df. B. BALTANIYAYOV (UZB), 2-1",2015-08-29,5:55,試合,U17,世界選手権,2015,タイトルにJPN/Japan,高,照合なし,Women's Wrestling - Cadet World Championships - Sarajevo 2015,https://www.youtube.com/watch?v=7IdBXbld-y4
xyEvYhXVFOg,"Qual. FW - 52 kg: S. NANJO (JPN) df. K. DEMKO (UKR) by FALL, 10-1",2015-08-29,4:22,試合,U17,世界選手権,2015,タイトルにJPN/Japan・選手名の一致,高,南條 早映(Sae NANJO),Women's Wrestling - Cadet World Championships - Sarajevo 2015,https://www.youtube.com/watch?v=xyEvYhXVFOg
4mIYdYaJMxc,"1/2 FW - 46 kg: Y. SUSAKI (JPN) df. L. ERSEL (GER) by TF, 10-0",2015-08-29,4:08,試合,U17,世界選手権,2015,タイトルにJPN/Japan・選手名の一致,高,須﨑 優衣(Yui SUSAKI),Women's Wrestling - Cadet World Championships - Sarajevo 2015,https://www.youtube.com/watch?v=4mIYdYaJMxc
BeVJrdjY_cs,"1/8 FW - 49 kg: S. IGARASHI (JPN) df. R. CAPANO (ITA) by TF, 10-0",2015-08-29,4:55,試合,U17,世界選手権,2015,タイトルにJPN/Japan,高,照合なし,Women's Wrestling - Cadet World Championships - Sarajevo 2015,https://www.youtube.com/watch?v=BeVJrdjY_cs
4zz7nyi_VJg,"1/2 FW - 56 kg: K. NARIKUNI (JPN) df. T. RIZHKO (UKR), 2-0",2015-08-29,7:11,試合,U17,世界選手権,2015,タイトルにJPN/Japan,高,照合なし,Women's Wrestling - Cadet World Championships - Sarajevo 2015,https://www.youtube.com/watch?v=4zz7nyi_VJg
hHQsMZZ3CX0,"1/2 FW - 43 kg: Y. TANABE (JPN) df. S. PRICEPUTU (ROU), 8-6",2015-08-29,7:00,試合,U17,世界選手権,2015,タイトルにJPN/Japan,高,照合なし,Women's Wrestling - Cadet World Championships - Sarajevo 2015,https://www.youtube.com/watch?v=hHQsMZZ3CX0
rDfeQItOXsg,"GOLD FW - 38 kg: M. SHIMIZU (JPN) df. A. ANKUS (IND) by TF, 11-1",2015-08-29,5:41,試合,U17,世界選手権,2015,タイトルにJPN/Japan,高,照合なし,Women's Wrestling - Cadet World Championships - Sarajevo 2015,https://www.youtube.com/watch?v=rDfeQItOXsg
1L6x0J2gpfg,"GOLD FW - 43 kg: Y. TANABE (JPN) df. A. PEREZ SOLIS (MEX) by TF, 16-6",2015-08-29,4:55,試合,U17,世界選手権,2015,タイトルにJPN/Japan,高,照合なし,Women's Wrestling - Cadet World Championships - Sarajevo 2015,https://www.youtube.com/watch?v=1L6x0J2gpfg
2BNlzwaCRxI,"1/4 FW - 38 kg: M. SHIMIZU (JPN) df. A. PADOSHYK (UKR) by TF, 10-0",2015-08-29,0:57,試合,U17,世界選手権,2015,タイトルにJPN/Japan,高,照合なし,Women's Wrestling - Cadet World Championships - Sarajevo 2015,https://www.youtube.com/watch?v=2BNlzwaCRxI
xsCr5t1KAXU,"1/4 FW - 49 kg: S. IGARASHI (JPN) df. M. ZAKSHESKAYA (KAZ), 4-1",2015-08-29,6:44,試合,U17,世界選手権,2015,タイトルにJPN/Japan,高,照合なし,Women's Wrestling - Cadet World Championships - Sarajevo 2015,https://www.youtube.com/watch?v=xsCr5t1KAXU
p4qAxyPdk88,"1/2 FW - 38 kg: M. SHIMIZU (JPN) df. L. ALMAGANBETOV (KAZ), 6-1",2015-08-29,6:14,試合,U17,世界選手権,2015,タイトルにJPN/Japan,高,照合なし,Women's Wrestling - Cadet World Championships - Sarajevo 2015,https://www.youtube.com/watch?v=p4qAxyPdk88
4UMxLQFoXS4,"1/2 FW - 49 kg: S. IGARASHI (JPN) df. E. RIESTERER (GER), 11-4",2015-08-29,7:02,試合,U17,世界選手権,2015,タイトルにJPN/Japan,高,照合なし,Women's Wrestling - Cadet World Championships - Sarajevo 2015,https://www.youtube.com/watch?v=4UMxLQFoXS4
AJheVtPiND0,"Qual. FW - 38 kg: M. SHIMIZU (JPN) df. P. DELCHEVA (BUL) by TF, 10-0",2015-08-29,2:12,試合,U17,世界選手権,2015,タイトルにJPN/Japan,高,照合なし,Women's Wrestling - Cadet World Championships - Sarajevo 2015,https://www.youtube.com/watch?v=AJheVtPiND0
i4ci0-3lG_I,"1/8 GR - 76 kg: J. ROHALY (SVK) df. R. HAYASHI (JPN), 6-1",2015-08-28,5:21,試合,U17,世界選手権,2015,タイトルにJPN/Japan,高,照合なし,Greco-Roman Wrestling - Cadet World Championships - Sarajevo 2015,https://www.youtube.com/watch?v=i4ci0-3lG_I
nKNFPSrGJ5w,"1/8 GR - 46 kg: K. INABA (JPN) df. R. BAYRAMOV (TKM) by FALL, 6-4",2015-08-28,4:20,試合,U17,世界選手権,2015,タイトルにJPN/Japan・選手名の一致,高,稲葉 海人(Kaito INABA),Greco-Roman Wrestling - Cadet World Championships - Sarajevo 2015,https://www.youtube.com/watch?v=nKNFPSrGJ5w
kRqg7cA3Tsg,"1/4 GR - 46 kg: K. INABA (JPN) df. M. MANOJ (IND), 6-0",2015-08-28,6:10,試合,U17,世界選手権,2015,タイトルにJPN/Japan・選手名の一致,高,稲葉 海人(Kaito INABA),Greco-Roman Wrestling - Cadet World Championships - Sarajevo 2015,https://www.youtube.com/watch?v=kRqg7cA3Tsg
luSXzjQPTM8,"1/2 GR - 46 kg: T. TIRKASHEV (UZB) df. K. INABA (JPN) by FALL, 8-1",2015-08-28,4:08,試合,U17,世界選手権,2015,タイトルにJPN/Japan・選手名の一致,高,稲葉 海人(Kaito INABA),Greco-Roman Wrestling - Cadet World Championships - Sarajevo 2015,https://www.youtube.com/watch?v=luSXzjQPTM8
FCrRqheA0uU,"1/4 GR - 42 kg: A. AMAEV (RUS) df. K. SHIMIZU (JPN) by TF, 12-0",2015-08-27,3:57,試合,U17,世界選手権,2015,タイトルにJPN/Japan・選手名の一致,高,清水 賢亮(Kensuke SHIMIZU),Greco-Roman Wrestling - Cadet World Championships - Sarajevo 2015,https://www.youtube.com/watch?v=FCrRqheA0uU
zlhf-9NfY4Y,"Repechage GR - 42 kg: K. SHIMIZU (JPN) df. M. ASHOT (ARM) by FALL, 6-6",2015-08-27,5:44,試合,U17,世界選手権,2015,タイトルにJPN/Japan・選手名の一致,高,清水 賢亮(Kensuke SHIMIZU),Greco-Roman Wrestling - Cadet World Championships - Sarajevo 2015,https://www.youtube.com/watch?v=zlhf-9NfY4Y
Zk_c7FsfkVA,"Qual. GR - 76 kg: R. HAYASHI (JPN) df. M. MORADI (IRI), 4-2",2015-08-27,6:43,試合,U17,世界選手権,2015,タイトルにJPN/Japan,高,照合なし,Greco-Roman Wrestling - Cadet World Championships - Sarajevo 2015,https://www.youtube.com/watch?v=Zk_c7FsfkVA
QKJiExqPuqE,"Qual. GR - 42 kg: K. SHIMIZU (JPN) df. I. NAKASHIA (GEO), 4-4",2015-08-27,5:51,試合,U17,世界選手権,2015,タイトルにJPN/Japan・選手名の一致,高,清水 賢亮(Kensuke SHIMIZU),Greco-Roman Wrestling - Cadet World Championships - Sarajevo 2015,https://www.youtube.com/watch?v=QKJiExqPuqE
XOuA37iqgmY,"1/8 GR - 69 kg: M. MAEDA (JPN) df. M. KULDEEP (IND) by FALL, 5-0",2015-08-27,4:21,試合,U17,世界選手権,2015,タイトルにJPN/Japan,高,照合なし,Greco-Roman Wrestling - Cadet World Championships - Sarajevo 2015,https://www.youtube.com/watch?v=XOuA37iqgmY
op03EbS1HoM,"1/8 GR - 85 kg: M. RAGGINGER (AUT) df. H. MATSUZAWA (JPN) by TF, 8-0",2015-08-27,4:27,試合,U17,世界選手権,2015,タイトルにJPN/Japan,高,照合なし,Greco-Roman Wrestling - Cadet World Championships - Sarajevo 2015,https://www.youtube.com/watch?v=op03EbS1HoM
-ThGNuq3qGg,"1/8 GR - 42 kg: K. SHIMIZU (JPN) df. A. DELEANU (MDA), 4-4",2015-08-27,7:58,試合,U17,世界選手権,2015,タイトルにJPN/Japan・選手名の一致,高,清水 賢亮(Kensuke SHIMIZU),Greco-Roman Wrestling - Cadet World Championships - Sarajevo 2015,https://www.youtube.com/watch?v=-ThGNuq3qGg
1XyyopMvJzE,"1/4 GR - 69 kg: K. YILMAZ (TUR) df. M. MAEDA (JPN) by FALL, 8-4",2015-08-27,6:09,試合,U17,世界選手権,2015,タイトルにJPN/Japan,高,照合なし,Greco-Roman Wrestling - Cadet World Championships - Sarajevo 2015,https://www.youtube.com/watch?v=1XyyopMvJzE
MBw1ejkgxeA,"1/8 GR - 50 kg: H. AHMED (EGY) df. S. OGAWA (JPN), 7-4",2015-08-27,6:11,試合,U17,世界選手権,2015,タイトルにJPN/Japan,高,照合なし,Greco-Roman Wrestling - Cadet World Championships - Sarajevo 2015,https://www.youtube.com/watch?v=MBw1ejkgxeA
kMR-yt_8RFw,"1/4 GR - 54 kg: J. KHETSURIANI (GEO) df. A. SUZUKI (JPN), 9-5",2015-08-27,6:22,試合,U17,世界選手権,2015,タイトルにJPN/Japan・選手名の一致,高,鈴木 絢大(Ayata SUZUKI),Greco-Roman Wrestling - Cadet World Championships - Sarajevo 2015,https://www.youtube.com/watch?v=kMR-yt_8RFw
n5RIx1jweig,"Qual. GR - 63 kg: T. IWAMOTO (JPN) df. H. KOMAR (BIH), 1-1",2015-08-27,6:31,試合,U17,世界選手権,2015,タイトルにJPN/Japan,高,照合なし,Greco-Roman Wrestling - Cadet World Championships - Sarajevo 2015,https://www.youtube.com/watch?v=n5RIx1jweig
ucSw9r_xrZE,"1/8 GR - 54 kg: A. SUZUKI (JPN) df. D. KADYROV (KGZ), 7-4",2015-08-27,7:13,試合,U17,世界選手権,2015,タイトルにJPN/Japan・選手名の一致,高,鈴木 絢大(Ayata SUZUKI),Greco-Roman Wrestling - Cadet World Championships - Sarajevo 2015,https://www.youtube.com/watch?v=ucSw9r_xrZE
EObtW99b6ew,"Qual. GR - 54 kg: A. SUZUKI (JPN) df. A. TRANDAFIR (ROU) by FALL, 12-6",2015-08-27,5:57,試合,U17,世界選手権,2015,タイトルにJPN/Japan・選手名の一致,高,鈴木 絢大(Ayata SUZUKI),Greco-Roman Wrestling - Cadet World Championships - Sarajevo 2015,https://www.youtube.com/watch?v=EObtW99b6ew
P9HzDOOMtjM,"Repechage GR - 54 kg: A. SUZUKI (JPN) df. P. BIANCHI (USA), 5-3",2015-08-27,5:58,試合,U17,世界選手権,2015,タイトルにJPN/Japan・選手名の一致,高,鈴木 絢大(Ayata SUZUKI),Greco-Roman Wrestling - Cadet World Championships - Sarajevo 2015,https://www.youtube.com/watch?v=P9HzDOOMtjM
_wPYC2BgmD0,"1/8 GR - 63 kg: T. IWAMOTO (JPN) df. A. LIAVONCHYK (BLR), 3-3",2015-08-27,5:44,試合,U17,世界選手権,2015,タイトルにJPN/Japan,高,照合なし,Greco-Roman Wrestling - Cadet World Championships - Sarajevo 2015,https://www.youtube.com/watch?v=_wPYC2BgmD0
l-QAcsv9aCk,"1/4 GR - 63 kg: A. FATIH DEMIR (TUR) df. T. IWAMOTO (JPN), 3-0",2015-08-27,6:22,試合,U17,世界選手権,2015,タイトルにJPN/Japan,高,照合なし,Greco-Roman Wrestling - Cadet World Championships - Sarajevo 2015,https://www.youtube.com/watch?v=l-QAcsv9aCk
hRYCap-6KgM,"BRONZE GR - 54 kg: M. TIGRAN (ARM) df. A. SUZUKI (JPN) by TF, 8-0",2015-08-27,1:21,試合,U17,世界選手権,2015,タイトルにJPN/Japan・選手名の一致,高,鈴木 絢大(Ayata SUZUKI),Greco-Roman Wrestling - Cadet World Championships - Sarajevo 2015,https://www.youtube.com/watch?v=hRYCap-6KgM
GVaIBustLZU,"1/2 FS - 66 kg: Y. FUJINAMI (JPN) df. S. ZAURBEK (RUS), 5-4",2015-08-17,8:25,試合,U20,世界選手権,2015,タイトルにJPN/Japan,高,照合なし,Freestyle Wrestling - Junior World Championships - Salvador 2015,https://www.youtube.com/watch?v=GVaIBustLZU
zV4avPwmH_I,"GOLD FS - 66 kg: T. MAMMADOV (AZE) df. Y. FUJINAMI (JPN), 3-4",2015-08-17,8:57,試合,U20,世界選手権,2015,タイトルにJPN/Japan,高,照合なし,Freestyle Wrestling - Junior World Championships - Salvador 2015,https://www.youtube.com/watch?v=zV4avPwmH_I
5Heep1wCWDU,"BRONZE FS - 84 kg: M. ARSEN ALI (RUS) df. S. SHIRAI (JPN), 5-1",2015-08-17,7:56,試合,U20,世界選手権,2015,タイトルにJPN/Japan,高,照合なし,Freestyle Wrestling - Junior World Championships - Salvador 2015,https://www.youtube.com/watch?v=5Heep1wCWDU
YRnpAJGPwQ8,"1/8 FS - 84 kg: S. SHIRAI (JPN) df. S. HOVSEPYAN (ARM), 4-2",2015-08-17,7:59,試合,U20,世界選手権,2015,タイトルにJPN/Japan,高,照合なし,Freestyle Wrestling - Junior World Championships - Salvador 2015,https://www.youtube.com/watch?v=YRnpAJGPwQ8
-tg26FgGboc,"1/8 FS - 55 kg: M. AMIRASLANOV (AZE) df. T. HASEGAWA (JPN), 3-2",2015-08-17,8:20,試合,U20,世界選手権,2015,タイトルにJPN/Japan・選手名の一致,高,長谷川 敏裕(Toshihiro HASEGAWA),Freestyle Wrestling - Junior World Championships - Salvador 2015,https://www.youtube.com/watch?v=-tg26FgGboc
ej5YdErmwmE,"1/4 FS - 66 kg: Y. FUJINAMI (JPN) df. A. KENTCHADZE (GEO) by FALL, 6-0",2015-08-17,5:21,試合,U20,世界選手権,2015,タイトルにJPN/Japan,高,照合なし,Freestyle Wrestling - Junior World Championships - Salvador 2015,https://www.youtube.com/watch?v=ej5YdErmwmE
74He75QTVuE,"Repechage FS - 120 kg: K. RAVEL (RUS) df. T. YAMAMOTO (JPN) by TF, 10-0",2015-08-17,5:07,試合,U20,世界選手権,2015,タイトルにJPN/Japan・選手名の一致,高,山本 泰輝(Taiki YAMAMOTO),Freestyle Wrestling - Junior World Championships - Salvador 2015,https://www.youtube.com/watch?v=74He75QTVuE
cY9cH7GIbZE,"1/4 FS - 84 kg: M. GOLEIJ (IRI) df. S. SHIRAI (JPN) by TF, 11-0",2015-08-17,7:58,試合,U20,世界選手権,2015,タイトルにJPN/Japan,高,照合なし,Freestyle Wrestling - Junior World Championships - Salvador 2015,https://www.youtube.com/watch?v=cY9cH7GIbZE
oS44EdRD_XQ,"Repechage FS - 84 kg: S. SHIRAI (JPN) df. M. GAZHIMAGOMED (AZE), 6-6",2015-08-17,8:06,試合,U20,世界選手権,2015,タイトルにJPN/Japan,高,照合なし,Freestyle Wrestling - Junior World Championships - Salvador 2015,https://www.youtube.com/watch?v=oS44EdRD_XQ
WVtdLJk9G-M,"Repechage FS - 55 kg: B. KHASANKHUSEI (RUS) df. T. HASEGAWA (JPN), 9-8",2015-08-17,9:24,試合,U20,世界選手権,2015,タイトルにJPN/Japan・選手名の一致,高,長谷川 敏裕(Toshihiro HASEGAWA),Freestyle Wrestling - Junior World Championships - Salvador 2015,https://www.youtube.com/watch?v=WVtdLJk9G-M
D_kGod2jIvc,"Qual. FS - 60 kg: R. GADZHIMURAD (RUS) df. R. HIGUCHI (JPN) by TF, 10-0",2015-08-16,2:28,試合,U20,世界選手権,2015,タイトルにJPN/Japan・選手名の一致,高,樋口 黎(Rei HIGUCHI),Best of Rei HIGUCHI / Freestyle Wrestling - Junior World Championships - Salvador 2015,https://www.youtube.com/watch?v=D_kGod2jIvc
YhRAibvYazk,"1/4 FW - 55 kg: N. IRIE (JPN) df. E. YANIK (TUR) by TF, 10-0",2015-08-16,5:34,試合,U20,世界選手権,2015,タイトルにJPN/Japan,高,照合なし,Women's Wrestling - Junior World Championships - Salvador 2015,https://www.youtube.com/watch?v=YhRAibvYazk
qkxiwvTT9KM,"1/2 FW - 55 kg: N. IRIE (JPN) df. B. LEATHERS (USA), 6-2",2015-08-16,8:13,試合,U20,世界選手権,2015,タイトルにJPN/Japan,高,照合なし,Women's Wrestling - Junior World Championships - Salvador 2015,https://www.youtube.com/watch?v=qkxiwvTT9KM
NYOLIpqVCz8,"1/4 FW - 48 kg: M. IGARASHI (JPN) df. M. DADASHEVA (RUS), 8-6",2015-08-16,8:31,試合,U20,世界選手権,2015,タイトルにJPN/Japan,高,照合なし,Women's Wrestling - Junior World Championships - Salvador 2015,https://www.youtube.com/watch?v=NYOLIpqVCz8
5ZmEw32JpX4,"1/2 FW - 72 kg: R. ABE (JPN) df. R. WATTERS (USA) by TF, 13-1",2015-08-16,4:00,試合,U20,世界選手権,2015,タイトルにJPN/Japan,高,照合なし,Women's Wrestling - Junior World Championships - Salvador 2015,https://www.youtube.com/watch?v=5ZmEw32JpX4
V_zywUPoCf0,"1/2 FW - 48 kg: M. IGARASHI (JPN) df. C. PFAN (USA) by FALL, 8-2",2015-08-16,5:34,試合,U20,世界選手権,2015,タイトルにJPN/Japan,高,照合なし,Women's Wrestling - Junior World Championships - Salvador 2015,https://www.youtube.com/watch?v=V_zywUPoCf0
6TpiJBbONdU,"Qual. FW - 55 kg: N. IRIE (JPN) df. P. LIUZZI (ITA), 3-1",2015-08-16,10:00,試合,U20,世界選手権,2015,タイトルにJPN/Japan,高,照合なし,Women's Wrestling - Junior World Championships - Salvador 2015,https://www.youtube.com/watch?v=6TpiJBbONdU
vI_EpRiqUhk,"1/8 FW - 55 kg: N. IRIE (JPN) df. A. KOLESNIK (AZE), 10-4",2015-08-16,8:31,試合,U20,世界選手権,2015,タイトルにJPN/Japan,高,照合なし,Women's Wrestling - Junior World Championships - Salvador 2015,https://www.youtube.com/watch?v=vI_EpRiqUhk
wTZ2-ffVZlM,"1/8 FW - 48 kg: M. IGARASHI (JPN) df. B. JUSTINO (BRA) by FALL, 8-0",2015-08-16,3:28,試合,U20,世界選手権,2015,タイトルにJPN/Japan,高,照合なし,Women's Wrestling - Junior World Championships - Salvador 2015,https://www.youtube.com/watch?v=wTZ2-ffVZlM
KzJyJyjg6nw,"1/8 FS - 96 kg: B. ALMENTAY (KAZ) df. T. SONODA (JPN) by TF, 10-0",2015-08-16,3:59,試合,U20,世界選手権,2015,タイトルにJPN/Japan・選手名の一致,高,園田 平(Taira SONODA),Freestyle Wrestling - Junior World Championships - Salvador 2015,https://www.youtube.com/watch?v=KzJyJyjg6nw
dEGOemMJ-RM,"1/8 FS - 50 kg: A. HUSEYNOV (AZE) df. E. YURA (JPN), 12-4",2015-08-16,8:39,試合,U20,世界選手権,2015,タイトルにJPN/Japan,高,照合なし,Freestyle Wrestling - Junior World Championships - Salvador 2015,https://www.youtube.com/watch?v=dEGOemMJ-RM
L5YofDjo72U,"Qual. FS - 74 kg: M. HALL (USA) df. Y. YAMASAKI (JPN), 6-2",2015-08-16,8:23,試合,U20,世界選手権,2015,タイトルにJPN/Japan,高,照合なし,Freestyle Wrestling - Junior World Championships - Salvador 2015,https://www.youtube.com/watch?v=L5YofDjo72U
AXKu5tPNlFg,"Qual. FS - 120 kg: A. TAHERI (IRI) df. T. YAMAMOTO (JPN) by TF, 18-6",2015-08-16,6:06,試合,U20,世界選手権,2015,タイトルにJPN/Japan・選手名の一致,高,山本 泰輝(Taiki YAMAMOTO),Freestyle Wrestling - Junior World Championships - Salvador 2015,https://www.youtube.com/watch?v=AXKu5tPNlFg
yI5muFbQzK0,"1/8 FS - 66 kg: Y. FUJINAMI (JPN) df. S. CARDONA (COL) by TF, 10-0",2015-08-16,1:25,試合,U20,世界選手権,2015,タイトルにJPN/Japan,高,照合なし,Freestyle Wrestling - Junior World Championships - Salvador 2015,https://www.youtube.com/watch?v=yI5muFbQzK0
j62NPEkhSRI,"Qual. FS - 66 kg: Y. FUJINAMI (JPN) df. O. AHMED (CAN) by FALL, 4-0",2015-08-16,1:10,試合,U20,世界選手権,2015,タイトルにJPN/Japan,高,照合なし,Freestyle Wrestling - Junior World Championships - Salvador 2015,https://www.youtube.com/watch?v=j62NPEkhSRI
LPXMSiLH8rs,"Qual. FS - 84 kg: S. SHIRAI (JPN) df. P. PUSPOKI (HUN) by TF, 10-0",2015-08-16,6:59,試合,U20,世界選手権,2015,タイトルにJPN/Japan,高,照合なし,Freestyle Wrestling - Junior World Championships - Salvador 2015,https://www.youtube.com/watch?v=LPXMSiLH8rs
hhA2bsFe2bI,"Qual. FW - 63 kg: B. TOSUN (TUR) df. Y. NONOKA (JPN) by TF, 10-0",2015-08-15,3:00,試合,U20,世界選手権,2015,タイトルにJPN/Japan,高,照合なし,Best of Buse TOSUN / Women's Wrestling - Junior World Championships - Salvador 2015,https://www.youtube.com/watch?v=hhA2bsFe2bI
UAbX6ADQYdo,"GOLD FW - 44 kg: T. NASIROVA (AZE) df. R. OKUNO (JPN), 5-2",2015-08-15,9:20,試合,U20,世界選手権,2015,タイトルにJPN/Japan,高,照合なし,Women's Wrestling - Junior World Championships - Salvador 2015,https://www.youtube.com/watch?v=UAbX6ADQYdo
7F-rvm_h4Z8,"BRONZE FW - 51 kg: K. NEZGOVOROVA (RUS) df. M. KADOYA (JPN), 4-1",2015-08-15,7:40,試合,U20,世界選手権,2015,タイトルにJPN/Japan,高,照合なし,Women's Wrestling - Junior World Championships - Salvador 2015,https://www.youtube.com/watch?v=7F-rvm_h4Z8
6WDXKbIoLlA,"GOLD FW - 59 kg: E. NILSSON (SWE) df. Y. KAYAMA (JPN), 8-2",2015-08-15,8:31,試合,U20,世界選手権,2015,タイトルにJPN/Japan,高,照合なし,Women's Wrestling - Junior World Championships - Salvador 2015,https://www.youtube.com/watch?v=6WDXKbIoLlA
6YOUDYhiYaY,"GOLD FW - 67 kg: M. FURUICHI (JPN) df. M. NYGREN (SWE) by TF, 10-0",2015-08-15,3:48,試合,U20,世界選手権,2015,タイトルにJPN/Japan・選手名の一致,高,古市 雅子(Masako FURUICHI),Women's Wrestling - Junior World Championships - Salvador 2015,https://www.youtube.com/watch?v=6YOUDYhiYaY
RUMJxknxgK8,"1/4 FW - 44 kg: R. OKUNO (JPN) df. M. SELISHKA (BUL), 6-4",2015-08-15,9:31,試合,U20,世界選手権,2015,タイトルにJPN/Japan,高,照合なし,Women's Wrestling - Junior World Championships - Salvador 2015,https://www.youtube.com/watch?v=RUMJxknxgK8
J4oKfgLLIH8,"1/4 FW - 51 kg: L. GURBANOVA (AZE) df. M. KADOYA (JPN), 9-4",2015-08-15,8:34,試合,U20,世界選手権,2015,タイトルにJPN/Japan,高,照合なし,Women's Wrestling - Junior World Championships - Salvador 2015,https://www.youtube.com/watch?v=J4oKfgLLIH8
yoe5Yu17vHo,"1/2 FW - 44 kg: R. OKUNO (JPN) df. N. SARAZHKOVA (RUS), 3-0",2015-08-15,8:05,試合,U20,世界選手権,2015,タイトルにJPN/Japan,高,照合なし,Women's Wrestling - Junior World Championships - Salvador 2015,https://www.youtube.com/watch?v=yoe5Yu17vHo
CV6uoHqlDRw,"Repechage FW - 51 kg: M. KADOYA (JPN) df. D. LOPEZ (MEX), 6-0",2015-08-15,7:48,試合,U20,世界選手権,2015,タイトルにJPN/Japan,高,照合なし,Women's Wrestling - Junior World Championships - Salvador 2015,https://www.youtube.com/watch?v=CV6uoHqlDRw
7O29gl5dZcE,"1/2 FW - 59 kg: Y. KAYAMA (JPN) df. A. BONILLA (MEX), 6-1",2015-08-15,8:56,試合,U20,世界選手権,2015,タイトルにJPN/Japan,高,照合なし,Women's Wrestling - Junior World Championships - Salvador 2015,https://www.youtube.com/watch?v=7O29gl5dZcE
KG3ubVGX46E,"1/8 FW - 67 kg: M. FURUICHI (JPN) df. D. KAKRAN (IND) by TF, 10-0",2015-08-15,1:44,試合,U20,世界選手権,2015,タイトルにJPN/Japan・選手名の一致,高,古市 雅子(Masako FURUICHI),Women's Wrestling - Junior World Championships - Salvador 2015,https://www.youtube.com/watch?v=KG3ubVGX46E
bK-GabYR8Ps,"1/8 FW - 59 kg: Y. KAYAMA (JPN) df. J. BROUILLETTE (CAN) by TF, 12-2",2015-08-15,6:16,試合,U20,世界選手権,2015,タイトルにJPN/Japan,高,照合なし,Women's Wrestling - Junior World Championships - Salvador 2015,https://www.youtube.com/watch?v=bK-GabYR8Ps
qSIsq6p9E9g,"1/8 FW - 51 kg: M. KADOYA (JPN) df. M. BATBAATAR (MGL) by TF, 12-2",2015-08-15,8:01,試合,U20,世界選手権,2015,タイトルにJPN/Japan,高,照合なし,Women's Wrestling - Junior World Championships - Salvador 2015,https://www.youtube.com/watch?v=qSIsq6p9E9g
y-RONwmaxCY,"1/4 FW - 59 kg: Y. KAYAMA (JPN) df. A. ISMAYILOVA (AZE), 6-6",2015-08-15,8:05,試合,U20,世界選手権,2015,タイトルにJPN/Japan,高,照合なし,Women's Wrestling - Junior World Championships - Salvador 2015,https://www.youtube.com/watch?v=y-RONwmaxCY
jY0MfRl_u1o,"Qual. FW - 44 kg: R. OKUNO (JPN) df. N. GUTIERREZ (VEN) by TF, 10-0",2015-08-15,1:47,試合,U20,世界選手権,2015,タイトルにJPN/Japan,高,照合なし,Women's Wrestling - Junior World Championships - Salvador 2015,https://www.youtube.com/watch?v=jY0MfRl_u1o
XPoaI3s3yA0,"1/4 FW - 67 kg: M. FURUICHI (JPN) df. S. FIDJE STORE (NOR) by TF, 12-2",2015-08-15,4:29,試合,U20,世界選手権,2015,タイトルにJPN/Japan・選手名の一致,高,古市 雅子(Masako FURUICHI),Women's Wrestling - Junior World Championships - Salvador 2015,https://www.youtube.com/watch?v=XPoaI3s3yA0
GYUYb4uR5GY,"Qual. FW - 72 kg: R. ABE (JPN) df. A. OZBEGE (TUR) by FALL, 8-1",2015-08-15,2:26,試合,U20,世界選手権,2015,タイトルにJPN/Japan,高,照合なし,Women's Wrestling - Junior World Championships - Salvador 2015,https://www.youtube.com/watch?v=GYUYb4uR5GY
OJE3kkZE8DM,"1/2 GR - 60 kg: K. JALAZOV (AZE) df. M. KAWANA (JPN) by TF, 8-0",2015-08-15,4:06,試合,U20,世界選手権,2015,タイトルにJPN/Japan・選手名の一致,高,河名 真偉斗(Maito KAWANA),Greco-Roman Wrestling - Junior World Championships - Salvador 2015,https://www.youtube.com/watch?v=OJE3kkZE8DM
j1K-JaDJXDs,"BRONZE GR - 60 kg: M. KAWANA (JPN) df. D. TARON (ARM) by TF, 8-2",2015-08-15,4:36,試合,U20,世界選手権,2015,タイトルにJPN/Japan・選手名の一致,高,河名 真偉斗(Maito KAWANA),Greco-Roman Wrestling - Junior World Championships - Salvador 2015,https://www.youtube.com/watch?v=j1K-JaDJXDs
Hm1qBkzDXuM,"BRONZE GR - 74 kg: Z. LEVAI (HUN) df. S. YABIKU (JPN), 3-2",2015-08-15,7:28,試合,U20,世界選手権,2015,タイトルにJPN/Japan,高,照合なし,Greco-Roman Wrestling - Junior World Championships - Salvador 2015,https://www.youtube.com/watch?v=Hm1qBkzDXuM
NYBQqoGlLOI,"Qual. GR - 60 kg: M. KAWANA (JPN) df. B. FUENTES (CHI) by TF, 8-0",2015-08-15,2:05,試合,U20,世界選手権,2015,タイトルにJPN/Japan・選手名の一致,高,河名 真偉斗(Maito KAWANA),Greco-Roman Wrestling - Junior World Championships - Salvador 2015,https://www.youtube.com/watch?v=NYBQqoGlLOI
Nqy76bcsdE4,"1/8 GR - 50 kg: J. MIRAKHMEDOV (UZB) df. M. NAGANUMA (JPN) by FALL, 5-0",2015-08-15,2:58,試合,U20,世界選手権,2015,タイトルにJPN/Japan,高,照合なし,Greco-Roman Wrestling - Junior World Championships - Salvador 2015,https://www.youtube.com/watch?v=Nqy76bcsdE4
pqLmS-OfzY4,"1/4 GR - 60 kg: M. KAWANA (JPN) df. A. JURKIANS (LAT), 5-5",2015-08-15,8:06,試合,U20,世界選手権,2015,タイトルにJPN/Japan・選手名の一致,高,河名 真偉斗(Maito KAWANA),Greco-Roman Wrestling - Junior World Championships - Salvador 2015,https://www.youtube.com/watch?v=pqLmS-OfzY4
mrpABwdnAU8,"1/2 GR - 74 kg: G. BOLKVADZE (GEO) df. S. YABIKU (JPN) by TF, 10-0",2015-08-15,2:20,試合,U20,世界選手権,2015,タイトルにJPN/Japan,高,照合なし,Greco-Roman Wrestling - Junior World Championships - Salvador 2015,https://www.youtube.com/watch?v=mrpABwdnAU8
7xvTULf0jC0,"1/8 GR - 120 kg: D. FEYZIYEV (AZE) df. S. KAIZUKA (JPN), 5-3",2015-08-15,8:30,試合,U20,世界選手権,2015,タイトルにJPN/Japan,高,照合なし,Greco-Roman Wrestling - Junior World Championships - Salvador 2015,https://www.youtube.com/watch?v=7xvTULf0jC0
8x3jX1BZXf8,"Qual. GR - 55 kg: I. BAKHRAMOV (UZB) df. Y. NAMBA (JPN) by TF, 9-1",2015-08-15,5:26,試合,U20,世界選手権,2015,タイトルにJPN/Japan,高,照合なし,Greco-Roman Wrestling - Junior World Championships - Salvador 2015,https://www.youtube.com/watch?v=8x3jX1BZXf8
L2GepiNbbGg,"1/8 GR - 66 kg: A. KAYTSUKOV (RUS) df. M. SAWADA (JPN) by FALL, 10-3",2015-08-15,3:40,試合,U20,世界選手権,2015,タイトルにJPN/Japan・選手名の一致,高,照合なし(同じローマ字が2人以上),Greco-Roman Wrestling - Junior World Championships - Salvador 2015,https://www.youtube.com/watch?v=L2GepiNbbGg
rqiSRLhH0aY,"1/8 GR - 84 kg: A. KAZIDIN (KGZ) df. K. SHIOKAWA (JPN), 5-1",2015-08-15,8:25,試合,U20,世界選手権,2015,タイトルにJPN/Japan・選手名の一致,高,塩川 貫太(Kanta SHIOKAWA),Greco-Roman Wrestling - Junior World Championships - Salvador 2015,https://www.youtube.com/watch?v=rqiSRLhH0aY
q2flXcU0oIQ,"Repechage GR - 66 kg: A. MATIASH (UKR) df. M. SAWADA (JPN), 9-4",2015-08-15,7:57,試合,U20,世界選手権,2015,タイトルにJPN/Japan・選手名の一致,高,照合なし(同じローマ字が2人以上),Greco-Roman Wrestling - Junior World Championships - Salvador 2015,https://www.youtube.com/watch?v=q2flXcU0oIQ
jQ04wY_hyWk,"Qual. GR - 66 kg: M. SAWADA (JPN) df. M. HERRERA (VEN), 6-5",2015-08-15,8:54,試合,U20,世界選手権,2015,タイトルにJPN/Japan・選手名の一致,高,照合なし(同じローマ字が2人以上),Greco-Roman Wrestling - Junior World Championships - Salvador 2015,https://www.youtube.com/watch?v=jQ04wY_hyWk
pvQ-zvDPrCI,"1/4 GR - 96 kg: M. LOKYAEV (RUS) df. Y. NARA (JPN) by TF, 9-0",2015-08-15,1:30,試合,U20,世界選手権,2015,タイトルにJPN/Japan・選手名の一致,高,奈良 勇太(Yuta NARA),Greco-Roman Wrestling - Junior World Championships - Salvador 2015,https://www.youtube.com/watch?v=pvQ-zvDPrCI
0RRpXnhYDVQ,"1/4 GR - 66 kg: D. ZHADRAYEV (KAZ) df. T. IZUMI (JPN) by TF, 8-0",2015-05-10,3:54,試合,シニア(または不明),アジア選手権,2015,タイトルにJPN/Japan,高,照合なし,Best of Demeu Zhadrayev / Greco-Roman Wrestling - Asian Championships - Doha 2015,https://www.youtube.com/watch?v=0RRpXnhYDVQ
wp0GB2Vbwmo,"Japan's Kaori ICHO Discusses Asian Championship, Olympic Wrestling Plans",2015-05-10,3:01,その他,シニア(または不明),オリンピック,2015,タイトルにJPN/Japan,高,照合なし,Highlights Doha 2015 - Asian Championships,https://www.youtube.com/watch?v=wp0GB2Vbwmo
wRpl3ry_m48,"BRONZE GR - 130 kg: M. TUYCHIEV (TJK) df. A. SONODA (JPN) by FALL, 4-0",2015-05-10,1:32,試合,シニア(または不明),アジア選手権,2015,タイトルにJPN/Japan,高,照合なし,Greco-Roman Wrestling - Asian Championships - Doha 2015,https://www.youtube.com/watch?v=wRpl3ry_m48
WznSqyNIPgo,"BRONZE GR - 98 kg: N. SAIKAWA (JPN) df. A. SAPARMAMMEDO (TKM) by TF, 9-1",2015-05-10,7:42,試合,シニア(または不明),アジア選手権,2015,タイトルにJPN/Japan,高,照合なし,Greco-Roman Wrestling - Asian Championships - Doha 2015,https://www.youtube.com/watch?v=WznSqyNIPgo
riYPYUv0Q1s,"1/2 GR - 130 kg: Q. MENG (CHN) df. A. SONODA (JPN), 8-2",2015-05-10,8:08,試合,シニア(または不明),アジア選手権,2015,タイトルにJPN/Japan,高,照合なし,Greco-Roman Wrestling - Asian Championships - Doha 2015,https://www.youtube.com/watch?v=riYPYUv0Q1s
B5Q0wZ-aeY0,"1/4 GR - 98 kg: N. SAIKAWA (JPN) df. D. KHAKIMOV (UZB) by TF, 8-0",2015-05-10,2:05,試合,シニア(または不明),アジア選手権,2015,タイトルにJPN/Japan,高,照合なし,Greco-Roman Wrestling - Asian Championships - Doha 2015,https://www.youtube.com/watch?v=B5Q0wZ-aeY0
y4_XRJ9PCUc,"1/2 GR - 98 kg: D. XIAO (CHN) df. N. SAIKAWA (JPN), 6-2",2015-05-10,8:18,試合,シニア(または不明),アジア選手権,2015,タイトルにJPN/Japan,高,照合なし,Greco-Roman Wrestling - Asian Championships - Doha 2015,https://www.youtube.com/watch?v=y4_XRJ9PCUc
vWE_S9sdDGY,"1/4 GR - 75 kg: D. TURDIEV (UZB) df. T. KANAKUBO (JPN) by TF, 8-0",2015-05-10,8:05,試合,シニア(または不明),アジア選手権,2015,タイトルにJPN/Japan,高,照合なし,Greco-Roman Wrestling - Asian Championships - Doha 2015,https://www.youtube.com/watch?v=vWE_S9sdDGY
xsqa8R6YVJo,"1/4 GR - 130 kg: A. SONODA (JPN) df. Y. KIM (KOR), 3-0",2015-05-10,8:44,試合,シニア(または不明),アジア選手権,2015,タイトルにJPN/Japan,高,照合なし,Greco-Roman Wrestling - Asian Championships - Doha 2015,https://www.youtube.com/watch?v=xsqa8R6YVJo
Sz44BTzVyB4,"Qual. GR - 80 kg: Z. KOSHANOV (KAZ) df. M. SUMI (JPN) by FALL, 4-0",2015-05-10,3:47,試合,シニア(または不明),アジア選手権,2015,タイトルにJPN/Japan,高,照合なし,Greco-Roman Wrestling - Asian Championships - Doha 2015,https://www.youtube.com/watch?v=Sz44BTzVyB4
2-D-JPjqyh8,"Qual. GR - 98 kg: N. SAIKAWA (JPN) df. H. HARDEEP (IND) by TF, 8-0",2015-05-10,2:05,試合,シニア(または不明),アジア選手権,2015,タイトルにJPN/Japan,高,照合なし,Greco-Roman Wrestling - Asian Championships - Doha 2015,https://www.youtube.com/watch?v=2-D-JPjqyh8
54VG6Fns8BI,"1/2 GR - 85 kg: N. TURSYNOV (KAZ) df. T. OKA (JPN) by FALL, 4-0",2015-05-09,3:07,試合,シニア(または不明),アジア選手権,2015,タイトルにJPN/Japan,高,照合なし,Best of Nursultan TURSYNOV / Greco-Roman Wrestling - Asian Championships - Doha 2015,https://www.youtube.com/watch?v=54VG6Fns8BI
5eFsoJoJZOk,"BRONZE GR - 85 kg: T. OKA (JPN) df. J. KENJEEV (KGZ), 1-0",2015-05-09,9:08,試合,シニア(または不明),アジア選手権,2015,タイトルにJPN/Japan,高,照合なし,Greco-Roman Wrestling - Asian Championships - Doha 2015,https://www.youtube.com/watch?v=5eFsoJoJZOk
VVOAUSKxsCU,"BRONZE GR - 59 kg: S. OTA (JPN) df. Q. TIAN (CHN) by TF, 8-0",2015-05-09,2:29,試合,シニア(または不明),アジア選手権,2015,タイトルにJPN/Japan・選手名の一致,高,太田 早也香(Sayaka OTA),Greco-Roman Wrestling - Asian Championships - Doha 2015,https://www.youtube.com/watch?v=VVOAUSKxsCU
zfxCrDkVhlw,"1/4 GR - 59 kg: S. OTA (JPN) df. A. SHARIFZODA (TJK) by TF, 8-0",2015-05-09,2:56,試合,シニア(または不明),アジア選手権,2015,タイトルにJPN/Japan・選手名の一致,高,太田 早也香(Sayaka OTA),Greco-Roman Wrestling - Asian Championships - Doha 2015,https://www.youtube.com/watch?v=zfxCrDkVhlw
qag9nLnokW4,"1/2 GR - 59 kg: E. TASMURADOV (UZB) df. S. OTA (JPN) by TF, 9-0",2015-05-09,4:57,試合,シニア(または不明),アジア選手権,2015,タイトルにJPN/Japan・選手名の一致,高,太田 早也香(Sayaka OTA),Greco-Roman Wrestling - Asian Championships - Doha 2015,https://www.youtube.com/watch?v=qag9nLnokW4
xKUlsHnScGo,"1/4 GR - 71 kg: . JUNGGEUN LEE (KOR) df. T. INOUE (JPN), 5-0",2015-05-09,9:46,試合,シニア(または不明),アジア選手権,2015,タイトルにJPN/Japan,高,照合なし,Greco-Roman Wrestling - Asian Championships - Doha 2015,https://www.youtube.com/watch?v=xKUlsHnScGo
vcV2lcLWBcE,"1/4 GR - 85 kg: T. OKA (JPN) df. Q. TUYCHIEV (TJK) by TF, 8-0",2015-05-09,3:53,試合,シニア(または不明),アジア選手権,2015,タイトルにJPN/Japan,高,照合なし,Greco-Roman Wrestling - Asian Championships - Doha 2015,https://www.youtube.com/watch?v=vcV2lcLWBcE
5PdRUHhSbvk,"GOLD FW - 75 kg: H. SUZUKI (JPN) df. O. BADRAKH (MGL), 3-1",2015-05-09,8:48,試合,シニア(または不明),アジア選手権,2015,タイトルにJPN/Japan,高,照合なし,Women's Wrestling - Asian Championships - Doha 2015,https://www.youtube.com/watch?v=5PdRUHhSbvk
M7BHRA1rdfQ,"1/2 FW - 75 kg: H. SUZUKI (JPN) df. G. YERKEBAYEVA (KAZ) by TF, 10-0",2015-05-09,5:20,試合,シニア(または不明),アジア選手権,2015,タイトルにJPN/Japan,高,照合なし,Women's Wrestling - Asian Championships - Doha 2015,https://www.youtube.com/watch?v=M7BHRA1rdfQ
Su3o-lu5a14,"GOLD FW - 63 kg: Z. XILUO (CHN) df. K. MURATA (JPN), 4-4",2015-05-08,8:18,試合,シニア(または不明),アジア選手権,2015,タイトルにJPN/Japan・選手名の一致,高,村田 健介(Kensuke MURATA),Women's Wrestling - Asian Championships - Doha 2015,https://www.youtube.com/watch?v=Su3o-lu5a14
GsREm4peR-c,"BRONZE FW - 69 kg: K. KUDO (JPN) df. T. SHARKUU (MGL), 7-4",2015-05-08,9:09,試合,シニア(または不明),アジア選手権,2015,タイトルにJPN/Japan,高,照合なし,Women's Wrestling - Asian Championships - Doha 2015,https://www.youtube.com/watch?v=GsREm4peR-c
hLNpftgwcWw,"GOLD FW - 55 kg: A. KIMURA (JPN) df. K. HAN (PRK) by FALL, 4-2",2015-05-08,3:03,試合,シニア(または不明),アジア選手権,2015,タイトルにJPN/Japan,高,照合なし,Women's Wrestling - Asian Championships - Doha 2015,https://www.youtube.com/watch?v=hLNpftgwcWw
LVRoisxGwEE,"1/2 FW - 53 kg: X. ZHONG (CHN) df. N. IRIE (JPN) by TF, 8-0",2015-05-08,8:24,試合,シニア(または不明),アジア選手権,2015,タイトルにJPN/Japan,高,照合なし,Women's Wrestling - Asian Championships - Doha 2015,https://www.youtube.com/watch?v=LVRoisxGwEE
0e2RvuL4Bkk,"Round 4 FW - 60 kg: Y. KAYAMA (JPN) df. S. MALIK (IND) by FALL, 4-4",2015-05-08,5:33,試合,シニア(または不明),アジア選手権,2015,タイトルにJPN/Japan,高,照合なし,Women's Wrestling - Asian Championships - Doha 2015,https://www.youtube.com/watch?v=0e2RvuL4Bkk
X2GZvNKOp2Q,"1/2 FW - 63 kg: K. MURATA (JPN) df. J. SIN (PRK) by FALL, 8-2",2015-05-08,5:43,試合,シニア(または不明),アジア選手権,2015,タイトルにJPN/Japan・選手名の一致,高,村田 健介(Kensuke MURATA),Women's Wrestling - Asian Championships - Doha 2015,https://www.youtube.com/watch?v=X2GZvNKOp2Q
STgtLyhcqVo,"Round 3 FW - 60 kg: X. LUO (CHN) df. Y. KAYAMA (JPN), 6-0",2015-05-08,8:37,試合,シニア(または不明),アジア選手権,2015,タイトルにJPN/Japan,高,照合なし,Women's Wrestling - Asian Championships - Doha 2015,https://www.youtube.com/watch?v=STgtLyhcqVo
v1oKa5uSt9A,"1/2 FW - 55 kg: A. KIMURA (JPN) df. H. LI (CHN), 6-6",2015-05-08,9:11,試合,シニア(または不明),アジア選手権,2015,タイトルにJPN/Japan,高,照合なし,Women's Wrestling - Asian Championships - Doha 2015,https://www.youtube.com/watch?v=v1oKa5uSt9A
xG0vSOI3hsY,"Qual. FW - 55 kg: A. KIMURA (JPN) df. A. ISMAGULOVA (KAZ) by FALL, 2-0",2015-05-08,2:51,試合,シニア(または不明),アジア選手権,2015,タイトルにJPN/Japan,高,照合なし,Women's Wrestling - Asian Championships - Doha 2015,https://www.youtube.com/watch?v=xG0vSOI3hsY
iDyJMeuWhYw,"1/4 FW - 69 kg: K. KUDO (JPN) df. S. KUNDU (IND) by FALL, 6-0",2015-05-08,2:56,試合,シニア(または不明),アジア選手権,2015,タイトルにJPN/Japan,高,照合なし,Women's Wrestling - Asian Championships - Doha 2015,https://www.youtube.com/watch?v=iDyJMeuWhYw
_9ARWhjHcj8,"Round 2 FW - 60 kg: A. KASSYMOVA (KAZ) df. Y. KAYAMA (JPN), 8-8",2015-05-08,9:07,試合,シニア(または不明),アジア選手権,2015,タイトルにJPN/Japan,高,照合なし,Women's Wrestling - Asian Championships - Doha 2015,https://www.youtube.com/watch?v=_9ARWhjHcj8
q_0AaYKoqSI,"1/4 FW - 53 kg: N. IRIE (JPN) df. D. ERICHEMBAYAR (MGL), 2-1",2015-05-08,0:57,試合,シニア(または不明),アジア選手権,2015,タイトルにJPN/Japan,高,照合なし,Women's Wrestling - Asian Championships - Doha 2015,https://www.youtube.com/watch?v=q_0AaYKoqSI
4hVdlR-Ej5Y,"Round 1 FW - 60 kg: Y. KAYAMA (JPN) df. M. TUNGALAG (MGL), 4-2",2015-05-08,9:00,試合,シニア(または不明),アジア選手権,2015,タイトルにJPN/Japan,高,照合なし,Women's Wrestling - Asian Championships - Doha 2015,https://www.youtube.com/watch?v=4hVdlR-Ej5Y
tIuBrgRtbuo,"Qual. FW - 63 kg: K. MURATA (JPN) df. Y. LARIONOVA (KAZ) by TF, 14-3",2015-05-08,8:07,試合,シニア(または不明),アジア選手権,2015,タイトルにJPN/Japan・選手名の一致,高,村田 健介(Kensuke MURATA),Women's Wrestling - Asian Championships - Doha 2015,https://www.youtube.com/watch?v=tIuBrgRtbuo
2X-8TlmNXzU,"1/2 FW - 48 kg: Y. IRIE (JPN) df. H. KIM (PRK), 6-2",2015-05-07,8:48,試合,シニア(または不明),アジア選手権,2015,タイトルにJPN/Japan,高,照合なし,Women's Wrestling - Asian Championships - Doha 2015,https://www.youtube.com/watch?v=2X-8TlmNXzU
Lz06E45PKbE,"1/4 FW - 48 kg: Y. IRIE (JPN) df. Y. LEE (KOR), 9-0",2015-05-07,8:19,試合,シニア(または不明),アジア選手権,2015,タイトルにJPN/Japan,高,照合なし,Women's Wrestling - Asian Championships - Doha 2015,https://www.youtube.com/watch?v=Lz06E45PKbE
ghjGR_iwCm8,"GOLD FS - 74 kg: P. YARAHMADI (IRI) df. D. SHIMADA (JPN), 8-2",2015-05-07,8:35,試合,シニア(または不明),アジア選手権,2015,タイトルにJPN/Japan,高,照合なし,Freestyle Wrestling - Asian Championships - Doha 2015,https://www.youtube.com/watch?v=ghjGR_iwCm8
fmkg5wM1STo,"BRONZE FS - 61 kg: M. KAMOI (JPN) df. Z. TIAN (CHN) by TF, 12-2",2015-05-07,4:07,試合,シニア(または不明),アジア選手権,2015,タイトルにJPN/Japan,高,照合なし,Freestyle Wrestling - Asian Championships - Doha 2015,https://www.youtube.com/watch?v=fmkg5wM1STo
7AKNRYI8DNI,"BRONZE FS - 70 kg: T. KOJIMA (JPN) df. P. RANA (IND), 2-2",2015-05-07,9:05,試合,シニア(または不明),アジア選手権,2015,タイトルにJPN/Japan,高,照合なし,Freestyle Wrestling - Asian Championships - Doha 2015,https://www.youtube.com/watch?v=7AKNRYI8DNI
Bi3D0BInqS4,"Repechage FS - 70 kg: T. KOJIMA (JPN) df. H. LING (CHN) by FALL, 9-1",2015-05-07,5:46,試合,シニア(または不明),アジア選手権,2015,タイトルにJPN/Japan,高,照合なし,Freestyle Wrestling - Asian Championships - Doha 2015,https://www.youtube.com/watch?v=Bi3D0BInqS4
ZJFQiLtP2PM,"Repechage FS - 61 kg: M. KAMOI (JPN) df. J. YANG (KOR), 4-3",2015-05-07,8:30,試合,シニア(または不明),アジア選手権,2015,タイトルにJPN/Japan,高,照合なし,Freestyle Wrestling - Asian Championships - Doha 2015,https://www.youtube.com/watch?v=ZJFQiLtP2PM
8aOv2pi1_nI,"1/2 FS - 97 kg: M. MOHAMMADIAN (IRI) df. T. YAMAGUCHI (JPN), 14-9",2015-05-07,9:48,試合,シニア(または不明),アジア選手権,2015,タイトルにJPN/Japan・選手名の一致,高,山口 太一(Taichi YAMAGUCHI),Freestyle Wrestling - Asian Championships - Doha 2015,https://www.youtube.com/watch?v=8aOv2pi1_nI
p1DKzLjOHfQ,"1/4 FS - 70 kg: B. ABDURAKHMONO (UZB) df. T. KOJIMA (JPN), 10-2",2015-05-07,8:39,試合,シニア(または不明),アジア選手権,2015,タイトルにJPN/Japan,高,照合なし,Freestyle Wrestling - Asian Championships - Doha 2015,https://www.youtube.com/watch?v=p1DKzLjOHfQ
7wr7wqZzlFM,"1/4 FS - 61 kg: B. EHSANPOOR (IRI) df. M. KAMOI (JPN), 1-0",2015-05-07,8:15,試合,シニア(または不明),アジア選手権,2015,タイトルにJPN/Japan,高,照合なし,Freestyle Wrestling - Asian Championships - Doha 2015,https://www.youtube.com/watch?v=7wr7wqZzlFM
S_n31NaRMt0,"1/4 FS - 97 kg: T. YAMAGUCHI (JPN) df. K. MAUSAM (IND), 10-6",2015-05-07,8:24,試合,シニア(または不明),アジア選手権,2015,タイトルにJPN/Japan・選手名の一致,高,山口 太一(Taichi YAMAGUCHI),Freestyle Wrestling - Asian Championships - Doha 2015,https://www.youtube.com/watch?v=S_n31NaRMt0
lPF40gpQ-Ks,D. SHIMADA (JPN) df. N. YADAV (IND) | FS 74 kg | Qual.,2015-05-07,9:59,試合,シニア(または不明),アジア選手権,2015,タイトルにJPN/Japan,高,照合なし,Freestyle Wrestling - Asian Championships - Doha 2015,https://www.youtube.com/watch?v=lPF40gpQ-Ks
RhLbkCTUm8M,"Qual. FS - 61 kg: M. KAMOI (JPN) df. S. SONU (IND), 5-1",2015-05-07,8:19,試合,シニア(または不明),アジア選手権,2015,タイトルにJPN/Japan,高,照合なし,Freestyle Wrestling - Asian Championships - Doha 2015,https://www.youtube.com/watch?v=RhLbkCTUm8M
omvgZBzBF2I,"Qual. FS - 97 kg: T. YAMAGUCHI (JPN) df. D. RANASINGHE (SRI) by TF, 12-2",2015-05-07,2:19,試合,シニア(または不明),アジア選手権,2015,タイトルにJPN/Japan・選手名の一致,高,山口 太一(Taichi YAMAGUCHI),Freestyle Wrestling - Asian Championships - Doha 2015,https://www.youtube.com/watch?v=omvgZBzBF2I
XtpwcQCZj-A,"GOLD FS - 65 kg: M. ESMAEILPOORJ (IRI) df. T. ISHIDA (JPN), 1-1",2015-05-07,8:10,試合,シニア(または不明),アジア選手権,2015,タイトルにJPN/Japan,高,照合なし,Freestyle Wrestling - Asian Championships - Doha 2015,https://www.youtube.com/watch?v=XtpwcQCZj-A
JxZXVMAc7yo,"GOLD FW - 58 kg: K. ICHO (JPN) df. A. TYNYBEKOVA (KGZ) by TF, 10-0",2015-05-06,3:52,試合,シニア(または不明),アジア選手権,2015,タイトルにJPN/Japan,高,照合なし,Women's Wrestling - Asian Championships - Doha 2015,https://www.youtube.com/watch?v=JxZXVMAc7yo
9B6oNcHWkqw,"1/4 FW - 58 kg: K. ICHO (JPN) df. T. NGUYEN (VIE) by TF, 10-0",2015-05-06,2:32,試合,シニア(または不明),アジア選手権,2015,タイトルにJPN/Japan,高,照合なし,Women's Wrestling - Asian Championships - Doha 2015,https://www.youtube.com/watch?v=9B6oNcHWkqw
drcA9CCajXA,"1/2 FW - 58 kg: K. ICHO (JPN) df. G. GEETA (IND) by FALL, 8-0",2015-05-06,3:13,試合,シニア(または不明),アジア選手権,2015,タイトルにJPN/Japan,高,照合なし,Women's Wrestling - Asian Championships - Doha 2015,https://www.youtube.com/watch?v=drcA9CCajXA
q-VvCvz36OE,"GOLD FS - 86 kg: A. KARIMIMACHIA (IRI) df. A. MATSUMOTO (JPN), 6-3",2015-05-06,8:45,試合,シニア(または不明),アジア選手権,2015,タイトルにJPN/Japan・選手名の一致,高,松本 彬夢(Ayumu MATSUMOTO),Freestyle Wrestling - Asian Championships - Doha 2015,https://www.youtube.com/watch?v=q-VvCvz36OE
qJ4rA5dogcM,"BRONZE FS - 57 kg: F. MORISHITA (JPN) df. H. JONG (PRK), 4-3",2015-05-06,9:39,試合,シニア(または不明),アジア選手権,2015,タイトルにJPN/Japan,高,照合なし,Freestyle Wrestling - Asian Championships - Doha 2015,https://www.youtube.com/watch?v=qJ4rA5dogcM
_N1ZVRNaiac,"1/2 FS - 65 kg: T. ISHIDA (JPN) df. G. MANDAKHNARAN (MGL), 2-1",2015-05-06,8:10,試合,シニア(または不明),アジア選手権,2015,タイトルにJPN/Japan,高,照合なし,Freestyle Wrestling - Asian Championships - Doha 2015,https://www.youtube.com/watch?v=_N1ZVRNaiac
SgqOwYPpy1g,"1/2 FS - 86 kg: A. MATSUMOTO (JPN) df. P. USUKHBAATAR (MGL), 9-1",2015-05-06,8:28,試合,シニア(または不明),アジア選手権,2015,タイトルにJPN/Japan・選手名の一致,高,松本 彬夢(Ayumu MATSUMOTO),Freestyle Wrestling - Asian Championships - Doha 2015,https://www.youtube.com/watch?v=SgqOwYPpy1g
8_FYOHmIlyY,"1/4 FS - 86 kg: A. MATSUMOTO (JPN) df. N. BUSHI (IRQ) by TF, 10-0",2015-05-06,6:56,試合,シニア(または不明),アジア選手権,2015,タイトルにJPN/Japan・選手名の一致,高,松本 彬夢(Ayumu MATSUMOTO),Freestyle Wrestling - Asian Championships - Doha 2015,https://www.youtube.com/watch?v=8_FYOHmIlyY
o4MdUUXJDxE,"1/8 FS - 65 kg: T. ISHIDA (JPN) df. S. ISMOILOV (TJK), 6-1",2015-05-06,8:10,試合,シニア(または不明),アジア選手権,2015,タイトルにJPN/Japan,高,照合なし,Freestyle Wrestling - Asian Championships - Doha 2015,https://www.youtube.com/watch?v=o4MdUUXJDxE
e2AwOYdYdQ8,"Quarterfinal:  Tomotsugu ISHIDA (JPN) df. Azat MIRAKHIMOV (KGZ) by TF, 11-0",2015-05-06,8:23,試合,シニア(または不明),アジア選手権,2015,タイトルにJPN/Japan,高,照合なし,Freestyle Wrestling - Asian Championships - Doha 2015,https://www.youtube.com/watch?v=e2AwOYdYdQ8
XqNhCRf6RxQ,"Repechage:  Fumitaka MORISHITA (JPN) df. Rahul Balasaheb AWARE (IND) by TF, 9-1",2015-05-06,9:18,試合,シニア(または不明),アジア選手権,2015,タイトルにJPN/Japan,高,照合なし,Freestyle Wrestling - Asian Championships - Doha 2015,https://www.youtube.com/watch?v=XqNhCRf6RxQ
mZM0XJBeQQA,"Qualification:  Erdenebat BEKHBAYAR (MGL) df. Fumitaka MORISHITA (JPN), 5-0",2015-05-06,9:12,試合,シニア(または不明),アジア選手権,2015,タイトルにJPN/Japan,高,照合なし,Freestyle Wrestling - Asian Championships - Doha 2015,https://www.youtube.com/watch?v=mZM0XJBeQQA
lKaqDJkvG8Q,"Qualification:  Hitender HITENDER (IND) df. Nobuyoshi ARAKIDA (JPN), 5-3",2015-05-06,8:36,試合,シニア(または不明),アジア選手権,2015,タイトルにJPN/Japan,高,照合なし,Freestyle Wrestling - Asian Championships - Doha 2015,https://www.youtube.com/watch?v=lKaqDJkvG8Q
MusH5qbz9WY,"Qualification:  Atsushi MATSUMOTO (JPN) df. Muhammad INAM (PAK), 10-4",2015-05-06,10:15,試合,シニア(または不明),アジア選手権,2015,タイトルにJPN/Japan,高,照合なし,Freestyle Wrestling - Asian Championships - Doha 2015,https://www.youtube.com/watch?v=MusH5qbz9WY
4OEcahXeJ0U,"55 kg - Hikari SUGAWARA (JPN) df. Irina OLOGONOVA (RUS), 6-0",2015-03-08,7:57,試合,シニア(または不明),ワールドカップ,2015,タイトルにJPN/Japan,高,照合なし,1st-2nd : Japan VS Russia - Women's World Cup - St Petersburg 2015,https://www.youtube.com/watch?v=4OEcahXeJ0U
2v5d2OFnz3I,"48 kg - Yu MIYAHARA (JPN) df. Nadezhda FEDOROVA (RUS), 14-6",2015-03-08,8:58,試合,シニア(または不明),ワールドカップ,2015,タイトルにJPN/Japan,高,照合なし,1st-2nd : Japan VS Russia - Women's World Cup - St Petersburg 2015,https://www.youtube.com/watch?v=2v5d2OFnz3I
QFneTKtsVw0,"75 kg - Ekaterina BUKINA (RUS) df. Hiroe SUZUKI (JPN), 4-0",2015-03-08,8:46,試合,シニア(または不明),ワールドカップ,2015,タイトルにJPN/Japan,高,照合なし,1st-2nd : Japan VS Russia - Women's World Cup - St Petersburg 2015,https://www.youtube.com/watch?v=QFneTKtsVw0
ZyDI_MpaP50,2015 Women's World Cup: Match of the Tournament,2015-03-08,7:52,その他,シニア(または不明),ワールドカップ,2015,説明にJPN/Japan,低(要確認),照合なし,1st-2nd : Japan VS Russia - Women's World Cup - St Petersburg 2015 / Highlights St Petersburg 2015 - Women's Wrestling World Cup,https://www.youtube.com/watch?v=ZyDI_MpaP50
786_4Uiqw4w,"58 kg - Risako KAWAI (JPN) df. Valeria KOBLOVA ZHOLOBOVA (RUS), 5-1",2015-03-08,8:34,試合,シニア(または不明),ワールドカップ,2015,タイトルにJPN/Japan,高,照合なし,1st-2nd : Japan VS Russia - Women's World Cup - St Petersburg 2015,https://www.youtube.com/watch?v=786_4Uiqw4w
rq_2onvzISA,"60 kg - Kanako MURATA (JPN) df. Zhargalma TCYRENOVA (RUS), 11-0",2015-03-08,6:43,試合,シニア(または不明),ワールドカップ,2015,タイトルにJPN/Japan,高,照合なし,1st-2nd : Japan VS Russia - Women's World Cup - St Petersburg 2015,https://www.youtube.com/watch?v=rq_2onvzISA
u7PwbuZ5bdQ,"69 kg - Natalia VOROBEVA (RUS) df. Kayoko KUDO (JPN), 12-2",2015-03-08,6:33,試合,シニア(または不明),ワールドカップ,2015,タイトルにJPN/Japan,高,照合なし,1st-2nd : Japan VS Russia - Women's World Cup - St Petersburg 2015,https://www.youtube.com/watch?v=u7PwbuZ5bdQ
Q_SzjpzUtgs,"55 kg - Helen Louise MAROULIS (USA) df. Hikari SUGAWARA (JPN), 4-0",2015-03-07,0:45,試合,シニア(または不明),ワールドカップ,2015,タイトルにJPN/Japan,高,照合なし,Best of Helen Louise MAROULIS / Matches GROUP A - Women's Wrestling World Cup - St Petersburg 2015,https://www.youtube.com/watch?v=Q_SzjpzUtgs
MjnW7r8tcaI,"48 kg - Yu MIYAHARA (JPN) df. Iwona Nina MATKOWSKA (POL), 4-2",2015-03-07,3:32,試合,シニア(または不明),ワールドカップ,2015,タイトルにJPN/Japan,高,照合なし,Matches GROUP A - Women's Wrestling World Cup - St Petersburg 2015,https://www.youtube.com/watch?v=MjnW7r8tcaI
9sgnYba_o5M,"53 kg - Chiho HAMADA (JPN) df. Roksana Marta ZASINA (POL), 6-4",2015-03-07,8:46,試合,シニア(または不明),ワールドカップ,2015,タイトルにJPN/Japan,高,照合なし,Matches GROUP A - Women's Wrestling World Cup - St Petersburg 2015,https://www.youtube.com/watch?v=9sgnYba_o5M
Pa1Bw3UzQmQ,"55 kg - Hikari SUGAWARA (JPN) df. Katarzyna KRAWCZYK (POL), 10-4",2015-03-07,8:34,試合,シニア(または不明),ワールドカップ,2015,タイトルにJPN/Japan,高,照合なし,Matches GROUP A - Women's Wrestling World Cup - St Petersburg 2015,https://www.youtube.com/watch?v=Pa1Bw3UzQmQ
uiURf14X0_Y,"58 kg - Risako KAWAI (JPN) df. Aleksandra WOLCZYNSKA (POL), 9-0",2015-03-07,2:53,試合,シニア(または不明),ワールドカップ,2015,タイトルにJPN/Japan,高,照合なし,Matches GROUP A - Women's Wrestling World Cup - St Petersburg 2015,https://www.youtube.com/watch?v=uiURf14X0_Y
hR-Wr9IA1kg,"60 kg - Kanako MURATA (JPN) df. Agnieszka Sylwia KROL (POL), 11-0",2015-03-07,3:34,試合,シニア(または不明),ワールドカップ,2015,タイトルにJPN/Japan,高,照合なし,Matches GROUP A - Women's Wrestling World Cup - St Petersburg 2015,https://www.youtube.com/watch?v=hR-Wr9IA1kg
o6x50HdbY44,"69 kg - Kayoko KUDO (JPN) df. Agnieszka Jadwiga WIESZCZEK-KORDUS (POL), 4-2",2015-03-07,8:18,試合,シニア(または不明),ワールドカップ,2015,タイトルにJPN/Japan,高,照合なし,Matches GROUP A - Women's Wrestling World Cup - St Petersburg 2015,https://www.youtube.com/watch?v=o6x50HdbY44
sC9f4zZufg8,"75 kg - Hiroe SUZUKI (JPN) df. Daria Urszula OSOCKA (POL), 9-0",2015-03-07,3:40,試合,シニア(または不明),ワールドカップ,2015,タイトルにJPN/Japan,高,照合なし,Matches GROUP A - Women's Wrestling World Cup - St Petersburg 2015,https://www.youtube.com/watch?v=sC9f4zZufg8
KhiSXxUDUM4,"48 kg - Yu MIYAHARA (JPN) df. Victoria Lacey ANTHONY (USA), 13-2",2015-03-07,4:30,試合,シニア(または不明),ワールドカップ,2015,タイトルにJPN/Japan,高,照合なし,Matches GROUP A - Women's Wrestling World Cup - St Petersburg 2015,https://www.youtube.com/watch?v=KhiSXxUDUM4
lMRoopykZPc,"53 kg - Chiho HAMADA (JPN) df. Whitney CONDER (USA), 4-2",2015-03-07,8:47,試合,シニア(または不明),ワールドカップ,2015,タイトルにJPN/Japan,高,照合なし,Matches GROUP A - Women's Wrestling World Cup - St Petersburg 2015,https://www.youtube.com/watch?v=lMRoopykZPc
amgqZudNLYs,"58 kg - Risako KAWAI (JPN) df. Allison Mackenzie RAGAN (USA), 10-0",2015-03-07,1:49,試合,シニア(または不明),ワールドカップ,2015,タイトルにJPN/Japan,高,照合なし,Matches GROUP A - Women's Wrestling World Cup - St Petersburg 2015,https://www.youtube.com/watch?v=amgqZudNLYs
YOtS-QGk6DM,"60 kg - Kanako MURATA (JPN) df. Kelsey Rene CAMPBELL (USA), 12-2",2015-03-07,8:04,試合,シニア(または不明),ワールドカップ,2015,タイトルにJPN/Japan,高,照合なし,Matches GROUP A - Women's Wrestling World Cup - St Petersburg 2015,https://www.youtube.com/watch?v=YOtS-QGk6DM
_Un66c8pHJ4,"63 kg - Erin Elizabeth CLODGO (USA) df. Yurika ITO (JPN), 0-0",2015-03-07,0:25,試合,シニア(または不明),ワールドカップ,2015,タイトルにJPN/Japan,高,照合なし,Matches GROUP A - Women's Wrestling World Cup - St Petersburg 2015,https://www.youtube.com/watch?v=_Un66c8pHJ4
H5Tvwy_b8EQ,"69 kg - Kayoko KUDO (JPN) df. Randi MILLER (USA), 10-0",2015-03-07,4:59,試合,シニア(または不明),ワールドカップ,2015,タイトルにJPN/Japan,高,照合なし,Matches GROUP A - Women's Wrestling World Cup - St Petersburg 2015,https://www.youtube.com/watch?v=H5Tvwy_b8EQ
x-FqWJ2q5IE,"75 kg - Adeline Maria GRAY (USA) df. Hiroe SUZUKI (JPN), 4-1",2015-03-07,8:06,試合,シニア(または不明),ワールドカップ,2015,タイトルにJPN/Japan,高,照合なし,Matches GROUP A - Women's Wrestling World Cup - St Petersburg 2015,https://www.youtube.com/watch?v=x-FqWJ2q5IE
pYZWHDF25C8,"63 kg - Ragneta GURBANZADE (AZE) df. Yurika ITO (JPN), 0-0",2015-03-07,0:23,試合,シニア(または不明),ワールドカップ,2015,タイトルにJPN/Japan,高,照合なし,Matches GROUP A - Women's Wrestling World Cup - St Petersburg 2015,https://www.youtube.com/watch?v=pYZWHDF25C8
j-BvIRybAbM,"53 kg - Chiho HAMADA (JPN) df. Anzhela DOROGAN (AZE), 4-1",2015-03-07,8:29,試合,シニア(または不明),ワールドカップ,2015,タイトルにJPN/Japan,高,照合なし,Matches GROUP A - Women's Wrestling World Cup - St Petersburg 2015,https://www.youtube.com/watch?v=j-BvIRybAbM
GOlGBT_SbtA,"60 kg - Kanako MURATA (JPN) df. Yuliya RATKEVICH (AZE), 2-2",2015-03-07,8:04,試合,シニア(または不明),ワールドカップ,2015,タイトルにJPN/Japan,高,照合なし,Matches GROUP A - Women's Wrestling World Cup - St Petersburg 2015,https://www.youtube.com/watch?v=GOlGBT_SbtA
Qap4N23qkoY,"55 kg - Hikari SUGAWARA (JPN) df. Natalya SINISHIN (AZE), 8-6",2015-03-07,11:15,試合,シニア(または不明),ワールドカップ,2015,タイトルにJPN/Japan,高,照合なし,Matches GROUP A - Women's Wrestling World Cup - St Petersburg 2015,https://www.youtube.com/watch?v=Qap4N23qkoY
KGEig_HcecQ,"58 kg - Risako KAWAI (JPN) df. Irina Petrovna NETREBA (AZE), 12-1",2015-03-07,3:02,試合,シニア(または不明),ワールドカップ,2015,タイトルにJPN/Japan,高,照合なし,Matches GROUP A - Women's Wrestling World Cup - St Petersburg 2015,https://www.youtube.com/watch?v=KGEig_HcecQ
PdoFbMC_-dw,"69 kg - Nadiia MUSHKA SEMENTSOVA (AZE) df. Kayoko KUDO (JPN), 6-5",2015-03-07,9:21,試合,シニア(または不明),ワールドカップ,2015,タイトルにJPN/Japan,高,照合なし,Matches GROUP A - Women's Wrestling World Cup - St Petersburg 2015,https://www.youtube.com/watch?v=PdoFbMC_-dw
DpXErYWzdhw,"75 kg - Hiroe SUZUKI (JPN) df. Gozal ZUTOVA (AZE), 4-2",2015-03-07,5:58,試合,シニア(または不明),ワールドカップ,2015,タイトルにJPN/Japan,高,照合なし,Matches GROUP A - Women's Wrestling World Cup - St Petersburg 2015,https://www.youtube.com/watch?v=DpXErYWzdhw
C796frMr2H4,"48 kg - Mariya STADNYK (AZE) df. Yu MIYAHARA (JPN), 14-1",2015-03-07,9:45,試合,シニア(または不明),ワールドカップ,2015,タイトルにJPN/Japan,高,照合なし,Matches GROUP A - Women's Wrestling World Cup - St Petersburg 2015,https://www.youtube.com/watch?v=C796frMr2H4
G3dXrnXjtDY,#Super8 -- Saori YOSHIDA (JPN),2015-01-15,1:08,その他,シニア(または不明),,2015,タイトルにJPN/Japan,高,照合なし,#Super8 Campaign,https://www.youtube.com/watch?v=G3dXrnXjtDY
JkA59GYuFWI,1/8 finals - Female Wrestling 60 kg - K SAKAGAMI (JPN) vs J BURKERT (USA) - Tashkent 2014,2014-11-13,5:41,試合,シニア(または不明),世界選手権,2014,タイトルにJPN/Japan,高,照合なし,Female Wrestling World Championships 2014 - Tashkent - ALL MATCHES from qualifications to gold medal,https://www.youtube.com/watch?v=JkA59GYuFWI
6iVPGZ4V7_0,1/8 finals - Female Wrestling 58 kg - A SEYDAMETOVA (UZB) vs K ICHO (JPN) - Tashkent 2014,2014-11-12,3:13,試合,シニア(または不明),世界選手権,2014,タイトルにJPN/Japan,高,照合なし,Female Wrestling World Championships 2014 - Tashkent - ALL MATCHES from qualifications to gold medal,https://www.youtube.com/watch?v=6iVPGZ4V7_0
FmtbAVAdt4c,1/8 finals - Female Wrestling 53 kg - Q PANG (CHN) vs S YOSHIDA (JPN) - Tashkent 2014,2014-11-11,3:42,試合,シニア(または不明),世界選手権,2014,タイトルにJPN/Japan,高,照合なし,Female Wrestling World Championships 2014 - Tashkent - ALL MATCHES from qualifications to gold medal,https://www.youtube.com/watch?v=FmtbAVAdt4c
WsK8GgfW_FQ,1/8 finals - Female Wrestling 55 kg - C HAMADA (JPN) vs E KRAWCZYK (POL) - Tashkent 2014,2014-11-11,8:28,試合,シニア(または不明),世界選手権,2014,タイトルにJPN/Japan,高,照合なし,Female Wrestling World Championships 2014 - Tashkent - ALL MATCHES from qualifications to gold medal,https://www.youtube.com/watch?v=WsK8GgfW_FQ
hsaK1yE4cU8,1/8 finals - Female Wrestling 48 kg - N PULKOVSKA (UKR) vs E TOSAKA (JPN) - Tashkent 2014,2014-11-10,6:35,試合,シニア(または不明),世界選手権,2014,タイトルにJPN/Japan,高,照合なし,Female Wrestling World Championships 2014 - Tashkent - ALL MATCHES from qualifications to gold medal,https://www.youtube.com/watch?v=hsaK1yE4cU8
WOVrGeUPmrQ,1/16 Finals - Female Wrestling 48 kg - E TOSAKA (JPN) vs S FELICE (ITA) - Tashkent 2014,2014-10-27,6:36,試合,シニア(または不明),世界選手権,2014,タイトルにJPN/Japan,高,照合なし,Female Wrestling World Championships 2014 - Tashkent - ALL MATCHES from qualifications to gold medal,https://www.youtube.com/watch?v=WOVrGeUPmrQ
DVoKn2aWZlQ,1/16 Finals - Freestyle Wrestling 86 kg - A MATSUMOTO (JPN) vs T TAGZIEV (CAN) - Tashkent 2014,2014-10-22,10:00,試合,シニア(または不明),世界選手権,2014,タイトルにJPN/Japan・選手名の一致,高,松本 彬夢(Ayumu MATSUMOTO),Freestyle 1/16 Finals - Wrestling World Championships 2014 / Freestyle  Wrestling World Championships 2014 - ALL MATCHES from qualifications to gold medal,https://www.youtube.com/watch?v=DVoKn2aWZlQ
XFPIY4uRyBQ,1/8 Finals - Freestyle Wrestling 74 kg - L LOPEZ (CUB) vs S TAKATANI (JPN) - Tashkent 2014,2014-10-22,8:58,試合,シニア(または不明),世界選手権,2014,タイトルにJPN/Japan・選手名の一致,高,高谷 惣亮(Sosuke TAKATANI),Freestyle 1/8 Finals - Wrestling World Championships 2014,https://www.youtube.com/watch?v=XFPIY4uRyBQ
Rj705STDLXY,1/8 Finals - Freestyle Wrestling 86 kg - R SALAS (CUB) vs A MATSUMOTO (JPN) - Tashkent 2014,2014-10-22,8:42,試合,シニア(または不明),世界選手権,2014,タイトルにJPN/Japan・選手名の一致,高,松本 彬夢(Ayumu MATSUMOTO),Freestyle 1/8 Finals - Wrestling World Championships 2014 / Freestyle  Wrestling World Championships 2014 - ALL MATCHES from qualifications to gold medal,https://www.youtube.com/watch?v=Rj705STDLXY
pneN-DcGluw,1/8 Finals - Freestyle Wrestling 65 kg - I NAVRUZOV (UZB) vs D TAKATANI (JPN)   Tashkent 2014,2014-10-21,8:31,試合,シニア(または不明),世界選手権,2014,タイトルにJPN/Japan・選手名の一致,高,高谷 大地(Daichi TAKATANI),Best of Daichi TAKATANI / Freestyle 1/8 Finals - Wrestling World Championships 2014 / Freestyle  Wrestling World Championships 2014 - ALL MATCHES from qualifications to gold medal,https://www.youtube.com/watch?v=pneN-DcGluw
q3fB2cQIHr0,1/8 Finals - Freestyle Wrestling 70 kg - Y GOR (TUR) vs K HOSAKA (JPN) - Tashkent 2014,2014-10-21,6:14,試合,シニア(または不明),世界選手権,2014,タイトルにJPN/Japan,高,照合なし,Freestyle 1/8 Finals - Wrestling World Championships 2014 / Freestyle  Wrestling World Championships 2014 - ALL MATCHES from qualifications to gold medal,https://www.youtube.com/watch?v=q3fB2cQIHr0
fYw-xa1pY7w,1/16 Final - Freestyle Wrestling 74 kg - S. TAKATANI (JPN) vs R. KAMBAROV (TKM) - Tashkent 2014,2014-10-20,3:49,試合,シニア(または不明),世界選手権,2014,タイトルにJPN/Japan・選手名の一致,高,高谷 惣亮(Sosuke TAKATANI),Freestyle 1/16 Finals - Wrestling World Championships 2014 / Freestyle  Wrestling World Championships 2014 - ALL MATCHES from qualifications to gold medal,https://www.youtube.com/watch?v=fYw-xa1pY7w
JGlIksIhfEY,Qualification - Freestyle Wrestling 97 kg - R BARAN (POL) vs S SUZUKI (JPN) - Tashkent 2014,2014-10-20,8:28,試合,シニア(または不明),世界選手権,2014,タイトルにJPN/Japan・選手名の一致,高,鈴木 空斗(Sorato SUZUKI),Freestyle  Wrestling World Championships 2014 - ALL MATCHES from qualifications to gold medal,https://www.youtube.com/watch?v=JGlIksIhfEY
_nXnnpb3BDM,1/16 final - Freestyle Wrestling 65 kg - D TAKATANI (JPN) vs L PORTILLO (ESA) - Tashkent 2014,2014-10-16,3:48,試合,シニア(または不明),世界選手権,2014,タイトルにJPN/Japan・選手名の一致,高,高谷 大地(Daichi TAKATANI),Best of Daichi TAKATANI / Freestyle 1/16 Finals - Wrestling World Championships 2014 / Freestyle  Wrestling World Championships 2014 - ALL MATCHES from qualifications to gold medal,https://www.youtube.com/watch?v=_nXnnpb3BDM
_o1TUf9UGLM,Qualification - Freestyle Wrestling 70 kg -  M. POPOV (ISR) vs K. HOSAKA (JPN) - Tashkent 2014,2014-10-16,8:21,試合,シニア(または不明),世界選手権,2014,タイトルにJPN/Japan,高,照合なし,Freestyle  Wrestling World Championships 2014 - ALL MATCHES from qualifications to gold medal,https://www.youtube.com/watch?v=_o1TUf9UGLM
pIYQ1JdhN_E,Qualification - Freestyle Wrestling 57 kg - Y. TAKAHASHI (JPN) vs N. KURBANOV (UZB) - Tashkent 2014,2014-10-13,8:26,試合,シニア(または不明),世界選手権,2014,タイトルにJPN/Japan・選手名の一致,高,照合なし(同じローマ字が2人以上),Freestyle  Wrestling World Championships 2014 - ALL MATCHES from qualifications to gold medal,https://www.youtube.com/watch?v=pIYQ1JdhN_E
7-Iyme-aJdI,Quarterfinal - Greco Roman Wrestling 75 kg - D. PYSHKOV (UKR) vs H. SHIMIZHU (JPN) - Tashkent 2014,2014-10-07,9:58,試合,シニア(または不明),世界選手権,2014,タイトルにJPN/Japan,高,照合なし,Greco Roman World Championships 2014 - Tashkent (UZB) / QuarterFinals - Wrestling World Championship 2014,https://www.youtube.com/watch?v=7-Iyme-aJdI
WYhe6fOtXm0,Bronze Match - Freestyle Wrestling 57 Kg - J. TAKAHASHI (JPN) vs H. RAHIMI (IRI),2014-10-03,13:01,試合,シニア(または不明),世界選手権,2014,タイトルにJPN/Japan,高,照合なし,Freestyle  Wrestling World Championships 2014 - ALL MATCHES from qualifications to gold medal / Greco Roman World Championships 2014 - Tashkent (UZB) / Bronze Matches - Wrestling World Championship 2014,https://www.youtube.com/watch?v=WYhe6fOtXm0
rrTN3a04mcc,Quarterfinal - Freestyle Wrestling 65 kg - A. NURYKAU (BLR) vs D. TAKATANI (JPN) - Tashkent 2014,2014-09-23,9:59,試合,シニア(または不明),世界選手権,2014,タイトルにJPN/Japan・選手名の一致,高,高谷 大地(Daichi TAKATANI),Best of Daichi TAKATANI / Freestyle  Wrestling World Championships 2014 - ALL MATCHES from qualifications to gold medal / Freestyle World Championships 2014 - Tashkent (UZB) / QuarterFinals - Wrestling World Championship 2014 / Best from Tashkent 2014 - Wrestling World Championship,https://www.youtube.com/watch?v=rrTN3a04mcc
EIv3QbSj848,Quarterfinal - Freestyle Wrestling 57 kg - K. YANG (PRK) vs Y. TAKAHASHI (JPN) - Tashkent 2014,2014-09-23,11:43,試合,シニア(または不明),世界選手権,2014,タイトルにJPN/Japan・選手名の一致,高,照合なし(同じローマ字が2人以上),Freestyle  Wrestling World Championships 2014 - ALL MATCHES from qualifications to gold medal / Freestyle World Championships 2014 - Tashkent (UZB) / QuarterFinals - Wrestling World Championship 2014 / Best from Tashkent 2014 - Wrestling World Championship,https://www.youtube.com/watch?v=EIv3QbSj848
TZMcabLaLxg,Quarterfinal - Freestyle Wrestling 74 kg - M. GAIDAROV (BLR) vs S. TAKATANI (JPN) - Tashkent 2014,2014-09-23,10:56,試合,シニア(または不明),世界選手権,2014,タイトルにJPN/Japan・選手名の一致,高,高谷 惣亮(Sosuke TAKATANI),Freestyle  Wrestling World Championships 2014 - ALL MATCHES from qualifications to gold medal / Freestyle World Championships 2014 - Tashkent (UZB) / QuarterFinals - Wrestling World Championship 2014 / Best from Tashkent 2014 - Wrestling World Championship,https://www.youtube.com/watch?v=TZMcabLaLxg
gLcHjoqNVU8,Quarterfinal - Greco Roman Wrestling 59 kg - S. MANGO (USA) vs K. KURAMOTO (JPN) - Tashkent 2014,2014-09-23,3:04,試合,シニア(または不明),世界選手権,2014,タイトルにJPN/Japan,高,照合なし,Greco Roman World Championships 2014 - Tashkent (UZB) / QuarterFinals - Wrestling World Championship 2014 / Best from Tashkent 2014 - Wrestling World Championship,https://www.youtube.com/watch?v=gLcHjoqNVU8
-Z7yNY8axek,Quarterfinal - Greco Roman Wrestling 85 kg - M. AMANO (JPN) vs M. NOUMONVI (FRA) - Tashkent 2014,2014-09-23,8:35,試合,シニア(または不明),世界選手権,2014,タイトルにJPN/Japan・選手名の一致,高,天野 雅之(Masayuki AMANO),Greco Roman World Championships 2014 - Tashkent (UZB) / QuarterFinals - Wrestling World Championship 2014 / Best from Tashkent 2014 - Wrestling World Championship,https://www.youtube.com/watch?v=-Z7yNY8axek
BJA0trigyxo,Quarterfinal - Female Wrestling 48 kg - E. TOSAKA (JPN) vs A. LAMPE (USA) - Tashkent 2014,2014-09-23,7:07,試合,シニア(または不明),世界選手権,2014,タイトルにJPN/Japan,高,照合なし,Female World Championships 2014 - Tashkent (UZB) / QuarterFinals - Wrestling World Championship 2014 / Best from Tashkent 2014 - Wrestling World Championship,https://www.youtube.com/watch?v=BJA0trigyxo
5d31ubtFt6I,Quarterfinal - Female Wrestling 53 kg - S. YOSHIDA (JPN) vs N. MALYSHEVA (RUS) - Tashkent 2014,2014-09-23,7:28,試合,シニア(または不明),世界選手権,2014,タイトルにJPN/Japan,高,照合なし,Female World Championships 2014 - Tashkent (UZB) / QuarterFinals - Wrestling World Championship 2014 / Best from Tashkent 2014 - Wrestling World Championship,https://www.youtube.com/watch?v=5d31ubtFt6I
kY2_bLiz0mU,Quarterfinal - Female Wrestling 55 kg - G. RODRIGUES (BRA) vs C. HAMADA (JPN) - Tashkent 2014,2014-09-23,8:05,試合,シニア(または不明),世界選手権,2014,タイトルにJPN/Japan,高,照合なし,Female World Championships 2014 - Tashkent (UZB) / QuarterFinals - Wrestling World Championship 2014 / Best from Tashkent 2014 - Wrestling World Championship,https://www.youtube.com/watch?v=kY2_bLiz0mU
ICC62QHdlf8,Quarterfinal - Female Wrestling 58 kg - A. RAGAN (USA) vs K. ICHO (JPN) - Tashkent 2014,2014-09-23,4:32,試合,シニア(または不明),世界選手権,2014,タイトルにJPN/Japan,高,照合なし,Female World Championships 2014 - Tashkent (UZB) / QuarterFinals - Wrestling World Championship 2014 / Best from Tashkent 2014 - Wrestling World Championship,https://www.youtube.com/watch?v=ICC62QHdlf8
fTU_TgYMf8g,Quarterfinal - Female Wrestling 60 kg - K. SAKAGAMI (JPN) vs T. SUKHEE (MGL) - Tashkent 2014,2014-09-23,8:11,試合,シニア(または不明),世界選手権,2014,タイトルにJPN/Japan,高,照合なし,Female World Championships 2014 - Tashkent (UZB) / QuarterFinals - Wrestling World Championship 2014 / Best from Tashkent 2014 - Wrestling World Championship,https://www.youtube.com/watch?v=fTU_TgYMf8g
J5nRJvUTzK8,Quarterfinal - Female Wrestling 69 kg - A. FRANSSON (SWE) vs S. DOSHO (JPN) - Tashkent 2014,2014-09-23,9:31,試合,シニア(または不明),世界選手権,2014,タイトルにJPN/Japan,高,照合なし,Female World Championships 2014 - Tashkent (UZB) / QuarterFinals - Wrestling World Championship 2014 / Best from Tashkent 2014 - Wrestling World Championship,https://www.youtube.com/watch?v=J5nRJvUTzK8
PVflTBjCY50,Quarterfinal - Female Wrestling 75 kg - H. SUZUKI (JPN) vs A. GRAY (USA) - Tashkent 2014,2014-09-23,10:02,試合,シニア(または不明),世界選手権,2014,タイトルにJPN/Japan,高,照合なし,Female World Championships 2014 - Tashkent (UZB) / QuarterFinals - Wrestling World Championship 2014 / Best from Tashkent 2014 - Wrestling World Championship,https://www.youtube.com/watch?v=PVflTBjCY50
y9zfNOGvxnY,Semifinal - Female Wrestling 55 kg - C. HAMADA (JPN) vs Helen Maroulis (USA) - Tashkent 2014,2014-09-20,8:52,試合,シニア(または不明),世界選手権,2014,タイトルにJPN/Japan,高,照合なし,Best of Helen Louise MAROULIS / Female World Championships 2014 - Tashkent (UZB) / SemiFinals - Wrestling World Championship 2014 / Best from Tashkent 2014 - Wrestling World Championship,https://www.youtube.com/watch?v=y9zfNOGvxnY
TGGx77OzTLI,Semifinal - Greco Roman Wrestling 75 kg - H. SHIMIZHU (JPN) vs N. ZUGAJ (CRO) - Tashkent 2014,2014-09-20,8:02,試合,シニア(または不明),世界選手権,2014,タイトルにJPN/Japan,高,照合なし,Greco Roman World Championships 2014 - Tashkent (UZB) / SemiFinals - Wrestling World Championship 2014,https://www.youtube.com/watch?v=TGGx77OzTLI
LIGlU8EqL4A,Semifinal - Female Wrestling 48 kg - H. KIM (PRK) vs E. TOSAKA (JPN) - Tashkent 2014,2014-09-20,10:03,試合,シニア(または不明),世界選手権,2014,タイトルにJPN/Japan,高,照合なし,Female World Championships 2014 - Tashkent (UZB) / SemiFinals - Wrestling World Championship 2014 / Best from Tashkent 2014 - Wrestling World Championship,https://www.youtube.com/watch?v=LIGlU8EqL4A
GiROxilmqp4,Semifinal - Female Wrestling 53 kg - S. YOSHIDA (JPN) vs J. GALLAYS (CAN) - Tashkent 2014,2014-09-20,1:39,試合,シニア(または不明),世界選手権,2014,タイトルにJPN/Japan,高,照合なし,Female World Championships 2014 - Tashkent (UZB) / SemiFinals - Wrestling World Championship 2014 / Best from Tashkent 2014 - Wrestling World Championship,https://www.youtube.com/watch?v=GiROxilmqp4
VNXeSYkmzxI,Semifinal - Female Wrestling 58 kg - A. HUCHOK (BLR) vs K. ICHO (JPN) - Tashkent 2014,2014-09-20,3:08,試合,シニア(または不明),世界選手権,2014,タイトルにJPN/Japan,高,照合なし,Female World Championships 2014 - Tashkent (UZB) / SemiFinals - Wrestling World Championship 2014 / Best from Tashkent 2014 - Wrestling World Championship,https://www.youtube.com/watch?v=VNXeSYkmzxI
yS0P35MpGQc,Semifinal - Female Wrestling 69 kg - N. VOROBEVA (RUS) vs S. DOSHO (JPN) - Tashkent 2014,2014-09-20,9:03,試合,シニア(または不明),世界選手権,2014,タイトルにJPN/Japan,高,照合なし,Female World Championships 2014 - Tashkent (UZB) / SemiFinals - Wrestling World Championship 2014 / Best from Tashkent 2014 - Wrestling World Championship,https://www.youtube.com/watch?v=yS0P35MpGQc
TiRlfNqK1tk,Semifinal - Freestyle Wrestling 74 kg - J. KVELASHVILI (GEO) vs S. TAKATANI (JPN) - Tashkent 2014,2014-09-19,8:29,試合,シニア(または不明),世界選手権,2014,タイトルにJPN/Japan・選手名の一致,高,高谷 惣亮(Sosuke TAKATANI),Freestyle  Wrestling World Championships 2014 - ALL MATCHES from qualifications to gold medal / Freestyle World Championships 2014 - Tashkent (UZB) / SemiFinals - Wrestling World Championship 2014,https://www.youtube.com/watch?v=TiRlfNqK1tk
ErdpQbTbkxE,Bronze Match - Greco Roman Wrestling 75 kg - A. BISEK (USA) vs H. SHIMIZHU (JPN) - Tashkent 2014,2014-09-19,5:43,試合,シニア(または不明),世界選手権,2014,タイトルにJPN/Japan,高,照合なし,Greco Roman World Championships 2014 - Tashkent (UZB) / Bronze Matches - Wrestling World Championship 2014 / Best from Tashkent 2014 - Wrestling World Championship,https://www.youtube.com/watch?v=ErdpQbTbkxE
fU6dYa26e08,Gold Match - Freestyle Wrestling 74 kg - D. TSARGUSH (RUS) vs S. TAKATANI (JPN) - Tashkent 2014,2014-09-14,10:06,試合,シニア(または不明),世界選手権,2014,タイトルにJPN/Japan・選手名の一致,高,高谷 惣亮(Sosuke TAKATANI),Freestyle  Wrestling World Championships 2014 - ALL MATCHES from qualifications to gold medal / Freestyle World Championships 2014 - Tashkent (UZB) / Gold Matches - Wrestling World Championship 2014 / Best from Tashkent 2014 - Wrestling World Championship,https://www.youtube.com/watch?v=fU6dYa26e08
0VXzNmfHa2w,Gold Match - Female Wrestling 48 kg - I. MATKOWSKA (POL) vs E. TOSAKA (JPN) - Tashkent 2014,2014-09-14,9:48,試合,シニア(または不明),世界選手権,2014,タイトルにJPN/Japan,高,照合なし,Female World Championships 2014 - Tashkent (UZB) / Gold Matches - Wrestling World Championship 2014 / Best from Tashkent 2014 - Wrestling World Championship,https://www.youtube.com/watch?v=0VXzNmfHa2w
8fMdZhqbd6A,Gold Match - Female Wrestling 53 kg - S. YOSHIDA (JPN) vs S. MATTSSON (SWE) - Tashkent 2014,2014-09-14,10:51,試合,シニア(または不明),世界選手権,2014,タイトルにJPN/Japan,高,照合なし,Female World Championships 2014 - Tashkent (UZB) / Gold Matches - Wrestling World Championship 2014 / Best from Tashkent 2014 - Wrestling World Championship,https://www.youtube.com/watch?v=8fMdZhqbd6A
iBN5jBrZJ0s,Gold Match - Female Wrestling 55 kg - C. HAMADA (JPN) vs I. OLOGONOVA (RUS) - Tashkent 2014,2014-09-14,10:28,試合,シニア(または不明),世界選手権,2014,タイトルにJPN/Japan,高,照合なし,Female World Championships 2014 - Tashkent (UZB) / Gold Matches - Wrestling World Championship 2014 / Best from Tashkent 2014 - Wrestling World Championship,https://www.youtube.com/watch?v=iBN5jBrZJ0s
0rhjv_25IXw,Gold Match - Female Wrestling 58 kg - K. ICHO (JPN) vs V. KOBLOVA (RUS) - Tashkent 2014,2014-09-14,10:46,試合,シニア(または不明),世界選手権,2014,タイトルにJPN/Japan,高,照合なし,Female World Championships 2014 - Tashkent (UZB) / Gold Matches - Wrestling World Championship 2014 / Best from Tashkent 2014 - Wrestling World Championship,https://www.youtube.com/watch?v=0rhjv_25IXw
Cf4ELLkhcrU,Gold Match - Female Wrestling 69 kg - A. FOCKEN (GER) vs S. DOSHO (JPN) - Tashkent 2014,2014-09-14,10:06,試合,シニア(または不明),世界選手権,2014,タイトルにJPN/Japan,高,照合なし,Female World Championships 2014 - Tashkent (UZB) / Gold Matches - Wrestling World Championship 2014 / Best from Tashkent 2014 - Wrestling World Championship,https://www.youtube.com/watch?v=Cf4ELLkhcrU
xgIh3FyO1Ws,Finals Highlights from Day Four of the Wrestling World Championships 2014,2014-09-12,2:10,ハイライト・特集,シニア(または不明),世界選手権,2014,説明にJPN/Japan,低(要確認),照合なし,Highlights Tashkent 2014 - Wrestling World Championship,https://www.youtube.com/watch?v=xgIh3FyO1Ws
9GfLZl4vMmI,Saori Yoshida (JPN) vs Sofia MATTSSON (SWE) in Tashkent 2014,2014-09-11,8:26,試合,シニア(または不明),世界選手権,2014,タイトルにJPN/Japan,高,照合なし,Best from Tashkent 2014 - Wrestling World Championship,https://www.youtube.com/watch?v=9GfLZl4vMmI
lsiwslTp5OQ,Kaori ICHO (JPN) vs Valeria KOBLOVA (RUS) in Tashkent 2014,2014-09-11,8:12,試合,シニア(または不明),世界選手権,2014,タイトルにJPN/Japan,高,照合なし,Best from Tashkent 2014 - Wrestling World Championship,https://www.youtube.com/watch?v=lsiwslTp5OQ
XsFGQAeo7zA,Finals Highlights from Day Three of the Wrestling World Championships 2014,2014-09-11,2:46,ハイライト・特集,シニア(または不明),世界選手権,2014,説明にJPN/Japan,低(要確認),照合なし,Highlights Tashkent 2014 - Wrestling World Championship,https://www.youtube.com/watch?v=XsFGQAeo7zA
ti-fNL6R4vM,Saori YOSHIDA (JPN) : Interview after her Gold Medal in the 2014 World Championship in Tashkent,2014-09-11,1:44,インタビュー,シニア(または不明),世界選手権,2014,タイトルにJPN/Japan,高,照合なし,Interviews Tashkent 2014 - Wrestling World Championship,https://www.youtube.com/watch?v=ti-fNL6R4vM
U5U9wWiOfsQ,Kaori ICHO (JPN) : Interview after her Gold Medal in the 2014 World Championship in Tashkent,2014-09-11,1:23,インタビュー,シニア(または不明),世界選手権,2014,タイトルにJPN/Japan,高,照合なし,Interviews Tashkent 2014 - Wrestling World Championship,https://www.youtube.com/watch?v=U5U9wWiOfsQ
MlPhyT8Ks00,Finals Highlights from Day Two of the Wrestling World Championships 2014,2014-09-10,2:34,ハイライト・特集,シニア(または不明),世界選手権,2014,説明にJPN/Japan,低(要確認),照合なし,Highlights Tashkent 2014 - Wrestling World Championship,https://www.youtube.com/watch?v=MlPhyT8Ks00
PuzbS6c__ec,Athlete Role Model Q&A - Kaori ICHO (JPN) - Nanjing 2014 YOG,2014-06-06,3:47,インタビュー,シニア(または不明),オリンピック,2014,タイトルにJPN/Japan,高,照合なし,Nanjing 2014 Youth Olympic Games,https://www.youtube.com/watch?v=PuzbS6c__ec
4-XdcMfKiJw,2014 FILA Female Wrestling World Cup - Highlight,2014-03-28,26:25,ハイライト・特集,シニア(または不明),ワールドカップ,2014,説明にJPN/Japan,低(要確認),照合なし,United World Wrestling Highlights 2014,https://www.youtube.com/watch?v=4-XdcMfKiJw
L1fRWzQykc0,2012 FILA Female Wrestling World Cup - Highlight,2014-03-27,25:35,ハイライト・特集,シニア(または不明),ワールドカップ,2012,説明にJPN/Japan,低(要確認),照合なし,FILA Highlights 2012,https://www.youtube.com/watch?v=L1fRWzQykc0
JL8LFgx76a8,2013 FILA Female Wrestling World Cup - Highlight,2014-01-31,26:25,ハイライト・特集,シニア(または不明),ワールドカップ,2013,説明にJPN/Japan,低(要確認),照合なし,FILA Highlights 2013,https://www.youtube.com/watch?v=JL8LFgx76a8
